# LevelSetWear, data of Fig. 11 of
# I. Llavori, Wear simulation on a fixed mesh with level sets
# and immersed frictional contact,
# submitted for publication. Mondragon Unibertsitatea.
# https://github.com/illavori/LevelSetWear       BSD 3-Clause
# cylinder on flat, half-contact width a = 0.091336 mm, peak pressure p0 = 836.41 MPa, friction coefficient 0.6, Q*/(mu P) = 0.5
# analytical surface stresses, loading to Q* (Mindlin-Cattaneo) and unloading to Q = 0 (Mindlin-Deresiewicz)
# p = |sigma_yy| contact pressure, q = sigma_xy shear traction, sxx = sigma_xx at the surface
x_over_a,p_over_p0,q_over_p0_loading,sxx_over_p0_loading,q_over_p0_unloading,sxx_over_p0_unloading
-1.6,0.0,0.0,0.2235244917132631,0.0,-0.007746240353196136
-1.5990000000000002,0.0,0.0,0.22372420131245446,0.0,-0.0077669883745722
-1.598,0.0,0.0,0.22392432528346085,0.0,-0.00778781642698466
-1.5970000000000002,0.0,0.0,0.22412486505898654,0.0,-0.007808724921995873
-1.5959999999999999,0.0,0.0,0.22432582207881563,0.0,-0.007829714273843729
-1.5950000000000004,0.0,0.0,0.22452719778986444,0.0,-0.007850784899466485
-1.594,0.0,0.0,0.22472899364622406,0.0,-0.007871937218521252
-1.5930000000000002,0.0,0.0,0.22493121110920888,0.0,-0.007893171653405133
-1.592,0.0,0.0,0.22513385164740177,0.0,-0.007914488629281725
-1.5910000000000002,0.0,0.0,0.22533691673670328,0.0,-0.007935888574096377
-1.59,0.0,0.0,0.22554040786037885,0.0,-0.007957371918605348
-1.5890000000000002,0.0,0.0,0.22574432650910617,0.0,-0.00797893909639286
-1.588,0.0,0.0,0.22594867418102463,0.0,-0.008000590543895129
-1.5870000000000002,0.0,0.0,0.22615345238178464,0.0,-0.008022326700425537
-1.5859999999999999,0.0,0.0,0.226358662624596,0.0,-0.008044148008195742
-1.5850000000000004,0.0,0.0,0.22656430643027836,0.0,-0.008066054912338336
-1.584,0.0,0.0,0.22677038532731106,0.0,-0.00808804786093186
-1.5830000000000002,0.0,0.0,0.22697690085188366,0.0,-0.00811012730502353
-1.582,0.0,0.0,0.22718385454794865,0.0,-0.008132293698654498
-1.5810000000000002,0.0,0.0,0.2273912479672697,0.0,-0.00815454749888236
-1.58,0.0,0.0,0.2275990826694751,0.0,-0.008176889165806733
-1.5790000000000002,0.0,0.0,0.22780736022211226,0.0,-0.008199319162594622
-1.578,0.0,0.0,0.22801608220069594,0.0,-0.00822183795550316
-1.5770000000000002,0.0,0.0,0.22822525018876572,0.0,-0.00824444601390594
-1.5759999999999998,0.0,0.0,0.22843486577793629,0.0,-0.008267143810319453
-1.5750000000000004,0.0,0.0,0.22864493056795354,0.0,-0.008289931820425278
-1.574,0.0,0.0,0.2288554461667482,0.0,-0.008312810523101684
-1.5730000000000002,0.0,0.0,0.2290664141904917,0.0,-0.00833578040044446
-1.572,0.0,0.0,0.22927783626364998,0.0,-0.008358841937795116
-1.5710000000000002,0.0,0.0,0.22948971401904,0.0,-0.008381995623769057
-1.5700000000000003,0.0,0.0,0.22970204909788725,0.0,-0.008405241950278926
-1.5690000000000002,0.0,0.0,0.22991484314988145,0.0,-0.008428581412566952
-1.568,0.0,0.0,0.23012809783323296,0.0,-0.008452014509226294
-1.5670000000000002,0.0,0.0,0.23034181481473273,0.0,-0.008475541742234334
-1.5659999999999998,0.0,0.0,0.23055599576980884,0.0,-0.008499163616976476
-1.565,0.0,0.0,0.23077064238258577,0.0,-0.008522880642276989
-1.564,0.0,0.0,0.2309857563459438,0.0,-0.008546693330425716
-1.5630000000000002,0.0,0.0,0.23120133936157905,0.0,-0.008570602197209246
-1.562,0.0,0.0,0.23141739314006218,0.0,-0.008594607761936351
-1.5610000000000002,0.0,0.0,0.23163391940090108,0.0,-0.00861871054747174
-1.5600000000000003,0.0,0.0,0.23185091987260112,0.0,-0.008642911080262076
-1.5590000000000002,0.0,0.0,0.23206839629272755,0.0,-0.008667209890367017
-1.558,0.0,0.0,0.23228635040796594,0.0,-0.008691607511491584
-1.5570000000000002,0.0,0.0,0.23250478397418883,0.0,-0.00871610448101318
-1.5559999999999998,0.0,0.0,0.23272369875651466,0.0,-0.008740701340015339
-1.555,0.0,0.0,0.23294309652937512,0.0,-0.008765398633316367
-1.554,0.0,0.0,0.23316297907657796,0.0,-0.008790196909502534
-1.5530000000000002,0.0,0.0,0.2333833481913727,0.0,-0.00881509672096163
-1.552,0.0,0.0,0.2336042056765153,0.0,-0.008840098623909758
-1.5510000000000002,0.0,0.0,0.23382555334433638,0.0,-0.008865203178429265
-1.5500000000000003,0.0,0.0,0.2340473930168052,0.0,-0.008890410948497865
-1.5490000000000002,0.0,0.0,0.2342697265255991,0.0,-0.008915722502023802
-1.548,0.0,0.0,0.23449255571217076,0.0,-0.008941138410877904
-1.5470000000000002,0.0,0.0,0.23471588242781702,0.0,-0.008966659250927617
-1.5459999999999998,0.0,0.0,0.23493970853374652,0.0,-0.008992285602073108
-1.545,0.0,0.0,0.2351640359011508,0.0,-0.009018018048278174
-1.544,0.0,0.0,0.2353888664112755,0.0,-0.009043857177607566
-1.5430000000000001,0.0,0.0,0.235614201955489,0.0,-0.009069803582260784
-1.542,0.0,0.0,0.23584004443535528,0.0,-0.009095857858609167
-1.5410000000000001,0.0,0.0,0.23606639576270583,0.0,-0.0091220206072305
-1.5400000000000003,0.0,0.0,0.23629325785971209,0.0,-0.009148292432944408
-1.5390000000000001,0.0,0.0,0.2365206326589612,0.0,-0.009174673944852337
-1.538,0.0,0.0,0.23674852210352618,0.0,-0.009201165756369091
-1.5370000000000001,0.0,0.0,0.2369769281470434,0.0,-0.009227768485266399
-1.5359999999999998,0.0,0.0,0.2372058527537883,0.0,-0.009254482753705634
-1.535,0.0,0.0,0.2374352978987489,0.0,-0.00928130918827788
-1.534,0.0,0.0,0.23766526556770554,0.0,-0.009308248420044499
-1.5330000000000001,0.0,0.0,0.23789575775730668,0.0,-0.009335301084570407
-1.532,0.0,0.0,0.23812677647514724,0.0,-0.009362467821970345
-1.5310000000000001,0.0,0.0,0.23835832373984744,0.0,-0.009389749276943648
-1.5300000000000002,0.0,0.0,0.23859040158113332,0.0,-0.009417146098815261
-1.5290000000000004,0.0,0.0,0.23882301203991574,0.0,-0.009444658941578341
-1.528,0.0,0.0,0.23905615716837134,0.0,-0.009472288463931854
-1.5270000000000001,0.0,0.0,0.239289839030025,0.0,-0.009500035329326808
-1.526,0.0,0.0,0.23952405969983318,0.0,-0.009527900206001841
-1.525,0.0,0.0,0.2397588212642647,0.0,-0.00955588376703259
-1.524,0.0,0.0,0.23999412582138616,0.0,-0.009583986690366727
-1.5230000000000001,0.0,0.0,0.24022997548094743,0.0,-0.00961220965887316
-1.522,0.0,0.0,0.24046637236446544,0.0,-0.009640553360383898
-1.5210000000000001,0.0,0.0,0.24070331860531122,0.0,-0.009669018487735855
-1.5200000000000002,0.0,0.0,0.24094081634879758,0.0,-0.009697605738819054
-1.5190000000000003,0.0,0.0,0.24117886775226563,0.0,-0.009726315816619523
-1.518,0.0,0.0,0.2414174749851748,0.0,-0.009755149429263088
-1.5170000000000001,0.0,0.0,0.24165664022919134,0.0,-0.009784107290065772
-1.516,0.0,0.0,0.24189636567827902,0.0,-0.009813190117576332
-1.515,0.0,0.0,0.24213665353878971,0.0,-0.009842398635624994
-1.514,0.0,0.0,0.24237750602955713,0.0,-0.009871733573370109
-1.5130000000000001,0.0,0.0,0.24261892538198737,0.0,-0.00990119566534833
-1.512,0.0,0.0,0.24286091384015318,0.0,-0.009930785651517884
-1.5110000000000001,0.0,0.0,0.24310347366089016,0.0,-0.009960504277313107
-1.5100000000000002,0.0,0.0,0.24334660711388978,0.0,-0.009990352293692792
-1.5090000000000003,0.0,0.0,0.24359031648179758,0.0,-0.010020330457185556
-1.508,0.0,0.0,0.24383460406030952,0.0,-0.010050439529946832
-1.5070000000000001,0.0,0.0,0.24407947215826933,0.0,-0.010080680279807588
-1.506,0.0,0.0,0.24432492309777004,0.0,-0.010111053480322724
-1.505,0.0,0.0,0.24457095921425084,0.0,-0.010141559910828827
-1.504,0.0,0.0,0.24481758285659994,0.0,-0.010172200356492673
-1.5030000000000001,0.0,0.0,0.24506479638725678,0.0,-0.010202975608366376
-1.502,0.0,0.0,0.24531260218231274,0.0,-0.01023388646344161
-1.5010000000000001,0.0,0.0,0.24556100263161715,0.0,-0.010264933724703827
-1.4999999999999998,0.0,0.0,0.2458100001388804,0.0,-0.01029611820118555
-1.4990000000000003,0.0,0.0,0.24605959712178158,0.0,-0.010327440708025963
-1.498,0.0,0.0,0.246309796012073,0.0,-0.01035890206652322
-1.497,0.0,0.0,0.24656059925568938,0.0,-0.010390503104194171
-1.496,0.0,0.0,0.24681200931285682,0.0,-0.010422244654831329
-1.495,0.0,0.0,0.2470640286582016,0.0,-0.010454127558558911
-1.494,0.0,0.0,0.24731665978086242,0.0,-0.010486152661894926
-1.493,0.0,0.0,0.24756990518460062,0.0,-0.010518320817809235
-1.492,0.0,0.0,0.24782376738791476,0.0,-0.0105506328857833
-1.491,0.0,0.0,0.24807824892415506,0.0,-0.010583089731871517
-1.4899999999999998,0.0,0.0,0.2483333523416364,0.0,-0.010615692228762819
-1.4890000000000003,0.0,0.0,0.24858908020375728,0.0,-0.01064844125584252
-1.488,0.0,0.0,0.24884543508911547,0.0,-0.010681337699254338
-1.487,0.0,0.0,0.24910241959162746,0.0,-0.010714382451966918
-1.486,0.0,0.0,0.24936003632064815,0.0,-0.010747576413834871
-1.485,0.0,0.0,0.2496182879010913,0.0,-0.010780920491665432
-1.484,0.0,0.0,0.2498771769735531,0.0,-0.010814415599284704
-1.483,0.0,0.0,0.25013670619443296,0.0,-0.010848062657600509
-1.482,0.0,0.0,0.2503968782360606,0.0,-0.010881862594675348
-1.481,0.0,0.0,0.25065769578682034,0.0,-0.010915816345791035
-1.4799999999999998,0.0,0.0,0.25091916155127864,0.0,-0.010949924853516825
-1.4790000000000003,0.0,0.0,0.2511812782503113,0.0,-0.010984189067779787
-1.4780000000000004,0.0,0.0,0.2514440486212354,0.0,-0.011018609945936645
-1.477,0.0,0.0,0.2517074754179375,0.0,-0.011053188452842071
-1.476,0.0,0.0,0.2519715614110062,0.0,-0.011087925560923651
-1.475,0.0,0.0,0.25223630938786773,0.0,-0.01112282225025236
-1.474,0.0,0.0,0.25250172215291694,0.0,-0.011157879508616297
-1.473,0.0,0.0,0.25276780252765707,0.0,-0.011193098331596874
-1.472,0.0,0.0,0.2530345533508349,0.0,-0.0112284797226416
-1.471,0.0,0.0,0.25330197747858,0.0,-0.011264024693142341
-1.4700000000000002,0.0,0.0,0.25357007778454554,0.0,-0.011299734262512243
-1.4690000000000003,0.0,0.0,0.25383885716004967,0.0,-0.01133560945826142
-1.468,0.0,0.0,0.25410831851421717,0.0,-0.011371651316078294
-1.467,0.0,0.0,0.2543784647741265,0.0,-0.0114078608799085
-1.4660000000000002,0.0,0.0,0.25464929888495363,0.0,-0.01144423920203403
-1.465,0.0,0.0,0.25492082381012054,0.0,-0.01148078734315699
-1.4640000000000002,0.0,0.0,0.25519304253144326,0.0,-0.011517506372481192
-1.463,0.0,0.0,0.255465958049284,0.0,-0.011554397367797105
-1.4620000000000002,0.0,0.0,0.25573957338270065,0.0,-0.011591461415561463
-1.461,0.0,0.0,0.25601389156960136,0.0,-0.011628699610989843
-1.4599999999999997,0.0,0.0,0.25628891566690243,0.0,-0.01166611305813702
-1.4589999999999999,0.0,0.0,0.256564648750679,0.0,-0.011703702869988406
-1.4580000000000004,0.0,0.0,0.2568410939163289,0.0,-0.011741470168545928
-1.457,0.0,0.0,0.2571182542787304,0.0,-0.011779416084919423
-1.456,0.0,0.0,0.25739613297240305,0.0,-0.011817541759416364
-1.455,0.0,0.0,0.2576747331516728,0.0,-0.01185584834163349
-1.4540000000000002,0.0,0.0,0.25795405799083465,0.0,-0.011894336990550735
-1.453,0.0,0.0,0.25823411068432167,0.0,-0.011933008874622094
-1.4520000000000002,0.0,0.0,0.2585148944468708,0.0,-0.011971865171875078
-1.451,0.0,0.0,0.2587964125136968,0.0,-0.01201090707000247
-1.4500000000000002,0.0,0.0,0.25907866814065955,0.0,-0.012050135766462184
-1.4489999999999998,0.0,0.0,0.2593616646044414,0.0,-0.012089552468576393
-1.4480000000000004,0.0,0.0,0.2596454052027208,0.0,-0.012129158393627696
-1.447,0.0,0.0,0.2599298932543512,0.0,-0.012168954768964145
-1.4460000000000002,0.0,0.0,0.26021513209953856,0.0,-0.012208942832098234
-1.445,0.0,0.0,0.2605011251000239,0.0,-0.012249123830809727
-1.4440000000000002,0.0,0.0,0.26078787563926487,0.0,-0.012289499023253676
-1.443,0.0,0.0,0.26107538712262374,0.0,-0.012330069678063355
-1.4420000000000002,0.0,0.0,0.26136366297755076,0.0,-0.01237083707445787
-1.441,0.0,0.0,0.26165270665377544,0.0,-0.012411802502351615
-1.4400000000000002,0.0,0.0,0.2619425216234979,0.0,-0.01245296726246148
-1.4389999999999998,0.0,0.0,0.26223311138157934,0.0,-0.012494332666420992
-1.4380000000000004,0.0,0.0,0.26252447944573976,0.0,-0.012535900036890375
-1.437,0.0,0.0,0.26281662935675454,0.0,-0.012577670707671783
-1.4360000000000002,0.0,0.0,0.26310956467865293,0.0,-0.012619646023822892
-1.435,0.0,0.0,0.26340328899892046,0.0,-0.012661827341774679
-1.4340000000000002,0.0,0.0,0.2636978059287023,0.0,-0.012704216029450018
-1.433,0.0,0.0,0.2639931191030088,0.0,-0.012746813466381415
-1.4320000000000002,0.0,0.0,0.26428923218092465,0.0,-0.01278962104383236
-1.431,0.0,0.0,0.26458614884581827,0.0,-0.012832640164922882
-1.4300000000000002,0.0,0.0,0.2648838728055538,0.0,-0.012875872244746405
-1.4289999999999998,0.0,0.0,0.26518240779271,0.0,-0.012919318710505202
-1.428,0.0,0.0,0.2654817575647908,0.0,-0.012962981001627757
-1.427,0.0,0.0,0.2657819259044521,0.0,-0.013006860569904147
-1.4260000000000002,0.0,0.0,0.2660829166197207,0.0,-0.013050958879612587
-1.425,0.0,0.0,0.26638473354421743,0.0,-0.013095277407654093
-1.4240000000000002,0.0,0.0,0.2666873805373875,0.0,-0.013139817643684324
-1.4230000000000003,0.0,0.0,0.2669908614847274,0.0,-0.013184581090249002
-1.4220000000000002,0.0,0.0,0.26729518029801985,0.0,-0.013229569262920642
-1.421,0.0,0.0,0.2676003409155662,0.0,-0.013274783690438928
-1.4200000000000002,0.0,0.0,0.2679063473024238,0.0,-0.013320225914850582
-1.4189999999999998,0.0,0.0,0.26821320345064903,0.0,-0.01336589749165038
-1.418,0.0,0.0,0.2685209133795356,0.0,-0.01341179998992492
-1.417,0.0,0.0,0.26882948113586413,0.0,-0.013457934992501665
-1.4160000000000001,0.0,0.0,0.269138910794148,0.0,-0.013504304096094384
-1.415,0.0,0.0,0.2694492064568846,0.0,-0.013550908911452927
-1.4140000000000001,0.0,0.0,0.26976037225481053,0.0,-0.013597751063515164
-1.4130000000000003,0.0,0.0,0.27007241234715695,0.0,-0.013644832191559991
-1.4120000000000001,0.0,0.0,0.27038533092190953,0.0,-0.013692153949365583
-1.411,0.0,0.0,0.27069913219607156,0.0,-0.013739718005361863
-1.4100000000000001,0.0,0.0,0.2710138204159296,0.0,-0.013787526042796669
-1.4089999999999998,0.0,0.0,0.27132939985732163,0.0,-0.013835579759889811
-1.408,0.0,0.0,0.27164587482590874,0.0,-0.01388388087000483
-1.407,0.0,0.0,0.27196324965745106,0.0,-0.01393243110180838
-1.4060000000000001,0.0,0.0,0.2722815287180849,0.0,-0.013981232199442964
-1.405,0.0,0.0,0.27260071640460387,0.0,-0.014030285922693127
-1.4040000000000001,0.0,0.0,0.27292081714474414,0.0,-0.014079594047163111
-1.4030000000000002,0.0,0.0,0.27324183539747116,0.0,-0.014129158364446073
-1.4020000000000001,0.0,0.0,0.27356377565327256,0.0,-0.014178980682305446
-1.401,0.0,0.0,0.27388664243445104,0.0,-0.014229062824851969
-1.4000000000000001,0.0,0.0,0.274210440295423,0.0,-0.014279406632726272
-1.3989999999999998,0.0,0.0,0.27453517382302045,0.0,-0.014330013963283834
-1.398,0.0,0.0,0.27486084763679514,0.0,-0.014380886690781695
-1.397,0.0,0.0,0.2751874663893279,0.0,-0.014432026706565125
-1.3960000000000001,0.0,0.0,0.27551503476654143,0.0,-0.014483435919263477
-1.395,0.0,0.0,0.27584355748801415,0.0,-0.01453511625498042
-1.3940000000000001,0.0,0.0,0.2761730393073026,0.0,-0.014587069657494652
-1.3930000000000002,0.0,0.0,0.27650348501226296,0.0,-0.014639298088454756
-1.3920000000000003,0.0,0.0,0.27683489942537953,0.0,-0.014691803527587319
-1.391,0.0,0.0,0.2771672874040953,0.0,-0.014744587972895731
-1.3900000000000001,0.0,0.0,0.2775006538411474,0.0,-0.014797653440872992
-1.389,0.0,0.0,0.27783500366490727,0.0,-0.014851001966710194
-1.388,0.0,0.0,0.2781703418397222,0.0,-0.01490463560450937
-1.387,0.0,0.0,0.27850667336626417,0.0,-0.01495855642749965
-1.3860000000000001,0.0,0.0,0.2788440032818814,0.0,-0.015012766528258564
-1.385,0.0,0.0,0.27918233666095404,0.0,-0.015067268018933848
-1.3840000000000001,0.0,0.0,0.2795216786152541,0.0,-0.015122063031465769
-1.3830000000000002,0.0,0.0,0.2798620342943114,0.0,-0.01517715371782044
-1.3820000000000003,0.0,0.0,0.28020340888578066,0.0,-0.01523254225021654
-1.381,0.0,0.0,0.28054580761581716,0.0,-0.015288230821364124
-1.3800000000000001,0.0,0.0,0.2808892357494535,0.0,-0.015344221644700793
-1.379,0.0,0.0,0.2812336985909835,0.0,-0.015400516954631764
-1.378,0.0,0.0,0.2815792014843489,0.0,-0.015457119006779015
-1.377,0.0,0.0,0.28192574981353274,0.0,-0.015514030078223301
-1.3760000000000001,0.0,0.0,0.28227334900295525,0.0,-0.015571252467760392
-1.375,0.0,0.0,0.28262200451787817,0.0,-0.015628788496156478
-1.374,0.0,0.0,0.2829717218648088,0.0,-0.015686640506401634
-1.3730000000000002,0.0,0.0,0.2833225065919155,0.0,-0.01574481086397845
-1.3720000000000003,0.0,0.0,0.283674364289443,0.0,-0.015803301957123813
-1.371,0.0,0.0,0.28402730059013676,0.0,-0.015862116197101546
-1.37,0.0,0.0,0.28438132116966863,0.0,-0.01592125601847361
-1.369,0.0,0.0,0.2847364317470725,0.0,-0.015980723879378586
-1.368,0.0,0.0,0.2850926380851824,0.0,-0.0160405222618155
-1.367,0.0,0.0,0.2854499459910766,0.0,-0.016100653671923704
-1.366,0.0,0.0,0.28580836131652804,0.0,-0.016161120640279667
-1.365,0.0,0.0,0.28616788995846,0.0,-0.01622192572218466
-1.364,0.0,0.0,0.28652853785940796,0.0,-0.016283071497964815
-1.363,0.0,0.0,0.28689031100798745,0.0,-0.016344560573275074
-1.362,0.0,0.0,0.2872532154393667,0.0,-0.01640639557940327
-1.361,0.0,0.0,0.28761725723574777,0.0,-0.01646857917358385
-1.36,0.0,0.0,0.2879824425268504,0.0,-0.016531114039309354
-1.359,0.0,0.0,0.2883487774904069,0.0,-0.016594002886655843
-1.358,0.0,0.0,0.2887162683526576,0.0,-0.016657248452602684
-1.3570000000000002,0.0,0.0,0.2890849213888591,0.0,-0.016720853501366113
-1.356,0.0,0.0,0.2894547429237932,0.0,-0.016784820824732136
-1.355,0.0,0.0,0.2898257393322865,0.0,-0.01684915324239552
-1.354,0.0,0.0,0.29019791703973674,0.0,-0.01691385360230345
-1.3530000000000002,0.0,0.0,0.2905712825226419,0.0,-0.016978924781007678
-1.352,0.0,0.0,0.29094584230914206,0.0,-0.01704436968401636
-1.351,0.0,0.0,0.2913216029795646,0.0,-0.017110191246156016
-1.35,0.0,0.0,0.2916985711669766,0.0,-0.017176392431934563
-1.3490000000000002,0.0,0.0,0.29207675355774815,0.0,-0.017242976235913473
-1.348,0.0,0.0,0.29245615689211785,0.0,-0.01730994568308542
-1.347,0.0,0.0,0.29283678796477125,0.0,-0.017377303829251917
-1.346,0.0,0.0,0.29321865362542276,0.0,-0.017445053761414604
-1.3450000000000002,0.0,0.0,0.2936017607794076,0.0,-0.017513198598169237
-1.344,0.0,0.0,0.29398611638828176,0.0,-0.017581741490100465
-1.343,0.0,0.0,0.2943717274704291,0.0,-0.017650685620191845
-1.342,0.0,0.0,0.2947586011016768,0.0,-0.017720034204235166
-1.3410000000000002,0.0,0.0,0.29514674441592126,0.0,-0.01778979049125009
-1.34,0.0,0.0,0.2955361646057582,0.0,-0.01785995776390667
-1.339,0.0,0.0,0.29592686892312636,0.0,-0.01793053933895532
-1.338,0.0,0.0,0.2963188646799562,0.0,-0.01800153856766722
-1.3370000000000002,0.0,0.0,0.2967121592488296,0.0,-0.018072958836276846
-1.336,0.0,0.0,0.29710676006364806,0.0,-0.01814480356642948
-1.335,0.0,0.0,0.29750267462031005,0.0,-0.01821707621564716
-1.334,0.0,0.0,0.2978999104773977,0.0,-0.018289780277785765
-1.3330000000000002,0.0,0.0,0.29829847525687336,0.0,-0.01836291928350946
-1.332,0.0,0.0,0.29869837664478543,0.0,-0.01843649680077297
-1.331,0.0,0.0,0.2990996223919851,0.0,-0.01851051643530662
-1.33,0.0,0.0,0.2995022203148514,0.0,-0.018584981831109123
-1.3290000000000002,0.0,0.0,0.29990617829602784,0.0,-0.018659896670954614
-1.328,0.0,0.0,0.30031150428516934,0.0,-0.01873526467689813
-1.327,0.0,0.0,0.3007182062996988,0.0,-0.018811089610797152
-1.326,0.0,0.0,0.3011262924255761,0.0,-0.018887375274837723
-1.3250000000000002,0.0,0.0,0.30153577081807553,0.0,-0.018964125512068664
-1.324,0.0,0.0,0.3019466497025771,0.0,-0.01904134420694573
-1.323,0.0,0.0,0.3023589373753672,0.0,-0.01911903528588295
-1.322,0.0,0.0,0.30277264220445116,0.0,-0.019197202717813878
-1.3210000000000002,0.0,0.0,0.3031877726303793,0.0,-0.019275850514763843
-1.32,0.0,0.0,0.30360433716708135,0.0,-0.019354982732425287
-1.319,0.0,0.0,0.3040223444027164,0.0,-0.019434603470748903
-1.318,0.0,0.0,0.30444180300053303,0.0,-0.01951471687454026
-1.3170000000000002,0.0,0.0,0.30486272169974354,0.0,-0.01959532713407096
-1.316,0.0,0.0,0.3052851093164099,0.0,-0.019676438485688827
-1.315,0.0,0.0,0.30570897474434244,0.0,-0.0197580552124557
-1.314,0.0,0.0,0.30613432695601345,0.0,-0.019840181644775082
-1.3130000000000002,0.0,0.0,0.30656117500348173,0.0,-0.01992282216105013
-1.312,0.0,0.0,0.3069895280193336,0.0,-0.020005981188335263
-1.3110000000000002,0.0,0.0,0.3074193952176357,0.0,-0.02008966320301008
-1.31,0.0,0.0,0.30785078589490245,0.0,-0.02017387273145908
-1.3090000000000002,0.0,0.0,0.3082837094310799,0.0,-0.02025861435076461
-1.308,0.0,0.0,0.3087181752905412,0.0,-0.02034389268940997
-1.3070000000000002,0.0,0.0,0.30915419302309843,0.0,-0.02042971242799671
-1.306,0.0,0.0,0.3095917722650312,0.0,-0.02051607829997007
-1.3050000000000002,0.0,0.0,0.31003092274012856,0.0,-0.020602995092360424
-1.304,0.0,0.0,0.31047165426074774,0.0,-0.02069046764653405
-1.3030000000000002,0.0,0.0,0.3109139767288885,0.0,-0.020778500858959596
-1.302,0.0,0.0,0.31135790013728515,0.0,-0.020867099681984677
-1.3010000000000002,0.0,0.0,0.31180343457051374,0.0,-0.020956269124627946
-1.3,0.0,0.0,0.3122505902061166,0.0,-0.021046014253383375
-1.2990000000000002,0.0,0.0,0.3126993773157458,0.0,-0.02113634019303766
-1.298,0.0,0.0,0.3131498062663217,0.0,-0.02122725212750426
-1.2970000000000002,0.0,0.0,0.3136018875212118,0.0,-0.02131875530066816
-1.296,0.0,0.0,0.3140556316414262,0.0,-0.02141085501724759
-1.2950000000000002,0.0,0.0,0.3145110492868327,0.0,-0.021503556643671446
-1.294,0.0,0.0,0.31496815121739236,0.0,-0.02159686560896899
-1.2930000000000001,0.0,0.0,0.31542694829440965,0.0,-0.021690787405675947
-1.292,0.0,0.0,0.3158874514818084,0.0,-0.021785327590759164
-1.2910000000000001,0.0,0.0,0.3163496718474232,0.0,-0.02188049178655346
-1.29,0.0,0.0,0.31681362056431495,0.0,-0.02197628568171771
-1.2890000000000001,0.0,0.0,0.31727930891210404,0.0,-0.022072715032205658
-1.288,0.0,0.0,0.31774674827832705,0.0,-0.022169785662256934
-1.2870000000000001,0.0,0.0,0.3182159501598143,0.0,-0.022267503465402134
-1.286,0.0,0.0,0.31868692616409067,0.0,-0.022365874405484883
-1.2850000000000001,0.0,0.0,0.31915968801079636,0.0,-0.02246490451771027
-1.284,0.0,0.0,0.3196342475331346,0.0,-0.02256459990970105
-1.2830000000000001,0.0,0.0,0.3201106166793392,0.0,-0.022664966762579817
-1.282,0.0,0.0,0.32058880751416857,0.0,-0.02276601133206969
-1.2810000000000001,0.0,0.0,0.3210688322204221,0.0,-0.022867739949609653
-1.28,0.0,0.0,0.32155070310048467,0.0,-0.02297015902350045
-1.2790000000000001,0.0,0.0,0.3220344325778916,0.0,-0.023073275040060286
-1.278,0.0,0.0,0.32252003319892475,0.0,-0.023177094564807335
-1.2770000000000001,0.0,0.0,0.323007517634231,0.0,-0.02328162424366496
-1.276,0.0,0.0,0.3234968986804716,0.0,-0.02338687080418293
-1.2750000000000001,0.0,0.0,0.3239881892619941,0.0,-0.02349284105678889
-1.274,0.0,0.0,0.32448140243253726,0.0,-0.02359954189605743
-1.2730000000000001,0.0,0.0,0.32497655137696135,0.0,-0.023706980302001544
-1.272,0.0,0.0,0.3254736494130092,0.0,-0.02381516334139711
-1.2710000000000001,0.0,0.0,0.3259727099930966,0.0,-0.023924098169118006
-1.27,0.0,0.0,0.32647374670613305,0.0,-0.02403379202950912
-1.2690000000000001,0.0,0.0,0.32697677327937363,0.0,-0.024144252257777582
-1.268,0.0,0.0,0.3274818035803032,0.0,-0.024255486281412414
-1.2670000000000001,0.0,0.0,0.3279888516185525,0.0,-0.024367501621629987
-1.266,0.0,0.0,0.3284979315478463,0.0,-0.024480305894850066
-1.2650000000000001,0.0,0.0,0.32900905766798677,0.0,-0.024593906814194096
-1.264,0.0,0.0,0.32952224442687184,0.0,-0.02470831219101636
-1.2630000000000001,0.0,0.0,0.330037506422545,0.0,-0.02482352993646626
-1.262,0.0,0.0,0.3305548584052876,0.0,-0.024939568063072036
-1.2610000000000001,0.0,0.0,0.33107431527974024,0.0,-0.025056434686365568
-1.26,0.0,0.0,0.3315958921070678,0.0,-0.02517413802652914
-1.2590000000000001,0.0,0.0,0.3321196041071585,0.0,-0.025292686410082456
-1.258,0.0,0.0,0.33264546666086586,0.0,-0.02541208827159633
-1.2570000000000001,0.0,0.0,0.3331734953122862,0.0,-0.025532352155440738
-1.256,0.0,0.0,0.33370370577108127,0.0,-0.025653486717569174
-1.2550000000000001,0.0,0.0,0.33423611391483976,0.0,-0.025775500727337797
-1.254,0.0,0.0,0.33477073579148253,0.0,-0.02589840306935933
-1.2530000000000001,0.0,0.0,0.3353075876217104,0.0,-0.02602220274539048
-1.252,0.0,0.0,0.33584668580149857,0.0,-0.0261469088762657
-1.2510000000000001,0.0,0.0,0.3363880469046331,0.0,-0.026272530703859914
-1.25,0.0,0.0,0.33693168768529813,0.0,-0.026399077593096027
-1.249,0.0,0.0,0.3374776250807061,0.0,-0.02652655903398843
-1.2480000000000002,0.0,0.0,0.33802587621378066,0.0,-0.02665498464373486
-1.247,0.0,0.0,0.33857645839588646,0.0,-0.026784364168841824
-1.246,0.0,0.0,0.33912938912961027,0.0,-0.026914707487298926
-1.245,0.0,0.0,0.33968468611159525,0.0,-0.027046024610794285
-1.2440000000000002,0.0,0.0,0.3402423672354269,0.0,-0.027178325686978925
-1.243,0.0,0.0,0.34080245059457426,0.0,-0.027311621001769846
-1.242,0.0,0.0,0.34136495448538623,0.0,-0.02744592098171214
-1.241,0.0,0.0,0.34192989741014435,0.0,-0.027581236196379127
-1.2400000000000002,0.0,0.0,0.34249729808017554,0.0,-0.027717577360825668
-1.239,0.0,0.0,0.3430671754190213,0.0,-0.027854955338096687
-1.238,0.0,0.0,0.3436395485656706,0.0,-0.02799338114178149
-1.237,0.0,0.0,0.34421443687785314,0.0,-0.028132865938624695
-1.2360000000000002,0.0,0.0,0.34479185993539935,0.0,-0.02827342105119331
-1.235,0.0,0.0,0.34537183754366063,0.0,-0.02841505796059577
-1.234,0.0,0.0,0.3459543897370006,0.0,-0.02855778830926681
-1.233,0.0,0.0,0.3465395367823541,0.0,-0.028701623903798025
-1.2320000000000002,0.0,0.0,0.347127299182855,0.0,-0.028846576717842878
-1.231,0.0,0.0,0.347717697681536,0.0,-0.028992658895076615
-1.23,0.0,0.0,0.34831075326510214,0.0,-0.029139882752218765
-1.229,0.0,0.0,0.3489064871677801,0.0,-0.02928826078212463
-1.2280000000000002,0.0,0.0,0.34950492087524376,0.0,-0.029437805656942286
-1.227,0.0,0.0,0.35010607612861894,0.0,-0.029588530231339165
-1.226,0.0,0.0,0.35070997492856804,0.0,-0.02974044754579309
-1.225,0.0,0.0,0.3513166395394588,0.0,-0.029893570829966874
-1.2240000000000002,0.0,0.0,0.35192609249361934,0.0,-0.03004791350614716
-1.223,0.0,0.0,0.35253835659567506,0.0,-0.030203489192761415
-1.222,0.0,0.0,0.3531534549269807,0.0,-0.03036031170797755
-1.221,0.0,0.0,0.3537714108501384,0.0,-0.030518395073376416
-1.2200000000000002,0.0,0.0,0.35439224801361524,0.0,-0.030677753517714818
-1.219,0.0,0.0,0.3550159903564507,0.0,-0.030838401480763535
-1.218,0.0,0.0,0.3556426621130676,0.0,-0.03100035361724086
-1.217,0.0,0.0,0.3562722878181794,0.0,-0.031163624800828224
-1.2160000000000002,0.0,0.0,0.35690489231180633,0.0,-0.031328230128281016
-1.215,0.0,0.0,0.35754050074439325,0.0,-0.031494184923631714
-1.214,0.0,0.0,0.3581791385820385,0.0,-0.031661504742490694
-1.213,0.0,0.0,0.358820831611834,0.0,-0.03183020537644267
-1.2120000000000002,0.0,0.0,0.35946560594731997,0.0,-0.03200030285754764
-1.211,0.0,0.0,0.36011348803405907,0.0,-0.03217181346294731
-1.21,0.0,0.0,0.36076450465532767,0.0,-0.03234475371957452
-1.209,0.0,0.0,0.36141868293793455,0.0,-0.03251914040897643
-1.2080000000000002,0.0,0.0,0.36207605035816576,0.0,-0.032694990572250296
-1.207,0.0,0.0,0.3627366347478583,0.0,-0.03287232151509249
-1.206,0.0,0.0,0.3634004643006121,0.0,-0.03305115081297668
-1.205,0.0,0.0,0.364067567578135,0.0,-0.03323149631643929
-1.2040000000000002,0.0,0.0,0.36473797351673237,0.0,-0.033413376156507024
-1.203,0.0,0.0,0.3654117114339421,0.0,-0.03359680875024801
-1.202,0.0,0.0,0.36608881103531665,0.0,-0.03378181280645231
-1.201,0.0,0.0,0.36676930242135986,0.0,-0.03396840733146042
-1.2000000000000002,0.0,0.0,0.3674532160946228,0.0,-0.034156611635123214
-1.199,0.0,0.0,0.3681405829669592,0.0,-0.034346445336914666
-1.198,0.0,0.0,0.3688314343669489,0.0,-0.03453792837219103
-1.197,0.0,0.0,0.36952580204749125,0.0,-0.034731080998606126
-1.1960000000000002,0.0,0.0,0.3702237181935765,0.0,-0.03492592380268436
-1.195,0.0,0.0,0.37092521543023704,0.0,-0.03512247770655659
-1.194,0.0,0.0,0.3716303268306833,0.0,-0.03532076397486735
-1.193,0.0,0.0,0.37233908592463366,0.0,-0.03552080422185335
-1.1920000000000002,0.0,0.0,0.373051526706841,0.0,-0.03572262041859908
-1.191,0.0,0.0,0.3737676836458194,0.0,-0.03592623490047963
-1.19,0.0,0.0,0.3744875916927819,0.0,-0.036131670374792466
-1.189,0.0,0.0,0.37521128629079253,0.0,-0.036338949928580805
-1.1880000000000002,0.0,0.0,0.3759388033841377,0.0,-0.03654809703666303
-1.187,0.0,0.0,0.37667017942792663,0.0,-0.036759135569866326
-1.186,0.0,0.0,0.3774054513979254,0.0,-0.03697208980347528
-1.185,0.0,0.0,0.3781446568006313,0.0,-0.0371869844259005
-1.1840000000000002,0.0,0.0,0.37888783368359696,0.0,-0.03740384454757527
-1.183,0.0,0.0,0.3796350206460097,0.0,-0.03762269571008346
-1.1820000000000002,0.0,0.0,0.3803862568495326,0.0,-0.037843563895533644
-1.181,0.0,0.0,0.38114158202942156,0.0,-0.03806647553617966
-1.1800000000000002,0.0,0.0,0.38190103650591656,0.0,-0.03829145752429667
-1.179,0.0,0.0,0.38266466119592646,0.0,-0.03851853722232803
-1.1780000000000002,0.0,0.0,0.383432497625008,0.0,-0.038747742473300005
-1.177,0.0,0.0,0.3842045879396538,0.0,-0.03897910161152341
-1.1760000000000002,0.0,0.0,0.384980974919893,0.0,-0.039212643473584746
-1.175,0.0,0.0,0.3857617019922234,0.0,-0.039448397409639464
-1.1740000000000002,0.0,0.0,0.3865468132428751,0.0,-0.03968639329501674
-1.173,0.0,0.0,0.387336353431424,0.0,-0.039926661542144214
-1.1720000000000002,0.0,0.0,0.38813036800476414,0.0,-0.040169233112808504
-1.171,0.0,0.0,0.3889289031114475,0.0,-0.0404141395307534
-1.1700000000000002,0.0,0.0,0.38973200561640864,0.0,-0.040661412894636095
-1.169,0.0,0.0,0.39053972311608104,0.0,-0.040911085891351465
-1.1680000000000001,0.0,0.0,0.3913521039539214,0.0,-0.041163191809729834
-1.167,0.0,0.0,0.39216919723635624,0.0,-0.0414177645546317
-1.1660000000000001,0.0,0.0,0.3929910528491615,0.0,-0.04167483866144511
-1.165,0.0,0.0,0.3938177214742899,0.0,-0.041934449311003395
-1.1640000000000001,0.0,0.0,0.394649254607166,0.0,-0.04219663234493307
-1.163,0.0,0.0,0.395485704574458,0.0,-0.04246142428145705
-1.1620000000000001,0.0,0.0,0.3963271245523456,0.0,-0.04272886233165472
-1.161,0.0,0.0,0.39717356858530517,0.0,-0.042998984416208925
-1.1600000000000001,0.0,0.0,0.3980250916054187,0.0,-0.04327182918264524
-1.159,0.0,0.0,0.3988817494522373,0.0,-0.043547436023091274
-1.1580000000000001,0.0,0.0,0.39974359889321043,0.0,-0.043825845092567955
-1.157,0.0,0.0,0.4006106976447039,0.0,-0.0441070973278304
-1.1560000000000001,0.0,0.0,0.40148310439362506,0.0,-0.044391234466790004
-1.155,0.0,0.0,0.4023608788196822,0.0,-0.044678299068523226
-1.1540000000000001,0.0,0.0,0.4032440816182903,0.0,-0.04496833453389853
-1.153,0.0,0.0,0.40413277452416035,0.0,-0.045261385126841726
-1.1520000000000001,0.0,0.0,0.4050270203355839,0.0,-0.04555749599626507
-1.151,0.0,0.0,0.40592688293944557,0.0,-0.04585671319868139
-1.1500000000000001,0.0,0.0,0.40683242733699043,0.0,-0.04615908372153096
-1.149,0.0,0.0,0.40774371967036704,0.0,-0.0464646555072479
-1.1480000000000001,0.0,0.0,0.40866082724998615,0.0,-0.04677347747809672
-1.147,0.0,0.0,0.40958381858271453,0.0,-0.04708559956180552
-1.1460000000000001,0.0,0.0,0.4105127634009416,0.0,-0.04740107271802052
-1.145,0.0,0.0,0.41144773269255136,0.0,-0.04771994896563328
-1.1440000000000001,0.0,0.0,0.4123887987318311,0.0,-0.0480422814109898
-1.143,0.0,0.0,0.41333603511135936,0.0,-0.04836812427703491
-1.1420000000000001,0.0,0.0,0.4142895167748993,0.0,-0.04869753293342107
-1.141,0.0,0.0,0.4152493200513521,0.0,-0.04903056392761994
-1.1400000000000001,0.0,0.0,0.41621552268979883,0.0,-0.04936727501707781
-1.139,0.0,0.0,0.4171882038956792,0.0,-0.04970772520246085
-1.1380000000000001,0.0,0.0,0.41816744436815323,0.0,-0.05005197476202828
-1.137,0.0,0.0,0.419153326338693,0.0,-0.050400085287182025
-1.1360000000000001,0.0,0.0,0.4201459336109493,0.0,-0.05075211971924275
-1.135,0.0,0.0,0.42114535160195365,0.0,-0.05110814238750217
-1.1340000000000001,0.0,0.0,0.42215166738470095,0.0,-0.051468219048606344
-1.133,0.0,0.0,0.4231649697321791,0.0,-0.051832416927320796
-1.1320000000000001,0.0,0.0,0.4241853491628955,0.0,-0.052200804758743065
-1.131,0.0,0.0,0.4252128979879734,0.0,-0.05257345283202127
-1.1300000000000001,0.0,0.0,0.42624771035987685,0.0,-0.052950433035640135
-1.129,0.0,0.0,0.42728988232283754,0.0,-0.05333181890435155
-1.1280000000000001,0.0,0.0,0.428339511865053,0.0,-0.053717685667809295
-1.127,0.0,0.0,0.42939669897273797,0.0,-0.05410811030099228
-1.1260000000000001,0.0,0.0,0.43046154568610306,0.0,-0.05450317157649508
-1.125,0.0,0.0,0.43153415615735063,0.0,-0.0549029501187596
-1.124,0.0,0.0,0.4326146367107745,0.0,-0.05530752846034956
-1.123,0.0,0.0,0.43370309590505746,0.0,-0.05571699110034812
-1.122,0.0,0.0,0.43479964459786485,0.0,-0.05613142456498016
-1.121,0.0,0.0,0.43590439601284225,0.0,-0.056550917470569215
-1.12,0.0,0.0,0.43701746580911865,0.0,-0.05697556058891755
-1.1190000000000002,0.0,0.0,0.43813897215344033,0.0,-0.05740544691524889
-1.118,0.0,0.0,0.43926903579505205,0.0,-0.057840671738809475
-1.117,0.0,0.0,0.44040778014345144,0.0,-0.058281332716276196
-1.116,0.0,0.0,0.44155533134916036,0.0,-0.058727529948083904
-1.1150000000000002,0.0,0.0,0.44271181838765256,0.0,-0.05917936605783794
-1.114,0.0,0.0,0.44387737314658443,0.0,-0.059636946274937784
-1.113,0.0,0.0,0.4450521305165004,0.0,-0.06010037852058687
-1.112,0.0,0.0,0.44623622848517014,0.0,-0.060569773497349946
-1.1110000000000002,0.0,0.0,0.4474298082357499,0.0,-0.0610452447824338
-1.11,0.0,0.0,0.4486330142489433,0.0,-0.061526908924885125
-1.109,0.0,0.0,0.4498459944093777,0.0,-0.06201488554689643
-1.108,0.0,0.0,0.4510689001163977,0.0,-0.06250929744943912
-1.1070000000000002,0.0,0.0,0.45230188639951213,0.0,-0.06301027072244378
-1.106,0.0,0.0,0.4535451120387231,0.0,-0.06351793485976336
-1.105,0.0,0.0,0.45479873969000223,0.0,-0.06403242287917492
-1.104,0.0,0.0,0.4560629360161803,0.0,-0.06455387144769145
-1.1030000000000002,0.0,0.0,0.4573378718235375,0.0,-0.06508242101245634
-1.102,0.0,0.0,0.4586237222044026,0.0,-0.06561821593754168
-1.101,0.0,0.0,0.45992066668608017,0.0,-0.06616140464695168
-1.1,0.0,0.0,0.4612288893864622,0.0,-0.06671213977420042
-1.0990000000000002,0.0,0.0,0.4625485791766858,0.0,-0.06727057831880413
-1.098,0.0,0.0,0.4638799298512323,0.0,-0.06783688181009531
-1.097,0.0,0.0,0.4652231403058873,0.0,-0.06841121647877266
-1.096,0.0,0.0,0.4665784147240083,0.0,-0.06899375343662452
-1.0950000000000002,0.0,0.0,0.4679459627715837,0.0,-0.06958466886490992
-1.094,0.0,0.0,0.46932599980158546,0.0,-0.07018414421189616
-1.093,0.0,0.0,0.4707187470681659,0.0,-0.07079236640010496
-1.092,0.0,0.0,0.4721244319512895,0.0,-0.07140952804383947
-1.0910000000000002,0.0,0.0,0.473543288192415,0.0,-0.07203582767762548
-1.09,0.0,0.0,0.47497555614190873,0.0,-0.0726714699962216
-1.089,0.0,0.0,0.47642148301889986,0.0,-0.0733166661069267
-1.088,0.0,0.0,0.477881323184363,0.0,-0.07397163379494491
-1.0870000000000002,0.0,0.0,0.47935533842824307,0.0,-0.07463659780264183
-1.086,0.0,0.0,0.48084379827152923,0.0,-0.0753117901235685
-1.085,0.0,0.0,0.48234698028422596,0.0,-0.07599745031222456
-1.084,0.0,0.0,0.4838651704202635,0.0,-0.07669382581057452
-1.0830000000000002,0.0,0.0,0.4853986633704572,0.0,-0.0774011722924399
-1.082,0.0,0.0,0.48694776293472003,0.0,-0.07811975402695152
-1.081,0.0,0.0,0.48851278241482143,0.0,-0.07884984426236787
-1.08,0.0,0.0,0.49009404502910286,0.0,-0.0795917256316432
-1.0790000000000002,0.0,0.0,0.49169188435065536,0.0,-0.08034569058126946
-1.078,0.0,0.0,0.49330664477060926,0.0,-0.0811120418250166
-1.077,0.0,0.0,0.49493868198831115,0.0,-0.0818910928243503
-1.076,0.0,0.0,0.4965883635303195,0.0,-0.08268316829745777
-1.0750000000000002,0.0,0.0,0.4982560693003136,0.0,-0.08348860475895582
-1.074,0.0,0.0,0.49994219216219343,0.0,-0.08430775109256813
-1.073,0.0,0.0,0.5016471385588497,0.0,-0.0851409691592345
-1.072,0.0,0.0,0.5033713291693073,0.0,-0.08598863444335483
-1.0710000000000002,0.0,0.0,0.505115199607184,0.0,-0.08685113674009727
-1.07,0.0,0.0,0.5068792011636823,0.0,-0.08772888088699002
-1.069,0.0,0.0,0.5086638015986292,0.0,-0.08862228754329995
-1.068,0.0,0.0,0.510469485983422,0.0,-0.08953179402103834
-1.0670000000000002,0.0,0.0,0.5122967576000848,0.0,-0.0904578551718169
-1.066,0.0,0.0,0.5141461389010785,0.0,-0.09140094433416046
-1.065,0.0,0.0,0.5160181725349446,0.0,-0.09236155434637199
-1.064,0.0,0.0,0.5179134224433873,0.0,-0.09334019863052521
-1.0630000000000002,0.0,0.0,0.5198324750359683,0.0,-0.09433741235377167
-1.062,0.0,0.0,0.5217759404492133,0.0,-0.09535375367373508
-1.061,0.0,0.0,0.5237444538976704,0.0,-0.09638980507553456
-1.06,0.0,0.0,0.5257386771252553,0.0,-0.09744617480875906
-1.0590000000000002,0.0,0.0,0.5277592999661194,0.0,-0.09852349843361652
-1.058,0.0,0.0,0.5298070420253123,0.0,-0.09962244048652522
-1.057,0.0,0.0,0.531882654490658,0.0,-0.10074369627654979
-1.056,0.0,0.0,0.5339869220885868,0.0,-0.10188799382541916
-1.0550000000000002,0.0,0.0,0.5361206651981267,0.0,-0.10305609596531344
-1.054,0.0,0.0,0.5382847421389781,0.0,-0.10424880261033649
-1.053,0.0,0.0,0.5404800516514904,0.0,-0.10546695321947795
-1.052,0.0,0.0,0.542707535588592,0.0,-0.10671142947110929
-1.0510000000000002,0.0,0.0,0.5449681818422097,0.0,-0.10798315817152329
-1.05,0.0,0.0,0.5472630275296303,0.0,-0.10928311442297801
-1.049,0.0,0.0,0.5495931624685708,0.0,-0.11061232507997562
-1.048,0.0,0.0,0.5519597329735741,0.0,-0.11197187252639838
-1.0470000000000002,0.0,0.0,0.5543639460107797,0.0,-0.11336289881051961
-1.046,0.0,0.0,0.5568070737532778,0.0,-0.11478661018009392
-1.045,0.0,0.0,0.5592904585852724,0.0,-0.11624428206573693
-1.044,0.0,0.0,0.5618155186102628,0.0,-0.1177372645677761
-1.0430000000000001,0.0,0.0,0.5643837537266978,0.0,-0.11926698851002387
-1.042,0.0,0.0,0.56699675234418,0.0,-0.12083497213352286
-1.041,0.0,0.0,0.5696561988247103,0.0,-0.12244282851474383
-1.04,0.0,0.0,0.5723638817469485,0.0,-0.12409227380618244
-1.0390000000000001,0.0,0.0,0.5751217031075022,0.0,-0.12578513641335506
-1.038,0.0,0.0,0.5779316885923894,0.0,-0.12752336724132027
-1.037,0.0,0.0,0.580795999074792,0.0,-0.12930905116681443
-1.036,0.0,0.0,0.583716943522849,0.0,-0.1311444199197349
-1.0350000000000001,0.0,0.0,0.586696993534687,0.0,-0.13303186659113914
-1.034,0.0,0.0,0.5897387997585452,0.0,-0.1349739620256044
-1.033,0.0,0.0,0.592845210505598,0.0,-0.1369734734055092
-1.032,0.0,0.0,0.5960192929241902,0.0,-0.1390333853959464
-1.0310000000000001,0.0,0.0,0.5992643571797707,0.0,-0.1411569242945061
-1.03,0.0,0.0,0.6025839841788599,0.0,-0.1433475857242557
-1.029,0.0,0.0,0.6059820574931556,0.0,-0.14560916652597508
-1.028,0.0,0.0,0.609462800288439,0.0,-0.14794580165429685
-1.0270000000000001,0.0,0.0,0.6130308182516737,0.0,-0.1503620070710926
-1.026,0.0,0.0,0.6166911497514698,0.0,-0.15286272987126368
-1.025,0.0,0.0,0.6204493247793498,0.0,-0.15545340718832834
-1.024,0.0,0.0,0.6243114346263801,0.0,-0.15814003583434216
-1.0230000000000001,0.0,0.0,0.6282842147855674,0.0,-0.16092925516449808
-1.0220000000000002,0.0,0.0,0.6323751442833793,0.0,-0.16382844636974736
-1.0210000000000001,0.0,0.0,0.6365925656029766,0.0,-0.16684585235997987
-1.02,0.0,0.0,0.6409458306685756,0.0,-0.16999072370713975
-1.0190000000000001,0.0,0.0,0.6454454801646684,0.0,-0.17327349792195657
-1.0180000000000002,0.0,0.0,0.6501034659918526,0.0,-0.17670602186601123
-1.0170000000000001,0.0,0.0,0.6549334302604607,0.0,-0.18030183070027114
-1.016,0.0,0.0,0.6599510594397072,0.0,-0.18407650198776315
-1.0150000000000001,0.0,0.0,0.665174539989816,0.0,-0.1880481112777956
-1.0140000000000002,0.0,0.0,0.6706251534508358,0.0,-0.19223782714539214
-1.0130000000000001,0.0,0.0,0.6763280669903623,0.0,-0.196670701688086
-1.012,0.0,0.0,0.6823134041025033,0.0,-0.2013767411723684
-1.0110000000000001,0.0,0.0,0.6886177272663164,0.0,-0.20639238863794238
-1.0100000000000002,0.0,0.0,0.6952861445958385,0.0,-0.2117626304918537
-1.0090000000000001,0.0,0.0,0.7023753949753067,0.0,-0.21754408158602356
-1.008,0.0,0.0,0.7099585320037834,0.0,-0.2238096691023223
-1.0070000000000001,0.0,0.0,0.7181323534365206,0.0,-0.2306560619324628
-1.0060000000000002,0.0,0.0,0.727029843488739,0.0,-0.23821611291828682
-1.0050000000000001,0.0,0.0,0.7368425090019988,0.0,-0.24668119495256932
-1.004,0.0,0.0,0.7478643531457285,0.0,-0.256345174612803
-1.0030000000000001,0.0,0.0,0.7605904271224828,0.0,-0.26770296379645525
-1.0020000000000002,0.0,0.0,0.7759862676827826,0.0,-0.2817199571634546
-1.0010000000000001,0.0,0.0,0.7965453006725844,0.0,-0.3008894356088719
-1.0,0.0,0.0,0.8485281374238569,0.0,-0.35147186257614316
-0.9990000000000001,0.04471017781221353,0.026826106687328113,0.8021200531077743,-0.026826106687328113,-0.393072717954702
-0.9980000000000002,0.06321392251711291,0.03792835351026774,0.7819166946066547,-0.03792835351026774,-0.40845427278124424
-0.9970000000000001,0.07740155037206778,0.04644093022324066,0.7660277353419156,-0.04644093022324066,-0.41950667579932205
-0.9960000000000001,0.08935323161475343,0.05361193896885205,0.75237299466075,-0.05361193896885205,-0.4283099263641971
-0.9950000000000001,0.09987492177718957,0.059924953066313735,0.7401465065209223,-0.059924953066313735,-0.435669805663937
-0.9940000000000001,0.1093800713110014,0.06562804278660084,0.7289348098643239,-0.06562804278660084,-0.44199958624845603
-0.9930000000000002,0.1181143513718786,0.07086861082312716,0.7184922228313131,-0.07086861082312716,-0.4475447577143308
-0.9920000000000001,0.12623787070447537,0.07574272242268522,0.7086586258745915,-0.07574272242268522,-0.45246524348646966
-0.9910000000000001,0.13386186910393788,0.08031712146236272,0.6993227682964405,-0.08031712146236272,-0.45687209417268565
-0.9900000000000001,0.14106735979665816,0.08464041587799488,0.6904036258667022,-0.08464041587799488,-0.4608461298335982
-0.9890000000000001,0.1479155164274518,0.08874930985647106,0.6818400138343236,-0.08874930985647106,-0.4644483268548768
-0.988,0.15445387661046256,0.09267232596627752,0.6735843833751494,-0.09267232596627752,-0.4677260213789653
-0.9870000000000001,0.16072025385743957,0.09643215231446375,0.6655989096623229,-0.09643215231446375,-0.47071682110971985
-0.9860000000000001,0.16674531477675716,0.10004718886605429,0.6578529146659211,-0.10004718886605429,-0.4734511823831439
-0.9850000000000001,0.17255433926737332,0.10353260356042399,0.6503211069576311,-0.10353260356042399,-0.47595417022819175
-0.9840000000000001,0.17816845961056008,0.10690107576633603,0.64298234261763,-0.10690107576633603,-0.4782466973202417
-0.983,0.18360555547150537,0.11016333328290322,0.6358187302315728,-0.11016333328290322,-0.48034641883911916
-0.9820000000000001,0.18888091486436584,0.11332854891861949,0.6288149699241049,-0.11332854891861949,-0.4822683932849753
-0.9810000000000001,0.1940077318046883,0.11640463908281297,0.6219578557049812,-0.11640463908281297,-0.4840255799756806
-0.9800000000000001,0.19899748742132364,0.11939849245279419,0.6152358943556704,-0.11939849245279419,-0.485629219997583
-0.9790000000000001,0.20386024624727545,0.12231614774836529,0.6086390091369988,-0.12231614774836529,-0.4870891323287577
-0.978,0.2086048896838231,0.12516293381029384,0.6021583063234942,-0.12516293381029384,-0.4884139471287933
-0.9770000000000001,0.21323930219356801,0.12794358131614078,0.5957858890087826,-0.12794358131614078,-0.4896112917504091
-0.9760000000000001,0.21777052142105874,0.13066231285263522,0.5895147069833757,-0.13066231285263522,-0.49068794067122057
-0.9750000000000002,0.22220486043288884,0.13332291625973328,0.5833384344929643,-0.13332291625973328,-0.4916499375371717
-0.9740000000000001,0.22654800815721116,0.13592880489432668,0.5772513697972632,-0.13592880489432668,-0.4925026953971629
-0.973,0.23080511259502046,0.13848306755701226,0.5712483519570627,-0.13848306755701226,-0.49325107970084087
-0.9720000000000001,0.23498085028359186,0.1409885101701551,0.5653246913690947,-0.1409885101701551,-0.49389947753945157
-0.9710000000000001,0.23907948469076104,0.1434476908144566,0.5594761113700265,-0.1434476908144566,-0.4944518558079973
-0.9700000000000002,0.24310491562286354,0.1458629493737181,0.5536986988267698,-0.1458629493737181,-0.4949118103709977
-0.9690000000000001,0.24706072128122641,0.14823643276873585,0.5479888620782015,-0.14823643276873585,-0.49528260786622297
-0.968,0.25095019426173004,0.150570116557038,0.5423432949337881,-0.150570116557038,-0.49556722144033577
-0.9670000000000001,0.2547763725308919,0.15286582351853514,0.5367589456956544,-0.15286582351853514,-0.49576836144929537
-0.9660000000000001,0.2585420662097365,0.1551252397258419,0.5312329903728323,-0.1551252397258419,-0.49588850195414635
-0.9650000000000002,0.2622498808388663,0.15734992850331975,0.5257628094142796,-0.15734992850331975,-0.495929903684919
-0.9640000000000001,0.26590223767392385,0.1595413426043543,0.5203459674114677,-0.1595413426043543,-0.4958946340210873
-0.963,0.26950139146208524,0.16170083487725115,0.5149801953199117,-0.16170083487725115,-0.4957845844384652
-0.9620000000000001,0.2730494460715858,0.16382966764295145,0.5096633748276249,-0.16382966764295145,-0.4956014857936944
-0.9610000000000001,0.27654836828301815,0.16592902096981088,0.5043935245617694,-0.16592902096981088,-0.4953469217541739
-0.9600000000000002,0.27999999999999947,0.16799999999999968,0.49916878787590113,-0.16799999999999968,-0.4950223406300831
-0.9590000000000001,0.28340606909521154,0.17004364145712692,0.4939874220018005,-0.17004364145712692,-0.49462906582348404
-0.958,0.28676819907374684,0.1720609194442481,0.4888477883839639,-0.1720609194442481,-0.49416830507534504
-0.9570000000000001,0.2900879177077182,0.1740527506246309,0.4837483440427894,-0.1740527506246309,-0.49364115866327174
-0.9560000000000001,0.29336666477294215,0.17601999886376526,0.47868763383564655,-0.17601999886376526,-0.49304862667952054
-0.9550000000000002,0.2966057989992773,0.1779634793995664,0.4736642835042561,-0.1779634793995664,-0.49239161549952365
-0.9540000000000001,0.29980660433019124,0.1798839625981147,0.46867699341279256,-0.1798839625981147,-0.4916709435350623
-0.9530000000000001,0.3029702955736748,0.18178217734420485,0.46372453289460186,-0.18178217734420485,-0.4908873463526658
-0.9520000000000001,0.30609802351534365,0.18365881410920618,0.4588057351366845,-0.18365881410920618,-0.49004148122641433
-0.9510000000000001,0.3091908795550086,0.1855145277330052,0.45391949254066655,-0.1855145277330052,-0.4891339311846288
-0.9500000000000002,0.3122498999199194,0.18734993995195165,0.44906475250705186,-0.18734993995195165,-0.4881652086017476
-0.9490000000000001,0.31527606950100084,0.1891656417006005,0.44424051359643224,-0.1891656417006005,-0.4871357583796157
-0.9480000000000001,0.3182703253525214,0.19096219521151284,0.43944582202722127,-0.19096219521151284,-0.48604596075639683
-0.9470000000000001,0.321233559890619,0.1927401359343714,0.43467976847447876,-0.1927401359343714,-0.4848961337761197
-0.9460000000000001,0.32416662382176215,0.1944999742930573,0.42994148513875013,-0.1944999742930573,-0.48368653544730883
-0.9450000000000002,0.3270703288285254,0.19624219729711523,0.42523014305754236,-0.19624219729711523,-0.48241736561529136
-0.9440000000000001,0.32994545003682024,0.19796727002209213,0.4205449496352876,-0.19796727002209213,-0.4810887675692109
-0.9430000000000001,0.3327927282859407,0.19967563697156437,0.415885146370443,-0.19967563697156437,-0.4797008294018447
-0.9420000000000001,0.3356128722203602,0.20136772333221614,0.4112500067607818,-0.20136772333221614,-0.47825358513753125
-0.9410000000000001,0.3384065602200997,0.20304393613205976,0.40663883437005544,-0.20304393613205976,-0.47674701564113875
-0.94,0.3411744421846397,0.2047046653107838,0.40205096104105703,-0.2047046653107838,-0.47518104931880223
-0.9390000000000001,0.3439171411837449,0.2063502847102469,0.3974857452417127,-0.2063502847102469,-0.47355556261917253
-0.9380000000000001,0.34663525498714054,0.2079811529922843,0.3929425705322567,-0.2079811529922843,-0.4718703803420932
-0.937,0.3493293574837361,0.20959761449024164,0.38842084414280353,-0.20959761449024164,-0.47012527575990853
-0.936,0.35199999999999987,0.21119999999999992,0.3839199956517015,-0.21119999999999992,-0.4683199705550009
-0.9349999999999999,0.3546477125261068,0.21278862751566405,0.3794394757560479,-0.21278862751566405,-0.4664541345756535
-0.934,0.35727300485762964,0.21436380291457777,0.3749787551265987,-0.21436380291457777,-0.46452738541080124
-0.933,0.35987636765978387,0.2159258205958703,0.37053732334004924,-0.2159258205958703,-0.4625392877828421
-0.932,0.362458273460546,0.21747496407632758,0.36611468788237944,-0.21747496407632758,-0.4604893527561847
-0.931,0.3650191775783841,0.21901150654703044,0.3617103732175085,-0.21901150654703044,-0.4583770367577942
-0.9299999999999999,0.3675595189897823,0.22053571139386935,0.3573239199160875,-0.22053571139386935,-0.4562017404044709
-0.929,0.37007972114126975,0.2220478326847618,0.35295488383970897,-0.2220478326847618,-0.4539628071300708
-0.928,0.3725801927102405,0.2235481156261443,0.34860283537625,-0.2235481156261443,-0.4516595216042594
-0.927,0.3750613283184496,0.22503679699106974,0.3442673587224605,-0.22503679699106974,-0.4492911079326435
-0.926,0.37752350920174477,0.2265141055210468,0.3399480512102342,-0.2265141055210468,-0.4468567276262955
-0.9249999999999999,0.3799671038392668,0.22798026230356006,0.3356445226733268,-0.22798026230356006,-0.44435547732667247
-0.924,0.3823924685450799,0.22943548112704792,0.3313563948515631,-0.22943548112704792,-0.4417863862697508
-0.923,0.3847999480249444,0.23087996881496667,0.32708330082980963,-0.23087996881496667,-0.43914841347076716
-0.9220000000000002,0.3871898759007003,0.23231392554042016,0.32282488450925056,-0.23231392554042016,-0.4364404446083124
-0.921,0.3895625752045491,0.23373754512272943,0.31858080010867085,-0.23373754512272943,-0.4336612885835271
-0.9199999999999999,0.39191835884530873,0.23515101530718524,0.31435071169367473,-0.23515101530718524,-0.43080967372680684
-0.919,0.39425753004857095,0.23655451802914257,0.31013429273190385,-0.23655451802914257,-0.427884243620674
-0.918,0.3965803827725219,0.2379482296635131,0.3059312256724916,-0.2379482296635131,-0.42488355250321014
-0.9170000000000001,0.39888720210104484,0.2393323212606269,0.30174120154813633,-0.2393323212606269,-0.42180606021159195
-0.916,0.40117826461561945,0.24070695876937165,0.297563919598272,-0.24070695876937165,-0.4186501266197568
-0.9149999999999999,0.403453838747384,0.24207230324843038,0.2933990869119689,-0.24207230324843038,-0.4154140055179036
-0.914,0.4057141851106515,0.24342851106639088,0.28924641808927065,-0.24342851106639088,-0.4120958378742499
-0.913,0.40795955681905516,0.24477573409143308,0.28510563491978824,-0.24477573409143308,-0.40869364441105716
-0.9120000000000001,0.4101901997854164,0.24611411987124976,0.28097646607745635,-0.24611411987124976,-0.4052053174172689
-0.911,0.4124063530063522,0.2474438118038113,0.27685864683043043,-0.2474438118038113,-0.40162861170874115
-0.9099999999999999,0.4146082488325578,0.24876494929953466,0.27275191876518695,-0.24876494929953466,-0.3979611346339553
-0.909,0.4167961132256393,0.25007766793538355,0.26865602952394757,-0.25007766793538355,-0.39420033500761603
-0.908,0.4189701660023061,0.25138209960138364,0.2645707325546127,-0.25138209960138364,-0.3903434908365126
-0.9070000000000001,0.4211306210666706,0.2526783726400023,0.2604957868724585,-0.2526783726400023,-0.38638769568062187
-0.906,0.42327768663136495,0.2539666119788189,0.25643095683287676,-0.2539666119788189,-0.3823298434672051
-0.9049999999999999,0.42541156542811587,0.25524693925686953,0.25237601191452,-0.25524693925686953,-0.37816661154562353
-0.904,0.4275324549083963,0.25651947294503774,0.24833072651222218,-0.25651947294503774,-0.37389444173477254
-0.903,0.429640547434713,0.2577843284608278,0.24429487973913713,-0.2577843284608278,-0.369509519072081
-0.9020000000000001,0.4317360304630594,0.2590416182778356,0.24026825523756032,-0.2590416182778356,-0.3650077479213312
-0.901,0.43381908671703234,0.26029145203021936,0.23625064099792706,-0.26029145203021936,-0.36038472503395663
-0.9,0.4358898943540672,0.26153393661244034,0.2322418291855352,-0.26153393661244034,-0.3556357090824273
-0.899,0.4379486271242324,0.2627691762745394,0.22824161597453885,-0.2627691762745394,-0.3507555860912407
-0.898,0.4399954545219757,0.2639972727131854,0.22424980138882114,-0.2639972727131854,-0.34573883007675493
-0.8970000000000001,0.4420305419312106,0.26521832515872634,0.22026618914935278,-0.26521832515872634,-0.34057945806563694
-0.8960000000000001,0.44405405076409316,0.2664324304584559,0.21629058652767752,-0.2664324304584559,-0.3352709784856958
-0.8950000000000001,0.4460661385938186,0.2676396831562911,0.21232280420519292,-0.2676396831562911,-0.32980633170248186
-0.894,0.4480669592817572,0.2688401755690544,0.2083626561379006,-0.2688401755690544,-0.32417782119692207
-0.8930000000000001,0.45005666309921444,0.27003399785952864,0.20440995942633525,-0.27003399785952864,-0.31837703352586294
-0.8920000000000001,0.4520353968440965,0.2712212381064578,0.2004645341903826,-0.2712212381064578,-0.3123947447546331
-0.8910000000000001,0.45400330395273536,0.2724019823716412,0.19652620344873536,-0.2724019823716412,-0.3062208104658208
-0.8900000000000001,0.45596052460711967,0.27357631476427174,0.1925947930027202,-0.27357631476427174,-0.2998440356856775
-0.889,0.45790719583775913,0.2747443175026555,0.18867013132427485,-0.2747443175026555,-0.2932520200653457
-0.8880000000000001,0.459843451622397,0.27590607097343817,0.18475204944784798,-0.27590607097343817,-0.28643097231758263
-0.8870000000000001,0.46176942298077717,0.27706165378846626,0.18084038086600518,-0.27706165378846626,-0.2793654861109387
-0.8860000000000002,0.4636852380656512,0.2782111428393907,0.17693496142855786,-0.2782111428393907,-0.27203826717199175
-0.8850000000000001,0.46559102225021454,0.27935461335012873,0.17303562924500768,-0.27935461335012873,-0.2644297979603907
-0.884,0.4674868982121317,0.280492138927279,0.1691422245901478,-0.280492138927279,-0.25651792153584446
-0.8830000000000001,0.4693729860143208,0.28162379160859247,0.16525458981263616,-0.28162379160859247,-0.2482773194761164
-0.8820000000000001,0.47124940318264574,0.2827496419095874,0.16137256924638702,-0.2827496419095874,-0.23967884890345537
-0.8810000000000002,0.47311626478065577,0.28386975886839344,0.1574960091246341,-0.28386975886839344,-0.23068868918276028
-0.8800000000000001,0.4749736834815165,0.2849842100889099,0.15362475749650575,-0.2849842100889099,-0.22126722694701598
-0.879,0.4768217696372513,0.2860930617823508,0.1497586641459941,-0.2860930617823508,-0.21136757416964044
-0.8780000000000001,0.47866063134542386,0.2871963788072543,0.1458975805131666,-0.2871963788072543,-0.20093355995723916
-0.8770000000000001,0.4804903745133713,0.28829422470802274,0.14204135961750813,-0.28829422470802274,-0.18989694790363618
-0.8760000000000002,0.48231110292009616,0.2893866617520577,0.1381898559832727,-0.2893866617520577,-0.1781734794397855
-0.8750000000000001,0.4841229182759269,0.2904737509655561,0.1343429255667222,-0.2904737509655561,-0.16565707443327918
-0.874,0.4859259202800361,0.29155555216802165,0.13050042568515682,-0.29155555216802165,-0.15221101730928657
-0.8730000000000001,0.4877202066759177,0.29263212400555055,0.12666221494761823,-0.29263212400555055,-0.1376539593588386
-0.8720000000000001,0.4895058733049072,0.29370352398294425,0.1228281531871701,-0.29370352398294425,-0.12173643950768587
-0.8710000000000002,0.491283014157827,0.2947698084946962,0.11899810139466997,-0.2947698084946962,-0.1040986489178404
-0.8700000000000001,0.49305172142484177,0.29583103285490503,0.1151719216539193,-0.29583103285490503,-0.08418705105611804
-0.8690000000000001,0.4948120855435928,0.2968872513261556,0.11134947707812272,-0.2968872513261556,-0.06106676345623042
-0.8680000000000001,0.49656419524569007,0.29793851714741404,0.10753063174755621,-0.29793851714741404,-0.032905261100393775
-0.8670000000000001,0.4983081376016248,0.29898488256097483,0.10371525064836676,-0.29898488256097483,0.005081382225793128
-0.8660000000000002,0.50004399806417,0.30002639883850196,0.09990319961242568,-0.29206649934168016,0.09990319961242541
-0.8650000000000001,0.5017718605103317,0.30106311630619903,0.09609434525814954,-0.2505062176671448,0.09609434525814954
-0.8640000000000001,0.5034918072819059,0.3020950843691435,0.09228855493222404,-0.23106157115179032,0.09228855493222377
-0.8630000000000001,0.5052039192247026,0.30312235153482153,0.08848569665214603,-0.2163315686140555,0.08848569665214603
-0.8620000000000001,0.5069082757264867,0.304144965435892,0.08468563904951927,-0.2040618000183273,0.08468563904951927
-0.8610000000000002,0.5086049547536866,0.30516297285221194,0.08088825131403421,-0.19336959201059173,0.08088825131403395
-0.8600000000000001,0.5102940328869228,0.30617641973215365,0.07709340313805732,-0.18379995140592864,0.07709340313805732
-0.8590000000000001,0.5119755853553956,0.3071853512132373,0.07330096466177358,-0.1750817555013875,0.07330096466177331
-0.8580000000000001,0.5136496860701852,0.3081898116421111,0.06951080641880363,-0.16703797849779972,0.06951080641880363
-0.8570000000000001,0.5153164076564998,0.30918984459389987,0.06572279928224044,-0.15954546614953635,0.06572279928224016
-0.8560000000000002,0.5169758214849121,0.3101854928909472,0.06193681441104094,-0.1525144429166432,0.06193681441104067
-0.8550000000000001,0.518627997701628,0.3111767986209768,0.058152723196704253,-0.145877070853507,0.058152723196704253
-0.8540000000000001,0.5202730052578164,0.31216380315468983,0.054370397210183684,-0.13958060582656098,0.05437039721018341
-0.8530000000000001,0.5219109119380432,0.31314654716282586,0.05058970814895727,-0.1335830764901984,0.05058970814895727
-0.8520000000000001,0.5235417843878365,0.3141250706327019,0.04681052778421044,-0.1278504346781528,0.04681052778421017
-0.851,0.5251656881404192,0.31509941288425153,0.043032727908059266,-0.12235460750677869,0.043032727908059266
-0.8500000000000001,0.5267826876426368,0.316069612585582,0.039256180280759556,-0.11707212516425852,0.03925618028075928
-0.8490000000000001,0.5283928462801137,0.31703570776806816,0.03548075657783175,-0.11198312914492617,0.03548075657783148
-0.8480000000000001,0.5299962264016601,0.31799773584099605,0.03170632833705575,-0.10707063943088703,0.03170632833705575
-0.8470000000000001,0.5315928893429631,0.31895573360577784,0.02793276690525572,-0.1023200024809243,0.027932766905255448
-0.846,0.5331828954495822,0.3199097372697493,0.02415994338482846,-0.09771846831437393,0.02415994338482846
-0.8450000000000001,0.5347663040992765,0.32085978245956587,0.020387728579943178,-0.09325486159887844,0.020387728579942907
-0.8440000000000001,0.5363431737236896,0.3218059042342137,0.01661599294234924,-0.08891932239661655,0.01661599294234897
-0.8430000000000001,0.5379135618294076,0.32274813709764455,0.01284460651673697,-0.08470309934218179,0.0128446065167367
-0.8420000000000001,0.5394775250184198,0.3236865150110519,0.009073438885573291,-0.08059838284495918,0.00907343888557302
-0.841,0.5410351190079994,0.32462107140479957,0.005302359113353657,-0.07659816923647175,0.005302359113353657
-0.8400000000000001,0.5425863986500213,0.32555183919001274,0.0015312356902010785,-0.07269614912154743,0.0015312356902010785
-0.8390000000000001,0.5441314179497448,0.3264788507698469,-0.0022400635252625696,-0.06888661486200778,-0.0022400635252625696
-0.8380000000000001,0.5456702300840682,0.3274021380504409,-0.006011671363834422,-0.06516438333156042,-0.006011671363834422
-0.8370000000000001,0.5472028874192825,0.3283217324515694,-0.009783721404522737,-0.06152473096916927,-0.009783721404522737
-0.836,0.5487294415283365,0.32923766491700185,-0.013556348034278578,-0.05796333881886206,-0.013556348034278307
-0.8350000000000001,0.5502499432076299,0.33014996592457785,-0.01732968650875004,-0.05447624574073486,-0.01732968650875004
-0.8340000000000001,0.5517644424933522,0.3310586654960113,-0.021103873014141652,-0.051059808355486784,-0.021103873014141652
-0.8330000000000002,0.5532729886773795,0.33196379320642766,-0.024879044730251973,-0.04771066657454759,-0.024879044730252244
-0.8320000000000001,0.5547756303227457,0.33286537819364737,-0.02865533989478659,-0.04442571379223434,-0.02865533989478659
-0.831,0.5562724152787014,0.3337634491672208,-0.03243289786902785,-0.041202070991632124,-0.03243289786902758
-0.8300000000000001,0.5577633906953736,0.33465803441722414,-0.03621185920495603,-0.03803706415382615,-0.03621185920495603
-0.8290000000000001,0.5592486030380406,0.33554916182282435,-0.03999236571392344,-0.03492820446954907,-0.03999236571392344
-0.8280000000000002,0.5607280981010312,0.3364368588606187,-0.04377456053696713,-0.03187317093968531,-0.0437745605369674
-0.8270000000000001,0.5622019210212643,0.3373211526127586,-0.047558588216884204,-0.02886979502132287,-0.047558588216884204
-0.826,0.5636701162914353,0.33820206977486117,-0.051344594772157845,-0.025916047032888554,-0.051344594772157574
-0.8250000000000001,0.5651327277728656,0.3390796366637193,-0.055132727772865604,-0.023010024078137768,-0.055132727772865604
-0.8240000000000001,0.5665897987080246,0.33995387922481474,-0.05892313641868362,-0.020149939286608562,-0.05892313641868362
-0.8230000000000002,0.5680413717327284,0.340824823039637,-0.06271597161909843,-0.017334112199279748,-0.06271597161909871
-0.8220000000000001,0.5694874888880351,0.3416924933328211,-0.06651138607598306,-0.014560960153887553,-0.06651138607598306
-0.821,0.5709281916318375,0.3425569149791025,-0.07030953436864702,-0.011828990545740195,-0.07030953436864676
-0.8200000000000001,0.5723635208501673,0.34341811251010035,-0.07411057304152671,-0.009136793857682,-0.07411057304152671
-0.8190000000000001,0.5737935168682197,0.3442761101209318,-0.07791466069465797,-0.006483037367804263,-0.07791466069465797
-0.8180000000000002,0.5752182194611013,0.34513093167666076,-0.08172195807708618,-0.003866459456068242,-0.08172195807708645
-0.8170000000000001,0.5766376678643184,0.345982600718591,-0.08553262818339624,-0.001285864441614269,-0.08553262818339624
-0.8160000000000001,0.5780519007840039,0.3468311404704023,-0.08934683635352353,0.00125988210846288,-0.08934683635352379
-0.8150000000000001,0.5794609564069005,0.3476765738441403,-0.09316475037604938,0.003771857650438517,-0.09316475037604938
-0.8140000000000001,0.5808648724100984,0.34851892344605906,-0.09698654059516809,0.006251086560423857,-0.09698654059516837
-0.8130000000000002,0.5822636859705401,0.34935821158232405,-0.1008123800215374,0.008698543695382591,-0.10081238002153768
-0.812,0.5836574337742988,0.3501944602645793,-0.10464244444724236,0.011115157653349424,-0.10464244444724236
-0.811,0.5850461520256328,0.3510276912153797,-0.10847691256509022,0.013501813763298212,-0.1084769125650905
-0.81,0.5864298764558299,0.3518579258734979,-0.11231596609250809,0.015859356831571036,-0.11231596609250809
-0.809,0.587808642331839,0.3526851853991034,-0.11615978990028694,0.01818859366865425,-0.1161597899002872
-0.8080000000000002,0.5891824844647028,0.3535094906788216,-0.12000857214646654,0.02049029541737337,-0.1200085721464668
-0.807,0.5905514372177921,0.35433086233067523,-0.12386250441565268,0.022765199701268845,-0.12386250441565294
-0.806,0.5919155345148495,0.35514932070890964,-0.12772178186408403,0.025014012609810024,-0.1277217818640843
-0.805,0.5932748098478478,0.3559648859087087,-0.13158660337079237,0.02723741053534927,-0.13158660337079237
-0.804,0.5946292962846683,0.35677757777080094,-0.13545717169520666,0.029436041875114505,-0.13545717169520693
-0.8030000000000002,0.5959790264766032,0.3575874158859619,-0.13933369364159,0.03161052861015127,-0.1393336936415903
-0.802,0.597324032665688,0.35839441959941276,-0.14321638023071748,0.03376146777192306,-0.14321638023071775
-0.801,0.598664346691867,0.35919860801512016,-0.14710544687922922,0.035889432806163024,-0.1471054468792295
-0.8,0.5999999999999999,0.3599999999999999,-0.15100111358712684,0.03799497484264784,-0.1510011135871271
-0.799,0.6013310236467099,0.3607986141880259,-0.15490360513391302,0.040078623878691925,-0.15490360513391327
-0.7979999999999999,0.6026574483070793,0.3615944689842476,-0.1588131512839004,0.042140889883414696,-0.1588131512839004
-0.797,0.6039793042811981,0.36238758256871884,-0.16272998700127309,0.04418226382916622,-0.16272998700127336
-0.796,0.6052966215005664,0.36317797290033976,-0.16665435267550235,0.046203218655891665,-0.16665435267550263
-0.795,0.6066094295343586,0.3639656577206151,-0.17058649435777878,0.04820421017367891,-0.17058649435777878
-0.794,0.6079177575955483,0.36475065455732897,-0.17452666400916672,0.05018567790826735,-0.17452666400916672
-0.7929999999999999,0.6092216345469029,0.3655329807281417,-0.17847511976123479,0.05214804589384872,-0.1784751197612345
-0.792,0.6105210889068452,0.36631265334410706,-0.18243212618998195,0.05409172341712486,-0.18243212618998195
-0.791,0.6118161488551932,0.36708968931311586,-0.18639795460393682,0.05601710571622406,-0.18639795460393682
-0.79,0.6131068422387732,0.36786410534326386,-0.19037288334736857,0.057924574637779946,-0.19037288334736857
-0.789,0.6143931965769152,0.3686359179461491,-0.19435719811964033,0.05981449925518803,-0.19435719811964033
-0.7879999999999999,0.6156752390668314,0.3694051434400989,-0.1983511923117952,0.061687236450800924,-0.19835119231179493
-0.787,0.6169529965888811,0.37017179795332866,-0.2023551673615685,0.063543131464601,-0.2023551673615685
-0.786,0.6182264957117254,0.3709358974270352,-0.20636943312811512,0.06538251841167306,-0.20636943312811512
-0.7850000000000001,0.6194957626973729,0.3716974576184237,-0.21039430828783398,0.06720572077061425,-0.21039430828783426
-0.784,0.6207608235061229,0.37245649410367376,-0.21443012075281156,0.06901305184485468,-0.21443012075281156
-0.7829999999999999,0.6220217038014029,0.3732130222808417,-0.21847720811350518,0.07080481519869004,-0.2184772081135049
-0.782,0.6232784289545084,0.3739670573727049,-0.22253591810745585,0.07258130506970714,-0.22253591810745585
-0.781,0.624531024049246,0.37471861442954757,-0.22660660911595754,0.07434280675913553,-0.22660660911595754
-0.7800000000000001,0.6257795138864805,0.3754677083318882,-0.23068965069077665,0.07608959700155411,-0.23068965069077693
-0.779,0.627023922988589,0.3762143537931534,-0.2347854241132237,0.07782194431526858,-0.2347854241132237
-0.7779999999999999,0.6282642756038259,0.3769585653622955,-0.2388943229880654,0.07954010933457577,-0.23889432298806512
-0.777,0.6295005957105997,0.37770035742635977,-0.24301675387500632,0.0812443451250476,-0.24301675387500632
-0.776,0.6307329070216647,0.3784397442129988,-0.24715313696072969,0.08293489748287917,-0.24715313696072969
-0.7750000000000001,0.6319612329882267,0.379176739792936,-0.25130390677474085,0.08461200521927296,-0.2513039067747411
-0.774,0.6331855968039702,0.3799113580823821,-0.25546951295262077,0.08627590043076072,-0.25546951295262077
-0.7729999999999999,0.6344060214090028,0.38064361284540166,-0.25965042105058306,0.08792680875630395,-0.25965042105058306
-0.772,0.635622529493724,0.3813735176962343,-0.26384711341568384,0.08956494962194915,-0.26384711341568384
-0.771,0.6368351435026179,0.3821010861015707,-0.2680600901164108,0.0911905364737712,-0.2680600901164108
-0.7700000000000001,0.6380438856379707,0.3828263313827824,-0.2722898699388945,0.09280377699977128,-0.27228986993889476
-0.769,0.6392487778635169,0.3835492667181101,-0.27653699145452787,0.09440487334137276,-0.27653699145452787
-0.7679999999999999,0.640449841908014,0.38426990514480835,-0.28080201416537415,0.09599402229509423,-0.28080201416537415
-0.767,0.6416470992687492,0.38498825956124944,-0.28508551973444235,0.09757141550495389,-0.28508551973444235
-0.7660000000000001,0.6428405712149785,0.385704342728987,-0.2893881133086851,0.09913723964612192,-0.2893881133086851
-0.7650000000000001,0.6440302787913001,0.38641816727478007,-0.29371042494342003,0.10069167660029467,-0.2937104249434203
-0.7640000000000001,0.6452162428209629,0.3871297456925777,-0.29805311113788757,0.10223490362324648,-0.29805311113788757
-0.7630000000000001,0.646398483909113,0.3878390903454678,-0.30241685649276356,0.10376709350497923,-0.30241685649276356
-0.762,0.6475770224459789,0.3885462134675873,-0.3068023755016973,0.1052884147228624,-0.3068023755016973
-0.7610000000000001,0.6487518786099967,0.38925112716599797,-0.3112104144904013,0.10679903158813397,-0.3112104144904013
-0.7600000000000001,0.6499230723708767,0.389953843422526,-0.31564175371845765,0.10829910438611441,-0.31564175371845793
-0.7590000000000001,0.6510906234926133,0.39065437409556797,-0.3200972096608569,0.10978878951044989,-0.3200972096608569
-0.7580000000000001,0.652254551536438,0.39135273092186273,-0.3245776374884689,0.11126823959170393,-0.3245776374884689
-0.757,0.6534148758637195,0.3920489255182317,-0.3290839337690747,0.11273760362057161,-0.32908393376907497
-0.7560000000000001,0.6545716156388084,0.392742969383285,-0.333617039413449,0.11419702706599835,-0.333617039413449
-0.7550000000000001,0.6557247898318317,0.393434873899099,-0.33817794289424985,0.11564665198845431,-0.3381779428942501
-0.7540000000000001,0.6568744172214349,0.3941246503328609,-0.3427676837692528,0.11708661714859768,-0.3427676837692528
-0.7530000000000001,0.6580205163974749,0.39481230983848503,-0.3473873565448923,0.1185170581115667,-0.3473873565448923
-0.752,0.6591631057636645,0.39549786345819865,-0.3520381149211738,0.11993810734709916,-0.3520381149211741
-0.7510000000000001,0.6603022035401668,0.3961813221241,-0.3567211764650215,0.1213498943256901,-0.3567211764650215
-0.7500000000000001,0.6614378277661475,0.39686269665968843,-0.3614378277661475,0.12275254561097453,-0.3614378277661475
-0.7490000000000002,0.6625699963022773,0.39754199778136634,-0.36618943013775934,0.12414618494850876,-0.36618943013775934
-0.7480000000000001,0.6636987268331919,0.39821923609991505,-0.37097742593419675,0.12553093335113108,-0.37097742593419647
-0.747,0.6648240368699074,0.3988944221219444,-0.37580334556909434,0.12690690918104858,-0.37580334556909434
-0.7460000000000001,0.6659459437521937,0.3995675662513161,-0.3806688153314243,0.1282742282288097,-0.38066881533142405
-0.7450000000000001,0.6670644646509061,0.40023867879054353,-0.3855755661131486,0.12963300378930515,-0.3855755661131486
-0.7440000000000002,0.6681796165702749,0.40090776994216487,-0.39052544318186694,0.13098334673492287,-0.39052544318186694
-0.7430000000000001,0.6692914163501574,0.40157484981009445,-0.39552041715557507,0.13232536558600355,-0.39552041715557507
-0.742,0.6703998806682472,0.40223992840094824,-0.4005625963652808,0.13365916657869403,-0.4005625963652808
-0.7410000000000001,0.6715050260422477,0.40290301562534864,-0.4056542408261792,0.13498485373033756,-0.4056542408261792
-0.7400000000000001,0.6726068688320094,0.4035641212992056,-0.4107977780807521,0.1363025289024898,-0.4107977780807521
-0.7390000000000002,0.6737054252416257,0.40422325514497537,-0.4159958212296681,0.13761229186167814,-0.4159958212296681
-0.7380000000000001,0.6748007113214982,0.4048804267928989,-0.4212511895313751,0.1389142403379951,-0.4212511895313751
-0.737,0.6758927429703623,0.40553564578221724,-0.42656693203214463,0.14020847008161852,-0.42656693203214463
-0.7360000000000001,0.6769815359372808,0.40618892156236847,-0.4319463547897564,0.14149507491735314,-0.4319463547897564
-0.7350000000000001,0.678067105823605,0.40684026349416297,-0.43739305238202586,0.1427741467972702,-0.43739305238202586
-0.7340000000000002,0.6791494680848978,0.4074896808509387,-0.4429109445541238,0.14404577585152908,-0.44291094455412405
-0.7330000000000001,0.6802286380328307,0.40813718281969835,-0.44850431906738436,0.14531005043745657,-0.44850431906738436
-0.7320000000000001,0.6813046308370432,0.4087827785022259,-0.4541778820820807,0.1465670571869546,-0.454177882082081
-0.7310000000000001,0.6823774615269762,0.4094264769161857,-0.45993681775880135,0.14781688105230523,-0.45993681775880135
-0.7300000000000001,0.6834471449936709,0.41006828699620246,-0.46578685922706603,0.14905960535044102,-0.46578685922706603
-0.7290000000000002,0.6845136959915409,0.41070821759492454,-0.4717343736878917,0.15029531180573755,-0.47173437368789195
-0.7280000000000001,0.6855771291401135,0.41134627748406805,-0.47778646524974533,0.15152408059139466,-0.47778646524974533
-0.7270000000000001,0.6866374589257419,0.41198247535544513,-0.4839511002333035,0.15274599036945502,-0.4839511002333038
-0.7260000000000001,0.6876946997032912,0.41261681982197473,-0.49023726125135547,0.1539611183295205,-0.49023726125135547
-0.7250000000000001,0.6887488656977955,0.4132493194186772,-0.4966551385748099,0.15516954022621504,-0.4966551385748099
-0.7240000000000002,0.6897999710060878,0.4138799826036527,-0.5032163704405497,0.1563713304154404,-0.5032163704405499
-0.7230000000000001,0.6908480295984059,0.41450881775904347,-0.5099343485237006,0.1575665618894777,-0.5099343485237006
-0.7220000000000001,0.6918930553199677,0.41513583319198055,-0.5168246115615339,0.15875530631097398,-0.5168246115615343
-0.7210000000000001,0.6929350618925267,0.41576103713551604,-0.5239053603605178,0.15993763404585787,-0.5239053603605178
-0.7200000000000001,0.6939740629158988,0.41638443774953926,-0.5311981433208923,0.16111361419522685,-0.5311981433208923
-0.7190000000000002,0.6950100718694656,0.4170060431216793,-0.5387287870014423,0.16228331462624224,-0.5387287870014427
-0.7180000000000001,0.6960431021136549,0.4176258612681929,-0.5465286880927984,0.16344680200207284,-0.5465286880927984
-0.7170000000000001,0.6970731668913959,0.4182439001348375,-0.5546366547184279,0.16460414181091684,-0.5546366547184283
-0.7160000000000001,0.698100279329553,0.41886016759773176,-0.5631016126694706,0.16575539839414266,-0.5631016126694706
-0.7150000000000001,0.6991244524403362,0.41947467146420164,-0.5719867318378337,0.16690063497357777,-0.5719867318378337
-0.714,0.7001456991226899,0.42008741947361383,-0.5813760060187675,0.1680399136779749,-0.5813760060187678
-0.7130000000000001,0.7011640321636585,0.42069841929819507,-0.5913853457076798,0.1691732955686898,-0.5913853457076798
-0.7120000000000001,0.7021794642397341,0.42130767854384044,-0.6021826642909361,0.17030084066459678,-0.6021826642909361
-0.7110000000000001,0.7031920079181787,0.4219152047509072,-0.6140278895745319,0.1714226079662663,-0.6140278895745319
-0.7100000000000001,0.7042016756583299,0.42252100539499793,-0.6273641848091367,0.17253865547943875,-0.6273641848091367
-0.709,0.7052084798128849,0.4231250878877309,-0.6430744311760888,0.17364904023781033,-0.643074431176089
-0.7080000000000001,0.7062124326291628,0.42372745957749763,-0.6635490994260472,0.17475381832516118,-0.6635490994260472
-0.7070000000000001,0.7072135462503528,0.4169552043137433,-0.7072135462503527,0.16848012146037988,-0.7072135462503529
-0.7060000000000001,0.7082118327167373,0.4011986357101,-0.7082118327167372,0.153218310280737,-0.7082118327167372
-0.7050000000000001,0.7092073039669008,0.392798246036233,-0.7092073039669008,0.14530892325329337,-0.7092073039669006
-0.704,0.7101999718389183,0.3863929142459579,-0.7101999718389184,0.13939088472201222,-0.7101999718389184
-0.7030000000000001,0.7111898480715257,0.38105473670850176,-0.7111898480715257,0.1345363356574762,-0.7111898480715254
-0.7020000000000001,0.7121769443052759,0.37640862243808876,-0.7121769443052759,0.13037022890440417,-0.7121769443052759
-0.7010000000000001,0.7131612720836711,0.3722582873544701,-0.7131612720836711,0.12669632345960533,-0.7131612720836707
-0.7000000000000001,0.714142842854285,0.36848570571257083,-0.714142842854285,0.12339663591856284,-0.714142842854285
-0.699,0.7151216679698638,0.36501334108878497,-0.7151216679698638,0.12039367147819058,-0.7151216679698638
-0.6980000000000001,0.7160977586894124,0.3617870116502268,-0.7160977586894124,0.11763328922209142,-0.7160977586894122
-0.6970000000000001,0.7170711261792653,0.3587670854686527,-0.717071126179265,0.11507589745004385,-0.717071126179265
-0.6960000000000002,0.7180417815141399,0.3559235335437133,-0.7180417815141397,0.11269150671638938,-0.7180417815141397
-0.6950000000000001,0.7190097356781756,0.3532329560821329,-0.7190097356781755,0.1104567561239405,-0.7190097356781755
-0.694,0.7199749995659572,0.3506766975804463,-0.7199749995659572,0.10835302842103818,-0.7199749995659572
-0.6930000000000001,0.7209375839835234,0.34823959977760294,-0.7209375839835234,0.10636520296809622,-0.7209375839835234
-0.6920000000000001,0.7218974996493616,0.3459091469317626,-0.7218974996493615,0.10448080102796078,-0.7218974996493615
-0.6910000000000002,0.7228547571953855,0.34367486233606825,-0.7228547571953854,0.10268938229488465,-0.7228547571953857
-0.6900000000000001,0.7238093671679029,0.3415278712982997,-0.7238093671679029,0.10098210788703346,-0.7238093671679029
-0.689,0.7247613400285642,0.33946057767667964,-0.7247613400285642,0.09935141689480256,-0.7247613400285642
-0.6880000000000001,0.7257106861553024,0.3374664198597804,-0.7257106861553024,0.09779078237290778,-0.7257106861553024
-0.687,0.7266574158432569,0.3355396835662536,-0.7266574158432569,0.0962945241519804,-0.7266574158432569
-0.6860000000000002,0.7276015393056833,0.3336753560824237,-0.7276015393056832,0.09485766308771675,-0.7276015393056835
-0.685,0.7285430666748535,0.3318690112478189,-0.7285430666748535,0.09347580605766707,-0.7285430666748535
-0.684,0.7294820080029389,0.3301167176128914,-0.7294820080029389,0.09214505412992452,-0.7294820080029389
-0.683,0.7304183732628854,0.3284149643051744,-0.7304183732628854,0.09086192843996918,-0.7304183732628854
-0.682,0.7313521723492724,0.3267606006005224,-0.7313521723492723,0.0896233097723244,-0.7313521723492723
-0.681,0.7322834150791617,0.3251507862237509,-0.7322834150791617,0.08842638887134768,-0.7322834150791621
-0.68,0.7332121111929343,0.3235829501377685,-0.7332121111929342,0.08726862524025944,-0.7332121111929342
-0.679,0.734138270355115,0.32205475611333945,-0.734138270355115,0.08614771272055319,-0.734138270355115
-0.678,0.7350619021551859,0.32056407376347656,-0.7350619021551859,0.08506155053579507,-0.7350619021551859
-0.677,0.7359830161083881,0.3191089540181195,-0.735983016108388,0.08400821877547697,-0.735983016108388
-0.676,0.7369016216565138,0.31768760823425213,-0.7369016216565136,0.08298595751407982,-0.736901621656514
-0.675,0.7378177281686853,0.3162983903035656,-0.7378177281686852,0.08199314892746429,-0.7378177281686852
-0.674,0.7387313449421243,0.31493978124800726,-0.7387313449421241,0.08102830189693501,-0.7387313449421241
-0.673,0.7396424812029119,0.3136103758929117,-0.7396424812029117,0.08009003869067588,-0.739642481202912
-0.672,0.7405511461067359,0.31230887128508067,-0.7405511461067358,0.0791770833899372,-0.7405511461067358
-0.671,0.741457348739629,0.3110340565843494,-0.7414573487396289,0.07828825178851262,-0.7414573487396292
-0.67,0.7423610981186985,0.3097848042057313,-0.7423610981186984,0.07742244254260248,-0.7423610981186984
-0.669,0.7432624031928426,0.30856006202802355,-0.7432624031928425,0.0765786293869576,-0.7432624031928425
-0.668,0.7441612728434609,0.3073588465159732,-0.7441612728434608,0.07575585426440135,-0.7441612728434611
-0.667,0.745057715885152,0.30618023662834915,-0.7450577158851519,0.07495322124108508,-0.7450577158851519
-0.666,0.7459517410664044,0.30502336840483685,-0.7459517410664042,0.07416989110039833,-0.7459517410664045
-0.665,0.746843357070276,0.3038874301415025,-0.7468433570702759,0.07340507652528162,-0.7468433570702759
-0.664,0.747732572515067,0.3027716580784218,-0.747732572515067,0.07265803779254558,-0.747732572515067
-0.663,0.7486193959549805,0.30167533253452283,-0.7486193959549804,0.0719280789142504,-0.7486193959549806
-0.662,0.7495038358807778,0.3005977744342163,-0.7495038358807777,0.07121454417071842,-0.7495038358807777
-0.661,0.7503859007204224,0.29953834217831765,-0.7503859007204223,0.07051681498769512,-0.7503859007204227
-0.66,0.7512655988397179,0.29849642881843647,-0.7512655988397178,0.0698343071168316,-0.7512655988397178
-0.659,0.7521429385429341,0.29747145949960213,-0.7521429385429341,0.069166468084269,-0.7521429385429339
-0.658,0.7530179280734292,0.296462889140635,-0.7530179280734292,0.06851277487682608,-0.7530179280734292
-0.657,0.7538905756142597,0.2954702003257831,-0.7538905756142597,0.06787273183932958,-0.7538905756142597
-0.656,0.7547608892887866,0.2944929013845651,-0.7547608892887866,0.06724586876001552,-0.7547608892887866
-0.655,0.7556288771612689,0.29353052463967466,-0.7556288771612689,0.06663173912387302,-0.7556288771612687
-0.654,0.7564945472374537,0.29258262480530456,-0.7564945472374537,0.06602991851628288,-0.7564945472374535
-0.653,0.7573579074651561,0.2916487775203954,-0.7573579074651561,0.06544000316146488,-0.7573579074651561
-0.652,0.7582189657348329,0.2907285780031655,-0.7582189657348329,0.06486160858209035,-0.7582189657348329
-0.651,0.7590777298801487,0.28982163981488157,-0.7590777298801487,0.06429436836802599,-0.7590777298801487
-0.65,0.7599342076785333,0.2889275937222192,-0.7599342076785333,0.06373793304355524,-0.7599342076785333
-0.649,0.7607884068517342,0.2880460866487624,-0.7607884068517341,0.06319196902363561,-0.7607884068517341
-0.648,0.7616403350663619,0.28717678070725317,-0.7616403350663618,0.06265615765080212,-0.7616403350663618
-0.647,0.7624899999344253,0.2863193523051101,-0.7624899999344253,0.0621301943052376,-0.7624899999344253
-0.646,0.7633374090138646,0.2854734913165489,-0.7633374090138646,0.06161378758135019,-0.7633374090138646
-0.645,0.7641825698090737,0.2846389003153389,-0.7641825698090737,0.061106658524887676,-0.7641825698090737
-0.644,0.7650254897714193,0.2838152938628514,-0.7650254897714193,0.06060853992525303,-0.7650254897714193
-0.643,0.7658661762997502,0.2830023978466051,-0.7658661762997501,0.06011917565822685,-0.7658661762997501
-0.642,0.766704636740903,0.2821999488649975,-0.766704636740903,0.059638320074785124,-0.766704636740903
-0.641,0.7675408783902001,0.2814076936543396,-0.7675408783902001,0.05916573743213576,-0.7675408783902001
-0.6400000000000001,0.7683749084919417,0.2806253885546901,-0.7683749084919416,0.05870120136347124,-0.7683749084919416
-0.6390000000000001,0.7692067342398922,0.27985279901132504,-0.7692067342398922,0.05824449438327262,-0.7692067342398922
-0.6380000000000001,0.7700363627777586,0.27908969910897824,-0.7700363627777586,0.0577954074253078,-0.7700363627777586
-0.6370000000000001,0.770863801199667,0.2783358711362572,-0.7708638011996669,0.05735373941072337,-0.7708638011996669
-0.6360000000000001,0.7716890565506289,0.2775911051778779,-0.7716890565506288,0.05691929684388364,-0.771689056550629
-0.6350000000000001,0.7725121358270043,0.27685519873257525,-0.7725121358270043,0.05649189343380783,-0.7725121358270043
-0.6340000000000001,0.773333045976958,0.27612795635474213,-0.7733330459769577,0.05607134973926614,-0.7733330459769577
-0.6330000000000001,0.7741517939009118,0.2754091893180193,-0.7741517939009118,0.055657492835754434,-0.7741517939009118
-0.6320000000000001,0.7749683864519893,0.2746987152992116,-0.7749683864519891,0.05525015600272843,-0.7749683864519891
-0.6310000000000001,0.7757828304364565,0.2739963580810539,-0.7757828304364563,0.05484917842961764,-0.7757828304364566
-0.6300000000000001,0.7765951326141568,0.2733019472724662,-0.7765951326141567,0.054454404939265656,-0.7765951326141567
-0.6290000000000001,0.7774052996989408,0.27261531804505706,-0.7774052996989407,0.05406568572755428,-0.7774052996989407
-0.6280000000000001,0.7782133383590902,0.27193631088473796,-0.7782133383590902,0.053682876118075325,-0.7782133383590902
-0.6270000000000001,0.7790192552177385,0.2712647713574006,-0.7790192552177384,0.0533058363308049,-0.7790192552177384
-0.6260000000000001,0.7798230568532838,0.2706005498876966,-0.7798230568532837,0.05293443126382191,-0.779823056853284
-0.6250000000000001,0.7806247497997997,0.26994350155003555,-0.7806247497997996,0.052568530287183654,-0.7806247497997996
-0.6240000000000001,0.7814243405474389,0.2692934858709843,-0.7814243405474389,0.05220800704815048,-0.7814243405474389
-0.6230000000000001,0.7822218355428336,0.2686503666423199,-0.7822218355428335,0.05185273928700468,-0.7822218355428335
-0.6220000000000001,0.7830172411894898,0.2680140117440386,-0.7830172411894897,0.051502608662773994,-0.7830172411894897
-0.6210000000000001,0.7838105638481787,0.26738429297668304,-0.7838105638481786,0.051157500588219114,-0.7838105638481788
-0.6200000000000001,0.7846018098373212,0.2667610859023927,-0.7846018098373211,0.050817304073493844,-0.7846018098373211
-0.6190000000000001,0.7853909854333699,0.26614426969413235,-0.7853909854333698,0.05048191157793222,-0.7853909854333698
-0.6180000000000001,0.786178096871186,0.265533726992586,-0.786178096871186,0.05015121886945176,-0.786178096871186
-0.6170000000000001,0.786963150344411,0.26492934377024807,-0.7869631503444109,0.04982512489110747,-0.7869631503444111
-0.6160000000000001,0.7877461520058349,0.2643310092022747,-0.7877461520058348,0.04950353163435599,-0.787746152005835
-0.6150000000000001,0.7885271079677604,0.26373861554368533,-0.7885271079677602,0.04918634401862729,-0.7885271079677602
-0.6140000000000001,0.7893060243023614,0.26315205801254105,-0.7893060243023614,0.04887346977682638,-0.7893060243023612
-0.6130000000000001,0.7900829070420394,0.2625712346787451,-0.7900829070420394,0.04856481934641387,-0.7900829070420394
-0.6120000000000001,0.790857762179774,0.2619960463581407,-0.790857762179774,0.0482603057657404,-0.790857762179774
-0.6110000000000001,0.7916305956694701,0.26142639651159794,-0.7916305956694701,0.047959844575328585,-0.7916305956694701
-0.6100000000000001,0.7924014134263011,0.2608621911488087,-0.7924014134263011,0.04766335372382387,-0.7924014134263011
-0.6090000000000001,0.793170221327049,0.2603033387365223,-0.793170221327049,0.04737075347834178,-0.7931702213270487
-0.6080000000000001,0.7939370252104382,0.2597497501109734,-0.7939370252104381,0.04708196633897186,-0.7939370252104381
-0.6070000000000001,0.7947018308774679,0.25920133839427223,-0.7947018308774679,0.04679691695720551,-0.7947018308774679
-0.6060000000000001,0.7954646440917408,0.25865801891453827,-0.7954646440917406,0.04651553205806647,-0.7954646440917406
-0.6050000000000001,0.7962254705797849,0.2581197091295766,-0.7962254705797849,0.046237740365751734,-0.7962254705797849
-0.6040000000000001,0.7969843160313759,0.2575863285539042,-0.7969843160313759,0.04596347253258333,-0.7969843160313755
-0.6030000000000001,0.7977411860998528,0.2570577986889512,-0.7977411860998526,0.04569266107110155,-0.7977411860998526
-0.6020000000000001,0.7984960864024317,0.2565340429562686,-0.7984960864024317,0.045425240289129705,-0.7984960864024317
-0.6010000000000001,0.7992490225205158,0.25601498663358463,-0.7992490225205158,0.04516114622765307,-0.7992490225205158
-0.6000000000000001,0.7999999999999999,0.2555005567935634,-0.7999999999999999,0.044900316601371115,-0.7999999999999999
-0.599,0.8007490243515755,0.2549906822451306,-0.8007490243515755,0.04464269074177867,-0.8007490243515755
-0.5980000000000001,0.8014961010510282,0.2544852934772301,-0.8014961010510282,0.04438820954265103,-0.8014961010510282
-0.597,0.8022412355395352,0.25398432260489473,-0.8022412355395352,0.04413681540781216,-0.8022412355395352
-0.5960000000000001,0.8029844332239573,0.253487703317514,-0.8029844332239573,0.043888452201066463,-0.8029844332239573
-0.595,0.8037256994771289,0.2529953708291893,-0.8037256994771289,0.043643065198192436,-0.8037256994771289
-0.5940000000000001,0.8044650396381435,0.25250726183107763,-0.8044650396381435,0.0434006010408933,-0.8044650396381433
-0.593,0.8052024590126386,0.25202331444562304,-0.8052024590126386,0.043161007692608416,-0.8052024590126386
-0.5920000000000001,0.8059379628730736,0.2515434681825908,-0.8059379628730736,0.042924234396099555,-0.8059379628730736
-0.591,0.8066715564590089,0.2510676638968122,-0.8066715564590088,0.042690231632720094,-0.8066715564590088
-0.5900000000000001,0.8074032449773779,0.2505958437475658,-0.8074032449773779,0.04245895108329424,-0.8074032449773779
-0.589,0.8081330336027601,0.25012795115951153,-0.8081330336027601,0.04223034559052406,-0.8081330336027601
-0.5880000000000001,0.8088609274776473,0.24966393078511223,-0.8088609274776472,0.0420043691228572,-0.8088609274776475
-0.587,0.80958693171271,0.24920372846846958,-0.80958693171271,0.04178097673974525,-0.80958693171271
-0.5860000000000001,0.8103110513870584,0.24874729121051184,-0.8103110513870584,0.0415601245582289,-0.8103110513870584
-0.585,0.8110332915485036,0.24829456713547204,-0.8110332915485033,0.04134176972078874,-0.8110332915485037
-0.5840000000000001,0.8117536572138127,0.24784550545859893,-0.8117536572138125,0.041125870364407235,-0.8117536572138125
-0.583,0.8124721533689633,0.24740005645504357,-0.8124721533689633,0.040912385590781926,-0.8124721533689633
-0.5820000000000001,0.8131887849693944,0.2469581714298736,-0.8131887849693942,0.04070127543764556,-0.8131887849693942
-0.581,0.8139035569402557,0.24651980268916307,-0.8139035569402555,0.04049250085113608,-0.8139035569402555
-0.5800000000000001,0.8146164741766521,0.246084903512111,-0.814616474176652,0.04028602365917768,-0.814616474176652
-0.579,0.8153275415438878,0.24565342812414434,-0.8153275415438875,0.040081806545824945,-0.8153275415438875
-0.5780000000000001,0.8160367638777066,0.2452253316709668,-0.8160367638777065,0.039879813026527704,-0.8160367638777067
-0.577,0.8167441459845305,0.24480057019350643,-0.8167441459845303,0.0396800074242795,-0.8167441459845303
-0.5760000000000001,0.817449692641694,0.24437910060373147,-0.8174496926416939,0.03948235484661186,-0.8174496926416939
-0.5750000000000002,0.8181534085976786,0.24396088066129223,-0.8181534085976784,0.03928682116339505,-0.8181534085976784
-0.5740000000000001,0.8188552985723422,0.2435458689509588,-0.8188552985723421,0.039093372985416215,-0.8188552985723424
-0.5730000000000002,0.8195553672571486,0.24313402486082028,-0.8195553672571485,0.038901977643699334,-0.8195553672571485
-0.5720000000000001,0.8202536193153919,0.24272530856121236,-0.8202536193153918,0.038712603169537695,-0.8202536193153918
-0.5710000000000002,0.8209500593824205,0.24231968098434895,-0.8209500593824204,0.03852521827520737,-0.8209500593824206
-0.5700000000000001,0.8216446920658588,0.2419171038046231,-0.8216446920658587,0.0383397923353382,-0.8216446920658587
-0.5690000000000002,0.8223375219458249,0.2415175394195558,-0.8223375219458249,0.0381562953689108,-0.8223375219458245
-0.5680000000000001,0.8230285535751478,0.24112095093136315,-0.8230285535751478,0.03797469802185672,-0.8230285535751478
-0.5670000000000002,0.8237177914795818,0.24072730212912088,-0.8237177914795818,0.037794971550240114,-0.8237177914795818
-0.5660000000000001,0.8244052401580183,0.24033655747149912,-0.8244052401580183,0.0376170878039909,-0.8244052401580181
-0.5650000000000002,0.8250909040826955,0.2399486820700486,-0.8250909040826955,0.03744101921117564,-0.8250909040826955
-0.5640000000000001,0.8257747876994066,0.23956364167301478,-0.8257747876994066,0.03726673876277916,-0.8257747876994066
-0.5630000000000002,0.8264568954277045,0.23918140264966128,-0.8264568954277047,0.03709421999798111,-0.8264568954277047
-0.562,0.8271372316611071,0.2388019319750813,-0.8271372316611071,0.03692343698990418,-0.8271372316611071
-0.5610000000000002,0.8278158007672961,0.23842519721548144,-0.8278158007672961,0.03675436433182,-0.8278158007672961
-0.56,0.8284926070883191,0.23805116651391653,-0.8284926070883191,0.036586977123793246,-0.8284926070883191
-0.5590000000000002,0.8291676549407845,0.23767980857646226,-0.8291676549407845,0.03642125095974616,-0.8291676549407841
-0.558,0.8298409486160586,0.23731109265880598,-0.8298409486160586,0.036257161914930974,-0.8298409486160586
-0.5570000000000002,0.8305124923804577,0.23694498855324472,-0.8305124923804575,0.03609468653379122,-0.8305124923804575
-0.556,0.8311822904754407,0.2365814665760698,-0.8311822904754407,0.03593380181820024,-0.8311822904754403
-0.5550000000000002,0.8318503471177973,0.23622049755532917,-0.8318503471177973,0.03577448521606236,-0.8318503471177973
-0.554,0.8325166664998365,0.23586205281895065,-0.8325166664998362,0.035616714610261745,-0.8325166664998362
-0.5530000000000002,0.8331812527895714,0.23550610418321566,-0.8331812527895713,0.03546046830794852,-0.8331812527895716
-0.552,0.8338441101309044,0.2351526239415674,-0.8338441101309044,0.03530572503014854,-0.8338441101309044
-0.5510000000000002,0.8345052426438073,0.23480158485374567,-0.8345052426438071,0.035152463901686776,-0.8345052426438071
-0.55,0.8351646544245033,0.23445296013523428,-0.835164654424503,0.03500066444140941,-0.8351646544245034
-0.5490000000000002,0.8358223495456434,0.23410672344701053,-0.8358223495456434,0.0348503065526987,-0.8358223495456432
-0.548,0.8364783320564854,0.233762848885587,-0.8364783320564851,0.03470137051426725,-0.8364783320564851
-0.5470000000000002,0.8371326059830664,0.2334213109733356,-0.8371326059830663,0.0345538369712223,-0.8371326059830663
-0.546,0.8377851753283774,0.233082084649082,-0.8377851753283774,0.034407686926391234,-0.8377851753283772
-0.5450000000000002,0.8384360440725338,0.23274514525896506,-0.8384360440725337,0.034262901731899685,-0.8384360440725337
-0.544,0.8390852161729464,0.23241046854754932,-0.8390852161729462,0.034119463080991216,-0.8390852161729462
-0.5430000000000001,0.8397326955644873,0.23207803064918248,-0.8397326955644873,0.033977353000082616,-0.8397326955644875
-0.542,0.8403784861596589,0.23174780807959083,-0.8403784861596588,0.03383655384104619,-0.8403784861596588
-0.5410000000000001,0.8410225918487564,0.23141977772770367,-0.8410225918487564,0.033697048273711463,-0.8410225918487564
-0.54,0.8416650165000324,0.23109391684769953,-0.8416650165000324,0.033558819278576936,-0.8416650165000327
-0.5390000000000001,0.8423057639598579,0.23077020305126733,-0.8423057639598579,0.03342185013972773,-0.8423057639598579
-0.538,0.8429448380528823,0.23044861430007368,-0.8429448380528823,0.03328612443795115,-0.8429448380528823
-0.5370000000000001,0.8435822425821917,0.23012912889843282,-0.8435822425821917,0.033151626044042724,-0.8435822425821917
-0.536,0.8442179813294668,0.22981172548616902,-0.8442179813294666,0.033018339112296916,-0.8442179813294666
-0.5350000000000001,0.8448520580551364,0.22949638303166892,-0.8448520580551364,0.03288624807417764,-0.8448520580551364
-0.534,0.845484476498534,0.22918308082511304,-0.845484476498534,0.03275533763216048,-0.845484476498534
-0.5330000000000001,0.8461152403780468,0.22887179847188724,-0.8461152403780466,0.03262559275374368,-0.8461152403780469
-0.532,0.84674435339127,0.22856251588616175,-0.84674435339127,0.0324969986656197,-0.84674435339127
-0.5310000000000001,0.8473718192151541,0.22825521328463702,-0.847371819215154,0.032369540848004245,-0.847371819215154
-0.53,0.8479976415061542,0.2279498711804496,-0.8479976415061541,0.03224320502911725,-0.8479976415061543
-0.5290000000000001,0.8486218239003753,0.22764647037723307,-0.8486218239003752,0.032117977179809916,-0.8486218239003755
-0.528,0.8492443700137199,0.22734499196332938,-0.8492443700137198,0.03199384350833432,-0.8492443700137198
-0.5270000000000001,0.8498652834420287,0.2270454173061463,-0.8498652834420286,0.03187079045525199,-0.8498652834420288
-0.526,0.8504845677612263,0.22674772804665563,-0.850484567761226,0.03174880468847432,-0.8504845677612264
-0.5250000000000001,0.85110222652746,0.22645190609402976,-0.8511022265274599,0.031627873098432145,-0.8511022265274599
-0.524,0.8517182632772412,0.22615793362040906,-0.8517182632772411,0.03150798279337354,-0.8517182632772414
-0.5230000000000001,0.8523326815275828,0.2258657930558009,-0.8523326815275828,0.031389121094778955,-0.8523326815275828
-0.522,0.8529454847761374,0.2255754670831012,-0.8529454847761374,0.03127127553289691,-0.8529454847761371
-0.5210000000000001,0.8535566765013322,0.22528693863323948,-0.8535566765013322,0.03115443384239374,-0.8535566765013319
-0.52,0.854166260162505,0.22500019088044035,-0.854166260162505,0.03103858395811206,-0.854166260162505
-0.5190000000000001,0.8547742392000357,0.2247152072375999,-0.8547742392000357,0.030923714010939254,-0.8547742392000357
-0.518,0.8553806170354809,0.22443197135177345,-0.8553806170354809,0.030809812323777105,-0.8553806170354806
-0.5170000000000001,0.8559853970717023,0.2241504670997701,-0.8559853970717023,0.03069686740761631,-0.8559853970717023
-0.516,0.8565885826929986,0.22387067858385262,-0.8565885826929986,0.030584867957704258,-0.8565885826929986
-0.5150000000000001,0.857190177265232,0.22359259012753996,-0.857190177265232,0.03047380284981276,-0.857190177265232
-0.514,0.8577901841359575,0.22331618627150604,-0.8577901841359575,0.030363661136593587,-0.8577901841359575
-0.5130000000000001,0.8583886066345474,0.22304145176957685,-0.8583886066345474,0.0302544320440273,-0.8583886066345474
-0.512,0.8589854480723175,0.22276837158481974,-0.8589854480723175,0.030146104967957704,-0.8589854480723175
-0.5110000000000001,0.8595807117426495,0.2224969308857235,-0.8595807117426495,0.030038669470709253,-0.8595807117426492
-0.51,0.8601744009211155,0.22222711504246628,-0.8601744009211154,0.029932115277789256,-0.8601744009211153
-0.5090000000000001,0.860766518865598,0.22195890962326947,-0.860766518865598,0.029826432274667188,-0.860766518865598
-0.508,0.8613570688164113,0.2216923003908346,-0.8613570688164113,0.02972161050363435,-0.8613570688164112
-0.5070000000000001,0.8619460539964203,0.22142727329886136,-0.8619460539964203,0.029617640160734354,-0.8619460539964203
-0.506,0.8625334776111592,0.22116381448864406,-0.8625334776111592,0.029514511592772234,-0.8625334776111592
-0.5050000000000001,0.8631193428489481,0.22090191028574485,-0.863119342848948,0.029412215294389185,-0.8631193428489481
-0.504,0.8637036528810099,0.22064154719674126,-0.8637036528810099,0.029310741905209894,-0.8637036528810099
-0.5030000000000001,0.8642864108615848,0.22038271190604644,-0.8642864108615848,0.029210082207055798,-0.8642864108615849
-0.502,0.8648676199280443,0.22012539127280006,-0.8648676199280442,0.029110227121222892,-0.8648676199280443
-0.5010000000000001,0.8654472832010046,0.21986957232782686,-0.8654472832010046,0.02901116770582442,-0.8654472832010047
-0.5,0.8660254037844386,0.21961524227066312,-0.8660254037844386,0.028912895153193733,-0.8660254037844387
-0.4990000000000001,0.8666019847657862,0.2193623884666478,-0.866601984765786,0.028815400787347983,-0.866601984765786
-0.49800000000000005,0.8671770292160649,0.2191109984440764,-0.8671770292160648,0.028718676061509917,-0.8671770292160648
-0.4970000000000001,0.8677505401899787,0.21886105989141752,-0.8677505401899787,0.02862271255568666,-0.8677505401899787
-0.496,0.868322520726026,0.21861256065458823,-0.8683225207260259,0.028527501974302996,-0.8683225207260259
-0.49500000000000005,0.8688929738466067,0.218365488734289,-0.8688929738466067,0.028433036143889645,-0.8688929738466067
-0.494,0.869461902558128,0.21811983228339463,-0.869461902558128,0.02833930701082147,-0.869461902558128
-0.4930000000000001,0.8700293098511106,0.2178755796044016,-0.8700293098511106,0.028246306639110104,-0.8700293098511108
-0.492,0.8705951987002915,0.21763271914692825,-0.8705951987002915,0.028154027208242585,-0.8705951987002916
-0.49100000000000016,0.8711595720647279,0.2173912395052692,-0.8711595720647278,0.028062461011070274,-0.871159572064728
-0.49,0.8717224328879004,0.21715112941599893,-0.8717224328879004,0.027971600451744117,-0.8717224328879006
-0.4890000000000001,0.8722837840978129,0.21691237775562816,-0.8722837840978129,0.027881438043695445,-0.8722837840978127
-0.48800000000000004,0.8728436286070947,0.2166749735383061,-0.8728436286070947,0.027791966407661933,-0.8728436286070949
-0.4870000000000001,0.8734019693130992,0.21643890591357268,-0.8734019693130992,0.027703178269755713,-0.8734019693130991
-0.486,0.8739588090980034,0.21620416416415494,-0.8739588090980034,0.027615066459574997,-0.8739588090980032
-0.4850000000000001,0.8745141508289045,0.21597073770381076,-0.8745141508289043,0.027527623908356856,-0.8745141508289043
-0.484,0.8750679973579196,0.21573861607521505,-0.8750679973579196,0.027440843647167677,-0.8750679973579195
-0.4830000000000001,0.8756203515222792,0.21550778894788922,-0.8756203515222792,0.02735471880513656,-0.8756203515222792
-0.482,0.8761712161444246,0.21527824611617336,-0.8761712161444245,0.027269242607723294,-0.8761712161444245
-0.48100000000000015,0.8767205940321009,0.21504997749723864,-0.8767205940321009,0.027184408375025424,-0.876720594032101
-0.48,0.8772684879784524,0.2148229731291393,-0.8772684879784524,0.027100209520121224,-0.8772684879784524
-0.4790000000000001,0.8778149007621139,0.21459722316890448,-0.8778149007621139,0.027016639547446642,-0.877814900762114
-0.4779999999999999,0.8783598351473045,0.21437271789066753,-0.8783598351473045,0.02693369205120822,-0.8783598351473045
-0.4770000000000001,0.8789032938839176,0.21414944768383254,-0.8789032938839176,0.026851360713828546,-0.8789032938839177
-0.476,0.8794452797076121,0.21392740305127614,-0.8794452797076121,0.02676963930442458,-0.8794452797076122
-0.4750000000000001,0.8799857953399021,0.2137065746075867,-0.879985795339902,0.02668852167731839,-0.879985795339902
-0.47400000000000003,0.8805248434882459,0.21348695307733612,-0.8805248434882458,0.026608001770577996,-0.880524843488246
-0.4730000000000001,0.8810624268461344,0.21326852929338588,-0.8810624268461344,0.02652807360458843,-0.8810624268461344
-0.472,0.8815985480931783,0.21305129419522606,-0.8815985480931781,0.026448731280653788,-0.8815985480931781
-0.47100000000000003,0.8821332098951948,0.21283523882734723,-0.8821332098951948,0.026369968979627165,-0.8821332098951948
-0.47,0.8826664149042944,0.21262035433764154,-0.8826664149042943,0.026291780960568122,-0.8826664149042943
-0.4690000000000001,0.8831981657589648,0.2124066319758372,-0.8831981657589648,0.026214161559428902,-0.8831981657589649
-0.46799999999999997,0.8837284650841569,0.2121940630919605,-0.8837284650841569,0.026137105187766244,-0.883728465084157
-0.46700000000000014,0.8842573154913675,0.2119826391348291,-0.8842573154913674,0.026060606331480073,-0.8842573154913675
-0.46599999999999997,0.8847847195787233,0.21177235165057157,-0.8847847195787231,0.025984659549578182,-0.8847847195787233
-0.4650000000000001,0.8853106799310623,0.2115631922811776,-0.8853106799310623,0.025909259472963877,-0.8853106799310622
-0.464,0.8858351991200168,0.2113551527630727,-0.8858351991200168,0.025834400803250928,-0.885835199120017
-0.4630000000000001,0.8863582797040934,0.21114822492572222,-0.8863582797040934,0.02576007831159858,-0.8863582797040933
-0.46199999999999997,0.8868799242287538,0.21094240069025863,-0.8868799242287538,0.025686286837573274,-0.8868799242287536
-0.4610000000000001,0.8874001352264941,0.21073767206813698,-0.8874001352264941,0.025613021288031165,-0.8874001352264941
-0.45999999999999996,0.8879189152169247,0.21053403115981342,-0.8879189152169247,0.025540276636022645,-0.8879189152169245
-0.4590000000000001,0.888436266706847,0.21033147015344852,-0.888436266706847,0.02546804791971953,-0.888436266706847
-0.45799999999999996,0.8889521921903337,0.2101299813236351,-0.8889521921903336,0.025396330241361426,-0.8889521921903336
-0.45700000000000013,0.8894666941488029,0.20992955703014834,-0.8894666941488029,0.025325118766226076,-0.8894666941488031
-0.45599999999999996,0.8899797750510964,0.20973018971671853,-0.8899797750510963,0.025254408721615367,-0.8899797750510963
-0.45500000000000007,0.8904914373535547,0.2095318719098281,-0.8904914373535547,0.02518419539586535,-0.8904914373535548
-0.4539999999999999,0.8910016835000931,0.20933459621752773,-0.8910016835000931,0.02511447413737186,-0.8910016835000931
-0.45300000000000007,0.8915105159222744,0.20913835532827504,-0.8915105159222741,0.02504524035363841,-0.8915105159222744
-0.45199999999999996,0.8920179370393849,0.20894314200979472,-0.8920179370393849,0.024976489510338158,-0.892017937039385
-0.45100000000000007,0.892523949258506,0.20874894910795763,-0.8925239492585058,0.024908217130398907,-0.8925239492585058
-0.45,0.8930285549745876,0.20855576954568097,-0.8930285549745874,0.024840418793100356,-0.8930285549745877
-0.44900000000000007,0.8935317565705205,0.208363596321848,-0.8935317565705205,0.024773090133193544,-0.8935317565705205
-0.44799999999999995,0.8940335564172074,0.20817242251024506,-0.8940335564172074,0.02470622684003276,-0.8940335564172074
-0.447,0.8945339568736338,0.20798224125852063,-0.8945339568736336,0.02463982465672592,-0.8945339568736336
-0.4460000000000002,0.8950329602869382,0.20779304578715913,-0.8950329602869381,0.024573879379302367,-0.8950329602869381
-0.44500000000000006,0.8955305689924827,0.2076048293884747,-0.8955305689924826,0.02450838685589216,-0.8955305689924827
-0.4440000000000002,0.8960267853139212,0.20741758542562244,-0.8960267853139212,0.024443342985924973,-0.8960267853139213
-0.4430000000000001,0.8965216115632685,0.207231307331626,-0.8965216115632683,0.024378743719341667,-0.8965216115632685
-0.44200000000000017,0.8970150500409679,0.20704598860842263,-0.8970150500409677,0.024314585055820744,-0.8970150500409676
-0.44100000000000006,0.8975071030359593,0.20686162282592405,-0.8975071030359593,0.024250863044020465,-0.8975071030359594
-0.4400000000000001,0.8979977728257458,0.20667820362109443,-0.8979977728257458,0.024187573780831945,-0.8979977728257457
-0.43900000000000006,0.8984870616764606,0.20649572469704286,-0.8984870616764606,0.024124713410649992,-0.8984870616764605
-0.43800000000000017,0.8989749718429317,0.20631417982213293,-0.8989749718429316,0.024062278124654498,-0.8989749718429316
-0.437,0.8994615055687486,0.20613356282910514,-0.8994615055687486,0.024000264160105065,-0.8994615055687485
-0.4360000000000002,0.899946665086326,0.20595386761421716,-0.8999466650863258,0.023938667799650728,-0.8999466650863258
-0.43500000000000005,0.9004304526169692,0.20577508813639508,-0.9004304526169692,0.023877485370649303,-0.9004304526169692
-0.43400000000000016,0.9009128703709365,0.20559721841640247,-0.9009128703709364,0.023816713244501134,-0.9009128703709365
-0.4330000000000001,0.901393920547504,0.20542025253602073,-0.9013939205475039,0.02375634783599411,-0.901393920547504
-0.43200000000000016,0.9018736053350269,0.2052441846372441,-0.9018736053350269,0.02369638560266017,-0.9018736053350269
-0.43100000000000005,0.9023519269110029,0.20506900892148802,-0.9023519269110029,0.023636823044144613,-0.9023519269110029
-0.4300000000000001,0.9028288874421332,0.20489471964881142,-0.9028288874421332,0.02357765670158418,-0.9028288874421332
-0.42900000000000005,0.903304489084384,0.20472131113714934,-0.903304489084384,0.023518883156999695,-0.903304489084384
-0.42800000000000016,0.9037787339830473,0.20454877776156163,-0.9037787339830473,0.023460499032696504,-0.9037787339830475
-0.42700000000000005,0.9042516242728016,0.2043771139534912,-0.9042516242728014,0.02340250099067642,-0.9042516242728016
-0.4260000000000002,0.9047231620777705,0.20420631420003568,-0.9047231620777705,0.023344885732061116,-0.9047231620777705
-0.42500000000000004,0.9051933495115836,0.20403637304323072,-0.9051933495115836,0.023287649996524537,-0.9051933495115837
-0.42400000000000015,0.9056621886774339,0.20386728507934457,-0.9056621886774338,0.02323079056173486,-0.9056621886774339
-0.423,0.9061296816681373,0.20369904495818505,-0.9061296816681373,0.023174304242808228,-0.9061296816681373
-0.42200000000000015,0.90659583056619,0.20353164738241672,-0.90659583056619,0.023118187891769396,-0.90659583056619
-0.42100000000000004,0.907060637443826,0.20336508710688878,-0.9070606374438259,0.023062438397023627,-0.907060637443826
-0.42000000000000015,0.9075241043630741,0.2031993589379751,-0.9075241043630741,0.023007052682837245,-0.9075241043630741
-0.41900000000000004,0.907986233375815,0.20303445773292395,-0.907986233375815,0.02295202770882739,-0.907986233375815
-0.41800000000000015,0.9084470265238364,0.2028703783992176,-0.9084470265238364,0.02289736046945884,-0.9084470265238364
-0.41700000000000004,0.9089064858388897,0.20270711589394302,-0.9089064858388897,0.022843047993551958,-0.9089064858388897
-0.4160000000000001,0.9093646133427449,0.20254466522317224,-0.9093646133427448,0.022789087343798625,-0.9093646133427445
-0.41500000000000004,0.909821411047245,0.2023830214413518,-0.909821411047245,0.02273547561628451,-0.909821411047245
-0.41400000000000015,0.910276880954361,0.20222217965070288,-0.910276880954361,0.022682209940020584,-0.910276880954361
-0.413,0.9107310250562457,0.20206213500063008,-0.9107310250562457,0.02262928747648415,-0.9107310250562456
-0.41200000000000014,0.9111838453352868,0.20190288268714002,-0.9111838453352868,0.0225767054191652,-0.9111838453352867
-0.41100000000000003,0.911635343764161,0.20174441795226755,-0.911635343764161,0.022524460993121435,-0.911635343764161
-0.41000000000000014,0.9120855223058855,0.20158673608351343,-0.9120855223058855,0.022472551454541113,-0.9120855223058857
-0.4090000000000001,0.9125343829138713,0.20142983241328818,-0.9125343829138713,0.02242097409031272,-0.9125343829138715
-0.40800000000000014,0.9129819275319747,0.20127370231836572,-0.9129819275319747,0.02236972621760226,-0.9129819275319747
-0.40700000000000003,0.9134281580945488,0.2011183412193452,-0.9134281580945486,0.022318805183436312,-0.9134281580945488
-0.4060000000000001,0.9138730765264944,0.2009637445801215,-0.9138730765264944,0.022268208364294807,-0.9138730765264944
-0.405,0.9143166847433114,0.20080990790736264,-0.9143166847433114,0.022217933165707197,-0.9143166847433114
-0.40400000000000014,0.9147589846511484,0.20065682674999688,-0.9147589846511482,0.022167977021857202,-0.9147589846511484
-0.403,0.9151999781468528,0.20050449669870538,-0.9151999781468527,0.022118337395194743,-0.9151999781468528
-0.4020000000000002,0.9156396671180207,0.20035291338542516,-0.9156396671180207,0.022069011776051826,-0.9156396671180208
-0.401,0.9160780534430459,0.20020207248285712,-0.9160780534430459,0.022019997682266586,-0.916078053443046
-0.40000000000000013,0.9165151389911679,0.20005196970398267,-0.9165151389911678,0.021971292658814128,-0.9165151389911679
-0.39899999999999997,0.9169509256225221,0.1999026008015884,-0.9169509256225221,0.02192289427744006,-0.9169509256225221
-0.39800000000000013,0.9173854151881857,0.1997539615677954,-0.9173854151881857,0.0218748001363048,-0.9173854151881856
-0.397,0.9178186095302274,0.19960604783359837,-0.9178186095302274,0.021827007859628413,-0.9178186095302274
-0.39600000000000013,0.918250510481753,0.19945885546840947,-0.918250510481753,0.021779515097346106,-0.918250510481753
-0.395,0.9186811198669534,0.19931238037961038,-0.9186811198669534,0.021732319524765027,-0.9186811198669534
-0.39400000000000013,0.9191104395011515,0.19916661851210996,-0.9191104395011515,0.021685418842230034,-0.9191104395011515
-0.393,0.919538471190847,0.1990215658479088,-0.919538471190847,0.02163881077479259,-0.919538471190847
-0.39200000000000007,0.9199652167337632,0.19887721840567046,-0.9199652167337632,0.021592493071885155,-0.9199652167337632
-0.391,0.9203906779188932,0.1987335722402983,-0.9203906779188932,0.021546463507002116,-0.9203906779188932
-0.3900000000000001,0.920814856526544,0.19859062344251935,-0.9208148565265439,0.021500719877385117,-0.9208148565265439
-0.38899999999999996,0.9212377543283818,0.1984483681384733,-0.9212377543283818,0.02145526000371195,-0.9212377543283817
-0.3880000000000001,0.9216593730874764,0.1983068024893084,-0.9216593730874764,0.021410081729792196,-0.9216593730874761
-0.387,0.9220797145583455,0.19816592269078198,-0.9220797145583455,0.021365182922268026,-0.9220797145583455
-0.3860000000000001,0.9224987804869986,0.1980257249728686,-0.9224987804869985,0.021320561470316843,-0.9224987804869986
-0.38500000000000006,0.9229165726109809,0.19788620559937162,-0.9229165726109809,0.021276215285361784,-0.922916572610981
-0.3840000000000001,0.9233330926594151,0.19774736086754188,-0.9233330926594151,0.021232142300785392,-0.9233330926594151
-0.383,0.9237483423530458,0.1976091871077014,-0.9237483423530458,0.021188340471647443,-0.9237483423530459
-0.38200000000000006,0.9241623234042815,0.19747168068287269,-0.9241623234042815,0.02114480777440665,-0.9241623234042815
-0.381,0.9245750375172369,0.19733483798841214,-0.9245750375172369,0.021101542206649695,-0.9245750375172369
-0.3800000000000001,0.9249864863877741,0.19719865545165075,-0.9249864863877741,0.021058541786820265,-0.9249864863877743
-0.379,0.9253966717035457,0.1970631295315376,-0.9253966717035457,0.021015804553954628,-0.9253966717035458
-0.37800000000000017,0.9258055951440345,0.1969282567182904,-0.9258055951440344,0.02097332856742208,-0.9258055951440345
-0.377,0.9262132583805956,0.19679403353304928,-0.9262132583805955,0.020931111906666758,-0.9262132583805956
-0.3760000000000001,0.9266196630764966,0.19666045652753653,-0.9266196630764965,0.02088915267095619,-0.9266196630764966
-0.37499999999999994,0.9270248108869579,0.19652752228372067,-0.9270248108869578,0.02084744897913079,-0.9270248108869578
-0.3740000000000001,0.927428703459193,0.1963952274134854,-0.927428703459193,0.020805998969360823,-0.9274287034591929
-0.373,0.9278313424324487,0.19626356855830268,-0.9278313424324487,0.020764800798902368,-0.9278313424324487
-0.3720000000000001,0.9282327294380435,0.19613254238891098,-0.9282327294380435,0.02072385264386188,-0.9282327294380435
-0.371,0.9286328660994074,0.19600214560499746,-0.9286328660994074,0.02068315269896073,-0.9286328660994074
-0.3700000000000001,0.9290317540321213,0.19587237493488488,-0.9290317540321212,0.020642699177304723,-0.9290317540321212
-0.369,0.9294293948439548,0.19574322713522263,-0.9294293948439548,0.020602490310157616,-0.9294293948439548
-0.36800000000000016,0.9298257901349047,0.1956146989906822,-0.9298257901349047,0.020562524346716262,-0.9298257901349047
-0.367,0.9302209414972338,0.19548678731365637,-0.9302209414972336,0.020522799553890515,-0.9302209414972336
-0.3660000000000001,0.9306148505155074,0.1953594889439629,-0.9306148505155072,0.02048331421608683,-0.9306148505155072
-0.36499999999999994,0.9310075187666316,0.19523280074855237,-0.9310075187666316,0.020444066634993104,-0.9310075187666316
-0.3640000000000001,0.931398947819891,0.19510671962121942,-0.931398947819891,0.020405055129369135,-0.9313989478198909
-0.363,0.9317891392369843,0.19498124248231838,-0.931789139236984,0.020366278034837804,-0.931789139236984
-0.3620000000000001,0.9321780945720619,0.19485636627848277,-0.9321780945720617,0.020327733703681367,-0.9321780945720619
-0.36100000000000004,0.9325658153717624,0.1947320879823479,-0.9325658153717623,0.0202894205046395,-0.9325658153717624
-0.3600000000000001,0.932952303175248,0.19460840459227824,-0.9329523031752479,0.0202513368227109,-0.9329523031752479
-0.359,0.9333375595142414,0.1944853131320976,-0.9333375595142412,0.020213481058957435,-0.9333375595142414
-0.35800000000000004,0.93372158591306,0.19436281065082314,-0.9337215859130599,0.02017585163031119,-0.9337215859130599
-0.357,0.934104383888653,0.19424089422240326,-0.9341043838886529,0.020138446969384802,-0.934104383888653
-0.3560000000000001,0.9344859549506348,0.19411956094545826,-0.9344859549506348,0.020101265524283804,-0.9344859549506349
-0.355,0.9348663006013213,0.1939988079430253,-0.9348663006013211,0.02006430575842233,-0.9348663006013213
-0.35400000000000015,0.935245422335763,0.1938786323623062,-0.9352454223357629,0.020027566150340827,-0.935245422335763
-0.353,0.9356233216417812,0.19375903137441824,-0.9356233216417811,0.01999104519352821,-0.9356233216417812
-0.3520000000000001,0.9359999999999999,0.19364000217414934,-0.9359999999999999,0.01995474139624265,-0.9359999999999999
-0.35100000000000003,0.9363754588838816,0.1935215419797152,-0.9363754588838816,0.01991865328134017,-0.9363754588838816
-0.3500000000000001,0.9367496997597597,0.1934036480325206,-0.9367496997597597,0.019882779386100398,-0.9367496997597596
-0.349,0.9371227240868724,0.19328631759692289,-0.9371227240868724,0.019847118262060124,-0.9371227240868724
-0.3480000000000001,0.9374945333173949,0.1931695479599999,-0.9374945333173949,0.019811668474844352,-0.9374945333173949
-0.347,0.9378651288964741,0.19305333643131894,-0.9378651288964741,0.019776428604002583,-0.9378651288964741
-0.3460000000000001,0.9382345122622595,0.19293768034271083,-0.9382345122622595,0.0197413972428472,-0.9382345122622595
-0.345,0.9386026848459363,0.19282257704804537,-0.9386026848459363,0.01970657299829316,-0.9386026848459363
-0.34400000000000014,0.9389696480717574,0.1927080239230105,-0.9389696480717572,0.019671954490700496,-0.9389696480717572
-0.34299999999999997,0.9393354033570757,0.19259401836489373,-0.9393354033570757,0.019637540353719136,-0.9393354033570757
-0.3420000000000001,0.939699952112375,0.1924805577923671,-0.939699952112375,0.019603329234136366,-0.9396999521123751
-0.34099999999999997,0.9400632957413029,0.19236763964527415,-0.9400632957413029,0.019569319791724746,-0.9400632957413029
-0.3400000000000001,0.9404254356406998,0.1922552613844198,-0.9404254356406997,0.01953551069909409,-0.9404254356406997
-0.33899999999999997,0.9407863732006326,0.19214342049136365,-0.9407863732006326,0.01950190064154433,-0.9407863732006326
-0.3380000000000001,0.9411461098044235,0.1920321144682145,-0.9411461098044235,0.019468488316921096,-0.9411461098044235
-0.33699999999999997,0.9415046468286813,0.19192134083742876,-0.9415046468286811,0.01943527243547218,-0.9415046468286811
-0.3360000000000001,0.9418619856433319,0.19181109714161096,-0.9418619856433318,0.019402251719708427,-0.9418619856433318
-0.33499999999999996,0.9422181276116481,0.19170138094331612,-0.9422181276116481,0.019369424904263258,-0.9422181276116482
-0.3340000000000001,0.9425730740902797,0.19159218982485612,-0.9425730740902796,0.019336790735756667,-0.9425730740902796
-0.33299999999999996,0.9429268264292834,0.19148352138810662,-0.9429268264292833,0.019304347972660067,-0.9429268264292834
-0.3320000000000001,0.9432793859721519,0.19137537325431814,-0.9432793859721519,0.019272095385162863,-0.943279385972152
-0.33099999999999996,0.9436307540558436,0.19126774306392838,-0.9436307540558435,0.019240031755041704,-0.9436307540558435
-0.33000000000000007,0.9439809320108113,0.19116062847637708,-0.9439809320108113,0.019208155875530753,-0.9439809320108113
-0.32899999999999996,0.9443299211610315,0.1910540271699237,-0.9443299211610315,0.01917646655119383,-0.9443299211610315
-0.32800000000000007,0.9446777228240327,0.19094793684146666,-0.9446777228240327,0.019144962597798368,-0.9446777228240327
-0.32699999999999996,0.9450243383109241,0.1908423552063653,-0.9450243383109241,0.0191136428421915,-0.9450243383109241
-0.32600000000000007,0.9453697689264239,0.19073727999826398,-0.9453697689264239,0.019082506122176456,-0.9453697689264237
-0.32499999999999996,0.9457140159688869,0.19063270896891799,-0.9457140159688869,0.019051551286393003,-0.9457140159688869
-0.32400000000000007,0.946057080730333,0.19052863988802188,-0.946057080730333,0.01902077719419757,-0.946057080730333
-0.32299999999999995,0.9463989644964749,0.19042507054304017,-0.9463989644964749,0.01899018271554513,-0.9463989644964749
-0.32200000000000006,0.9467396685467447,0.19032199873903988,-0.9467396685467447,0.018959766730873198,-0.9467396685467447
-0.32099999999999995,0.9470791941543221,0.190219422298524,-0.9470791941543221,0.018929528130988107,-0.9470791941543221
-0.32000000000000006,0.9474175425861607,0.19011733906126976,-0.9474175425861606,0.01889946581695066,-0.9474175425861606
-0.3190000000000002,0.9477547151030163,0.19001574688416584,-0.9477547151030162,0.018869578699965816,-0.9477547151030162
-0.31800000000000006,0.948090712959472,0.18991464364105315,-0.948090712959472,0.018839865701271837,-0.9480907129594722
-0.31700000000000017,0.9484255374039651,0.18981402722256785,-0.9484255374039648,0.01881032575203197,-0.9484255374039648
-0.31600000000000006,0.9487591896788141,0.1897138955359848,-0.948759189678814,0.018780957793227814,-0.948759189678814
-0.31500000000000017,0.9490916710202444,0.1896142465050643,-0.9490916710202444,0.018751760775552816,-0.9490916710202444
-0.31400000000000006,0.9494229826584145,0.1895150780699003,-0.9494229826584145,0.018722733659308034,-0.9494229826584145
-0.31300000000000017,0.949753125817441,0.18941638818676942,-0.949753125817441,0.01869387541429998,-0.949753125817441
-0.31200000000000006,0.9500821017154254,0.18931817482798374,-0.9500821017154254,0.018665185019738396,-0.9500821017154254
-0.31100000000000017,0.9504099115644784,0.1892204359817434,-0.9504099115644783,0.01863666146413611,-0.9504099115644784
-0.31000000000000005,0.9507365565707463,0.18912316965199225,-0.9507365565707462,0.018608303745210133,-0.9507365565707462
-0.30900000000000016,0.9510620379344346,0.18902637385827437,-0.9510620379344344,0.01858011086978378,-0.9510620379344346
-0.30800000000000005,0.9513863568498342,0.18893004663559299,-0.9513863568498341,0.01855208185369102,-0.9513863568498342
-0.30700000000000016,0.9517095145053452,0.18883418603427093,-0.9517095145053452,0.018524215721680948,-0.9517095145053452
-0.30600000000000005,0.9520315120835023,0.18873879011981187,-0.9520315120835023,0.018496511507323416,-0.9520315120835023
-0.30500000000000016,0.9523523507609984,0.18864385697276473,-0.9523523507609984,0.01846896825291667,-0.9523523507609983
-0.30400000000000005,0.9526720317087093,0.1885493846885882,-0.9526720317087093,0.018441585009396872,-0.9526720317087093
-0.30300000000000016,0.9529905560917169,0.1884553713775178,-0.9529905560917169,0.01841436083624646,-0.9529905560917169
-0.30200000000000005,0.9533079250693346,0.1883618151644343,-0.9533079250693346,0.01838729480140602,-0.9533079250693344
-0.30100000000000016,0.9536241397951289,0.18826871418873317,-0.9536241397951289,0.018360385981184963,-0.9536241397951289
-0.30000000000000004,0.9539392014169458,0.18817606660419645,-0.9539392014169458,0.01833363346017689,-0.9539392014169458
-0.29900000000000015,0.9542531110769301,0.1880838705788651,-0.9542531110769301,0.01830703633117166,-0.9542531110769301
-0.29800000000000004,0.954565869911553,0.18799212429491385,-0.954565869911553,0.018280593695072452,-0.954565869911553
-0.29700000000000015,0.954877479051632,0.18790082594852686,-0.9548774790516319,0.018254304660811058,-0.954877479051632
-0.29600000000000004,0.9551879396223553,0.18780997374977462,-0.9551879396223553,0.018228168345265826,-0.9551879396223553
-0.29500000000000015,0.9554972527433032,0.18771956592249328,-0.9554972527433032,0.01820218387318039,-0.9554972527433032
-0.29400000000000004,0.955805419528473,0.18762960070416398,-0.955805419528473,0.01817635037708353,-0.9558054195284731
-0.29300000000000015,0.9561124410862981,0.18754007634579503,-0.9561124410862981,0.018150666997208922,-0.9561124410862981
-0.29200000000000004,0.9564183185196737,0.18745099111180422,-0.9564183185196737,0.01812513288141733,-0.9564183185196737
-0.29100000000000015,0.9567230529259761,0.1873623432799029,-0.9567230529259761,0.018099747185119655,-0.9567230529259761
-0.29000000000000004,0.9570266453970859,0.18727413114098213,-0.9570266453970859,0.01807450907119933,-0.9570266453970859
-0.28900000000000015,0.9573290970194105,0.18718635299899877,-0.9573290970194105,0.018049417709938387,-0.9573290970194106
-0.28800000000000003,0.9576304088739037,0.1870990071708639,-0.9576304088739036,0.018024472278941675,-0.9576304088739036
-0.28700000000000014,0.9579305820360888,0.1870120919863319,-0.9579305820360887,0.017999671963063516,-0.9579305820360888
-0.28600000000000003,0.9582296175760797,0.18692560578789175,-0.9582296175760797,0.017975015954336235,-0.9582296175760797
-0.28500000000000014,0.9585275165586014,0.18683954693065805,-0.9585275165586014,0.017950503451897085,-0.9585275165586014
-0.28400000000000003,0.9588242800430118,0.18675391378226464,-0.9588242800430118,0.017926133661917303,-0.9588242800430118
-0.28300000000000014,0.959119909083322,0.18666870472275857,-0.959119909083322,0.017901905797533934,-0.959119909083322
-0.28200000000000003,0.9594144047282176,0.1865839181444958,-0.9594144047282176,0.017877819078778414,-0.9594144047282176
-0.28100000000000014,0.9597077680210784,0.18649955245203792,-0.9597077680210784,0.017853872732510045,-0.9597077680210783
-0.28,0.9600000000000001,0.18641560606204974,-0.9600000000000001,0.017830065992347936,-0.9600000000000001
-0.27900000000000014,0.9602911016978133,0.1863320774031984,-0.9602911016978133,0.017806398098604022,-0.9602911016978133
-0.278,0.9605810741421049,0.1862489649160534,-0.9605810741421049,0.01778286829821856,-0.9605810741421048
-0.27700000000000014,0.960869918355237,0.18616626705298775,-0.9608699183552369,0.017759475844693662,-0.9608699183552369
-0.276,0.9611576353543678,0.18608398227808076,-0.9611576353543678,0.017736219998031235,-0.9611576353543678
-0.27500000000000013,0.9614442261514705,0.1860021090670208,-0.9614442261514705,0.01771310002466654,-0.9614442261514705
-0.274,0.9617296917533533,0.1859206459070101,-0.9617296917533531,0.017690115197409245,-0.9617296917533531
-0.27300000000000013,0.962014033161679,0.1858395912966703,-0.962014033161679,0.01766726479537847,-0.9620140331616792
-0.272,0.9622972513729839,0.185758943745949,-0.9622972513729838,0.01764454810394386,-0.9622972513729838
-0.27100000000000013,0.9625793473786979,0.18567870177602755,-0.9625793473786979,0.017621964414664282,-0.9625793473786979
-0.27,0.9628603221651623,0.1855988639192292,-0.9628603221651623,0.017599513025228428,-0.9628603221651624
-0.26900000000000013,0.9631401767136494,0.18551942871892935,-0.9631401767136494,0.01757719323939616,-0.9631401767136494
-0.268,0.9634189120003821,0.18544039472946583,-0.963418912000382,0.017555004366939946,-0.963418912000382
-0.2670000000000001,0.9636965289965508,0.1853617605160509,-0.9636965289965508,0.017532945723588222,-0.9636965289965508
-0.266,0.9639730286683337,0.18528352465468317,-0.9639730286683337,0.017511016630967643,-0.9639730286683337
-0.2650000000000001,0.9642484119769137,0.1852056857320619,-0.9642484119769136,0.01748921641654796,-0.9642484119769137
-0.264,0.9645226798784983,0.18512824234550115,-0.9645226798784983,0.017467544413585615,-0.9645226798784983
-0.2630000000000001,0.964795833324336,0.18505119310284512,-0.9647958333243358,0.017445999961070317,-0.964795833324336
-0.262,0.965067873260736,0.18497453662238464,-0.9650678732607358,0.017424582403669734,-0.965067873260736
-0.2610000000000001,0.9653388006290848,0.1848982715327749,-0.9653388006290851,0.01740329109167681,-0.9653388006290851
-0.26,0.9656086163658649,0.18482239647295257,-0.965608616365865,0.01738212538095697,-0.965608616365865
-0.2590000000000001,0.9658773214026716,0.18474691009205585,-0.9658773214026718,0.017361084632895978,-0.9658773214026718
-0.258,0.9661449166662318,0.18467181104934388,-0.9661449166662318,0.017340168214347498,-0.9661449166662318
-0.2570000000000001,0.9664114030784198,0.18459709801411778,-0.9664114030784199,0.01731937549758379,-0.9664114030784198
-0.256,0.9666767815562759,0.18452276966564216,-0.966676781556276,0.01729870586024443,-0.966676781556276
-0.2550000000000001,0.966941053012023,0.18444882469306784,-0.966941053012023,0.017278158685286257,-0.966941053012023
-0.254,0.9672042183530839,0.18437526179535477,-0.9672042183530839,0.017257733360935022,-0.9672042183530838
-0.2530000000000001,0.9674662784820978,0.1843020796811967,-0.967466278482098,0.01723742928063704,-0.967466278482098
-0.252,0.9677272342969377,0.18422927706894612,-0.9677272342969377,0.01721724584301006,-0.9677272342969377
-0.2510000000000001,0.9679870866907264,0.18415685268653922,-0.9679870866907263,0.01719718245179713,-0.9679870866907263
-0.25,0.9682458365518543,0.1840848052714239,-0.9682458365518543,0.01717723851581867,-0.9682458365518543
-0.24900000000000014,0.968503484763994,0.18401313357048582,-0.968503484763994,0.01715741344892763,-0.968503484763994
-0.248,0.9687600322061186,0.18394183633997743,-0.9687600322061185,0.017137706669961637,-0.9687600322061185
-0.2470000000000001,0.9690154797525166,0.1838709123454464,-0.9690154797525167,0.01711811760270025,-0.9690154797525167
-0.246,0.9692698282728085,0.18380036036166522,-0.9692698282728084,0.017098645675817998,-0.9692698282728085
-0.2450000000000001,0.9695230786319633,0.18373017917256237,-0.9695230786319633,0.017079290322841775,-0.9695230786319632
-0.24400000000000002,0.9697752316903129,0.18366036757115234,-0.9697752316903129,0.017060050982107056,-0.9697752316903129
-0.2430000000000001,0.9700262883035697,0.1835909243594686,-0.9700262883035697,0.01704092709671368,-0.9700262883035697
-0.242,0.9702762493228411,0.18352184834849555,-0.9702762493228411,0.017021918114484298,-0.9702762493228411
-0.2410000000000001,0.9705251155946455,0.18345313835810198,-0.9705251155946455,0.017003023487922056,-0.9705251155946457
-0.24,0.9707728879609276,0.18338479321697526,-0.9707728879609276,0.016984242674168513,-0.9707728879609276
-0.2390000000000001,0.9710195672590745,0.18331681176255596,-0.9710195672590745,0.0169655751349628,-0.9710195672590745
-0.238,0.9712651543219287,0.18324919284097332,-0.9712651543219287,0.016947020336601462,-0.9712651543219287
-0.23700000000000013,0.9715096499778065,0.1831819353069812,-0.9715096499778063,0.01692857774989665,-0.9715096499778063
-0.236,0.9717530550505102,0.18311503802389503,-0.9717530550505102,0.016910246850138477,-0.9717530550505102
-0.2350000000000001,0.9719953703593448,0.18304849986352933,-0.9719953703593448,0.016892027117054106,-0.971995370359345
-0.23399999999999999,0.9722365967191319,0.18298231970613538,-0.9722365967191319,0.01687391803476976,-0.972236596719132
-0.2330000000000001,0.9724767349402247,0.18291649644034053,-0.9724767349402247,0.016855919091771435,-0.9724767349402246
-0.232,0.9727157858285224,0.18285102896308686,-0.9727157858285224,0.016838029780868614,-0.9727157858285226
-0.2310000000000001,0.9729537501854855,0.1827859161795723,-0.9729537501854855,0.016820249599154846,-0.9729537501854855
-0.22999999999999998,0.9731906288081488,0.18272115700319005,-0.9731906288081488,0.01680257804797228,-0.9731906288081486
-0.2290000000000001,0.973426422489137,0.18265675035547066,-0.973426422489137,0.016785014632873522,-0.973426422489137
-0.22799999999999998,0.9736611320166785,0.18259269516602378,-0.9736611320166785,0.016767558863586857,-0.9736611320166785
-0.22700000000000006,0.9738947581746191,0.18252899037248035,-0.9738947581746191,0.01675021025397939,-0.973894758174619
-0.22599999999999998,0.9741273017424366,0.182465634920436,-0.9741273017424366,0.01673296832202167,-0.9741273017424367
-0.22500000000000012,0.9743587634952539,0.18240262776339464,-0.9743587634952539,0.016715832589753826,-0.9743587634952539
-0.22399999999999998,0.9745891442038538,0.18233996786271248,-0.9745891442038538,0.0166988025832494,-0.9745891442038538
-0.2230000000000001,0.9748184446346919,0.1822776541875434,-0.9748184446346919,0.016681877832582074,-0.9748184446346919
-0.22199999999999995,0.975046665549911,0.18221568571478416,-0.975046665549911,0.016665057871791948,-0.975046665549911
-0.22100000000000009,0.9752738077073535,0.18215406142901971,-0.9752738077073534,0.01664834223885135,-0.9752738077073534
-0.22,0.975499871860576,0.18209278032247084,-0.975499871860576,0.016631730475632076,-0.9754998718605761
-0.21900000000000008,0.9757248587588614,0.18203184139494072,-0.9757248587588614,0.016615222127873475,-0.9757248587588614
-0.21799999999999997,0.9759487691472335,0.1819712436537625,-0.9759487691472335,0.016598816745149184,-0.9759487691472335
-0.21700000000000008,0.9761716037664689,0.18191098611374742,-0.9761716037664689,0.01658251388083527,-0.9761716037664689
-0.21599999999999997,0.9763933633531109,0.18185106779713384,-0.9763933633531109,0.01656631309207883,-0.9763933633531109
-0.21500000000000005,0.9766140486394816,0.18179148773353648,-0.9766140486394816,0.01655021393976727,-0.9766140486394816
-0.21399999999999997,0.9768336603536961,0.18173224495989596,-0.9768336603536961,0.016534215988496435,-0.9768336603536961
-0.2130000000000001,0.9770521992196732,0.18167333852042905,-0.9770521992196732,0.016518318806540838,-0.9770521992196732
-0.21199999999999997,0.9772696659571503,0.18161476746657965,-0.97726966595715,0.01650252196582315,-0.97726966595715
-0.21100000000000008,0.9774860612816941,0.1815565308569704,-0.9774860612816941,0.016486825041884496,-0.9774860612816941
-0.20999999999999994,0.9777013859047149,0.18149862775735376,-0.9777013859047149,0.016471227613854625,-0.9777013859047149
-0.20900000000000007,0.9779156405334767,0.18144105724056495,-0.9779156405334767,0.01645572926442295,-0.9779156405334767
-0.208,0.9781288258711118,0.1813838183864745,-0.9781288258711118,0.016440329579809957,-0.978128825871112
-0.20700000000000007,0.978340942616632,0.18132691028194137,-0.9783409426166318,0.01642502814973835,-0.9783409426166318
-0.20599999999999996,0.97855199146494,0.18127033202076717,-0.9785519914649399,0.016409824567404696,-0.9785519914649399
-0.20500000000000007,0.9787619731068428,0.18121408270365003,-0.9787619731068427,0.016394718429452056,-0.9787619731068427
-0.20399999999999996,0.9789708882290628,0.18115816143813923,-0.9789708882290628,0.016379709335941472,-0.9789708882290628
-0.20300000000000004,0.9791787375142497,0.1811025673385906,-0.9791787375142497,0.01636479689032626,-0.9791787375142497
-0.20199999999999996,0.979385521640993,0.1810472995261224,-0.9793855216409928,0.016349980699423144,-0.9793855216409928
-0.2010000000000001,0.9795912412838326,0.18099235712857076,-0.9795912412838325,0.016335260373387162,-0.9795912412838325
-0.19999999999999996,0.9797958971132712,0.18093773928044662,-0.9797958971132712,0.01632063552568422,-0.9797958971132712
-0.19900000000000007,0.9799994897957855,0.18088344512289262,-0.9799994897957855,0.01630610577306539,-0.9799994897957854
-0.19799999999999993,0.9802020199938378,0.18082947380364056,-0.9802020199938378,0.016291670735541993,-0.9802020199938378
-0.19700000000000006,0.980403488365887,0.18077582447696938,-0.980403488365887,0.016277330036358176,-0.980403488365887
-0.19599999999999998,0.9806038955664005,0.18072249630366283,-0.9806038955664005,0.016263083301967497,-0.9806038955664005
-0.19500000000000006,0.9808032422458646,0.18066948845096922,-0.9808032422458646,0.016248930162007014,-0.9808032422458646
-0.19399999999999995,0.9810015290507961,0.18061680009255962,-0.9810015290507961,0.016234870249273305,-0.9810015290507961
-0.19300000000000006,0.9811987566237536,0.18056443040848805,-0.9811987566237536,0.01622090319969697,-0.9811987566237536
-0.19200000000000017,0.9813949256033475,0.18051237858515076,-0.9813949256033475,0.016207028652319943,-0.9813949256033475
-0.19100000000000003,0.9815900366242518,0.1804606438152472,-0.9815900366242518,0.016193246249270273,-0.9815900366242518
-0.19000000000000017,0.9817840903172143,0.18040922529774078,-0.9817840903172143,0.016179555635739837,-0.9817840903172143
-0.18900000000000008,0.9819770873090675,0.1803581222378197,-0.9819770873090675,0.016165956459960072,-0.9819770873090675
-0.18800000000000017,0.9821690282227393,0.1803073338468585,-0.9821690282227393,0.01615244837317928,-0.9821690282227393
-0.18700000000000006,0.9823599136772632,0.1802568593423807,-0.9823599136772632,0.016139031029639452,-0.982359913677263
-0.18600000000000017,0.9825497442877892,0.1802066979480202,-0.9825497442877892,0.01612570408655473,-0.9825497442877892
-0.18500000000000005,0.9827385206655939,0.1801568488934848,-0.9827385206655939,0.016112467204087676,-0.9827385206655939
-0.18400000000000014,0.9829262434180908,0.18010731141451894,-0.9829262434180908,0.01609932004532842,-0.9829262434180908
-0.18300000000000005,0.9831129131488408,0.18005808475286736,-0.9831129131488408,0.01608626227627222,-0.9831129131488408
-0.1820000000000002,0.9832985304575614,0.1800091681562386,-0.9832985304575614,0.01607329356579794,-0.9832985304575614
-0.18100000000000005,0.9834830959401386,0.17996056087826964,-0.9834830959401386,0.016060413585647294,-0.9834830959401386
-0.18000000000000016,0.9836666101886349,0.17991226217849077,-0.9836666101886349,0.016047622010402444,-0.9836666101886349
-0.17900000000000002,0.9838490737913006,0.17986427132228963,-0.9838490737913006,0.016034918517466957,-0.9838490737913006
-0.17800000000000016,0.9840304873325827,0.17981658758087737,-0.9840304873325827,0.016022302787043505,-0.9840304873325827
-0.17700000000000007,0.9842108513931351,0.17976921023125392,-0.9842108513931351,0.016009774502114393,-0.9842108513931352
-0.17600000000000016,0.984390166549829,0.17972213855617436,-0.984390166549829,0.015997333348421,-0.984390166549829
-0.17500000000000004,0.9845684333757608,0.17967537184411483,-0.9845684333757608,0.015984979014444213,-0.9845684333757608
-0.17400000000000015,0.9847456524402634,0.1796289093892396,-0.9847456524402634,0.015972711191384402,-0.9847456524402634
-0.17300000000000004,0.9849218243089143,0.17958275049136796,-0.9849218243089143,0.015960529573141955,-0.9849218243089143
-0.17200000000000013,0.9850969495435462,0.17953689445594195,-0.9850969495435462,0.015948433856297857,-0.9850969495435462
-0.17100000000000004,0.9852710287022551,0.17949134059399344,-0.9852710287022551,0.015936423740094855,-0.9852710287022552
-0.17000000000000015,0.9854440623394105,0.179446088222113,-0.9854440623394105,0.015924498926418645,-0.9854440623394105
-0.16900000000000004,0.9856160510056642,0.1794011366624176,-0.9856160510056642,0.015912659119778284,-0.9856160510056642
-0.16800000000000015,0.9857869952479592,0.1793564852425198,-0.9857869952479592,0.015900904027289692,-0.9857869952479592
-0.16700000000000004,0.9859568956095393,0.1793121332954963,-0.985956895609539,0.015889233358655382,-0.985956895609539
-0.16600000000000015,0.9861257526299574,0.17926808015985832,-0.9861257526299573,0.015877646826147215,-0.9861257526299573
-0.16500000000000004,0.9862935668450848,0.17922432517951967,-0.9862935668450848,0.01586614414458865,-0.9862935668450848
-0.16400000000000015,0.9864603387871203,0.17918086770376826,-0.9864603387871203,0.015854725031337277,-0.9864603387871203
-0.16300000000000003,0.9866260689845976,0.17913770708723553,-0.9866260689845977,0.015843389206267097,-0.9866260689845977
-0.16200000000000014,0.9867907579623961,0.17909484268986736,-0.9867907579623961,0.015832136391750757,-0.9867907579623961
-0.16100000000000003,0.9869544062417474,0.17905227387689482,-0.9869544062417476,0.01582096631264354,-0.9869544062417476
-0.16000000000000014,0.9871170143402452,0.17901000001880563,-0.987117014340245,0.015809878696265458,-0.987117014340245
-0.15900000000000003,0.9872785827718538,0.17896802049131538,-0.9872785827718537,0.015798873272385456,-0.9872785827718538
-0.15800000000000014,0.9874391120469149,0.17892633467533936,-0.9874391120469149,0.015787949773204253,-0.9874391120469151
-0.15700000000000003,0.9875986026721585,0.1788849419569652,-0.9875986026721586,0.01577710793333825,-0.9875986026721586
-0.15600000000000014,0.9877570551507087,0.17884384172742412,-0.9877570551507087,0.015766347489803486,-0.9877570551507087
-0.15500000000000003,0.9879144699820932,0.17880303338306505,-0.9879144699820932,0.01575566818199941,-0.9879144699820932
-0.15400000000000014,0.9880708476622514,0.17876251632532614,-0.9880708476622514,0.015745069751693763,-0.9880708476622512
-0.15300000000000002,0.9882261886835422,0.1787222899607091,-0.9882261886835422,0.015734551943005964,-0.9882261886835422
-0.15200000000000014,0.9883804935347521,0.17868235370075214,-0.9883804935347521,0.0157241145023922,-0.9883804935347521
-0.15100000000000002,0.9885337627011026,0.17864270696200413,-0.9885337627011026,0.015713757178630685,-0.9885337627011025
-0.15000000000000013,0.9886859966642594,0.178603349165998,-0.9886859966642594,0.015703479722805565,-0.9886859966642594
-0.14900000000000002,0.9888371959023385,0.17856427973922614,-0.9888371959023385,0.01569328188829276,-0.9888371959023385
-0.14800000000000013,0.9889873608899153,0.17852549811311394,-0.9889873608899153,0.01568316343074476,-0.9889873608899153
-0.14700000000000002,0.9891364920980318,0.1784870037239955,-0.9891364920980318,0.01567312410807676,-0.9891364920980318
-0.14600000000000013,0.9892845899942039,0.17844879601308827,-0.9892845899942039,0.01566316368045094,-0.9892845899942039
-0.14500000000000002,0.9894316550424288,0.1784108744264684,-0.9894316550424288,0.015653281910263717,-0.9894316550424288
-0.14400000000000013,0.9895776877031939,0.17837323841504682,-0.9895776877031939,0.015643478562130636,-0.9895776877031939
-0.14300000000000002,0.9897226884334822,0.17833588743454512,-0.9897226884334822,0.01563375340287252,-0.9897226884334822
-0.14200000000000013,0.9898666576867816,0.1782988209454713,-0.9898666576867816,0.015624106201502412,-0.9898666576867816
-0.14100000000000001,0.9900095959130901,0.1782620384130967,-0.9900095959130901,0.015614536729211101,-0.9900095959130901
-0.14000000000000012,0.990151503558925,0.178225539307432,-0.990151503558925,0.015605044759353941,-0.990151503558925
-0.139,0.990292381067329,0.17818932310320512,-0.990292381067329,0.015595630067437732,-0.990292381067329
-0.13800000000000012,0.9904322288778773,0.1781533892798377,-0.9904322288778773,0.015586292431107606,-0.9904322288778773
-0.137,0.9905710474266851,0.17811773732142264,-0.9905710474266851,0.015577031630133636,-0.9905710474266851
-0.13600000000000012,0.990708837146414,0.1780823667167017,-0.990708837146414,0.015567847446398398,-0.990708837146414
-0.135,0.9908455984662797,0.17804727695904404,-0.9908455984662797,0.015558739663883655,-0.9908455984662797
-0.13400000000000012,0.9909813318120578,0.17801246754642328,-0.9909813318120578,0.015549708068658257,-0.9909813318120579
-0.133,0.9911160376060918,0.17797793798139705,-0.9911160376060918,0.015540752448866381,-0.9911160376060918
-0.13200000000000012,0.9912497162672987,0.1779436877710846,-0.9912497162672987,0.015531872594713265,-0.9912497162672987
-0.131,0.9913823682111761,0.17790971642714618,-0.9913823682111761,0.01552306829845549,-0.9913823682111763
-0.13000000000000012,0.9915139938498094,0.1778760234657622,-0.9915139938498094,0.015514339354386836,-0.9915139938498092
-0.129,0.9916445935918775,0.1778426084076122,-0.9916445935918775,0.015505685558828364,-0.9916445935918775
-0.1280000000000001,0.9917741678426595,0.17780947077785475,-0.9917741678426595,0.015497106710114693,-0.9917741678426595
-0.127,0.9919027170040419,0.17777661010610699,-0.9919027170040419,0.015488602608584206,-0.9919027170040419
-0.1260000000000001,0.9920302414745228,0.17774402592642422,-0.9920302414745228,0.015480173056566753,-0.9920302414745228
-0.125,0.9921567416492215,0.17771171777728126,-0.9921567416492215,0.015471817858372029,-0.9921567416492215
-0.12400000000000011,0.9922822179198819,0.17767968520155158,-0.9922822179198819,0.01546353682027924,-0.9922822179198819
-0.123,0.9924066706748802,0.17764792774648905,-0.9924066706748802,0.01545532975052529,-0.9924066706748802
-0.12200000000000011,0.9925301002992301,0.17761644496370765,-0.99253010029923,0.015447196459294635,-0.99253010029923
-0.121,0.9926525071745903,0.17758523640916385,-0.9926525071745903,0.015439136758707273,-0.9926525071745903
-0.1200000000000001,0.9927738916792685,0.1775543016431367,-0.9927738916792685,0.015431150462809764,-0.9927738916792685
-0.119,0.9928942541882293,0.1775236402302104,-0.9928942541882292,0.015423237387562858,-0.9928942541882292
-0.1180000000000001,0.9930135950730987,0.17749325173925493,-0.9930135950730987,0.015415397350833146,-0.9930135950730987
-0.11699999999999999,0.9931319147021709,0.17746313574340894,-0.9931319147021708,0.015407630172380136,-0.9931319147021708
-0.11600000000000009,0.9932492134404134,0.17743329182006118,-0.9932492134404134,0.015399935673849195,-0.9932492134404134
-0.11499999999999999,0.9933654916494734,0.17740371955083348,-0.9933654916494732,0.015392313678758561,-0.9933654916494732
-0.1140000000000001,0.9934807496876826,0.17737441852156244,-0.9934807496876826,0.015384764012492004,-0.9934807496876826
-0.11299999999999999,0.9935949879100638,0.17734538832228305,-0.9935949879100637,0.01537728650228667,-0.9935949879100637
-0.1120000000000001,0.9937082066683358,0.17731662854721122,-0.9937082066683358,0.015369880977225317,-0.9937082066683358
-0.11099999999999997,0.993820406310919,0.17728813879472674,-0.993820406310919,0.01536254726822573,-0.993820406310919
-0.11000000000000008,0.9939315871829408,0.17725991866735674,-0.9939315871829408,0.015355285208031538,-0.9939315871829408
-0.10899999999999999,0.9940417496262418,0.17723196777175967,-0.9940417496262418,0.015348094631202899,-0.9940417496262418
-0.1080000000000001,0.9941508939793797,0.1772042857187083,-0.9941508939793797,0.015340975374107335,-0.9941508939793797
-0.10699999999999998,0.9942590205776359,0.1771768721230741,-0.9942590205776359,0.015333927274910349,-0.9942590205776359
-0.1060000000000001,0.9943661297530201,0.17714972660381137,-0.9943661297530201,0.015326950173566991,-0.9943661297530201
-0.10499999999999997,0.9944722218342753,0.1771228487839413,-0.9944722218342753,0.015320043911812697,-0.9944722218342753
-0.10400000000000008,0.9945772971468834,0.1770962382905363,-0.9945772971468834,0.015313208333154173,-0.9945772971468834
-0.10299999999999998,0.9946813560130703,0.1770698947547054,-0.9946813560130703,0.015306443282861442,-0.9946813560130703
-0.10200000000000009,0.9947843987518099,0.1770438178115786,-0.9947843987518099,0.01529974860795888,-0.9947843987518099
-0.10099999999999998,0.9948864256788309,0.17701800710029156,-0.9948864256788309,0.01529312415721692,-0.9948864256788309
-0.10000000000000009,0.9949874371066201,0.17699246226397194,-0.9949874371066201,0.015286569781143289,-0.9949874371066201
-0.09899999999999996,0.9950874333444273,0.1769671829497235,-0.9950874333444273,0.015280085331975661,-0.9950874333444273
-0.09800000000000007,0.9951864146982715,0.1769421688086128,-0.9951864146982715,0.015273670663672897,-0.9951864146982715
-0.09699999999999998,0.9952843814709441,0.1769174194956542,-0.9952843814709441,0.015267325631907431,-0.9952843814709441
-0.09600000000000009,0.9953813339620148,0.17689293466979628,-0.9953813339620148,0.015261050094056773,-0.9953813339620148
-0.09499999999999997,0.9954772724678349,0.17686871399390783,-0.9954772724678349,0.015254843909196784,-0.9954772724678349
-0.09400000000000008,0.9955721972815432,0.17684475713476425,-0.9955721972815432,0.015248706938092637,-0.9955721972815432
-0.09299999999999996,0.9956661086930698,0.1768210637630337,-0.9956661086930698,0.015242639043192426,-0.9956661086930698
-0.09200000000000007,0.9957590069891409,0.17679763355326444,-0.9957590069891409,0.015236640088618669,-0.9957590069891409
-0.09099999999999997,0.9958508924532828,0.1767744661838707,-0.9958508924532828,0.015230709940161997,-0.9958508924532828
-0.09000000000000008,0.995941765365827,0.17675156133712072,-0.995941765365827,0.01522484846527333,-0.995941765365827
-0.08899999999999997,0.9960316260039135,0.17672891869912308,-0.9960316260039135,0.01521905553305599,-0.9960316260039135
-0.08800000000000008,0.9961204746414963,0.1767065379598146,-0.9961204746414963,0.015213331014260145,-0.9961204746414963
-0.08699999999999995,0.9962083115493466,0.17668441881294772,-0.9962083115493466,0.015207674781274225,-0.9962083115493466
-0.08600000000000006,0.9962951369950573,0.17666256095607782,-0.9962951369950573,0.015202086708119568,-0.9962951369950573
-0.08499999999999996,0.9963809512430474,0.1766409640905518,-0.9963809512430474,0.01519656667044226,-0.9963809512430474
-0.08400000000000007,0.9964657545545658,0.17661962792149538,-0.9964657545545658,0.015191114545507558,-0.9964657545545658
-0.08299999999999996,0.9965495471876951,0.1765985521578017,-0.9965495471876951,0.015185730212191944,-0.9965495471876951
-0.08200000000000007,0.996632329397356,0.1765777365121195,-0.996632329397356,0.01518041355097837,-0.996632329397356
-0.08099999999999996,0.9967141014353113,0.17655718070084173,-0.9967141014353113,0.015175164443948296,-0.9967141014353113
-0.08000000000000007,0.996794863550169,0.17653688444409427,-0.996794863550169,0.01516998277477613,-0.996794863550169
-0.07899999999999996,0.9968746159873869,0.17651684746572438,-0.9968746159873869,0.015164868428723168,-0.9968746159873869
-0.07800000000000007,0.996953358989276,0.17649706949329036,-0.996953358989276,0.015159821292630873,-0.996953358989276
-0.07699999999999996,0.9970310927950041,0.17647755025804993,-0.9970310927950041,0.015154841254915235,-0.9970310927950041
-0.07600000000000007,0.9971078176406,0.17645828949495018,-0.9971078176406,0.01514992820556024,-0.9971078176406
-0.07499999999999996,0.9971835337589565,0.17643928694261685,-0.9971835337589565,0.015145082036112983,-0.9971835337589565
-0.07400000000000007,0.9972582413798343,0.17642054234334376,-0.9972582413798343,0.015140302639677005,-0.9972582413798343
-0.07299999999999995,0.9973319407298655,0.1764020554430827,-0.9973319407298655,0.015135589910907606,-0.9973319407298655
-0.07200000000000006,0.9974046320325568,0.17638382599143348,-0.9974046320325567,0.015130943746004773,-0.9974046320325567
-0.07099999999999995,0.9974763155082932,0.1763658537416339,-0.9974763155082931,0.015126364042709239,-0.9974763155082931
-0.07000000000000006,0.9975469913743412,0.17634813845054995,-0.997546991374341,0.015121850700295762,-0.997546991374341
-0.06899999999999995,0.9976166598448524,0.17633067987866657,-0.9976166598448526,0.015117403619568698,-0.9976166598448526
-0.06800000000000006,0.9976853211308664,0.17631347779007767,-0.9976853211308665,0.015113022702856093,-0.9976853211308665
-0.06699999999999995,0.997752975440314,0.17629653195247685,-0.997752975440314,0.015108707854005332,-0.997752975440314
-0.06600000000000006,0.997819622978021,0.17627984213714903,-0.9978196229780208,0.015104458978377299,-0.9978196229780208
-0.06499999999999995,0.9978852639457104,0.1762634081189604,-0.9978852639457102,0.015100275982841612,-0.9978852639457102
-0.06400000000000006,0.9979498985420061,0.17624722967635034,-0.9979498985420061,0.015096158775771666,-0.9979498985420061
-0.06300000000000017,0.9980135269624355,0.17623130659132225,-0.9980135269624355,0.015092107267040284,-0.9980135269624355
-0.062000000000000055,0.9980761493994333,0.1762156386494352,-0.9980761493994333,0.015088121368014417,-0.9980761493994333
-0.061000000000000165,0.9981377660423436,0.17620022563979554,-0.9981377660423436,0.015084200991550452,-0.9981377660423436
-0.06000000000000005,0.9981983770774224,0.17618506735504855,-0.9981983770774224,0.015080346051989995,-0.9981983770774224
-0.05900000000000016,0.998257982687842,0.1761701635913703,-0.998257982687842,0.015076556465155532,-0.998257982687842
-0.058000000000000045,0.9983165830536924,0.17615551414845984,-0.9983165830536924,0.015072832148344916,-0.9983165830536924
-0.057000000000000155,0.9983741783519844,0.17614111882953123,-0.9983741783519844,0.015069173020328851,-0.9983741783519844
-0.05600000000000005,0.9984307687566525,0.1761269774413058,-0.9984307687566525,0.015065579001344784,-0.9984307687566525
-0.05500000000000016,0.998486354438557,0.17611308979400456,-0.998486354438557,0.015062050013094385,-0.998486354438557
-0.05400000000000005,0.998540935565488,0.17609945570134122,-0.998540935565488,0.015058585978737493,-0.998540935565488
-0.05300000000000016,0.9985945123021656,0.17608607498051446,-0.9985945123021656,0.015055186822890428,-0.9985945123021656
-0.05200000000000004,0.9986470848102448,0.17607294745220098,-0.9986470848102448,0.01505185247162014,-0.9986470848102448
-0.05100000000000015,0.998698653248316,0.17606007294054846,-0.998698653248316,0.015048582852441492,-0.998698653248316
-0.050000000000000044,0.998749217771909,0.1760474512731688,-0.998749217771909,0.015045377894312907,-0.998749217771909
-0.049000000000000155,0.9987987785334943,0.17603508228113146,-0.9987987785334943,0.015042237527633047,-0.9987987785334943
-0.04800000000000004,0.9988473356824856,0.17602296579895677,-0.9988473356824856,0.01503916168423652,-0.9988473356824856
-0.04700000000000015,0.9988948893652425,0.17601110166460956,-0.9988948893652425,0.015036150297391441,-0.9988948893652425
-0.046000000000000034,0.9989414397250722,0.17599948971949286,-0.9989414397250722,0.01503320330179481,-0.9989414397250722
-0.045000000000000144,0.998986986902232,0.17598812980844172,-0.998986986902232,0.015030320633570264,-0.998986986902232
-0.04400000000000004,0.9990315310339308,0.17597702177971752,-0.9990315310339308,0.015027502230263532,-0.9990315310339308
-0.04300000000000015,0.9990750722543327,0.17596616548500152,-0.9990750722543327,0.015024748030839911,-0.9990750722543327
-0.04200000000000004,0.9991176106945568,0.17595556077938956,-0.9991176106945568,0.015022057975681624,-0.9991176106945568
-0.04100000000000015,0.9991591464826812,0.17594520752138607,-0.9991591464826812,0.015019432006583603,-0.9991591464826812
-0.040000000000000036,0.9991996797437437,0.17593510557289924,-0.9991996797437437,0.015016870066750905,-0.9991996797437437
-0.039000000000000146,0.9992392105997442,0.17592525479923493,-0.9992392105997442,0.015014372100796059,-0.9992392105997442
-0.038000000000000034,0.9992777391696465,0.17591565506909224,-0.9992777391696465,0.015011938054736156,-0.9992777391696465
-0.037000000000000144,0.9993152655693797,0.17590630625455755,-0.9993152655693797,0.015009567875989569,-0.9993152655693797
-0.03600000000000003,0.9993517899118409,0.1758972082311003,-0.9993517899118409,0.015007261513374203,-0.9993517899118409
-0.03500000000000014,0.9993873123068954,0.17588836087756804,-0.9993873123068954,0.015005018917103338,-0.9993873123068954
-0.03400000000000003,0.9994218328613799,0.17587976407618136,-0.9994218328613799,0.01500284003878468,-0.9994218328613799
-0.03300000000000014,0.9994553516791033,0.17587141771253026,-0.9994553516791033,0.01500072483141717,-0.9994553516791033
-0.03200000000000003,0.9994878688608482,0.17586332167556845,-0.9994878688608482,0.014998673249387924,-0.9994878688608482
-0.031000000000000135,0.9995193845043727,0.17585547585761016,-0.9995193845043727,0.014996685248471009,-0.9995193845043727
-0.030000000000000027,0.9995498987044118,0.1758478801543255,-0.9995498987044118,0.014994760785824521,-0.9995498987044118
-0.029000000000000137,0.999579411552679,0.17584053446473694,-0.999579411552679,0.014992899819988751,-0.999579411552679
-0.028000000000000025,0.9996079231378671,0.1758334386912142,-0.9996079231378671,0.014991102310883192,-0.9996079231378671
-0.027000000000000135,0.9996354335456503,0.1758265927394723,-0.9996354335456503,0.014989368219805862,-0.9996354335456503
-0.02600000000000002,0.9996619428586845,0.17581999651856642,-0.9996619428586844,0.01498769750943045,-0.9996619428586844
-0.02500000000000013,0.9996874511566103,0.17581364994088905,-0.9996874511566102,0.014986090143803733,-0.9996874511566102
-0.02400000000000002,0.9997119585160519,0.17580755292216668,-0.9997119585160517,0.014984546088345575,-0.9997119585160517
-0.02300000000000013,0.9997354650106197,0.17580170538145645,-0.9997354650106197,0.014983065309845322,-0.9997354650106197
-0.02200000000000002,0.9997579707109115,0.1757961072411429,-0.9997579707109115,0.014981647776461129,-0.9997579707109115
-0.02100000000000013,0.9997794756845131,0.1757907584269352,-0.9997794756845131,0.014980293457718123,-0.9997794756845131
-0.020000000000000018,0.999799979995999,0.17578565886786437,-0.999799979995999,0.014979002324506906,-0.999799979995999
-0.019000000000000128,0.9998194837069339,0.17578080849628014,-0.9998194837069339,0.014977774349081648,-0.9998194837069339
-0.018000000000000016,0.9998379868758739,0.17577620724784881,-0.9998379868758739,0.014976609505059081,-0.9998379868758739
-0.017000000000000126,0.9998554895583661,0.17577185506155066,-0.9998554895583661,0.01497550776741692,-0.9998554895583661
-0.016000000000000014,0.9998719918069513,0.17576775187967753,-0.9998719918069513,0.014974469112492993,-0.9998719918069513
-0.015000000000000123,0.9998874936711628,0.17576389764783068,-0.9998874936711628,0.014973493517983256,-0.9998874936711628
-0.014000000000000012,0.9999019951975293,0.1757602923149185,-0.9999019951975293,0.014972580962941606,-0.9999019951975293
-0.013000000000000123,0.9999154964295733,0.17575693583315496,-0.9999154964295733,0.01497173142777803,-0.9999154964295733
-0.01200000000000001,0.9999279974078132,0.17575382815805737,-0.9999279974078132,0.014970944894257801,-0.9999279974078132
-0.01100000000000012,0.9999394981697642,0.1757509692484451,-0.9999394981697642,0.014970221345500995,-0.9999394981697642
-0.010000000000000009,0.9999499987499375,0.17574835906643768,-0.9999499987499375,0.014969560765981205,-0.9999499987499375
-0.009000000000000119,0.9999594991798418,0.1757459975774533,-0.9999594991798418,0.014968963141524313,-0.9999594991798418
-0.008000000000000007,0.9999679994879836,0.17574388475020755,-0.9999679994879836,0.014968428459308767,-0.9999679994879836
-0.007000000000000118,0.9999754996998677,0.1757420205567129,-0.9999754996998677,0.01496795670786442,-0.9999754996998677
-0.006000000000000005,0.9999819998379971,0.17574040497227636,-0.9999819998379971,0.014967547877071649,-0.9999819998379971
-0.0050000000000001155,0.999987499921874,0.17573903797549945,-0.999987499921874,0.014967201958161293,-0.999987499921874
-0.0040000000000000036,0.9999919999679997,0.17573791954827733,-0.9999919999679997,0.014966918943714366,-0.9999919999679997
-0.0030000000000001137,0.9999954999898749,0.17573704967579765,-0.9999954999898749,0.014966698827660581,-0.9999954999898749
-0.0020000000000000018,0.999997999998,0.1757364283465404,-0.999997999998,0.014966541605279623,-0.999997999998
-0.001000000000000112,0.999999499999875,0.17573605555227736,-0.999999499999875,0.014966447273199603,-0.999999499999875
0.0,1.0,0.17573593128807144,-1.0,0.01496641582939779,-1.0
0.0009999999999998899,0.999999499999875,0.17573605555227736,-0.999999499999875,0.014966447273199603,-0.999999499999875
0.0020000000000000018,0.999997999998,0.1757364283465404,-0.999997999998,0.014966541605279623,-0.999997999998
0.0029999999999998916,0.9999954999898749,0.17573704967579765,-0.9999954999898749,0.014966698827660581,-0.9999954999898749
0.0040000000000000036,0.9999919999679997,0.17573791954827733,-0.9999919999679997,0.014966918943714366,-0.9999919999679997
0.004999999999999893,0.999987499921874,0.17573903797549945,-0.999987499921874,0.014967201958161293,-0.999987499921874
0.006000000000000005,0.9999819998379971,0.17574040497227636,-0.9999819998379971,0.014967547877071649,-0.9999819998379971
0.006999999999999896,0.9999754996998677,0.1757420205567129,-0.9999754996998677,0.01496795670786442,-0.9999754996998677
0.008000000000000007,0.9999679994879836,0.17574388475020755,-0.9999679994879836,0.014968428459308767,-0.9999679994879836
0.008999999999999897,0.9999594991798418,0.1757459975774533,-0.9999594991798418,0.014968963141524313,-0.9999594991798418
0.010000000000000009,0.9999499987499375,0.17574835906643768,-0.9999499987499375,0.014969560765981205,-0.9999499987499375
0.010999999999999899,0.9999394981697642,0.1757509692484451,-0.9999394981697642,0.014970221345500995,-0.9999394981697642
0.01200000000000001,0.9999279974078132,0.17575382815805737,-0.9999279974078132,0.014970944894257801,-0.9999279974078132
0.0129999999999999,0.9999154964295733,0.17575693583315496,-0.9999154964295733,0.01497173142777803,-0.9999154964295733
0.014000000000000012,0.9999019951975293,0.1757602923149185,-0.9999019951975293,0.014972580962941606,-0.9999019951975293
0.014999999999999902,0.9998874936711628,0.17576389764783068,-0.9998874936711628,0.014973493517983256,-0.9998874936711628
0.016000000000000014,0.9998719918069513,0.17576775187967753,-0.9998719918069513,0.014974469112492993,-0.9998719918069513
0.016999999999999904,0.9998554895583661,0.17577185506155066,-0.9998554895583661,0.01497550776741692,-0.9998554895583661
0.018000000000000016,0.9998379868758739,0.17577620724784881,-0.9998379868758739,0.014976609505059081,-0.9998379868758739
0.018999999999999906,0.9998194837069339,0.17578080849628014,-0.9998194837069339,0.014977774349081648,-0.9998194837069339
0.020000000000000018,0.999799979995999,0.17578565886786437,-0.999799979995999,0.014979002324506906,-0.999799979995999
0.020999999999999908,0.9997794756845131,0.1757907584269352,-0.9997794756845131,0.014980293457718123,-0.9997794756845131
0.02200000000000002,0.9997579707109115,0.1757961072411429,-0.9997579707109115,0.014981647776461129,-0.9997579707109115
0.02299999999999991,0.9997354650106197,0.17580170538145645,-0.9997354650106198,0.014983065309845322,-0.9997354650106198
0.02400000000000002,0.9997119585160519,0.17580755292216668,-0.999711958516052,0.014984546088345575,-0.999711958516052
0.02499999999999991,0.9996874511566103,0.17581364994088905,-0.9996874511566103,0.014986090143803733,-0.9996874511566103
0.02600000000000002,0.9996619428586845,0.17581999651856642,-0.9996619428586847,0.01498769750943045,-0.9996619428586847
0.026999999999999913,0.9996354335456503,0.1758265927394723,-0.9996354335456503,0.014989368219805862,-0.9996354335456503
0.028000000000000025,0.9996079231378671,0.1758334386912142,-0.9996079231378671,0.014991102310883192,-0.9996079231378671
0.028999999999999915,0.999579411552679,0.17584053446473694,-0.999579411552679,0.014992899819988751,-0.999579411552679
0.030000000000000027,0.9995498987044118,0.1758478801543255,-0.9995498987044118,0.014994760785824521,-0.9995498987044118
0.03099999999999992,0.9995193845043727,0.17585547585761016,-0.9995193845043727,0.014996685248471009,-0.9995193845043727
0.03200000000000003,0.9994878688608482,0.17586332167556845,-0.9994878688608482,0.014998673249387924,-0.9994878688608482
0.03299999999999992,0.9994553516791033,0.17587141771253026,-0.9994553516791033,0.01500072483141717,-0.9994553516791033
0.03400000000000003,0.9994218328613799,0.17587976407618136,-0.9994218328613799,0.01500284003878468,-0.9994218328613799
0.03499999999999992,0.9993873123068954,0.17588836087756798,-0.9993873123068954,0.01500501891710327,-0.9993873123068954
0.03600000000000003,0.9993517899118409,0.1758972082311003,-0.9993517899118409,0.015007261513374203,-0.9993517899118409
0.03699999999999992,0.9993152655693797,0.17590630625455755,-0.9993152655693797,0.015009567875989569,-0.9993152655693797
0.038000000000000034,0.9992777391696465,0.17591565506909224,-0.9992777391696465,0.015011938054736156,-0.9992777391696465
0.038999999999999924,0.9992392105997442,0.17592525479923493,-0.9992392105997442,0.015014372100796059,-0.9992392105997442
0.040000000000000036,0.9991996797437437,0.17593510557289924,-0.9991996797437437,0.015016870066750905,-0.9991996797437437
0.040999999999999925,0.9991591464826812,0.17594520752138607,-0.9991591464826812,0.015019432006583603,-0.9991591464826812
0.04200000000000004,0.9991176106945568,0.17595556077938956,-0.9991176106945568,0.015022057975681624,-0.9991176106945568
0.04299999999999993,0.9990750722543327,0.17596616548500152,-0.9990750722543327,0.015024748030839911,-0.9990750722543327
0.04400000000000004,0.9990315310339308,0.17597702177971752,-0.9990315310339308,0.015027502230263532,-0.9990315310339308
0.04499999999999993,0.998986986902232,0.17598812980844172,-0.998986986902232,0.015030320633570264,-0.998986986902232
0.046000000000000034,0.9989414397250722,0.17599948971949286,-0.9989414397250722,0.01503320330179481,-0.9989414397250722
0.046999999999999924,0.9988948893652425,0.17601110166460956,-0.9988948893652425,0.015036150297391441,-0.9988948893652425
0.04800000000000004,0.9988473356824856,0.17602296579895677,-0.9988473356824856,0.01503916168423652,-0.9988473356824856
0.04899999999999993,0.9987987785334943,0.17603508228113138,-0.9987987785334943,0.015042237527632979,-0.9987987785334943
0.050000000000000044,0.998749217771909,0.1760474512731688,-0.998749217771909,0.015045377894312907,-0.998749217771909
0.050999999999999934,0.998698653248316,0.17606007294054846,-0.998698653248316,0.015048582852441492,-0.998698653248316
0.05200000000000004,0.9986470848102448,0.17607294745220098,-0.9986470848102448,0.01505185247162014,-0.9986470848102448
0.05299999999999993,0.9985945123021657,0.17608607498051454,-0.9985945123021657,0.01505518682289036,-0.9985945123021657
0.05400000000000005,0.998540935565488,0.17609945570134122,-0.998540935565488,0.015058585978737493,-0.998540935565488
0.05499999999999994,0.998486354438557,0.17611308979400456,-0.998486354438557,0.015062050013094385,-0.998486354438557
0.05600000000000005,0.9984307687566525,0.1761269774413058,-0.9984307687566525,0.015065579001344784,-0.9984307687566525
0.05699999999999994,0.9983741783519845,0.1761411188295313,-0.9983741783519845,0.015069173020328784,-0.9983741783519845
0.058000000000000045,0.9983165830536924,0.17615551414845984,-0.9983165830536924,0.015072832148344916,-0.9983165830536924
0.05899999999999994,0.998257982687842,0.1761701635913703,-0.998257982687842,0.015076556465155532,-0.998257982687842
0.06000000000000005,0.9981983770774224,0.17618506735504855,-0.9981983770774224,0.015080346051989995,-0.9981983770774224
0.06099999999999994,0.9981377660423436,0.17620022563979554,-0.9981377660423436,0.015084200991550452,-0.9981377660423436
0.062000000000000055,0.9980761493994333,0.1762156386494352,-0.9980761493994333,0.015088121368014417,-0.9980761493994333
0.06299999999999994,0.9980135269624355,0.17623130659132225,-0.9980135269624355,0.01509210726704042,-0.9980135269624355
0.06400000000000006,0.9979498985420061,0.17624722967635034,-0.9979498985420061,0.015096158775771666,-0.9979498985420061
0.06499999999999995,0.9978852639457104,0.1762634081189604,-0.9978852639457105,0.015100275982841612,-0.9978852639457105
0.06599999999999984,0.997819622978021,0.17627984213714895,-0.9978196229780211,0.015104458978377366,-0.9978196229780211
0.06699999999999995,0.997752975440314,0.17629653195247685,-0.997752975440314,0.015108707854005332,-0.997752975440314
0.06799999999999984,0.9976853211308664,0.1763134777900776,-0.9976853211308662,0.015113022702856024,-0.9976853211308662
0.06899999999999995,0.9976166598448524,0.17633067987866657,-0.9976166598448523,0.015117403619568698,-0.9976166598448523
0.06999999999999984,0.9975469913743412,0.17634813845054995,-0.9975469913743412,0.015121850700295762,-0.9975469913743412
0.07099999999999995,0.9974763155082932,0.1763658537416339,-0.9974763155082934,0.015126364042709239,-0.9974763155082934
0.07199999999999984,0.9974046320325568,0.17638382599143348,-0.9974046320325568,0.015130943746004908,-0.9974046320325568
0.07299999999999995,0.9973319407298655,0.1764020554430827,-0.9973319407298655,0.015135589910907606,-0.9973319407298655
0.07399999999999984,0.9972582413798344,0.1764205423433438,-0.9972582413798344,0.015140302639677075,-0.9972582413798344
0.07499999999999996,0.9971835337589565,0.17643928694261685,-0.9971835337589565,0.015145082036112983,-0.9971835337589565
0.07599999999999985,0.9971078176406,0.17645828949495018,-0.9971078176406,0.01514992820556024,-0.9971078176406
0.07699999999999996,0.9970310927950041,0.17647755025804993,-0.9970310927950041,0.015154841254915235,-0.9970310927950041
0.07799999999999985,0.996953358989276,0.17649706949329036,-0.996953358989276,0.015159821292630873,-0.996953358989276
0.07899999999999996,0.9968746159873869,0.17651684746572438,-0.9968746159873869,0.015164868428723168,-0.9968746159873869
0.07999999999999985,0.996794863550169,0.17653688444409427,-0.996794863550169,0.015169982774776266,-0.996794863550169
0.08099999999999996,0.9967141014353113,0.17655718070084173,-0.9967141014353113,0.015175164443948296,-0.9967141014353113
0.08199999999999985,0.996632329397356,0.1765777365121195,-0.996632329397356,0.01518041355097837,-0.996632329397356
0.08299999999999996,0.9965495471876951,0.1765985521578017,-0.9965495471876951,0.015185730212191944,-0.9965495471876951
0.08399999999999985,0.9964657545545658,0.17661962792149538,-0.9964657545545658,0.01519111454550742,-0.9964657545545658
0.08499999999999996,0.9963809512430474,0.1766409640905518,-0.9963809512430474,0.01519656667044226,-0.9963809512430474
0.08599999999999985,0.9962951369950573,0.17666256095607782,-0.9962951369950573,0.015202086708119568,-0.9962951369950573
0.08699999999999995,0.9962083115493466,0.17668441881294772,-0.9962083115493466,0.015207674781274225,-0.9962083115493466
0.08799999999999984,0.9961204746414963,0.17670653795981456,-0.9961204746414963,0.015213331014260078,-0.9961204746414963
0.08899999999999997,0.9960316260039135,0.17672891869912308,-0.9960316260039135,0.01521905553305599,-0.9960316260039135
0.08999999999999986,0.995941765365827,0.17675156133712072,-0.995941765365827,0.01522484846527333,-0.995941765365827
0.09099999999999997,0.9958508924532828,0.1767744661838707,-0.9958508924532828,0.015230709940161997,-0.9958508924532828
0.09199999999999986,0.9957590069891409,0.17679763355326444,-0.9957590069891409,0.015236640088618669,-0.9957590069891409
0.09299999999999996,0.9956661086930698,0.1768210637630337,-0.9956661086930698,0.015242639043192426,-0.9956661086930698
0.09399999999999985,0.9955721972815432,0.17684475713476425,-0.9955721972815432,0.015248706938092637,-0.9955721972815432
0.09499999999999997,0.9954772724678349,0.17686871399390783,-0.9954772724678349,0.015254843909196784,-0.9954772724678349
0.09599999999999986,0.9953813339620148,0.1768929346697962,-0.9953813339620148,0.01526105009405684,-0.9953813339620148
0.09699999999999998,0.9952843814709441,0.1769174194956542,-0.9952843814709441,0.015267325631907431,-0.9952843814709441
0.09799999999999986,0.9951864146982715,0.1769421688086128,-0.9951864146982715,0.015273670663672897,-0.9951864146982715
0.09899999999999996,0.9950874333444273,0.1769671829497235,-0.9950874333444273,0.015280085331975661,-0.9950874333444273
0.09999999999999985,0.9949874371066201,0.17699246226397194,-0.9949874371066201,0.015286569781143289,-0.9949874371066201
0.10099999999999998,0.9948864256788309,0.17701800710029156,-0.9948864256788309,0.01529312415721692,-0.9948864256788309
0.10199999999999987,0.9947843987518099,0.1770438178115786,-0.9947843987518099,0.01529974860795888,-0.9947843987518099
0.10299999999999998,0.9946813560130703,0.1770698947547054,-0.9946813560130703,0.015306443282861442,-0.9946813560130703
0.10399999999999987,0.9945772971468835,0.17709623829053636,-0.9945772971468835,0.01531320833315424,-0.9945772971468835
0.10499999999999997,0.9944722218342753,0.1771228487839413,-0.9944722218342753,0.015320043911812697,-0.9944722218342753
0.10599999999999986,0.9943661297530201,0.17714972660381137,-0.9943661297530201,0.015326950173566991,-0.9943661297530201
0.10699999999999998,0.9942590205776359,0.1771768721230741,-0.9942590205776359,0.015333927274910349,-0.9942590205776359
0.10799999999999987,0.9941508939793797,0.1772042857187083,-0.9941508939793797,0.015340975374107335,-0.9941508939793797
0.10899999999999999,0.9940417496262418,0.17723196777175967,-0.9940417496262418,0.015348094631202899,-0.9940417496262418
0.10999999999999988,0.9939315871829408,0.17725991866735666,-0.993931587182941,0.01535528520803147,-0.993931587182941
0.11099999999999997,0.993820406310919,0.17728813879472674,-0.993820406310919,0.01536254726822573,-0.993820406310919
0.11199999999999988,0.9937082066683358,0.17731662854721122,-0.9937082066683358,0.015369880977225452,-0.9937082066683358
0.11299999999999999,0.9935949879100638,0.17734538832228305,-0.993594987910064,0.01537728650228667,-0.993594987910064
0.11399999999999988,0.9934807496876826,0.17737441852156238,-0.9934807496876826,0.015384764012491937,-0.9934807496876826
0.11499999999999999,0.9933654916494734,0.17740371955083348,-0.9933654916494735,0.015392313678758561,-0.9933654916494735
0.11599999999999988,0.9932492134404134,0.1774332918200611,-0.9932492134404134,0.015399935673849263,-0.9932492134404134
0.11699999999999999,0.9931319147021709,0.17746313574340894,-0.993131914702171,0.015407630172380136,-0.993131914702171
0.11799999999999988,0.9930135950730987,0.17749325173925493,-0.9930135950730988,0.015415397350833011,-0.9930135950730988
0.119,0.9928942541882293,0.1775236402302104,-0.9928942541882294,0.015423237387562858,-0.9928942541882294
0.11999999999999988,0.9927738916792685,0.1775543016431368,-0.9927738916792685,0.015431150462809696,-0.9927738916792685
0.121,0.9926525071745903,0.17758523640916385,-0.9926525071745903,0.015439136758707273,-0.9926525071745903
0.12199999999999989,0.9925301002992301,0.17761644496370765,-0.9925301002992301,0.01544719645929477,-0.9925301002992301
0.123,0.9924066706748802,0.17764792774648905,-0.9924066706748802,0.01545532975052529,-0.9924066706748802
0.12399999999999989,0.9922822179198819,0.17767968520155158,-0.9922822179198819,0.01546353682027924,-0.9922822179198819
0.125,0.9921567416492215,0.17771171777728126,-0.9921567416492215,0.015471817858372029,-0.9921567416492215
0.1259999999999999,0.9920302414745228,0.17774402592642422,-0.9920302414745228,0.015480173056566753,-0.9920302414745228
0.127,0.9919027170040419,0.17777661010610699,-0.9919027170040419,0.015488602608584206,-0.9919027170040419
0.1279999999999999,0.9917741678426597,0.1778094707778548,-0.9917741678426597,0.015497106710114625,-0.9917741678426597
0.129,0.9916445935918775,0.1778426084076122,-0.9916445935918775,0.015505685558828364,-0.9916445935918775
0.1299999999999999,0.9915139938498095,0.1778760234657622,-0.9915139938498095,0.015514339354386836,-0.9915139938498095
0.131,0.9913823682111761,0.17790971642714618,-0.9913823682111761,0.01552306829845549,-0.991382368211176
0.1319999999999999,0.9912497162672987,0.1779436877710846,-0.9912497162672987,0.015531872594713402,-0.9912497162672985
0.133,0.9911160376060918,0.17797793798139705,-0.9911160376060918,0.015540752448866381,-0.9911160376060918
0.1339999999999999,0.9909813318120579,0.17801246754642336,-0.9909813318120579,0.015549708068658324,-0.9909813318120579
0.135,0.9908455984662797,0.17804727695904404,-0.9908455984662797,0.015558739663883655,-0.9908455984662797
0.1359999999999999,0.9907088371464142,0.1780823667167017,-0.9907088371464142,0.015567847446398263,-0.9907088371464142
0.137,0.9905710474266851,0.17811773732142264,-0.9905710474266851,0.015577031630133636,-0.9905710474266851
0.1379999999999999,0.9904322288778774,0.1781533892798377,-0.9904322288778774,0.01558629243110747,-0.9904322288778774
0.139,0.990292381067329,0.17818932310320512,-0.990292381067329,0.015595630067437732,-0.990292381067329
0.1399999999999999,0.9901515035589251,0.178225539307432,-0.9901515035589251,0.015605044759353804,-0.9901515035589252
0.14100000000000001,0.9900095959130901,0.1782620384130967,-0.9900095959130901,0.015614536729211101,-0.9900095959130901
0.1419999999999999,0.9898666576867816,0.1782988209454714,-0.9898666576867816,0.015624106201502345,-0.9898666576867816
0.14300000000000002,0.9897226884334822,0.17833588743454512,-0.9897226884334822,0.01563375340287252,-0.9897226884334822
0.1439999999999999,0.989577687703194,0.17837323841504688,-0.989577687703194,0.01564347856213057,-0.989577687703194
0.14500000000000002,0.9894316550424288,0.1784108744264684,-0.9894316550424288,0.015653281910263717,-0.9894316550424288
0.1459999999999999,0.9892845899942039,0.1784487960130882,-0.9892845899942039,0.01566316368045087,-0.9892845899942039
0.14700000000000002,0.9891364920980318,0.1784870037239955,-0.9891364920980318,0.01567312410807676,-0.9891364920980318
0.1479999999999999,0.9889873608899156,0.17852549811311394,-0.9889873608899156,0.015683163430744624,-0.9889873608899156
0.14900000000000002,0.9888371959023385,0.17856427973922614,-0.9888371959023385,0.01569328188829276,-0.9888371959023385
0.1499999999999999,0.9886859966642594,0.17860334916599807,-0.9886859966642594,0.015703479722805495,-0.9886859966642594
0.15100000000000002,0.9885337627011026,0.17864270696200413,-0.9885337627011026,0.015713757178630685,-0.9885337627011028
0.1519999999999999,0.9883804935347521,0.17868235370075214,-0.9883804935347521,0.0157241145023922,-0.9883804935347521
0.15300000000000002,0.9882261886835422,0.1787222899607091,-0.9882261886835422,0.015734551943005964,-0.9882261886835422
0.15399999999999991,0.9880708476622514,0.17876251632532614,-0.9880708476622514,0.0157450697516939,-0.9880708476622512
0.15500000000000003,0.9879144699820932,0.17880303338306505,-0.9879144699820932,0.01575566818199941,-0.9879144699820932
0.15599999999999992,0.9877570551507087,0.17884384172742412,-0.9877570551507088,0.01576634748980362,-0.9877570551507088
0.15700000000000003,0.9875986026721585,0.1788849419569652,-0.9875986026721584,0.01577710793333825,-0.9875986026721584
0.15799999999999992,0.9874391120469149,0.17892633467533942,-0.9874391120469148,0.01578794977320432,-0.9874391120469148
0.15900000000000003,0.9872785827718538,0.17896802049131538,-0.9872785827718539,0.015798873272385456,-0.9872785827718538
0.15999999999999992,0.9871170143402453,0.17901000001880563,-0.9871170143402453,0.015809878696265323,-0.9871170143402453
0.16100000000000003,0.9869544062417474,0.17905227387689482,-0.9869544062417472,0.01582096631264354,-0.9869544062417472
0.16199999999999992,0.9867907579623961,0.17909484268986736,-0.9867907579623961,0.015832136391750757,-0.9867907579623961
0.16300000000000003,0.9866260689845976,0.17913770708723553,-0.9866260689845975,0.015843389206267097,-0.9866260689845975
0.16399999999999992,0.9864603387871203,0.1791808677037682,-0.9864603387871203,0.015854725031337207,-0.9864603387871203
0.16500000000000004,0.9862935668450848,0.17922432517951967,-0.9862935668450848,0.01586614414458865,-0.9862935668450848
0.16599999999999993,0.9861257526299574,0.17926808015985826,-0.9861257526299575,0.015877646826147146,-0.9861257526299575
0.16700000000000004,0.9859568956095393,0.1793121332954963,-0.9859568956095394,0.015889233358655382,-0.9859568956095394
0.16799999999999993,0.9857869952479592,0.1793564852425197,-0.9857869952479592,0.01590090402728976,-0.9857869952479592
0.16900000000000004,0.9856160510056642,0.1794011366624176,-0.9856160510056642,0.015912659119778284,-0.9856160510056642
0.16999999999999993,0.9854440623394105,0.179446088222113,-0.9854440623394105,0.015924498926418645,-0.9854440623394105
0.17100000000000004,0.9852710287022551,0.17949134059399344,-0.9852710287022551,0.015936423740094855,-0.985271028702255
0.17199999999999996,0.9850969495435462,0.1795368944559419,-0.9850969495435462,0.015948433856297926,-0.9850969495435462
0.17300000000000004,0.9849218243089143,0.17958275049136796,-0.9849218243089143,0.015960529573141955,-0.9849218243089143
0.1739999999999999,0.9847456524402634,0.1796289093892396,-0.9847456524402634,0.015972711191384537,-0.9847456524402634
0.17500000000000004,0.9845684333757608,0.17967537184411483,-0.9845684333757608,0.015984979014444213,-0.9845684333757608
0.17599999999999993,0.984390166549829,0.17972213855617436,-0.984390166549829,0.015997333348421,-0.984390166549829
0.17700000000000007,0.9842108513931351,0.17976921023125392,-0.9842108513931351,0.016009774502114393,-0.984210851393135
0.17799999999999994,0.9840304873325827,0.1798165875808773,-0.9840304873325827,0.016022302787043575,-0.9840304873325825
0.17900000000000002,0.9838490737913006,0.17986427132228963,-0.9838490737913006,0.016034918517466957,-0.9838490737913006
0.17999999999999994,0.9836666101886349,0.17991226217849077,-0.9836666101886349,0.01604762201040258,-0.9836666101886349
0.18100000000000005,0.9834830959401386,0.17996056087826964,-0.9834830959401386,0.016060413585647294,-0.9834830959401386
0.18199999999999994,0.9832985304575615,0.1800091681562386,-0.9832985304575615,0.01607329356579794,-0.9832985304575615
0.18300000000000005,0.9831129131488408,0.18005808475286736,-0.9831129131488408,0.01608626227627222,-0.9831129131488408
0.18399999999999997,0.9829262434180909,0.18010731141451902,-0.9829262434180909,0.01609932004532835,-0.9829262434180909
0.18500000000000005,0.9827385206655939,0.1801568488934848,-0.9827385206655939,0.016112467204087676,-0.9827385206655939
0.18599999999999992,0.9825497442877893,0.18020669794802027,-0.9825497442877893,0.016125704086554664,-0.9825497442877894
0.18700000000000006,0.9823599136772632,0.1802568593423807,-0.9823599136772632,0.016139031029639452,-0.9823599136772634
0.18799999999999994,0.9821690282227393,0.1803073338468585,-0.9821690282227393,0.016152448373179144,-0.9821690282227393
0.18900000000000008,0.9819770873090675,0.1803581222378197,-0.9819770873090675,0.016165956459960072,-0.9819770873090675
0.18999999999999995,0.9817840903172143,0.18040922529774078,-0.9817840903172143,0.016179555635739973,-0.9817840903172143
0.19100000000000003,0.9815900366242518,0.1804606438152472,-0.9815900366242518,0.016193246249270273,-0.9815900366242518
0.19199999999999995,0.9813949256033475,0.18051237858515068,-0.9813949256033475,0.016207028652319874,-0.9813949256033475
0.1929999999999998,0.9811987566237536,0.180564430408488,-0.9811987566237536,0.01622090319969704,-0.9811987566237536
0.19399999999999995,0.9810015290507961,0.18061680009255962,-0.9810015290507961,0.016234870249273305,-0.9810015290507961
0.19499999999999984,0.9808032422458646,0.18066948845096922,-0.9808032422458646,0.016248930162007014,-0.9808032422458646
0.19599999999999998,0.9806038955664005,0.18072249630366283,-0.9806038955664005,0.016263083301967497,-0.9806038955664005
0.19699999999999984,0.980403488365887,0.1807758244769693,-0.980403488365887,0.016277330036358242,-0.980403488365887
0.19799999999999993,0.9802020199938378,0.18082947380364056,-0.9802020199938378,0.016291670735541993,-0.9802020199938378
0.19899999999999984,0.9799994897957857,0.18088344512289262,-0.9799994897957857,0.01630610577306539,-0.9799994897957857
0.19999999999999996,0.9797958971132712,0.18093773928044662,-0.9797958971132712,0.01632063552568422,-0.9797958971132712
0.20099999999999985,0.9795912412838327,0.1809923571285708,-0.9795912412838327,0.016335260373387096,-0.9795912412838327
0.20199999999999996,0.979385521640993,0.1810472995261224,-0.9793855216409931,0.016349980699423144,-0.9793855216409931
0.20299999999999987,0.9791787375142498,0.18110256733859068,-0.9791787375142498,0.016364796890326327,-0.9791787375142498
0.20399999999999996,0.9789708882290628,0.18115816143813923,-0.9789708882290628,0.016379709335941472,-0.9789708882290628
0.20499999999999982,0.9787619731068428,0.18121408270364997,-0.978761973106843,0.016394718429451987,-0.978761973106843
0.20599999999999996,0.97855199146494,0.18127033202076717,-0.9785519914649401,0.016409824567404696,-0.9785519914649401
0.20699999999999985,0.9783409426166321,0.18132691028194137,-0.9783409426166321,0.016425028149738216,-0.9783409426166321
0.208,0.9781288258711118,0.1813838183864745,-0.9781288258711118,0.016440329579809957,-0.9781288258711117
0.20899999999999985,0.9779156405334767,0.1814410572405649,-0.9779156405334767,0.016455729264422885,-0.9779156405334767
0.20999999999999994,0.9777013859047149,0.18149862775735376,-0.9777013859047149,0.016471227613854625,-0.9777013859047149
0.21099999999999985,0.9774860612816942,0.18155653085697035,-0.9774860612816941,0.01648682504188443,-0.9774860612816941
0.21199999999999997,0.9772696659571503,0.18161476746657965,-0.9772696659571504,0.01650252196582315,-0.9772696659571504
0.21299999999999986,0.9770521992196732,0.181673338520429,-0.9770521992196732,0.016518318806540908,-0.9770521992196732
0.21399999999999997,0.9768336603536961,0.18173224495989596,-0.976833660353696,0.016534215988496435,-0.976833660353696
0.21499999999999989,0.9766140486394818,0.18179148773353648,-0.9766140486394819,0.01655021393976727,-0.9766140486394819
0.21599999999999997,0.9763933633531109,0.18185106779713384,-0.9763933633531109,0.01656631309207883,-0.9763933633531109
0.21699999999999983,0.9761716037664689,0.18191098611374734,-0.9761716037664689,0.016582513880835204,-0.9761716037664689
0.21799999999999997,0.9759487691472335,0.1819712436537625,-0.9759487691472335,0.016598816745149184,-0.9759487691472335
0.21899999999999986,0.9757248587588614,0.18203184139494066,-0.9757248587588614,0.01661522212787368,-0.9757248587588614
0.22,0.975499871860576,0.18209278032247084,-0.975499871860576,0.016631730475632076,-0.9754998718605757
0.22099999999999986,0.9752738077073535,0.18215406142901971,-0.9752738077073535,0.01664834223885121,-0.9752738077073535
0.22199999999999995,0.975046665549911,0.18221568571478416,-0.975046665549911,0.016665057871791948,-0.975046665549911
0.22299999999999986,0.974818444634692,0.18227765418754346,-0.974818444634692,0.016681877832582143,-0.9748184446346919
0.22399999999999998,0.9745891442038538,0.18233996786271248,-0.9745891442038537,0.0166988025832494,-0.9745891442038537
0.22499999999999987,0.9743587634952539,0.18240262776339458,-0.9743587634952539,0.01671583258975389,-0.9743587634952539
0.22599999999999998,0.9741273017424366,0.182465634920436,-0.9741273017424366,0.01673296832202167,-0.9741273017424363
0.2269999999999999,0.9738947581746192,0.18252899037248035,-0.9738947581746193,0.016750210253979256,-0.9738947581746193
0.22799999999999998,0.9736611320166785,0.18259269516602378,-0.9736611320166785,0.016767558863586857,-0.9736611320166785
0.22899999999999987,0.9734264224891371,0.18265675035547066,-0.9734264224891371,0.016785014632873522,-0.9734264224891371
0.22999999999999998,0.9731906288081488,0.18272115700319005,-0.9731906288081488,0.01680257804797228,-0.9731906288081489
0.23099999999999987,0.9729537501854855,0.1827859161795723,-0.9729537501854856,0.01682024959915498,-0.9729537501854856
0.232,0.9727157858285224,0.18285102896308686,-0.9727157858285224,0.016838029780868614,-0.9727157858285223
0.23299999999999987,0.9724767349402247,0.18291649644034053,-0.9724767349402247,0.016855919091771435,-0.9724767349402247
0.23399999999999999,0.9722365967191319,0.18298231970613538,-0.9722365967191319,0.01687391803476976,-0.9722365967191317
0.23499999999999988,0.9719953703593448,0.1830484998635294,-0.9719953703593448,0.016892027117054176,-0.9719953703593447
0.236,0.9717530550505102,0.18311503802389503,-0.9717530550505102,0.016910246850138477,-0.9717530550505102
0.23699999999999988,0.9715096499778065,0.1831819353069813,-0.9715096499778066,0.016928577749896718,-0.9715096499778066
0.238,0.9712651543219287,0.18324919284097332,-0.9712651543219288,0.016947020336601462,-0.9712651543219287
0.2389999999999999,0.9710195672590745,0.18331681176255596,-0.9710195672590746,0.016965575134962937,-0.9710195672590746
0.24,0.9707728879609276,0.18338479321697526,-0.9707728879609279,0.016984242674168513,-0.9707728879609279
0.24099999999999988,0.9705251155946455,0.18345313835810198,-0.9705251155946455,0.017003023487922056,-0.9705251155946455
0.242,0.9702762493228411,0.18352184834849555,-0.9702762493228412,0.017021918114484298,-0.9702762493228413
0.24299999999999988,0.9700262883035697,0.1835909243594686,-0.9700262883035697,0.017040927096713544,-0.9700262883035697
0.24400000000000002,0.9697752316903129,0.18366036757115234,-0.9697752316903129,0.017060050982107056,-0.9697752316903129
0.24499999999999988,0.9695230786319633,0.1837301791725623,-0.9695230786319633,0.01707929032284184,-0.9695230786319633
0.246,0.9692698282728085,0.18380036036166522,-0.9692698282728087,0.017098645675817998,-0.9692698282728085
0.2469999999999999,0.9690154797525167,0.1838709123454464,-0.9690154797525167,0.017118117602700114,-0.9690154797525167
0.248,0.9687600322061186,0.18394183633997743,-0.9687600322061188,0.017137706669961637,-0.9687600322061188
0.2489999999999999,0.9685034847639941,0.18401313357048582,-0.968503484763994,0.017157413448927496,-0.968503484763994
0.25,0.9682458365518543,0.1840848052714239,-0.9682458365518543,0.01717723851581867,-0.9682458365518543
0.2509999999999999,0.9679870866907266,0.18415685268653922,-0.9679870866907266,0.01719718245179713,-0.9679870866907264
0.252,0.9677272342969377,0.18422927706894612,-0.9677272342969377,0.01721724584301006,-0.9677272342969377
0.2529999999999999,0.9674662784820978,0.1843020796811967,-0.9674662784820978,0.01723742928063704,-0.9674662784820978
0.254,0.9672042183530839,0.18437526179535477,-0.9672042183530839,0.017257733360935022,-0.9672042183530841
0.2549999999999999,0.9669410530120232,0.18444882469306775,-0.9669410530120233,0.017278158685286055,-0.9669410530120232
0.256,0.9666767815562759,0.18452276966564216,-0.9666767815562758,0.01729870586024443,-0.9666767815562758
0.2569999999999999,0.9664114030784199,0.18459709801411783,-0.9664114030784199,0.01731937549758386,-0.9664114030784199
0.258,0.9661449166662318,0.18467181104934388,-0.9661449166662318,0.017340168214347498,-0.9661449166662318
0.2589999999999999,0.9658773214026718,0.18474691009205585,-0.9658773214026718,0.017361084632895842,-0.9658773214026719
0.26,0.9656086163658649,0.18482239647295257,-0.9656086163658648,0.01738212538095697,-0.9656086163658648
0.2609999999999999,0.9653388006290848,0.18489827153277483,-0.9653388006290851,0.01740329109167688,-0.9653388006290851
0.262,0.965067873260736,0.18497453662238464,-0.9650678732607361,0.017424582403669734,-0.965067873260736
0.2629999999999999,0.964795833324336,0.18505119310284507,-0.9647958333243362,0.01744599996107025,-0.964795833324336
0.264,0.9645226798784983,0.18512824234550115,-0.9645226798784983,0.017467544413585615,-0.9645226798784983
0.2649999999999999,0.9642484119769139,0.1852056857320619,-0.9642484119769139,0.01748921641654796,-0.9642484119769139
0.266,0.9639730286683337,0.18528352465468317,-0.9639730286683337,0.017511016630967643,-0.9639730286683337
0.2669999999999999,0.9636965289965508,0.18536176051605086,-0.9636965289965508,0.01753294572358829,-0.9636965289965507
0.268,0.9634189120003821,0.18544039472946583,-0.963418912000382,0.017555004366939946,-0.963418912000382
0.2689999999999999,0.9631401767136496,0.18551942871892935,-0.9631401767136494,0.01757719323939616,-0.9631401767136494
0.27,0.9628603221651623,0.1855988639192292,-0.9628603221651624,0.017599513025228428,-0.9628603221651623
0.2709999999999999,0.9625793473786979,0.1856787017760275,-0.9625793473786979,0.01762196441466435,-0.9625793473786979
0.272,0.9622972513729839,0.185758943745949,-0.962297251372984,0.01764454810394386,-0.962297251372984
0.2729999999999999,0.962014033161679,0.1858395912966703,-0.9620140331616789,0.01766726479537847,-0.9620140331616789
0.274,0.9617296917533533,0.1859206459070101,-0.9617296917533534,0.017690115197409245,-0.9617296917533534
0.2749999999999999,0.9614442261514705,0.18600210906702075,-0.9614442261514705,0.017713100024666608,-0.9614442261514705
0.276,0.9611576353543678,0.18608398227808076,-0.9611576353543678,0.017736219998031235,-0.9611576353543678
0.2769999999999999,0.9608699183552372,0.1861662670529878,-0.9608699183552372,0.017759475844693867,-0.9608699183552372
0.278,0.9605810741421049,0.1862489649160534,-0.9605810741421048,0.01778286829821856,-0.9605810741421049
0.2789999999999999,0.9602911016978133,0.18633207740319832,-0.9602911016978135,0.01780639809860409,-0.9602911016978135
0.28,0.9600000000000001,0.18641560606204974,-0.9600000000000001,0.017830065992347936,-0.9600000000000001
0.2809999999999999,0.9597077680210784,0.18649955245203786,-0.9597077680210786,0.017853872732509976,-0.9597077680210786
0.28200000000000003,0.9594144047282176,0.1865839181444958,-0.9594144047282177,0.017877819078778414,-0.9594144047282177
0.2829999999999999,0.9591199090833221,0.18666870472275857,-0.959119909083322,0.017901905797533934,-0.9591199090833221
0.28400000000000003,0.9588242800430118,0.18675391378226464,-0.958824280043012,0.017926133661917303,-0.958824280043012
0.2849999999999999,0.9585275165586016,0.18683954693065805,-0.9585275165586017,0.01795050345189695,-0.9585275165586016
0.28600000000000003,0.9582296175760797,0.18692560578789175,-0.9582296175760797,0.017975015954336235,-0.9582296175760797
0.2869999999999999,0.957930582036089,0.1870120919863319,-0.957930582036089,0.017999671963063516,-0.9579305820360888
0.28800000000000003,0.9576304088739037,0.1870990071708639,-0.9576304088739038,0.018024472278941675,-0.9576304088739038
0.2889999999999999,0.9573290970194106,0.18718635299899883,-0.9573290970194108,0.01804941770993832,-0.9573290970194108
0.29000000000000004,0.9570266453970859,0.18727413114098213,-0.9570266453970859,0.01807450907119933,-0.9570266453970859
0.2909999999999999,0.9567230529259761,0.1873623432799028,-0.9567230529259761,0.01809974718511972,-0.9567230529259759
0.29200000000000004,0.9564183185196737,0.18745099111180422,-0.9564183185196737,0.01812513288141733,-0.9564183185196737
0.2929999999999999,0.9561124410862982,0.18754007634579511,-0.9561124410862983,0.01815066699720899,-0.9561124410862983
0.29400000000000004,0.955805419528473,0.18762960070416398,-0.955805419528473,0.01817635037708353,-0.9558054195284728
0.29499999999999993,0.9554972527433033,0.18771956592249328,-0.9554972527433033,0.01820218387318039,-0.9554972527433033
0.29600000000000004,0.9551879396223553,0.18780997374977462,-0.9551879396223553,0.018228168345265826,-0.9551879396223553
0.29699999999999993,0.954877479051632,0.18790082594852672,-0.9548774790516322,0.018254304660810922,-0.9548774790516322
0.29800000000000004,0.954565869911553,0.18799212429491385,-0.9545658699115531,0.018280593695072452,-0.9545658699115531
0.29899999999999993,0.9542531110769303,0.1880838705788651,-0.9542531110769304,0.01830703633117166,-0.9542531110769304
0.30000000000000004,0.9539392014169458,0.18817606660419645,-0.9539392014169458,0.01833363346017689,-0.9539392014169458
0.30099999999999993,0.9536241397951292,0.18826871418873325,-0.9536241397951293,0.018360385981185032,-0.9536241397951293
0.30200000000000005,0.9533079250693346,0.1883618151644343,-0.9533079250693347,0.01838729480140602,-0.9533079250693348
0.30299999999999994,0.952990556091717,0.1884553713775178,-0.9529905560917171,0.01841436083624646,-0.9529905560917171
0.30400000000000005,0.9526720317087093,0.1885493846885882,-0.9526720317087093,0.018441585009396872,-0.9526720317087093
0.30499999999999994,0.9523523507609984,0.18864385697276473,-0.9523523507609984,0.018468968252916534,-0.9523523507609984
0.30600000000000005,0.9520315120835023,0.18873879011981187,-0.9520315120835023,0.018496511507323416,-0.9520315120835023
0.30699999999999994,0.9517095145053454,0.18883418603427085,-0.9517095145053455,0.018524215721681014,-0.9517095145053455
0.30800000000000005,0.9513863568498342,0.18893004663559299,-0.9513863568498343,0.01855208185369102,-0.9513863568498342
0.30899999999999994,0.9510620379344348,0.18902637385827437,-0.9510620379344349,0.01858011086978378,-0.9510620379344348
0.31000000000000005,0.9507365565707463,0.18912316965199225,-0.9507365565707464,0.018608303745210133,-0.9507365565707464
0.31099999999999994,0.9504099115644786,0.1892204359817434,-0.9504099115644786,0.01863666146413611,-0.9504099115644784
0.31200000000000006,0.9500821017154254,0.18931817482798374,-0.9500821017154252,0.018665185019738396,-0.9500821017154252
0.31299999999999994,0.949753125817441,0.18941638818676942,-0.9497531258174413,0.01869387541429998,-0.9497531258174413
0.31400000000000006,0.9494229826584145,0.1895150780699003,-0.9494229826584144,0.018722733659308034,-0.9494229826584144
0.31499999999999995,0.9490916710202445,0.18961424650506423,-0.9490916710202445,0.01875176077555275,-0.9490916710202444
0.31600000000000006,0.9487591896788141,0.1897138955359848,-0.9487591896788143,0.018780957793227814,-0.9487591896788143
0.31699999999999995,0.9484255374039652,0.18981402722256785,-0.9484255374039652,0.01881032575203197,-0.9484255374039652
0.31800000000000006,0.948090712959472,0.18991464364105315,-0.9480907129594723,0.018839865701271837,-0.9480907129594722
0.31899999999999995,0.9477547151030166,0.19001574688416578,-0.9477547151030167,0.01886957869996575,-0.9477547151030167
0.31999999999999984,0.947417542586161,0.19011733906126976,-0.947417542586161,0.01889946581695066,-0.947417542586161
0.32099999999999995,0.9470791941543221,0.190219422298524,-0.9470791941543221,0.018929528130988107,-0.9470791941543221
0.32199999999999984,0.9467396685467447,0.1903219987390398,-0.9467396685467449,0.018959766730873264,-0.9467396685467449
0.32299999999999995,0.9463989644964749,0.19042507054304017,-0.9463989644964749,0.01899018271554513,-0.9463989644964749
0.32399999999999984,0.9460570807303331,0.19052863988802188,-0.9460570807303332,0.01902077719419757,-0.9460570807303333
0.32499999999999996,0.9457140159688869,0.19063270896891799,-0.9457140159688869,0.019051551286393003,-0.9457140159688869
0.32599999999999985,0.9453697689264239,0.19073727999826398,-0.9453697689264239,0.019082506122176456,-0.9453697689264239
0.32699999999999996,0.9450243383109241,0.1908423552063653,-0.9450243383109243,0.0191136428421915,-0.9450243383109243
0.32799999999999985,0.9446777228240327,0.19094793684146658,-0.9446777228240327,0.019144962597798434,-0.9446777228240328
0.32899999999999996,0.9443299211610315,0.1910540271699237,-0.9443299211610313,0.01917646655119383,-0.9443299211610313
0.32999999999999985,0.9439809320108113,0.19116062847637702,-0.9439809320108113,0.01920815587553082,-0.9439809320108112
0.33099999999999996,0.9436307540558436,0.19126774306392838,-0.9436307540558436,0.019240031755041704,-0.9436307540558436
0.33199999999999985,0.943279385972152,0.19137537325431814,-0.943279385972152,0.019272095385162724,-0.9432793859721519
0.33299999999999996,0.9429268264292834,0.19148352138810662,-0.9429268264292834,0.019304347972660067,-0.9429268264292833
0.33399999999999985,0.9425730740902797,0.19159218982485612,-0.9425730740902797,0.019336790735756667,-0.9425730740902797
0.33499999999999996,0.9422181276116481,0.19170138094331612,-0.9422181276116482,0.019369424904263258,-0.9422181276116481
0.33599999999999985,0.941861985643332,0.19181109714161096,-0.941861985643332,0.019402251719708566,-0.941861985643332
0.33699999999999997,0.9415046468286813,0.19192134083742876,-0.9415046468286813,0.01943527243547218,-0.9415046468286813
0.33799999999999986,0.9411461098044236,0.1920321144682145,-0.9411461098044236,0.01946848831692096,-0.9411461098044236
0.33899999999999997,0.9407863732006326,0.19214342049136365,-0.9407863732006326,0.01950190064154433,-0.9407863732006326
0.33999999999999986,0.9404254356406998,0.19225526138441973,-0.9404254356406997,0.01953551069909416,-0.9404254356406997
0.34099999999999997,0.9400632957413029,0.19236763964527415,-0.9400632957413027,0.019569319791724746,-0.9400632957413027
0.34199999999999986,0.9396999521123751,0.19248055779236703,-0.9396999521123751,0.01960332923413643,-0.9396999521123751
0.34299999999999997,0.9393354033570757,0.19259401836489373,-0.9393354033570757,0.019637540353719136,-0.9393354033570757
0.3439999999999999,0.9389696480717574,0.19270802392301037,-0.9389696480717575,0.01967195449070036,-0.9389696480717574
0.345,0.9386026848459363,0.19282257704804537,-0.9386026848459365,0.01970657299829316,-0.9386026848459365
0.34599999999999986,0.9382345122622595,0.19293768034271083,-0.9382345122622595,0.019741397242847337,-0.9382345122622595
0.347,0.9378651288964741,0.19305333643131894,-0.937865128896474,0.019776428604002583,-0.937865128896474
0.3479999999999998,0.937494533317395,0.1931695479599999,-0.937494533317395,0.019811668474844352,-0.9374945333173951
0.349,0.9371227240868724,0.19328631759692289,-0.9371227240868721,0.019847118262060124,-0.9371227240868721
0.34999999999999987,0.9367496997597597,0.19340364803252055,-0.9367496997597596,0.019882779386100467,-0.9367496997597596
0.35100000000000003,0.9363754588838816,0.1935215419797152,-0.9363754588838815,0.01991865328134017,-0.9363754588838815
0.35199999999999987,0.936,0.19364000217414928,-0.936,0.019954741396242582,-0.9359999999999999
0.353,0.9356233216417812,0.19375903137441824,-0.9356233216417811,0.01999104519352821,-0.935623321641781
0.35399999999999987,0.9352454223357632,0.1938786323623062,-0.9352454223357632,0.020027566150340827,-0.9352454223357632
0.355,0.9348663006013213,0.1939988079430253,-0.9348663006013214,0.02006430575842233,-0.9348663006013213
0.35599999999999987,0.9344859549506349,0.1941195609454582,-0.934485954950635,0.020101265524283738,-0.9344859549506349
0.357,0.934104383888653,0.19424089422240326,-0.9341043838886531,0.020138446969384802,-0.934104383888653
0.35799999999999993,0.9337215859130601,0.19436281065082314,-0.9337215859130601,0.020175851630311055,-0.93372158591306
0.359,0.9333375595142414,0.1944853131320976,-0.9333375595142412,0.020213481058957435,-0.9333375595142411
0.3599999999999999,0.9329523031752481,0.19460840459227824,-0.9329523031752481,0.0202513368227109,-0.9329523031752481
0.36100000000000004,0.9325658153717624,0.1947320879823479,-0.9325658153717624,0.0202894205046395,-0.9325658153717623
0.3619999999999999,0.9321780945720619,0.19485636627848263,-0.932178094572062,0.020327733703681367,-0.932178094572062
0.363,0.9317891392369843,0.19498124248231838,-0.9317891392369844,0.020366278034837804,-0.9317891392369844
0.3639999999999999,0.931398947819891,0.19510671962121937,-0.931398947819891,0.020405055129369205,-0.931398947819891
0.36499999999999994,0.9310075187666316,0.19523280074855237,-0.9310075187666316,0.020444066634993104,-0.9310075187666316
0.3659999999999999,0.9306148505155074,0.19535948894396282,-0.9306148505155072,0.020483314216086897,-0.9306148505155072
0.367,0.9302209414972338,0.19548678731365637,-0.9302209414972339,0.020522799553890515,-0.9302209414972339
0.36799999999999994,0.9298257901349047,0.19561469899068215,-0.9298257901349047,0.020562524346716328,-0.9298257901349046
0.369,0.9294293948439548,0.19574322713522263,-0.9294293948439548,0.020602490310157616,-0.9294293948439548
0.3699999999999999,0.9290317540321213,0.19587237493488482,-0.9290317540321212,0.020642699177304793,-0.9290317540321212
0.371,0.9286328660994074,0.19600214560499746,-0.9286328660994074,0.02068315269896073,-0.9286328660994074
0.37199999999999983,0.9282327294380436,0.19613254238891098,-0.9282327294380435,0.02072385264386188,-0.9282327294380436
0.373,0.9278313424324487,0.19626356855830268,-0.9278313424324489,0.020764800798902368,-0.9278313424324489
0.3739999999999999,0.9274287034591931,0.1963952274134854,-0.9274287034591931,0.020805998969360823,-0.9274287034591931
0.37499999999999994,0.9270248108869579,0.19652752228372067,-0.9270248108869581,0.02084744897913079,-0.9270248108869581
0.3759999999999999,0.9266196630764966,0.19666045652753647,-0.9266196630764967,0.02088915267095612,-0.9266196630764966
0.377,0.9262132583805956,0.19679403353304928,-0.9262132583805958,0.020931111906666758,-0.9262132583805956
0.3779999999999999,0.9258055951440347,0.1969282567182903,-0.9258055951440347,0.02097332856742201,-0.9258055951440347
0.379,0.9253966717035457,0.1970631295315376,-0.9253966717035457,0.021015804553954628,-0.9253966717035456
0.3799999999999999,0.9249864863877743,0.19719865545165066,-0.9249864863877745,0.02105854178682006,-0.9249864863877743
0.381,0.9245750375172369,0.19733483798841214,-0.9245750375172369,0.021101542206649695,-0.9245750375172369
0.38199999999999984,0.9241623234042815,0.19747168068287263,-0.9241623234042815,0.021144807774406853,-0.9241623234042815
0.383,0.9237483423530458,0.1976091871077014,-0.9237483423530458,0.021188340471647443,-0.9237483423530456
0.3839999999999999,0.9233330926594151,0.19774736086754183,-0.9233330926594151,0.021232142300785458,-0.9233330926594151
0.38500000000000006,0.9229165726109809,0.19788620559937162,-0.9229165726109809,0.021276215285361784,-0.9229165726109807
0.3859999999999999,0.9224987804869988,0.1980257249728686,-0.9224987804869988,0.021320561470316707,-0.9224987804869988
0.387,0.9220797145583455,0.19816592269078198,-0.9220797145583455,0.021365182922268026,-0.9220797145583455
0.3879999999999999,0.9216593730874765,0.19830680248930835,-0.9216593730874766,0.021410081729792266,-0.9216593730874766
0.38899999999999996,0.9212377543283818,0.1984483681384733,-0.9212377543283818,0.02145526000371195,-0.921237754328382
0.3899999999999999,0.920814856526544,0.19859062344251935,-0.9208148565265443,0.021500719877385117,-0.9208148565265443
0.391,0.9203906779188932,0.1987335722402983,-0.9203906779188934,0.021546463507002116,-0.9203906779188934
0.39199999999999996,0.9199652167337632,0.19887721840567038,-0.9199652167337632,0.021592493071885085,-0.9199652167337631
0.393,0.919538471190847,0.1990215658479088,-0.9195384711908471,0.02163881077479259,-0.9195384711908471
0.3939999999999999,0.9191104395011516,0.19916661851211004,-0.9191104395011516,0.0216854188422301,-0.9191104395011516
0.395,0.9186811198669534,0.19931238037961038,-0.9186811198669534,0.021732319524765027,-0.9186811198669534
0.39599999999999985,0.9182505104817531,0.19945885546840947,-0.9182505104817531,0.02177951509734597,-0.9182505104817533
0.397,0.9178186095302274,0.19960604783359837,-0.9178186095302276,0.021827007859628413,-0.9178186095302276
0.3979999999999999,0.9173854151881858,0.1997539615677954,-0.9173854151881861,0.021874800136304665,-0.9173854151881858
0.39899999999999997,0.9169509256225221,0.1999026008015884,-0.9169509256225222,0.02192289427744006,-0.9169509256225222
0.3999999999999999,0.9165151389911681,0.20005196970398273,-0.9165151389911681,0.02197129265881406,-0.9165151389911679
0.4009999999999998,0.9160780534430459,0.20020207248285699,-0.9160780534430462,0.022019997682266586,-0.9160780534430462
0.4020000000000002,0.9156396671180207,0.20035291338542516,-0.9156396671180208,0.022069011776051826,-0.9156396671180207
0.403,0.9151999781468528,0.20050449669870538,-0.9151999781468529,0.022118337395194743,-0.9151999781468528
0.4039999999999999,0.9147589846511485,0.20065682674999674,-0.9147589846511485,0.022167977021857202,-0.9147589846511485
0.4049999999999998,0.9143166847433115,0.20080990790736264,-0.9143166847433114,0.022217933165707197,-0.9143166847433114
0.4060000000000001,0.9138730765264944,0.2009637445801215,-0.9138730765264945,0.022268208364294807,-0.9138730765264945
0.40700000000000003,0.9134281580945488,0.2011183412193452,-0.9134281580945489,0.022318805183436312,-0.9134281580945488
0.4079999999999999,0.9129819275319748,0.20127370231836564,-0.9129819275319748,0.022369726217602054,-0.9129819275319748
0.4089999999999998,0.9125343829138715,0.20142983241328818,-0.9125343829138715,0.02242097409031272,-0.9125343829138715
0.41000000000000014,0.9120855223058855,0.20158673608351343,-0.9120855223058855,0.022472551454541113,-0.9120855223058854
0.41100000000000003,0.911635343764161,0.20174441795226755,-0.911635343764161,0.022524460993121435,-0.911635343764161
0.4119999999999999,0.911183845335287,0.20190288268713993,-0.911183845335287,0.022576705419165132,-0.911183845335287
0.41299999999999976,0.9107310250562458,0.20206213500063008,-0.9107310250562458,0.02262928747648415,-0.9107310250562459
0.41400000000000015,0.910276880954361,0.20222217965070288,-0.9102768809543609,0.022682209940020584,-0.9102768809543609
0.41500000000000004,0.909821411047245,0.2023830214413518,-0.909821411047245,0.02273547561628451,-0.909821411047245
0.416,0.909364613342745,0.2025446652231723,-0.909364613342745,0.02278908734379869,-0.9093646133427449
0.4169999999999998,0.9089064858388899,0.20270711589394302,-0.90890648583889,0.022843047993552093,-0.90890648583889
0.41800000000000015,0.9084470265238364,0.2028703783992176,-0.9084470265238362,0.02289736046945884,-0.9084470265238362
0.41900000000000004,0.907986233375815,0.20303445773292395,-0.9079862333758146,0.02295202770882739,-0.9079862333758146
0.4199999999999999,0.9075241043630743,0.2031993589379751,-0.9075241043630743,0.02300705268283738,-0.9075241043630743
0.4209999999999998,0.9070606374438263,0.20336508710688872,-0.9070606374438265,0.02306243839702356,-0.9070606374438264
0.42200000000000015,0.90659583056619,0.20353164738241672,-0.90659583056619,0.023118187891769396,-0.90659583056619
0.423,0.9061296816681373,0.20369904495818505,-0.9061296816681373,0.023174304242808228,-0.9061296816681373
0.42399999999999993,0.9056621886774341,0.20386728507934457,-0.9056621886774342,0.02323079056173486,-0.9056621886774341
0.4249999999999998,0.9051933495115837,0.20403637304323066,-0.9051933495115837,0.023287649996524336,-0.9051933495115837
0.4260000000000002,0.9047231620777705,0.20420631420003568,-0.9047231620777705,0.023344885732061116,-0.9047231620777705
0.42700000000000005,0.9042516242728016,0.2043771139534912,-0.9042516242728018,0.02340250099067642,-0.9042516242728017
0.42799999999999994,0.9037787339830475,0.20454877776156163,-0.9037787339830475,0.023460499032696504,-0.9037787339830475
0.4289999999999998,0.903304489084384,0.20472131113714928,-0.903304489084384,0.023518883156999626,-0.903304489084384
0.4300000000000001,0.9028288874421332,0.20489471964881142,-0.9028288874421332,0.02357765670158418,-0.9028288874421332
0.43100000000000005,0.9023519269110029,0.20506900892148802,-0.902351926911003,0.023636823044144613,-0.902351926911003
0.43199999999999994,0.9018736053350271,0.2052441846372441,-0.9018736053350271,0.02369638560266017,-0.9018736053350271
0.4329999999999999,0.9013939205475041,0.20542025253602067,-0.9013939205475043,0.023756347835994042,-0.9013939205475042
0.43400000000000016,0.9009128703709365,0.20559721841640247,-0.9009128703709365,0.023816713244501134,-0.9009128703709364
0.43500000000000005,0.9004304526169692,0.20577508813639508,-0.9004304526169693,0.023877485370649303,-0.9004304526169693
0.43599999999999994,0.8999466650863261,0.20595386761421702,-0.8999466650863261,0.023938667799650728,-0.8999466650863263
0.4369999999999998,0.8994615055687487,0.20613356282910514,-0.8994615055687489,0.024000264160105204,-0.8994615055687489
0.43800000000000017,0.8989749718429317,0.20631417982213293,-0.8989749718429317,0.024062278124654498,-0.8989749718429317
0.43900000000000006,0.8984870616764606,0.20649572469704286,-0.8984870616764608,0.024124713410649992,-0.898487061676461
0.44,0.8979977728257458,0.20667820362109432,-0.8979977728257458,0.024187573780831945,-0.8979977728257457
0.44099999999999984,0.8975071030359593,0.20686162282592396,-0.8975071030359594,0.024250863044020535,-0.8975071030359594
0.44200000000000017,0.8970150500409679,0.20704598860842263,-0.8970150500409679,0.024314585055820744,-0.897015050040968
0.4430000000000001,0.8965216115632685,0.207231307331626,-0.8965216115632683,0.024378743719341667,-0.8965216115632682
0.4439999999999999,0.8960267853139213,0.20741758542562236,-0.8960267853139213,0.024443342985924908,-0.8960267853139213
0.44499999999999984,0.8955305689924828,0.20760482938847463,-0.8955305689924828,0.02450838685589223,-0.8955305689924828
0.4460000000000002,0.8950329602869382,0.20779304578715913,-0.8950329602869381,0.024573879379302367,-0.8950329602869381
0.447,0.8945339568736338,0.20798224125852063,-0.8945339568736338,0.02463982465672592,-0.8945339568736338
0.44799999999999995,0.8940335564172074,0.20817242251024506,-0.8940335564172074,0.02470622684003276,-0.8940335564172074
0.44899999999999984,0.8935317565705206,0.20836359632184792,-0.8935317565705208,0.02477309013319361,-0.8935317565705206
0.44999999999999973,0.8930285549745877,0.20855576954568097,-0.8930285549745876,0.024840418793100356,-0.8930285549745876
0.45100000000000007,0.892523949258506,0.20874894910795763,-0.8925239492585058,0.024908217130398907,-0.8925239492585058
0.45199999999999996,0.8920179370393849,0.20894314200979472,-0.8920179370393849,0.024976489510338158,-0.8920179370393848
0.45299999999999985,0.8915105159222746,0.2091383553282751,-0.8915105159222747,0.025045240353638344,-0.8915105159222747
0.4539999999999998,0.8910016835000932,0.20933459621752779,-0.8910016835000932,0.02511447413737193,-0.8910016835000932
0.45500000000000007,0.8904914373535547,0.2095318719098281,-0.8904914373535547,0.02518419539586535,-0.8904914373535546
0.45599999999999996,0.8899797750510964,0.20973018971671853,-0.8899797750510963,0.025254408721615367,-0.8899797750510963
0.4569999999999999,0.8894666941488029,0.2099295570301482,-0.8894666941488029,0.025325118766226076,-0.8894666941488029
0.45799999999999974,0.8889521921903337,0.2101299813236351,-0.888952192190334,0.025396330241361426,-0.888952192190334
0.4590000000000001,0.888436266706847,0.21033147015344852,-0.888436266706847,0.02546804791971953,-0.888436266706847
0.45999999999999996,0.8879189152169247,0.21053403115981342,-0.8879189152169248,0.025540276636022645,-0.8879189152169249
0.4609999999999998,0.8874001352264942,0.21073767206813693,-0.8874001352264941,0.025613021288031095,-0.8874001352264942
0.46199999999999974,0.886879924228754,0.21094240069025863,-0.8868799242287538,0.025686286837573274,-0.8868799242287538
0.4630000000000001,0.8863582797040934,0.21114822492572222,-0.8863582797040934,0.02576007831159858,-0.8863582797040935
0.464,0.8858351991200168,0.2113551527630727,-0.8858351991200168,0.025834400803250928,-0.8858351991200166
0.46499999999999986,0.8853106799310625,0.2115631922811775,-0.8853106799310626,0.025909259472963946,-0.8853106799310625
0.46599999999999975,0.8847847195787234,0.21177235165057148,-0.8847847195787234,0.025984659549578116,-0.8847847195787234
0.46700000000000014,0.8842573154913675,0.2119826391348291,-0.8842573154913677,0.026060606331480073,-0.8842573154913675
0.46799999999999997,0.8837284650841569,0.2121940630919605,-0.8837284650841569,0.026137105187766244,-0.8837284650841568
0.46899999999999986,0.8831981657589649,0.21240663197583712,-0.883198165758965,0.02621416155942897,-0.883198165758965
0.46999999999999975,0.8826664149042944,0.21262035433764148,-0.8826664149042946,0.026291780960568188,-0.8826664149042944
0.47100000000000003,0.8821332098951948,0.21283523882734723,-0.8821332098951946,0.026369968979627165,-0.8821332098951946
0.472,0.8815985480931783,0.21305129419522606,-0.8815985480931784,0.026448731280653788,-0.8815985480931784
0.47299999999999986,0.8810624268461346,0.2132685292933858,-0.8810624268461347,0.02652807360458823,-0.8810624268461346
0.47399999999999975,0.8805248434882461,0.21348695307733617,-0.8805248434882463,0.026608001770577927,-0.8805248434882463
0.4750000000000001,0.8799857953399021,0.2137065746075867,-0.8799857953399023,0.02668852167731839,-0.8799857953399023
0.476,0.8794452797076121,0.21392740305127614,-0.8794452797076121,0.02676963930442458,-0.8794452797076119
0.47699999999999987,0.8789032938839176,0.21414944768383246,-0.8789032938839176,0.026851360713828477,-0.8789032938839176
0.4779999999999998,0.8783598351473046,0.21437271789066753,-0.8783598351473046,0.026933692051208085,-0.8783598351473046
0.4790000000000001,0.8778149007621139,0.21459722316890448,-0.8778149007621139,0.027016639547446642,-0.8778149007621138
0.48,0.8772684879784524,0.2148229731291393,-0.8772684879784525,0.027100209520121224,-0.8772684879784525
0.4809999999999999,0.876720594032101,0.21504997749723864,-0.8767205940321011,0.027184408375025424,-0.8767205940321011
0.48199999999999976,0.8761712161444247,0.21527824611617336,-0.8761712161444248,0.02726924260772316,-0.8761712161444248
0.4830000000000001,0.8756203515222792,0.21550778894788922,-0.8756203515222792,0.02735471880513656,-0.8756203515222792
0.484,0.8750679973579196,0.21573861607521505,-0.8750679973579196,0.027440843647167677,-0.8750679973579197
0.4849999999999998,0.8745141508289047,0.21597073770381076,-0.8745141508289048,0.02752762390835672,-0.8745141508289049
0.48599999999999977,0.8739588090980034,0.2162041641641549,-0.8739588090980034,0.0276150664595752,-0.8739588090980034
0.4870000000000001,0.8734019693130992,0.21643890591357268,-0.8734019693130994,0.027703178269755713,-0.8734019693130995
0.48800000000000004,0.8728436286070947,0.2166749735383061,-0.8728436286070947,0.027791966407661933,-0.8728436286070946
0.4889999999999999,0.872283784097813,0.21691237775562802,-0.872283784097813,0.027881438043695445,-0.8722837840978129
0.48999999999999977,0.8717224328879004,0.2171511294159988,-0.8717224328879007,0.027971600451744117,-0.8717224328879007
0.49100000000000016,0.8711595720647279,0.2173912395052692,-0.8711595720647279,0.028062461011070274,-0.8711595720647276
0.492,0.8705951987002915,0.21763271914692825,-0.8705951987002915,0.028154027208242585,-0.8705951987002913
0.4929999999999999,0.8700293098511108,0.21787557960440151,-0.8700293098511109,0.028246306639110035,-0.8700293098511109
0.4939999999999998,0.8694619025581283,0.21811983228339454,-0.869461902558128,0.0283393070108214,-0.8694619025581283
0.49500000000000005,0.8688929738466067,0.218365488734289,-0.8688929738466067,0.028433036143889645,-0.8688929738466067
0.496,0.868322520726026,0.21861256065458823,-0.8683225207260262,0.028527501974302996,-0.8683225207260262
0.4969999999999999,0.867750540189979,0.21886105989141744,-0.8677505401899788,0.028622712555686592,-0.8677505401899787
0.4979999999999998,0.8671770292160651,0.2191109984440764,-0.8671770292160651,0.028718676061509782,-0.8671770292160651
0.4990000000000001,0.8666019847657862,0.2193623884666478,-0.8666019847657863,0.028815400787347983,-0.8666019847657863
0.5,0.8660254037844386,0.21961524227066312,-0.8660254037844386,0.028912895153193733,-0.8660254037844385
0.5009999999999999,0.8654472832010048,0.21986957232782686,-0.8654472832010048,0.02901116770582442,-0.8654472832010048
0.5019999999999998,0.8648676199280444,0.22012539127279998,-0.8648676199280444,0.029110227121222826,-0.8648676199280443
0.5030000000000001,0.8642864108615848,0.22038271190604644,-0.8642864108615848,0.029210082207055798,-0.8642864108615845
0.504,0.8637036528810099,0.22064154719674126,-0.86370365288101,0.029310741905209894,-0.86370365288101
0.5049999999999999,0.8631193428489483,0.22090191028574482,-0.8631193428489485,0.029412215294389015,-0.8631193428489486
0.5059999999999998,0.8625334776111593,0.22116381448864403,-0.8625334776111594,0.0295145115927722,-0.8625334776111594
0.5070000000000001,0.8619460539964203,0.22142727329886136,-0.8619460539964207,0.029617640160734354,-0.8619460539964207
0.508,0.8613570688164113,0.2216923003908346,-0.8613570688164115,0.02972161050363435,-0.8613570688164117
0.5089999999999999,0.8607665188655982,0.22195890962326942,-0.8607665188655982,0.029826432274667254,-0.8607665188655982
0.5099999999999998,0.8601744009211155,0.22222711504246614,-0.8601744009211157,0.029932115277789256,-0.8601744009211155
0.5110000000000001,0.8595807117426495,0.2224969308857235,-0.8595807117426496,0.030038669470709253,-0.8595807117426498
0.512,0.8589854480723175,0.22276837158481974,-0.8589854480723175,0.030146104967957704,-0.8589854480723175
0.5129999999999999,0.8583886066345476,0.2230414517695768,-0.8583886066345475,0.03025443204402737,-0.8583886066345475
0.5139999999999998,0.8577901841359578,0.22331618627150604,-0.8577901841359576,0.030363661136593313,-0.8577901841359576
0.5150000000000001,0.857190177265232,0.22359259012753996,-0.857190177265232,0.03047380284981276,-0.857190177265232
0.516,0.8565885826929986,0.22387067858385262,-0.8565885826929988,0.030584867957704258,-0.8565885826929988
0.5169999999999999,0.8559853970717023,0.22415046709976996,-0.8559853970717022,0.030696867407616173,-0.8559853970717022
0.5179999999999998,0.8553806170354809,0.2244319713517734,-0.8553806170354811,0.030809812323777174,-0.8553806170354813
0.5190000000000001,0.8547742392000357,0.2247152072375999,-0.8547742392000357,0.030923714010939254,-0.8547742392000357
0.52,0.854166260162505,0.22500019088044035,-0.8541662601625049,0.03103858395811206,-0.8541662601625049
0.5209999999999999,0.8535566765013325,0.22528693863323945,-0.8535566765013325,0.03115443384239357,-0.8535566765013327
0.5219999999999998,0.8529454847761375,0.22557546708310108,-0.8529454847761376,0.03127127553289694,-0.8529454847761376
0.5230000000000001,0.8523326815275828,0.2258657930558009,-0.8523326815275828,0.031389121094778955,-0.8523326815275828
0.524,0.8517182632772412,0.22615793362040906,-0.8517182632772415,0.03150798279337354,-0.8517182632772412
0.5249999999999999,0.8511022265274603,0.2264519060940297,-0.8511022265274603,0.031627873098432215,-0.8511022265274603
0.5259999999999998,0.8504845677612265,0.22674772804665563,-0.8504845677612268,0.03174880468847418,-0.8504845677612265
0.5270000000000001,0.8498652834420287,0.2270454173061463,-0.8498652834420288,0.03187079045525199,-0.8498652834420286
0.528,0.8492443700137199,0.22734499196332938,-0.8492443700137199,0.03199384350833432,-0.8492443700137199
0.5289999999999999,0.8486218239003757,0.22764647037723312,-0.8486218239003758,0.03211797717980968,-0.8486218239003758
0.5299999999999998,0.8479976415061543,0.22794987118044951,-0.8479976415061546,0.03224320502911714,-0.8479976415061546
0.5310000000000001,0.8473718192151541,0.22825521328463702,-0.8473718192151543,0.032369540848004245,-0.8473718192151543
0.532,0.84674435339127,0.22856251588616175,-0.84674435339127,0.0324969986656197,-0.84674435339127
0.5329999999999999,0.8461152403780469,0.22887179847188716,-0.8461152403780471,0.03262559275374361,-0.8461152403780471
0.5339999999999998,0.8454844764985341,0.22918308082511293,-0.8454844764985341,0.03275533763216065,-0.8454844764985338
0.5350000000000001,0.8448520580551364,0.22949638303166892,-0.8448520580551364,0.03288624807417764,-0.8448520580551364
0.536,0.8442179813294668,0.22981172548616902,-0.8442179813294669,0.033018339112296916,-0.8442179813294669
0.5369999999999999,0.8435822425821919,0.23012912889843273,-0.843582242582192,0.03315162604404293,-0.8435822425821917
0.5379999999999998,0.8429448380528825,0.23044861430007357,-0.8429448380528825,0.03328612443795118,-0.8429448380528825
0.5390000000000001,0.8423057639598579,0.23077020305126733,-0.8423057639598578,0.03342185013972773,-0.8423057639598578
0.54,0.8416650165000324,0.23109391684769953,-0.8416650165000324,0.033558819278576936,-0.8416650165000321
0.5409999999999999,0.8410225918487565,0.2314197777277036,-0.8410225918487566,0.03369704827371153,-0.8410225918487566
0.5419999999999998,0.8403784861596592,0.2317478080795907,-0.8403784861596593,0.03383655384104606,-0.8403784861596593
0.5430000000000001,0.8397326955644873,0.23207803064918248,-0.8397326955644874,0.033977353000082616,-0.8397326955644872
0.544,0.8390852161729464,0.23241046854754932,-0.8390852161729466,0.034119463080991216,-0.8390852161729466
0.5449999999999999,0.838436044072534,0.23274514525896503,-0.8384360440725342,0.03426290173189966,-0.8384360440725342
0.5459999999999998,0.8377851753283774,0.23308208464908187,-0.8377851753283776,0.034407686926391234,-0.8377851753283776
0.5470000000000002,0.8371326059830664,0.2334213109733356,-0.8371326059830666,0.0345538369712223,-0.8371326059830666
0.548,0.8364783320564854,0.233762848885587,-0.8364783320564854,0.03470137051426725,-0.8364783320564854
0.5489999999999999,0.8358223495456436,0.2341067234470104,-0.8358223495456436,0.034850306552698836,-0.8358223495456436
0.5499999999999998,0.8351646544245034,0.23445296013523415,-0.8351646544245035,0.03500066444140928,-0.8351646544245035
0.5510000000000002,0.8345052426438073,0.23480158485374567,-0.8345052426438074,0.035152463901686776,-0.8345052426438074
0.552,0.8338441101309044,0.2351526239415674,-0.8338441101309044,0.03530572503014854,-0.8338441101309044
0.5529999999999999,0.8331812527895716,0.23550610418321558,-0.8331812527895717,0.03546046830794828,-0.833181252789572
0.5539999999999998,0.8325166664998367,0.23586205281895067,-0.8325166664998366,0.03561671461026164,-0.8325166664998366
0.5550000000000002,0.8318503471177973,0.23622049755532917,-0.8318503471177973,0.03577448521606236,-0.8318503471177973
0.556,0.8311822904754407,0.2365814665760698,-0.8311822904754407,0.03593380181820024,-0.8311822904754409
0.5569999999999999,0.8305124923804578,0.23694498855324467,-0.8305124923804577,0.03609468653379128,-0.8305124923804577
0.5579999999999998,0.8298409486160587,0.23731109265880596,-0.8298409486160587,0.03625716191493108,-0.8298409486160587
0.5590000000000002,0.8291676549407845,0.23767980857646226,-0.8291676549407845,0.03642125095974616,-0.8291676549407847
0.56,0.8284926070883191,0.23805116651391653,-0.8284926070883191,0.036586977123793246,-0.8284926070883191
0.5609999999999999,0.8278158007672963,0.23842519721548144,-0.8278158007672963,0.03675436433182013,-0.8278158007672963
0.5619999999999998,0.8271372316611073,0.23880193197508126,-0.8271372316611073,0.03692343698990401,-0.8271372316611073
0.5630000000000002,0.8264568954277045,0.23918140264966128,-0.8264568954277044,0.03709421999798111,-0.8264568954277044
0.5640000000000001,0.8257747876994066,0.23956364167301478,-0.8257747876994066,0.03726673876277916,-0.8257747876994066
0.565,0.8250909040826957,0.23994868207004857,-0.8250909040826958,0.037441019211175465,-0.8250909040826958
0.5659999999999998,0.8244052401580185,0.24033655747149907,-0.8244052401580185,0.03761708780399083,-0.8244052401580187
0.5670000000000002,0.8237177914795818,0.24072730212912088,-0.8237177914795819,0.037794971550240114,-0.8237177914795819
0.5680000000000001,0.8230285535751478,0.24112095093136315,-0.8230285535751478,0.03797469802185672,-0.8230285535751478
0.569,0.8223375219458249,0.24151753941955567,-0.8223375219458251,0.038156295368910666,-0.8223375219458251
0.5699999999999998,0.821644692065859,0.24191710380462308,-0.8216446920658591,0.0383397923353383,-0.8216446920658588
0.5710000000000002,0.8209500593824205,0.24231968098434895,-0.8209500593824206,0.03852521827520737,-0.8209500593824204
0.5720000000000001,0.8202536193153919,0.24272530856121236,-0.820253619315392,0.038712603169537695,-0.820253619315392
0.573,0.8195553672571487,0.2431340248608202,-0.8195553672571491,0.03890197764369937,-0.8195553672571491
0.5739999999999998,0.8188552985723425,0.24354586895095873,-0.8188552985723425,0.03909337298541601,-0.8188552985723422
0.5750000000000002,0.8181534085976786,0.24396088066129223,-0.8181534085976786,0.03928682116339505,-0.8181534085976786
0.5760000000000001,0.817449692641694,0.24437910060373147,-0.817449692641694,0.03948235484661186,-0.817449692641694
0.577,0.8167441459845305,0.24480057019350643,-0.8167441459845305,0.0396800074242795,-0.8167441459845305
0.5779999999999998,0.8160367638777067,0.2452253316709666,-0.8160367638777068,0.03987981302652754,-0.8160367638777068
0.5789999999999997,0.815327541543888,0.24565342812414423,-0.8153275415438882,0.04008180654582484,-0.815327541543888
0.5800000000000001,0.8146164741766521,0.246084903512111,-0.8146164741766521,0.04028602365917768,-0.8146164741766521
0.581,0.8139035569402557,0.24651980268916307,-0.8139035569402557,0.04049250085113608,-0.8139035569402557
0.5819999999999999,0.8131887849693945,0.24695817142987347,-0.8131887849693946,0.04070127543764556,-0.8131887849693944
0.5829999999999997,0.8124721533689634,0.2474000564550434,-0.8124721533689634,0.04091238559078203,-0.8124721533689634
0.5840000000000001,0.8117536572138127,0.24784550545859893,-0.811753657213813,0.041125870364407235,-0.811753657213813
0.585,0.8110332915485036,0.24829456713547204,-0.8110332915485038,0.04134176972078874,-0.8110332915485036
0.5859999999999999,0.8103110513870585,0.24874729121051167,-0.8103110513870584,0.04156012455822873,-0.8103110513870584
0.5869999999999997,0.8095869317127101,0.24920372846846947,-0.8095869317127101,0.041780976739745276,-0.8095869317127101
0.5880000000000001,0.8088609274776473,0.24966393078511223,-0.8088609274776475,0.0420043691228572,-0.8088609274776472
0.589,0.8081330336027601,0.25012795115951153,-0.8081330336027603,0.04223034559052406,-0.8081330336027603
0.5899999999999999,0.8074032449773781,0.2505958437475657,-0.8074032449773781,0.042458951083294276,-0.8074032449773781
0.5909999999999997,0.8066715564590091,0.2510676638968122,-0.8066715564590091,0.04269023163272023,-0.8066715564590091
0.5920000000000001,0.8059379628730736,0.2515434681825908,-0.8059379628730736,0.042924234396099555,-0.8059379628730736
0.593,0.8052024590126386,0.25202331444562304,-0.8052024590126385,0.043161007692608416,-0.8052024590126385
0.5939999999999999,0.8044650396381438,0.2525072618310776,-0.8044650396381438,0.0434006010408931,-0.8044650396381438
0.5949999999999998,0.803725699477129,0.2529953708291893,-0.8037256994771289,0.0436430651981924,-0.8037256994771289
0.5960000000000001,0.8029844332239573,0.253487703317514,-0.8029844332239573,0.043888452201066463,-0.8029844332239573
0.597,0.8022412355395352,0.25398432260489473,-0.8022412355395352,0.04413681540781216,-0.8022412355395352
0.5979999999999999,0.8014961010510284,0.2544852934772299,-0.8014961010510285,0.04438820954265114,-0.8014961010510285
0.5989999999999998,0.8007490243515757,0.2549906822451305,-0.8007490243515757,0.044642690741778436,-0.8007490243515757
0.6000000000000001,0.7999999999999999,0.2555005567935634,-0.7999999999999999,0.044900316601371115,-0.7999999999999999
0.601,0.7992490225205158,0.2560149866335845,-0.7992490225205158,0.04516114622765324,-0.799249022520516
0.6019999999999999,0.7984960864024321,0.2565340429562685,-0.7984960864024323,0.045425240289129636,-0.7984960864024323
0.6029999999999998,0.797741186099853,0.257057798688951,-0.797741186099853,0.04569266107110155,-0.797741186099853
0.6040000000000001,0.7969843160313759,0.2575863285539042,-0.7969843160313759,0.04596347253258333,-0.7969843160313761
0.605,0.7962254705797849,0.25811970912957644,-0.796225470579785,0.0462377403657517,-0.796225470579785
0.6059999999999999,0.795464644091741,0.25865801891453827,-0.7954646440917411,0.046515532058066605,-0.7954646440917411
0.6069999999999998,0.7947018308774684,0.2592013383942721,-0.7947018308774685,0.04679691695720537,-0.7947018308774685
0.6080000000000001,0.7939370252104382,0.2597497501109734,-0.7939370252104383,0.04708196633897186,-0.7939370252104383
0.609,0.7931702213270491,0.2603033387365222,-0.793170221327049,0.047370753478341576,-0.793170221327049
0.6099999999999999,0.7924014134263013,0.2608621911488085,-0.7924014134263013,0.04766335372382383,-0.7924014134263013
0.6109999999999998,0.7916305956694702,0.26142639651159777,-0.7916305956694702,0.04795984457532856,-0.7916305956694705
0.6120000000000001,0.790857762179774,0.2619960463581407,-0.790857762179774,0.0482603057657404,-0.790857762179774
0.613,0.7900829070420394,0.26257123467874505,-0.7900829070420394,0.04856481934641411,-0.7900829070420394
0.6139999999999999,0.7893060243023615,0.2631520580125408,-0.7893060243023616,0.04887346977682627,-0.7893060243023616
0.6149999999999998,0.7885271079677606,0.26373861554368516,-0.7885271079677606,0.04918634401862729,-0.7885271079677604
0.6160000000000001,0.7877461520058349,0.2643310092022747,-0.7877461520058349,0.04950353163435599,-0.7877461520058346
0.617,0.786963150344411,0.264929343770248,-0.786963150344411,0.0498251248911074,-0.786963150344411
0.6179999999999999,0.7861780968711861,0.2655337269925858,-0.7861780968711861,0.050151218869451855,-0.7861780968711859
0.6189999999999998,0.7853909854333703,0.2661442696941322,-0.7853909854333704,0.050481911577932054,-0.78539098543337
0.6200000000000001,0.7846018098373212,0.2667610859023927,-0.7846018098373213,0.050817304073493844,-0.7846018098373213
0.621,0.7838105638481788,0.2673842929766829,-0.7838105638481788,0.05115750058821915,-0.7838105638481788
0.6219999999999999,0.7830172411894901,0.26801401174403844,-0.7830172411894901,0.05150260866277396,-0.7830172411894898
0.6229999999999998,0.7822218355428339,0.2686503666423197,-0.782221835542834,0.05185273928700461,-0.782221835542834
0.6240000000000001,0.7814243405474389,0.2692934858709843,-0.7814243405474388,0.05220800704815048,-0.7814243405474388
0.625,0.7806247497997998,0.2699435015500355,-0.7806247497998,0.05256853028718362,-0.7806247497998
0.6259999999999999,0.779823056853284,0.27060054988769655,-0.7798230568532841,0.05293443126382195,-0.7798230568532841
0.6269999999999998,0.7790192552177386,0.27126477135740035,-0.7790192552177386,0.05330583633080503,-0.7790192552177384
0.6280000000000001,0.7782133383590902,0.27193631088473796,-0.7782133383590901,0.053682876118075325,-0.7782133383590901
0.629,0.7774052996989408,0.27261531804505695,-0.7774052996989408,0.05406568572755432,-0.7774052996989408
0.6299999999999999,0.776595132614157,0.2733019472724661,-0.7765951326141574,0.05445440493926569,-0.776595132614157
0.6309999999999998,0.7757828304364569,0.27399635808105377,-0.7757828304364569,0.0548491784296175,-0.7757828304364569
0.6320000000000001,0.7749683864519893,0.2746987152992116,-0.7749683864519895,0.05525015600272843,-0.7749683864519895
0.633,0.7741517939009118,0.2754091893180191,-0.7741517939009119,0.05565749283575454,-0.7741517939009117
0.6339999999999999,0.7733330459769582,0.27612795635474197,-0.7733330459769585,0.056071349739266,-0.7733330459769585
0.6349999999999998,0.7725121358270045,0.27685519873257497,-0.7725121358270045,0.05649189343380742,-0.7725121358270045
0.6360000000000001,0.7716890565506289,0.2775911051778779,-0.7716890565506289,0.05691929684388364,-0.7716890565506287
0.637,0.7708638011996672,0.27833587113625713,-0.7708638011996674,0.05735373941072344,-0.7708638011996674
0.6379999999999999,0.7700363627777587,0.27908969910897796,-0.7700363627777587,0.057795407425307706,-0.7700363627777587
0.6389999999999998,0.7692067342398923,0.27985279901132465,-0.7692067342398924,0.05824449438327266,-0.7692067342398924
0.6400000000000001,0.7683749084919417,0.2806253885546901,-0.7683749084919418,0.05870120136347124,-0.7683749084919418
0.641,0.7675408783902001,0.2814076936543396,-0.7675408783902002,0.05916573743213576,-0.7675408783902002
0.6419999999999999,0.7667046367409031,0.28219994886499744,-0.7667046367409032,0.059638320074785055,-0.7667046367409032
0.6429999999999998,0.7658661762997503,0.28300239784660486,-0.7658661762997504,0.06011917565822678,-0.7658661762997504
0.6440000000000001,0.7650254897714192,0.2838152938628516,-0.7650254897714192,0.060608539925253196,-0.7650254897714192
0.645,0.7641825698090737,0.2846389003153389,-0.7641825698090738,0.061106658524887676,-0.7641825698090738
0.6459999999999999,0.7633374090138647,0.28547349131654876,-0.7633374090138649,0.06161378758135003,-0.7633374090138649
0.6469999999999998,0.7624899999344253,0.2863193523051098,-0.7624899999344253,0.06213019430523747,-0.7624899999344253
0.6480000000000001,0.7616403350663618,0.2871767807072532,-0.7616403350663618,0.0626561576508022,-0.7616403350663618
0.649,0.7607884068517342,0.2880460866487624,-0.7607884068517344,0.06319196902363561,-0.7607884068517344
0.6499999999999999,0.7599342076785333,0.28892759372221904,-0.7599342076785333,0.06373793304355507,-0.7599342076785333
0.6509999999999998,0.7590777298801489,0.28982163981488135,-0.7590777298801488,0.06429436836802575,-0.7590777298801491
0.6520000000000001,0.7582189657348329,0.29072857800316554,-0.7582189657348329,0.06486160858209028,-0.7582189657348333
0.653,0.7573579074651561,0.2916487775203954,-0.7573579074651561,0.06544000316146488,-0.7573579074651561
0.6539999999999999,0.7564945472374537,0.2925826248053044,-0.7564945472374538,0.066029918516283,-0.7564945472374538
0.6549999999999998,0.755628877161269,0.29353052463967444,-0.7556288771612693,0.06663173912387291,-0.7556288771612693
0.6560000000000001,0.7547608892887865,0.2944929013845652,-0.7547608892887865,0.06724586876001545,-0.7547608892887865
0.657,0.7538905756142597,0.2954702003257831,-0.7538905756142597,0.06787273183932958,-0.7538905756142597
0.6579999999999999,0.7530179280734292,0.296462889140635,-0.7530179280734293,0.06851277487682594,-0.7530179280734293
0.6589999999999998,0.7521429385429342,0.29747145949960185,-0.7521429385429345,0.0691664680842686,-0.7521429385429345
0.6600000000000001,0.7512655988397178,0.2984964288184364,-0.7512655988397179,0.06983430711683185,-0.7512655988397179
0.661,0.7503859007204224,0.29953834217831765,-0.7503859007204224,0.07051681498769512,-0.7503859007204222
0.6619999999999999,0.749503835880778,0.30059777443421626,-0.749503835880778,0.07121454417071835,-0.749503835880778
0.6629999999999998,0.7486193959549807,0.30167533253452256,-0.7486193959549811,0.07192807891425014,-0.7486193959549807
0.6640000000000001,0.747732572515067,0.30277165807842193,-0.7477325725150672,0.07265803779254568,-0.747732572515067
0.665,0.746843357070276,0.3038874301415025,-0.7468433570702762,0.07340507652528162,-0.7468433570702762
0.6659999999999999,0.7459517410664045,0.30502336840483674,-0.7459517410664046,0.07416989110039812,-0.7459517410664044
0.6669999999999998,0.7450577158851523,0.3061802366283489,-0.7450577158851523,0.07495322124108501,-0.745057715885152
0.6680000000000001,0.7441612728434609,0.3073588465159734,-0.7441612728434611,0.07575585426440128,-0.7441612728434611
0.669,0.7432624031928426,0.30856006202802355,-0.743262403192843,0.0765786293869576,-0.743262403192843
0.6699999999999999,0.7423610981186987,0.309784804205731,-0.7423610981186988,0.07742244254260235,-0.7423610981186985
0.6709999999999998,0.7414573487396293,0.31103405658434924,-0.7414573487396295,0.07828825178851243,-0.7414573487396295
0.6720000000000002,0.7405511461067357,0.31230887128508084,-0.7405511461067358,0.07917708338993734,-0.7405511461067358
0.673,0.7396424812029119,0.3136103758929117,-0.739642481202912,0.08009003869067588,-0.7396424812029117
0.6739999999999999,0.7387313449421244,0.31493978124800703,-0.7387313449421244,0.08102830189693468,-0.7387313449421244
0.6749999999999998,0.7378177281686854,0.31629839030356544,-0.7378177281686854,0.08199314892746416,-0.7378177281686854
0.6760000000000002,0.7369016216565136,0.31768760823425235,-0.7369016216565135,0.08298595751407989,-0.7369016216565135
0.677,0.7359830161083881,0.3191089540181195,-0.7359830161083881,0.08400821877547697,-0.7359830161083881
0.6779999999999999,0.7350619021551859,0.32056407376347623,-0.7350619021551861,0.08506155053579487,-0.7350619021551861
0.6789999999999998,0.7341382703551151,0.32205475611333906,-0.7341382703551151,0.08614771272055306,-0.7341382703551151
0.6800000000000002,0.7332121111929343,0.32358295013776867,-0.7332121111929344,0.08726862524025951,-0.7332121111929344
0.681,0.7322834150791617,0.3251507862237509,-0.7322834150791616,0.08842638887134768,-0.7322834150791614
0.6819999999999999,0.7313521723492726,0.32676060060052237,-0.7313521723492726,0.0896233097723242,-0.7313521723492726
0.6829999999999998,0.7304183732628857,0.32841496430517414,-0.7304183732628857,0.09086192843996878,-0.7304183732628857
0.6840000000000002,0.7294820080029388,0.3301167176128915,-0.7294820080029388,0.0921450541299248,-0.7294820080029385
0.685,0.7285430666748535,0.3318690112478189,-0.7285430666748532,0.09347580605766707,-0.7285430666748532
0.6859999999999999,0.7276015393056835,0.33367535608242344,-0.7276015393056833,0.09485766308771648,-0.7276015393056833
0.6869999999999998,0.726657415843257,0.33553968356625336,-0.7266574158432569,0.09629452415198021,-0.7266574158432569
0.6880000000000003,0.7257106861553022,0.33746641985978065,-0.7257106861553023,0.09779078237290804,-0.7257106861553023
0.689,0.7247613400285642,0.33946057767667964,-0.7247613400285641,0.09935141689480256,-0.7247613400285641
0.69,0.7238093671679029,0.34152787129829937,-0.7238093671679031,0.10098210788703312,-0.7238093671679031
0.6909999999999998,0.7228547571953858,0.3436748623360676,-0.7228547571953858,0.10268938229488411,-0.7228547571953858
0.6920000000000002,0.7218974996493615,0.34590914693176295,-0.7218974996493615,0.10448080102796085,-0.7218974996493615
0.6930000000000001,0.7209375839835234,0.34823959977760294,-0.7209375839835235,0.10636520296809622,-0.7209375839835235
0.694,0.7199749995659572,0.3506766975804463,-0.7199749995659572,0.10835302842103818,-0.7199749995659572
0.695,0.7190097356781756,0.3532329560821324,-0.7190097356781758,0.11045675612394015,-0.7190097356781758
0.6960000000000002,0.7180417815141399,0.3559235335437133,-0.7180417815141399,0.11269150671638938,-0.7180417815141399
0.6970000000000001,0.7170711261792653,0.3587670854686527,-0.7170711261792655,0.11507589745004385,-0.7170711261792655
0.698,0.7160977586894126,0.3617870116502266,-0.7160977586894127,0.11763328922209149,-0.7160977586894127
0.6989999999999998,0.7151216679698639,0.3650133410887844,-0.7151216679698638,0.12039367147819018,-0.715121667969864
0.7000000000000002,0.7141428428542849,0.36848570571257144,-0.7141428428542849,0.12339663591856326,-0.7141428428542851
0.7010000000000001,0.7131612720836711,0.3722582873544701,-0.7131612720836711,0.12669632345960533,-0.7131612720836713
0.7020000000000001,0.7121769443052759,0.37640862243808876,-0.712176944305276,0.13037022890440417,-0.712176944305276
0.7029999999999997,0.7111898480715261,0.3810547367085002,-0.7111898480715264,0.13453633565747483,-0.7111898480715261
0.7040000000000002,0.7101999718389178,0.38639291424595873,-0.7101999718389177,0.1393908847220132,-0.7101999718389177
0.7050000000000001,0.7092073039669008,0.392798246036233,-0.7092073039669008,0.14530892325329337,-0.7092073039669011
0.706,0.7082118327167376,0.40119863571009845,-0.7082118327167376,0.15321831028073565,-0.7082118327167373
0.7069999999999999,0.707213546250353,0.41695520431373795,-0.707213546250353,0.1684801214603745,-0.707213546250353
0.7079999999999997,0.7062124326291632,0.4237274595774979,-0.7488757658322716,0.17475381832516138,-0.7488757658322716
0.709,0.7052084798128849,0.4231250878877309,-0.7673425284496811,0.17364904023781033,-0.7673425284496809
0.71,0.7042016756583301,0.42252100539499804,-0.7810391665075215,0.17253865547943914,-0.7810391665075211
0.7109999999999999,0.7031920079181788,0.4219152047509073,-0.7923561262618237,0.17142260796626657,-0.7923561262618235
0.7119999999999997,0.7021794642397343,0.42130767854384055,-0.802176264188529,0.1703008406645972,-0.8021762641885287
0.7130000000000001,0.7011640321636585,0.42069841929819507,-0.8109427186196372,0.1691732955686898,-0.8109427186196372
0.714,0.7001456991226899,0.42008741947361383,-0.8189153922266122,0.1680399136779749,-0.818915392226612
0.7149999999999999,0.6991244524403364,0.41947467146420175,-0.8262621730428373,0.16690063497357785,-0.8262621730428373
0.7159999999999999,0.6981002793295531,0.4188601675977319,-0.8330989459896332,0.16575539839414286,-0.8330989459896329
0.7170000000000001,0.6970731668913959,0.4182439001348375,-0.8395096790643637,0.16460414181091684,-0.8395096790643635
0.718,0.6960431021136549,0.417625861268193,-0.8455575161345106,0.1634468020020731,-0.8455575161345102
0.7189999999999999,0.695010071869466,0.41700604312167955,-0.851291356737487,0.16228331462624265,-0.851291356737487
0.7199999999999998,0.6939740629158991,0.4163844377495395,-0.8567499825109034,0.16111361419522713,-0.8567499825109034
0.7210000000000001,0.6929350618925267,0.41576103713551604,-0.8619647634245357,0.15993763404585787,-0.8619647634245357
0.7220000000000001,0.6918930553199677,0.41513583319198055,-0.8669614990784016,0.15875530631097398,-0.8669614990784014
0.7229999999999998,0.6908480295984062,0.4145088177590437,-0.8717617106731097,0.15756656188947799,-0.8717617106731097
0.7239999999999998,0.6897999710060884,0.413879982603653,-0.8763835715716236,0.15637133041544068,-0.8763835715716236
0.7250000000000001,0.6887488656977955,0.4132493194186772,-0.8808425928207809,0.15516954022621504,-0.8808425928207809
0.726,0.6876946997032912,0.4126168198219748,-0.8851521381552264,0.1539611183295207,-0.8851521381552264
0.7269999999999999,0.686637458925742,0.41198247535544524,-0.8893238176181794,0.15274599036945535,-0.8893238176181794
0.7279999999999998,0.6855771291401138,0.41134627748406827,-0.893367793030481,0.151524080591395,-0.893367793030481
0.7290000000000002,0.6845136959915409,0.41070821759492454,-0.8972930182951901,0.15029531180573755,-0.8972930182951899
0.7299999999999999,0.6834471449936712,0.4100682869962027,-0.9011074307602752,0.14905960535044116,-0.9011074307602752
0.7309999999999999,0.6823774615269764,0.40942647691618583,-0.9048181052951502,0.14781688105230556,-0.9048181052951498
0.7319999999999998,0.6813046308370436,0.4087827785022261,-0.9084313795920048,0.14656705718695498,-0.9084313795920048
0.7330000000000001,0.6802286380328307,0.40813718281969835,-0.9119529569982773,0.14531005043745657,-0.9119529569982773
0.734,0.6791494680848981,0.4074896808509388,-0.9153879916156713,0.14404577585152914,-0.9153879916156713
0.7349999999999999,0.6780671058236052,0.4068402634941631,-0.9187411592651837,0.14277414679727016,-0.9187411592651841
0.7359999999999999,0.676981535937281,0.4061889215623686,-0.9220167170848041,0.14149507491735352,-0.9220167170848038
0.737,0.6758927429703623,0.40553564578221724,-0.92521855390858,0.14020847008161852,-0.92521855390858
0.738,0.6748007113214982,0.40488042679289893,-0.9283502331116201,0.13891424033799524,-0.9283502331116201
0.7389999999999999,0.6737054252416261,0.4042232551449756,-0.9314150292535823,0.13761229186167875,-0.9314150292535823
0.7399999999999998,0.6726068688320097,0.40356412129920577,-0.9344159595832657,0.13630252890249028,-0.9344159595832657
0.7410000000000001,0.6715050260422477,0.40290301562534864,-0.9373558112583162,0.13498485373033756,-0.9373558112583162
0.742,0.6703998806682472,0.40223992840094824,-0.9402371649712133,0.13365916657869403,-0.9402371649712133
0.743,0.6692914163501574,0.40157484981009445,-0.9430624155447394,0.1323253655860037,-0.9430624155447394
0.7439999999999997,0.6681796165702756,0.4009077699421653,-0.9458337899586817,0.13098334673492348,-0.945833789958682
0.7450000000000001,0.6670644646509061,0.40023867879054353,-0.9485533631886637,0.12963300378930515,-0.9485533631886637
0.746,0.6659459437521937,0.3995675662513162,-0.9512230721729626,0.1282742282288101,-0.9512230721729626
0.7469999999999999,0.6648240368699075,0.3988944221219445,-0.9538447281707201,0.12690690918104872,-0.9538447281707203
0.7479999999999998,0.6636987268331923,0.3982192360999153,-0.956420027732186,0.1255309333511317,-0.956420027732186
0.7490000000000002,0.6625699963022773,0.39754199778136634,-0.9589505624667953,0.12414618494850876,-0.9589505624667953
0.7499999999999999,0.6614378277661477,0.3968626966596886,-0.9614378277661471,0.12275254561097466,-0.9614378277661471
0.7509999999999998,0.6603022035401672,0.3961813221241003,-0.9638832306153113,0.1213498943256905,-0.9638832306153113
0.7519999999999998,0.6591631057636648,0.3954978634581988,-0.9662880966061544,0.11993810734709963,-0.9662880966061542
0.7530000000000001,0.6580205163974749,0.39481230983848503,-0.9686536762500578,0.1185170581115667,-0.9686536762500578
0.754,0.6568744172214351,0.39412465033286104,-0.9709811506736168,0.11708661714859808,-0.9709811506736165
0.7549999999999999,0.6557247898318319,0.3934348738990991,-0.9732716367694132,0.11564665198845464,-0.9732716367694132
0.7559999999999998,0.6545716156388087,0.3927429693832852,-0.9755261918641671,0.11419702706599903,-0.9755261918641671
0.757,0.6534148758637195,0.3920489255182317,-0.9777458179583642,0.11273760362057161,-0.977745817958364
0.758,0.6522545515364382,0.39135273092186285,-0.9799314655844069,0.11126823959170419,-0.9799314655844066
0.7589999999999999,0.6510906234926135,0.3906543740955681,-0.9820840373243687,0.10978878951045036,-0.9820840373243683
0.7599999999999998,0.6499230723708771,0.38995384342252626,-0.9842043910232948,0.10829910438611495,-0.9842043910232946
0.7610000000000001,0.6487518786099967,0.38925112716599797,-0.9862933427295918,0.10679903158813397,-0.9862933427295918
0.762,0.6475770224459789,0.3885462134675873,-0.9883516693902605,0.1052884147228624,-0.9883516693902605
0.763,0.6463984839091131,0.3878390903454679,-0.990380111325462,0.1037670935049797,-0.9903801113254618
0.7639999999999997,0.6452162428209635,0.387129745692578,-0.9923793745040371,0.10223490362324722,-0.9923793745040371
0.7650000000000001,0.6440302787913001,0.38641816727478007,-0.9943501326391803,0.10069167660029467,-0.99435013263918
0.766,0.6428405712149786,0.3857043427289871,-0.9962930291212716,0.0991372396461224,-0.9962930291212714
0.7669999999999999,0.6416470992687493,0.3849882595612496,-0.9982086788030559,0.0975714155049541,-0.9982086788030559
0.7679999999999998,0.640449841908014,0.3842699051448084,-1.0000976696506536,0.09599402229509442,-1.0000976696506536
0.7690000000000001,0.6392487778635167,0.38354926671811007,-1.0019605642725062,0.09440487334137256,-1.0019605642725062
0.7700000000000001,0.6380438856379707,0.3828263313827824,-1.0037979013370468,0.09280377699977128,-1.0037979013370466
0.7709999999999998,0.6368351435026182,0.38210108610157084,-1.0056101968888247,0.09119053647377141,-1.0056101968888247
0.7719999999999998,0.6356225294937242,0.3813735176962345,-1.0073979455717637,0.08956494962194955,-1.0073979455717637
0.7730000000000001,0.6344060214090026,0.38064361284540155,-1.0091616217674229,0.08792680875630353,-1.0091616217674229
0.774,0.6331855968039702,0.3799113580823821,-1.0109016806553197,0.08627590043076072,-1.0109016806553197
0.7749999999999999,0.631961232988227,0.3791767397929362,-1.0126185592017125,0.08461200521927309,-1.0126185592017125
0.7759999999999998,0.630732907021665,0.3784397442129989,-1.0143126770825994,0.08293489748287952,-1.0143126770825994
0.7770000000000002,0.6295005957105995,0.37770035742635966,-1.0159844375461935,0.08124434512504741,-1.0159844375461933
0.7779999999999999,0.6282642756038259,0.3769585653622955,-1.0176342282195863,0.07954010933457577,-1.0176342282195867
0.7789999999999999,0.6270239229885891,0.37621435379315343,-1.0192624218639534,0.07782194431526898,-1.0192624218639532
0.7799999999999998,0.625779513886481,0.3754677083318885,-1.0208693770821842,0.07608959700155465,-1.0208693770821842
0.7810000000000001,0.624531024049246,0.37471861442954757,-1.0224554389825349,0.07434280675913527,-1.0224554389825349
0.782,0.6232784289545084,0.3739670573727049,-1.0240209398015607,0.07258130506970714,-1.0240209398015607
0.7829999999999999,0.6220217038014029,0.3732130222808417,-1.0255661994893004,0.07080481519869004,-1.0255661994893008
0.7839999999999999,0.6207608235061233,0.3724564941036739,-1.027091526259434,0.06901305184485503,-1.0270915262594338
0.7850000000000001,0.6194957626973729,0.3716974576184237,-1.0285972171069118,0.06720572077061425,-1.0285972171069113
0.786,0.6182264957117254,0.3709358974270352,-1.0300835582953356,0.06538251841167306,-1.0300835582953356
0.7869999999999999,0.6169529965888813,0.3701717979533287,-1.0315508258161936,0.06354313146460155,-1.0315508258161936
0.7879999999999998,0.6156752390668316,0.36940514344009895,-1.0329992858218675,0.0616872364508014,-1.0329992858218675
0.7890000000000001,0.614393196576915,0.368635917946149,-1.0344291950341902,0.05981449925518755,-1.0344291950341904
0.79,0.6131068422387732,0.36786410534326386,-1.035840801130178,0.057924574637779946,-1.035840801130178
0.791,0.6118161488551932,0.36708968931311586,-1.0372343431064497,0.05601710571622406,-1.0372343431064497
0.7919999999999997,0.6105210889068456,0.36631265334410734,-1.038610051623708,0.054091723417125266,-1.0386100516237082
0.7930000000000001,0.6092216345469026,0.3655329807281415,-1.039968149332571,0.05214804589384879,-1.039968149332571
0.794,0.6079177575955483,0.36475065455732897,-1.04130885118193,0.05018567790826735,-1.04130885118193
0.7949999999999999,0.6066094295343588,0.36396565772061523,-1.0426323647109386,0.04820421017367897,-1.0426323647109386
0.7959999999999998,0.6052966215005666,0.36317797290033993,-1.0439388903256304,0.046203218655892137,-1.0439388903256301
0.7970000000000003,0.6039793042811976,0.36238758256871856,-1.0452286215611228,0.04418226382916588,-1.0452286215611228
0.7979999999999999,0.6026574483070793,0.3615944689842476,-1.0465017453302583,0.042140889883414696,-1.0465017453302583
0.7989999999999999,0.60133102364671,0.36079861418802595,-1.0477584421595065,0.040078623878692134,-1.0477584421595063
0.7999999999999998,0.6000000000000003,0.36000000000000015,-1.0489988864128725,0.03799497484264845,-1.0489988864128723
0.8010000000000002,0.5986643466918669,0.3591986080151201,-1.0502232465045052,0.035889432806162545,-1.0502232465045052
0.802,0.597324032665688,0.35839441959941276,-1.0514316851006587,0.03376146777192306,-1.0514316851006584
0.8029999999999999,0.5959790264766036,0.35758741588596216,-1.0526243593116165,0.0316105286101514,-1.0526243593116165
0.8039999999999998,0.5946292962846687,0.35677757777080116,-1.0538014208741298,0.02943604187511457,-1.0538014208741298
0.805,0.5932748098478478,0.3559648859087087,-1.054963016324903,0.02723741053534927,-1.054963016324903
0.806,0.5919155345148495,0.35514932070890964,-1.056109287165615,0.025014012609810024,-1.0561092871656148
0.8069999999999999,0.5905514372177924,0.3543308623306754,-1.0572403700199315,0.02276519970126905,-1.0572403700199313
0.8079999999999998,0.5891824844647032,0.35350949067882187,-1.0583563967829386,0.020490295417373915,-1.0583563967829386
0.8090000000000002,0.5878086423318388,0.3526851853991032,-1.059457494763391,0.018188593668653774,-1.059457494763391
0.81,0.5864298764558299,0.3518579258734979,-1.0605437868191516,0.015859356831571036,-1.0605437868191516
0.811,0.5850461520256328,0.3510276912153797,-1.0616153914861755,0.013501813763298212,-1.0616153914861752
0.8119999999999997,0.5836574337742991,0.35019446026457945,-1.0626724231013547,0.011115157653350579,-1.0626724231013547
0.8130000000000002,0.5822636859705401,0.34935821158232405,-1.0637149919195428,0.008698543695382591,-1.0637149919195426
0.8140000000000001,0.5808648724100984,0.34851892344605906,-1.0647432042250287,0.006251086560423857,-1.0647432042250284
0.815,0.5794609564069007,0.34767657384414036,-1.0657571624377513,0.0037718576504389926,-1.0657571624377513
0.8159999999999998,0.5780519007840041,0.3468311404704024,-1.066756965214484,0.001259882108463084,-1.066756965214484
0.8170000000000002,0.5766376678643181,0.3459826007185909,-1.0677427075452404,-0.001285864441614473,-1.0677427075452404
0.8180000000000002,0.5752182194611013,0.34513093167666076,-1.0687144808451163,-0.003866459456068242,-1.068714480845116
0.8189999999999998,0.57379351686822,0.344276110120932,-1.0696723730417812,-0.006483037367803788,-1.0696723730417812
0.8199999999999998,0.5723635208501676,0.34341811251010057,-1.0706164686588078,-0.009136793857681118,-1.0706164686588078
0.8210000000000002,0.5709281916318371,0.34255691497910223,-1.0715468488950282,-0.011828990545740263,-1.0715468488950282
0.8220000000000001,0.5694874888880351,0.3416924933328211,-1.0724635917000869,-0.014560960153887553,-1.0724635917000869
0.823,0.5680413717327286,0.3408248230396372,-1.073366771846358,-0.017334112199279137,-1.073366771846358
0.8239999999999998,0.5665897987080251,0.339953879224815,-1.0742564609973657,-0.020149939286608087,-1.0742564609973657
0.8250000000000003,0.5651327277728654,0.3390796366637192,-1.0751327277728657,-0.023010024078138378,-1.0751327277728657
0.826,0.5636701162914353,0.33820206977486117,-1.0759956378107127,-0.025916047032888554,-1.075995637810713
0.827,0.5622019210212644,0.33732115261275863,-1.076845253825644,-0.028869795021322125,-1.0768452538256439
0.8279999999999998,0.5607280981010317,0.336436858860619,-1.077681635665095,-0.031873170939684635,-1.077681635665095
0.8290000000000002,0.5592486030380404,0.3355491618228242,-1.078504840362158,-0.03492820446954934,-1.078504840362158
0.8300000000000001,0.5577633906953736,0.33465803441722414,-1.0793149221857912,-0.03803706415382615,-1.0793149221857912
0.831,0.5562724152787014,0.3337634491672208,-1.080111932688375,-0.041202070991632124,-1.0801119326883755
0.832,0.5547756303227459,0.33286537819364753,-1.080895920750705,-0.04442571379223366,-1.0808959207507047
0.8329999999999996,0.5532729886773803,0.3319637932064281,-1.0816669326245067,-0.04771066657454596,-1.0816669326245067
0.8340000000000001,0.5517644424933522,0.3310586654960113,-1.0824250119725627,-0.051059808355486784,-1.0824250119725627
0.835,0.55024994320763,0.33014996592457796,-1.0831701999065095,-0.05447624574073452,-1.0831701999065095
0.8359999999999999,0.5487294415283367,0.32923766491700196,-1.0839025350223943,-0.05796333881886138,-1.0839025350223943
0.8369999999999997,0.5472028874192829,0.3283217324515697,-1.0846220534340418,-0.06152473096916846,-1.084622053434042
0.8380000000000001,0.5456702300840682,0.3274021380504409,-1.085328788804302,-0.06516438333156042,-1.085328788804302
0.8390000000000001,0.5441314179497448,0.3264788507698469,-1.086022772374227,-0.06888661486200778,-1.086022772374227
0.8399999999999997,0.5425863986500219,0.3255518391900131,-1.0867040329902438,-0.07269614912154641,-1.0867040329902438
0.8409999999999997,0.5410351190079997,0.3246210714047998,-1.0873725971293522,-0.07659816923647046,-1.087372597129352
0.8420000000000001,0.5394775250184198,0.3236865150110519,-1.0880284889224128,-0.08059838284495918,-1.0880284889224126
0.843,0.5379135618294077,0.3227481370976446,-1.088671730175552,-0.0847030993421813,-1.088671730175552
0.8439999999999999,0.5363431737236899,0.3218059042342139,-1.0893023403897282,-0.08891932239661628,-1.0893023403897282
0.8449999999999998,0.5347663040992771,0.3208597824595662,-1.089920336778496,-0.09325486159887722,-1.089920336778496
0.846,0.5331828954495822,0.3199097372697493,-1.0905257342839927,-0.09771846831437393,-1.0905257342839927
0.847,0.5315928893429633,0.318955733605778,-1.0911185455911818,-0.10232000248092382,-1.0911185455911816
0.8479999999999999,0.5299962264016606,0.31799773584099633,-1.0916987811403758,-0.10707063943088506,-1.0916987811403753
0.8489999999999998,0.5283928462801142,0.31703570776806844,-1.0922664491380591,-0.11198312914492467,-1.092266449138059
0.8500000000000001,0.5267826876426368,0.316069612585582,-1.092821555566033,-0.11707212516425852,-1.0928215555660328
0.851,0.5251656881404192,0.31509941288425153,-1.0933641041888975,-0.12235460750677869,-1.0933641041888975
0.852,0.5235417843878366,0.31412507063270195,-1.0938940965598833,-0.12785043467815219,-1.093894096559883
0.8529999999999999,0.5219109119380436,0.31314654716282614,-1.0944115320250436,-0.13358307649019602,-1.0944115320250434
0.8540000000000001,0.5202730052578164,0.31216380315468983,-1.0949164077258164,-0.13958060582656098,-1.0949164077258162
0.855,0.5186279977016283,0.3111767986209769,-1.0954087185999604,-0.14587707085350604,-1.0954087185999601
0.8559999999999999,0.5169758214849125,0.3101854928909475,-1.095888457380865,-0.15251444291664118,-1.095888457380865
0.8569999999999998,0.5153164076565003,0.3091898445939002,-1.0963556145952398,-0.15954546614953433,-1.0963556145952398
0.8580000000000001,0.5136496860701852,0.3081898116421111,-1.0968101785591742,-0.16703797849779972,-1.0968101785591742
0.8590000000000001,0.5119755853553956,0.3071853512132373,-1.0972521353725646,-0.1750817555013875,-1.0972521353725644
0.8599999999999998,0.5102940328869233,0.3061764197321539,-1.0976814689119028,-0.18379995140592503,-1.0976814689119028
0.8609999999999998,0.5086049547536874,0.3051629728522124,-1.098098160821407,-0.1933695920105868,-1.0980981608214069
0.8620000000000001,0.5069082757264867,0.304144965435892,-1.0985021905024925,-0.2040618000183273,-1.0985021905024925
0.863,0.5052039192247028,0.30312235153482164,-1.0988935351015512,-0.21633156861405278,-1.0988935351015512
0.8639999999999999,0.5034918072819062,0.30209508436914373,-1.0992721694960361,-0.23106157115178888,-1.0992721694960361
0.8649999999999998,0.5017718605103323,0.3010631163061993,-1.0996380662788128,-0.25050621766713804,-1.099638066278813
0.8660000000000002,0.50004399806417,0.30002639883850196,-1.0999911957407658,-0.29206649934168016,-1.0999911957407655
0.8669999999999999,0.4983081376016251,0.29898488256097505,-1.1003315258516164,-0.29898488256097505,-1.0016976574290524
0.8679999999999999,0.49656419524569057,0.2979385171474143,-1.1006590222389363,-0.2979385171474143,-0.9602231293909931
0.8689999999999998,0.49481208554359335,0.29688725132615595,-1.1009736481653083,-0.29688725132615595,-0.9285574076309612
0.8700000000000001,0.49305172142484177,0.29583103285490503,-1.1012753645036026,-0.29583103285490503,-0.9019163917935653
0.871,0.4912830141578273,0.29476980849469636,-1.1015641297103238,-0.29476980849469636,-0.8784673793978182
0.8719999999999999,0.4895058733049075,0.29370352398294447,-1.1018398997969845,-0.29370352398294447,-0.857275307102129
0.8729999999999999,0.4877202066759179,0.2926321240055508,-1.1021026282994533,-0.2926321240055508,-0.8377864539930031
0.874,0.4859259202800361,0.29155555216802165,-1.102352266245229,-0.29155555216802165,-0.8196408232507856
0.875,0.4841229182759271,0.2904737509655562,-1.102588762118576,-0.2904737509655562,-0.8025887621185748
0.8759999999999999,0.48231110292009677,0.28938666175205807,-1.102812061823465,-0.28938666175205807,-0.7864487264004106
0.8769999999999998,0.4804903745133719,0.28829422470802313,-1.1030221086442507,-0.28829422470802313,-0.7710838011231138
0.8780000000000001,0.47866063134542386,0.2871963788072543,-1.1032188432040142,-0.2871963788072543,-0.7563877027336084
0.879,0.4768217696372513,0.2860930617823508,-1.1034022034204967,-0.2860930617823508,-0.7422759651048622
0.88,0.4749736834815167,0.28498421008890995,-1.1035721244595385,-0.28498421008890995,-0.7286801400160192
0.8809999999999997,0.4731162647806568,0.28386975886839405,-1.1037285386859457,-0.28386975886839405,-0.7155438403785589
0.8820000000000001,0.47124940318264574,0.2827496419095874,-1.1038713756116783,-0.2827496419095874,-0.7028199574618359
0.883,0.469372986014321,0.2816237916085926,-1.1040005618412776,-0.2816237916085926,-0.6904686525525273
0.8839999999999999,0.46748689821213185,0.28049213892727914,-1.1041160210144112,-0.28049213892727914,-0.6784558748884211
0.8849999999999998,0.4655910222502152,0.27935461335012907,-1.104217673745437,-0.27935461335012907,-0.6667522465400427
0.8860000000000002,0.4636852380656512,0.2782111428393907,-1.1043054375598604,-0.2782111428393907,-0.6553322089593108
0.8869999999999999,0.4617694229807774,0.2770616537884664,-1.1043792268275596,-0.2770616537884664,-0.6441733598506175
0.8879999999999998,0.45984345162239765,0.2759060709734386,-1.104438952692642,-0.2759060709734386,-0.6332559309272151
0.8889999999999998,0.4579071958377597,0.2747443175026558,-1.104484522999793,-0.2747443175026558,-0.6225623716101747
0.8900000000000001,0.45596052460711967,0.27357631476427174,-1.1045158422169596,-0.27357631476427174,-0.6120770135285619
0.891,0.4540033039527355,0.2724019823716413,-1.1045328113542063,-0.2724019823716413,-0.601785797439652
0.8919999999999999,0.45203539684409694,0.27122123810645815,-1.104535327878576,-0.27122123810645815,-0.5916760489335621
0.8929999999999998,0.45005666309921505,0.27003399785952903,-1.104523285624764,-0.27003399785952903,-0.581736292672568
0.894,0.4480669592817572,0.2688401755690544,-1.104496574701415,-0.2688401755690544,-0.5719560973665925
0.895,0.4460661385938189,0.26763968315629133,-1.10445508139283,-0.26763968315629133,-0.5623259454851571
0.8959999999999999,0.4440540507640935,0.26643243045845605,-1.1043986880558638,-0.26643243045845605,-0.5528371230424923
0.8969999999999998,0.4420305419312112,0.26521832515872673,-1.1043272730117737,-0.26521832515872673,-0.5434816257967859
0.8980000000000001,0.43999545452197547,0.26399727271318524,-1.1042407104327725,-0.26399727271318524,-0.5342520789671951
0.899,0.4379486271242324,0.2627691762745394,-1.1041388702230035,-0.2627691762745394,-0.525141668157224
0.9,0.4358898943540672,0.26153393661244034,-1.1040216178936697,-0.26153393661244034,-0.5161440796257071
0.9009999999999997,0.43381908671703295,0.26029145203021975,-1.1038888144319918,-0.26029145203021975,-0.5072534484001111
0.9020000000000001,0.4317360304630594,0.2590416182778356,-1.1037403161636792,-0.2590416182778356,-0.49846431300478766
0.903,0.429640547434713,0.2577843284608278,-1.1035759746085632,-0.2577843284608278,-0.48977157579734504
0.9039999999999999,0.4275324549083966,0.2565194729450379,-1.1033956363290147,-0.2565194729450379,-0.4811704680820212
0.9049999999999998,0.42541156542811615,0.2552469392568697,-1.103199142770752,-0.2552469392568697,-0.4726565193106099
0.9060000000000001,0.42327768663136467,0.25396661197881876,-1.1029863300956064,-0.25396661197881876,-0.4642255297955244
0.9070000000000001,0.4211306210666706,0.2526783726400023,-1.1027570290057997,-0.2526783726400023,-0.45587354645271944
0.9079999999999998,0.4189701660023066,0.2513820996013839,-1.1025110645592249,-0.2513820996013839,-0.4475968411681011
0.9089999999999998,0.4167961132256398,0.2500776679353839,-1.102248255975226,-0.2500776679353839,-0.43939189144366486
0.9100000000000001,0.41460824883255726,0.24876494929953433,-1.1019684164303023,-0.24876494929953433,-0.43125536303115947
0.911,0.4124063530063522,0.2474438118038113,-1.1016713528431346,-0.2474438118038113,-0.4231840943039631
0.9119999999999999,0.4101901997854168,0.24611411987125006,-1.1013568656482893,-0.24611411987125006,-0.41517508215356586
0.9129999999999998,0.4079595568190557,0.2447757340914334,-1.1010247485578988,-0.2447757340914334,-0.4072254692270548
0.9140000000000003,0.40571418511065094,0.24342851106639052,-1.1006747883105739,-0.24342851106639052,-0.3993325323470519
0.9149999999999999,0.403453838747384,0.24207230324843038,-1.100306764406737,-0.24207230324843038,-0.39149367197686447
0.9159999999999999,0.40117826461561956,0.2407069587693717,-1.0999204488295107,-0.2407069587693717,-0.3837064026114829
0.9169999999999998,0.3988872021010455,0.23933232126062728,-1.0995156057502262,-0.23933232126062728,-0.37596834399049966
0.9180000000000001,0.3965803827725216,0.23794822966351292,-1.0990919912175352,-0.23794822966351292,-0.3682772130418324
0.919,0.39425753004857095,0.23655451802914257,-1.098649352829046,-0.23655451802914257,-0.3606308164764681
0.9199999999999999,0.39191835884530873,0.23515101530718524,-1.0981874293842921,-0.23515101530718524,-0.3530270439638105
0.9209999999999999,0.38956257520454923,0.2337375451227295,-1.0977059505177689,-0.2337375451227295,-0.3454638618255719
0.9220000000000002,0.3871898759007003,0.23231392554042016,-1.0972046363106513,-0.23231392554042016,-0.3379393071930884
0.923,0.3847999480249444,0.23087996881496667,-1.0966831968796986,-0.23087996881496667,-0.3304514825791217
0.9239999999999999,0.3823924685450802,0.2294354811270481,-1.096141331941723,-0.2294354811270481,-0.3229985508204095
0.9249999999999998,0.3799671038392671,0.22798026230356022,-1.0955787303518605,-0.22798026230356022,-0.31557873035186196
0.9260000000000002,0.37752350920174466,0.22651410552104678,-1.0949950696137236,-0.22651410552104678,-0.3081902907771932
0.927,0.3750613283184496,0.22503679699106974,-1.0943900153593595,-0.22503679699106974,-0.3008315487042556
0.928,0.3725801927102405,0.2235481156261443,-1.093763220796731,-0.2235481156261443,-0.29350086381622154
0.9289999999999997,0.37007972114127047,0.22204783268476228,-1.0931143261222482,-0.22204783268476228,-0.28619663515247123
0.9300000000000002,0.3675595189897817,0.220535711393869,-1.0924429578956516,-0.220535711393869,-0.27891729757509215
0.931,0.3650191775783841,0.21901150654703044,-1.0917487283742768,-0.21901150654703044,-0.2716613183989741
0.9319999999999999,0.3624582734605463,0.21747496407632777,-1.0910312348034716,-0.21747496407632777,-0.2644271941649084
0.9329999999999998,0.3598763676597843,0.21592582059587057,-1.0902900586596171,-0.21592582059587057,-0.2572134475367269
0.9340000000000003,0.3572730048576292,0.21436380291457752,-1.0895247648418578,-0.21436380291457752,-0.25001862430445715
0.9349999999999999,0.3546477125261068,0.21278862751566405,-1.0887349008082616,-0.21278862751566405,-0.24284129047656022
0.9359999999999999,0.3520000000000002,0.21120000000000008,-1.0879199956517012,-0.21120000000000008,-0.2356800294449996
0.9369999999999998,0.3493293574837367,0.209597614490242,-1.087079559110276,-0.209597614490242,-0.22853343920756572
0.9380000000000002,0.3466352549871402,0.2079811529922841,-1.0862130805065375,-0.2079811529922841,-0.22140012963218691
0.9390000000000001,0.3439171411837449,0.2063502847102469,-1.0853200276092023,-0.2063502847102469,-0.21427871974831708
0.94,0.3411744421846397,0.2047046653107838,-1.0843998454103365,-0.2047046653107838,-0.2071678350504773
0.9409999999999998,0.3384065602201001,0.20304393613206004,-1.0834519548102548,-0.20304393613206004,-0.20006610479906123
0.9420000000000001,0.3356128722203602,0.20136772333221614,-1.0824757512015024,-0.20136772333221614,-0.19297215930318937
0.9430000000000001,0.3327927282859407,0.19967563697156437,-1.0814706029423244,-0.19967563697156437,-0.18588462717003684
0.944,0.3299454500368206,0.1979672700220923,-1.0804358497089281,-0.1979672700220923,-0.17880213250443075
0.9449999999999998,0.3270703288285262,0.19624219729711573,-1.0793708007145935,-0.19624219729711573,-0.17172329204176123
0.9460000000000002,0.3241666238217618,0.19449997429305707,-1.0782747327822744,-0.19449997429305707,-0.16464671219621438
0.9470000000000001,0.321233559890619,0.1927401359343714,-1.0771468882557167,-0.1927401359343714,-0.1575709860051183
0.9480000000000001,0.3182703253525214,0.19096219521151284,-1.0759864727322643,-0.19096219521151284,-0.15049468994864615
0.9489999999999997,0.31527606950100173,0.18916564170060102,-1.0747926525984342,-0.18916564170060102,-0.14341638062238804
0.9500000000000002,0.3122498999199194,0.18734993995195165,-1.0735645523468909,-0.18734993995195165,-0.1363345912380914
0.9510000000000001,0.3091908795550086,0.1855145277330052,-1.072301251650684,-0.1855145277330052,-0.12924782792538864
0.952,0.3060980235153441,0.18365881410920643,-1.0710017821673716,-0.18365881410920643,-0.12215456580427395
0.9529999999999998,0.3029702955736755,0.1817821773442053,-1.0696651240419515,-0.1817821773442053,-0.11505324479468487
0.9540000000000002,0.2998066043301909,0.17988396259811454,-1.0682902020731748,-0.17988396259811454,-0.10794226512531974
0.9550000000000002,0.2966057989992773,0.1779634793995664,-1.0668758815028108,-0.1779634793995664,-0.10081998249903092
0.9559999999999998,0.2933666647729429,0.1760199988637657,-1.0654209633815312,-0.1760199988637657,-0.09368470286636518
0.9569999999999999,0.2900879177077189,0.17405275062463135,-1.063924179458226,-0.17405275062463135,-0.08653467675216665
0.9580000000000002,0.28676819907374607,0.17206091944424762,-1.062384186531457,-0.17206091944424762,-0.07936809307214744
0.9590000000000001,0.28340606909521154,0.17004364145712692,-1.0607995601922235,-0.17004364145712692,-0.07218307236693891
0.96,0.28,0.16799999999999998,-1.0591687878759004,-0.16799999999999998,-0.06497765936991723
0.9609999999999999,0.276548368283019,0.16592902096981138,-1.0574902611278063,-0.16592902096981138,-0.057749814811864454
0.9619999999999999,0.2730494460715866,0.16382966764295195,-1.055762266970797,-0.16382966764295195,-0.05049740634947865
0.963,0.26950139146208524,0.16170083487725115,-1.0539829782440822,-0.16170083487725115,-0.043218198485705364
0.964,0.26590223767392424,0.1595413426043545,-1.0521504427593154,-0.1595413426043545,-0.035909841326761525
0.9649999999999999,0.2622498808388676,0.15734992850332055,-1.0502625710920128,-0.15734992850332055,-0.028569857992815282
0.9659999999999997,0.25854206620973785,0.1551252397258427,-1.0483171227923063,-0.1551252397258427,-0.02119563046532856
0.9670000000000001,0.2547763725308919,0.15286582351853514,-1.0463116907574381,-0.15286582351853514,-0.01378438361248842
0.968,0.25095019426173004,0.150570116557038,-1.0442436834572484,-0.150570116557038,-0.0063331670831244585
0.969,0.24706072128122686,0.1482364327687361,-1.0421103046406544,-0.1482364327687361,0.001161165303769795
0.9699999999999996,0.24310491562286582,0.1458629493737195,-1.0399085300724986,-0.1458629493737195,0.00870197912526693
0.9710000000000001,0.23907948469076104,0.1434476908144566,-1.0376350807515486,-0.1434476908144566,0.016292886426475108
0.972,0.23498085028359236,0.1409885101701554,-1.0352863919362787,-0.1409885101701554,0.023937776972267264
0.9729999999999999,0.23080511259502093,0.13848306755701253,-1.0328585771471037,-0.13848306755701253,0.03164085451079896
0.9739999999999998,0.2265480081572126,0.13592880489432754,-1.0303473861116863,-0.13592880489432754,0.03940667908273811
0.9750000000000002,0.22220486043288884,0.13332291625973328,-1.0277481553587422,-0.13332291625973328,0.047240216671393775
0.9760000000000001,0.21777052142105874,0.13066231285263522,-1.0250557498254933,-0.13066231285263522,0.05514689782910301
0.9769999999999998,0.21323930219356954,0.12794358131614172,-1.0222644933959197,-0.12794358131614172,0.06313268736327024
0.9779999999999998,0.20860488968382415,0.12516293381029447,-1.0193680856911413,-0.12516293381029447,0.07120416776114485
0.9790000000000001,0.20386024624727545,0.12231614774836529,-1.0163595016315496,-0.12231614774836529,0.07936863983420672
0.98,0.1989974874213242,0.1193984924527945,-1.0132308691983178,-0.1193984924527945,0.0876342451549349
0.9809999999999999,0.19400773180468917,0.1164046390828135,-1.0099733193143583,-0.1164046390828135,0.09601011636630274
0.9819999999999998,0.18888091486436762,0.11332854891862056,-1.006576799652838,-0.11332854891862056,0.10450656355624115
0.983,0.18360555547150537,0.11016333328290322,-1.0030298411745833,-0.11016333328290322,0.11313530789610861
0.984,0.1781684596105607,0.1069010757663364,-0.9993192618387506,-0.1069010757663364,0.12190977809912026
0.9849999999999999,0.17255433926737457,0.10353260356042475,-0.9954297854923784,-0.10353260356042475,0.13084549169344287
0.9859999999999998,0.16674531477675913,0.1000471888660555,-0.9913435442194369,-0.1000471888660555,0.13996055282962694
0.9870000000000001,0.16072025385743957,0.09643215231446375,-0.987039417377202,-0.09643215231446375,0.14927631339484077
0.988,0.15445387661046256,0.09267232596627752,-0.9824921365960745,-0.09267232596627752,0.1588182681580401
0.989,0.14791551642745254,0.08874930985647152,-0.9776710466892276,-0.08874930985647152,0.16861729399997255
0.9899999999999999,0.14106735979665974,0.08464041587799584,-0.9725383454600196,-0.08464041587799584,0.17871141024028
0.9910000000000001,0.13386186910393788,0.08031712146236272,-0.9670465065043162,-0.08031712146236272,0.18914835596480992
0.992,0.12623787070447623,0.07574272242268573,-0.9611343672835431,-0.07574272242268573,0.1999895020775168
0.9929999999999999,0.11811435137188143,0.07086861082312886,-0.9547209255750725,-0.07086861082312886,0.2113160549705703
0.9939999999999998,0.10938007131100445,0.06562804278660267,-0.9476949524863292,-0.06562804278660267,0.22323944362644932
0.9950000000000001,0.09987492177718957,0.059924953066313735,-0.9398963500753015,-0.059924953066313735,0.2359199621095577
0.9960000000000001,0.08935323161475343,0.05361193896885205,-0.9310794578902568,-0.05361193896885205,0.24960346313469037
0.9969999999999998,0.07740155037207208,0.04644093022324325,-0.9208308360860549,-0.04644093022324325,0.2647035750551815
0.9979999999999998,0.06321392251711994,0.037928353510271955,-0.9083445396408868,-0.037928353510271955,0.28202642774700964
0.9990000000000001,0.04471017781221353,0.026826106687328113,-0.8915404087322015,-0.026826106687328113,0.30365236233027487
1.0,0.0,0.0,-0.8485281374238569,0.0,0.35147186257614316
1.001,0.0,0.0,-0.7965453006725902,0.0,0.3008894356088772
1.0019999999999998,0.0,0.0,-0.7759862676827901,0.0,0.28171995716346193
1.0030000000000001,0.0,0.0,-0.7605904271224828,0.0,0.26770296379645525
1.004,0.0,0.0,-0.7478643531457285,0.0,0.256345174612803
1.005,0.0,0.0,-0.7368425090020009,0.0,0.24668119495257096
1.0059999999999998,0.0,0.0,-0.7270298434887432,0.0,0.23821611291829006
1.0070000000000001,0.0,0.0,-0.7181323534365206,0.0,0.2306560619324628
1.008,0.0,0.0,-0.7099585320037834,0.0,0.2238096691023223
1.009,0.0,0.0,-0.7023753949753085,0.0,0.21754408158602492
1.0099999999999998,0.0,0.0,-0.6952861445958414,0.0,0.21176263049185695
1.0110000000000001,0.0,0.0,-0.6886177272663164,0.0,0.20639238863794238
1.012,0.0,0.0,-0.6823134041025033,0.0,0.2013767411723684
1.013,0.0,0.0,-0.6763280669903636,0.0,0.19667070168808723
1.0139999999999998,0.0,0.0,-0.6706251534508385,0.0,0.19223782714539403
1.0150000000000001,0.0,0.0,-0.665174539989816,0.0,0.1880481112777956
1.016,0.0,0.0,-0.6599510594397072,0.0,0.18407650198776315
1.017,0.0,0.0,-0.6549334302604618,0.0,0.1803018307002725
1.0179999999999998,0.0,0.0,-0.6501034659918545,0.0,0.17670602186601272
1.0190000000000001,0.0,0.0,-0.6454454801646684,0.0,0.17327349792195657
1.02,0.0,0.0,-0.6409458306685756,0.0,0.16999072370713975
1.021,0.0,0.0,-0.6365925656029776,0.0,0.1668458523599807
1.0219999999999998,0.0,0.0,-0.6323751442833812,0.0,0.16382844636974844
1.0230000000000001,0.0,0.0,-0.6282842147855674,0.0,0.16092925516449808
1.024,0.0,0.0,-0.6243114346263801,0.0,0.15814003583434216
1.025,0.0,0.0,-0.6204493247793498,0.0,0.15545340718832834
1.0259999999999998,0.0,0.0,-0.6166911497514703,0.0,0.1528627298712638
1.0270000000000001,0.0,0.0,-0.6130308182516737,0.0,0.1503620070710926
1.028,0.0,0.0,-0.609462800288439,0.0,0.14794580165429685
1.029,0.0,0.0,-0.6059820574931556,0.0,0.14560916652597508
1.0299999999999998,0.0,0.0,-0.6025839841788607,0.0,0.14334758572425585
1.0310000000000001,0.0,0.0,-0.5992643571797707,0.0,0.1411569242945061
1.032,0.0,0.0,-0.5960192929241902,0.0,0.1390333853959464
1.033,0.0,0.0,-0.592845210505598,0.0,0.1369734734055092
1.0339999999999998,0.0,0.0,-0.5897387997585458,0.0,0.1349739620256043
1.0350000000000001,0.0,0.0,-0.586696993534687,0.0,0.13303186659113914
1.036,0.0,0.0,-0.583716943522849,0.0,0.1311444199197349
1.037,0.0,0.0,-0.580795999074792,0.0,0.12930905116681443
1.0379999999999998,0.0,0.0,-0.57793168859239,0.0,0.12752336724132074
1.0390000000000001,0.0,0.0,-0.5751217031075022,0.0,0.12578513641335506
1.04,0.0,0.0,-0.5723638817469485,0.0,0.12409227380618244
1.041,0.0,0.0,-0.5696561988247103,0.0,0.12244282851474383
1.0419999999999998,0.0,0.0,-0.566996752344181,0.0,0.1208349721335241
1.0430000000000001,0.0,0.0,-0.5643837537266978,0.0,0.11926698851002387
1.044,0.0,0.0,-0.5618155186102628,0.0,0.1177372645677761
1.045,0.0,0.0,-0.5592904585852724,0.0,0.11624428206573693
1.0459999999999998,0.0,0.0,-0.5568070737532783,0.0,0.11478661018009406
1.0470000000000002,0.0,0.0,-0.5543639460107797,0.0,0.11336289881051961
1.048,0.0,0.0,-0.5519597329735741,0.0,0.11197187252639838
1.049,0.0,0.0,-0.5495931624685708,0.0,0.11061232507997562
1.0499999999999998,0.0,0.0,-0.547263027529631,0.0,0.10928311442297828
1.0510000000000002,0.0,0.0,-0.5449681818422097,0.0,0.10798315817152329
1.052,0.0,0.0,-0.542707535588592,0.0,0.10671142947110929
1.053,0.0,0.0,-0.5404800516514904,0.0,0.10546695321947795
1.0539999999999998,0.0,0.0,-0.5382847421389787,0.0,0.10424880261033609
1.0550000000000002,0.0,0.0,-0.5361206651981267,0.0,0.10305609596531344
1.056,0.0,0.0,-0.5339869220885868,0.0,0.10188799382541916
1.057,0.0,0.0,-0.531882654490658,0.0,0.10074369627654979
1.0579999999999998,0.0,0.0,-0.5298070420253128,0.0,0.09962244048652535
1.0590000000000002,0.0,0.0,-0.5277592999661194,0.0,0.09852349843361652
1.06,0.0,0.0,-0.5257386771252553,0.0,0.09744617480875906
1.061,0.0,0.0,-0.5237444538976704,0.0,0.09638980507553456
1.0619999999999998,0.0,0.0,-0.5217759404492137,0.0,0.09535375367373548
1.0630000000000002,0.0,0.0,-0.5198324750359683,0.0,0.09433741235377167
1.064,0.0,0.0,-0.5179134224433873,0.0,0.09334019863052521
1.065,0.0,0.0,-0.5160181725349446,0.0,0.09236155434637199
1.0659999999999998,0.0,0.0,-0.5141461389010789,0.0,0.09140094433416074
1.0670000000000002,0.0,0.0,-0.5122967576000848,0.0,0.0904578551718169
1.068,0.0,0.0,-0.510469485983422,0.0,0.08953179402103834
1.069,0.0,0.0,-0.5086638015986292,0.0,0.08862228754329995
1.0699999999999998,0.0,0.0,-0.5068792011636823,0.0,0.08772888088699037
1.0710000000000002,0.0,0.0,-0.505115199607184,0.0,0.08685113674009727
1.072,0.0,0.0,-0.5033713291693073,0.0,0.08598863444335483
1.073,0.0,0.0,-0.5016471385588497,0.0,0.0851409691592345
1.0739999999999998,0.0,0.0,-0.4999421921621935,0.0,0.08430775109256779
1.0750000000000002,0.0,0.0,-0.4982560693003136,0.0,0.08348860475895582
1.076,0.0,0.0,-0.4965883635303195,0.0,0.08268316829745777
1.077,0.0,0.0,-0.49493868198831115,0.0,0.0818910928243503
1.0779999999999998,0.0,0.0,-0.49330664477060954,0.0,0.08111204182501634
1.0790000000000002,0.0,0.0,-0.49169188435065536,0.0,0.08034569058126946
1.08,0.0,0.0,-0.49009404502910286,0.0,0.0795917256316432
1.081,0.0,0.0,-0.48851278241482143,0.0,0.07884984426236787
1.0819999999999999,0.0,0.0,-0.48694776293472014,0.0,0.07811975402695166
1.0830000000000002,0.0,0.0,-0.4853986633704572,0.0,0.0774011722924399
1.084,0.0,0.0,-0.4838651704202635,0.0,0.07669382581057452
1.085,0.0,0.0,-0.48234698028422596,0.0,0.07599745031222456
1.0859999999999999,0.0,0.0,-0.4808437982715295,0.0,0.07531179012356837
1.0870000000000002,0.0,0.0,-0.47935533842824307,0.0,0.07463659780264183
1.088,0.0,0.0,-0.477881323184363,0.0,0.07397163379494491
1.089,0.0,0.0,-0.47642148301889986,0.0,0.0733166661069267
1.0899999999999999,0.0,0.0,-0.47497555614190895,0.0,0.0726714699962222
1.0909999999999997,0.0,0.0,-0.4735432881924156,0.0,0.07203582767762569
1.092,0.0,0.0,-0.4721244319512895,0.0,0.07140952804383947
1.093,0.0,0.0,-0.4707187470681659,0.0,0.07079236640010496
1.0939999999999999,0.0,0.0,-0.46932599980158574,0.0,0.07018414421189575
1.0949999999999998,0.0,0.0,-0.46794596277158435,0.0,0.06958466886490992
1.096,0.0,0.0,-0.4665784147240083,0.0,0.06899375343662452
1.097,0.0,0.0,-0.4652231403058873,0.0,0.06841121647877266
1.0979999999999999,0.0,0.0,-0.4638799298512327,0.0,0.06783688181009544
1.0989999999999998,0.0,0.0,-0.4625485791766862,0.0,0.06727057831880413
1.1,0.0,0.0,-0.4612288893864622,0.0,0.06671213977420042
1.101,0.0,0.0,-0.45992066668608017,0.0,0.06616140464695168
1.1019999999999999,0.0,0.0,-0.4586237222044029,0.0,0.06561821593754127
1.1029999999999998,0.0,0.0,-0.45733787182353836,0.0,0.06508242101245676
1.104,0.0,0.0,-0.4560629360161803,0.0,0.06455387144769145
1.105,0.0,0.0,-0.45479873969000223,0.0,0.06403242287917492
1.1059999999999999,0.0,0.0,-0.45354511203872333,0.0,0.06351793485976363
1.1069999999999998,0.0,0.0,-0.4523018863995126,0.0,0.06301027072244413
1.108,0.0,0.0,-0.4510689001163977,0.0,0.06250929744943912
1.109,0.0,0.0,-0.4498459944093777,0.0,0.06201488554689643
1.1099999999999999,0.0,0.0,-0.4486330142489436,0.0,0.061526908924884854
1.1109999999999998,0.0,0.0,-0.4474298082357502,0.0,0.06104524478243407
1.112,0.0,0.0,-0.44623622848517014,0.0,0.060569773497349946
1.113,0.0,0.0,-0.4450521305165004,0.0,0.06010037852058687
1.1139999999999999,0.0,0.0,-0.4438773731465848,0.0,0.059636946274938187
1.1149999999999998,0.0,0.0,-0.4427118183876529,0.0,0.05917936605783815
1.116,0.0,0.0,-0.44155533134916036,0.0,0.058727529948083904
1.117,0.0,0.0,-0.44040778014345144,0.0,0.058281332716276196
1.1179999999999999,0.0,0.0,-0.43926903579505233,0.0,0.057840671738809746
1.1189999999999998,0.0,0.0,-0.43813897215344116,0.0,0.05740544691524889
1.12,0.0,0.0,-0.43701746580911865,0.0,0.05697556058891755
1.121,0.0,0.0,-0.43590439601284225,0.0,0.056550917470569215
1.1219999999999999,0.0,0.0,-0.43479964459786524,0.0,0.05613142456498043
1.1229999999999998,0.0,0.0,-0.4337030959050576,0.0,0.05571699110034758
1.124,0.0,0.0,-0.4326146367107745,0.0,0.05530752846034956
1.125,0.0,0.0,-0.43153415615735063,0.0,0.0549029501187596
1.126,0.0,0.0,-0.43046154568610334,0.0,0.054503171576495216
1.1269999999999998,0.0,0.0,-0.42939669897273824,0.0,0.05410811030099255
1.1280000000000001,0.0,0.0,-0.428339511865053,0.0,0.053717685667809295
1.129,0.0,0.0,-0.42728988232283754,0.0,0.05333181890435155
1.13,0.0,0.0,-0.426247710359877,0.0,0.052950433035640336
1.1309999999999998,0.0,0.0,-0.4252128979879737,0.0,0.05257345283202127
1.1320000000000001,0.0,0.0,-0.4241853491628955,0.0,0.052200804758743065
1.133,0.0,0.0,-0.4231649697321791,0.0,0.051832416927320796
1.134,0.0,0.0,-0.42215166738470106,0.0,0.05146821904860648
1.1349999999999998,0.0,0.0,-0.42114535160195393,0.0,0.05110814238750244
1.1360000000000001,0.0,0.0,-0.4201459336109493,0.0,0.05075211971924275
1.137,0.0,0.0,-0.419153326338693,0.0,0.050400085287182025
1.138,0.0,0.0,-0.4181674443681534,0.0,0.05005197476202842
1.1389999999999998,0.0,0.0,-0.41718820389567945,0.0,0.04970772520246071
1.1400000000000001,0.0,0.0,-0.41621552268979883,0.0,0.04936727501707781
1.141,0.0,0.0,-0.4152493200513521,0.0,0.04903056392761994
1.142,0.0,0.0,-0.4142895167748992,0.0,0.04869753293342141
1.1429999999999998,0.0,0.0,-0.4133360351113594,0.0,0.04836812427703498
1.1440000000000001,0.0,0.0,-0.4123887987318311,0.0,0.0480422814109898
1.145,0.0,0.0,-0.41144773269255136,0.0,0.04771994896563328
1.146,0.0,0.0,-0.410512763400942,0.0,0.04740107271802079
1.1469999999999998,0.0,0.0,-0.40958381858271475,0.0,0.04708559956180552
1.1480000000000001,0.0,0.0,-0.40866082724998615,0.0,0.04677347747809672
1.149,0.0,0.0,-0.40774371967036704,0.0,0.0464646555072479
1.15,0.0,0.0,-0.4068324273369906,0.0,0.04615908372153055
1.1509999999999998,0.0,0.0,-0.40592688293944607,0.0,0.045856713198681794
1.1520000000000001,0.0,0.0,-0.4050270203355839,0.0,0.04555749599626507
1.153,0.0,0.0,-0.40413277452416035,0.0,0.045261385126841726
1.154,0.0,0.0,-0.4032440816182903,0.0,0.04496833453389853
1.1549999999999998,0.0,0.0,-0.40236087881968224,0.0,0.044678299068523435
1.1560000000000001,0.0,0.0,-0.40148310439362506,0.0,0.044391234466790004
1.157,0.0,0.0,-0.4006106976447039,0.0,0.0441070973278304
1.158,0.0,0.0,-0.39974359889321054,0.0,0.04382584509256768
1.1589999999999998,0.0,0.0,-0.39888174945223775,0.0,0.04354743602309168
1.1600000000000001,0.0,0.0,-0.3980250916054187,0.0,0.04327182918264524
1.161,0.0,0.0,-0.39717356858530517,0.0,0.042998984416208925
1.162,0.0,0.0,-0.39632712455234587,0.0,0.04272886233165472
1.1629999999999998,0.0,0.0,-0.3954857045744582,0.0,0.04246142428145712
1.1640000000000001,0.0,0.0,-0.394649254607166,0.0,0.04219663234493307
1.165,0.0,0.0,-0.3938177214742899,0.0,0.041934449311003395
1.166,0.0,0.0,-0.39299105284916197,0.0,0.04167483866144552
1.1669999999999998,0.0,0.0,-0.39216919723635674,0.0,0.041417764554631975
1.1680000000000001,0.0,0.0,-0.3913521039539214,0.0,0.041163191809729834
1.169,0.0,0.0,-0.39053972311608104,0.0,0.040911085891351465
1.17,0.0,0.0,-0.3897320056164089,0.0,0.040661412894636095
1.1709999999999998,0.0,0.0,-0.3889289031114479,0.0,0.04041413953075326
1.1720000000000002,0.0,0.0,-0.38813036800476414,0.0,0.040169233112808504
1.173,0.0,0.0,-0.387336353431424,0.0,0.039926661542144214
1.174,0.0,0.0,-0.3865468132428752,0.0,0.03968639329501688
1.1749999999999998,0.0,0.0,-0.38576170199222354,0.0,0.03944839740963987
1.1760000000000002,0.0,0.0,-0.384980974919893,0.0,0.039212643473584746
1.177,0.0,0.0,-0.3842045879396538,0.0,0.03897910161152341
1.178,0.0,0.0,-0.38343249762500836,0.0,0.03874774247329987
1.1789999999999998,0.0,0.0,-0.3826646611959266,0.0,0.03851853722232817
1.1800000000000002,0.0,0.0,-0.38190103650591656,0.0,0.03829145752429667
1.181,0.0,0.0,-0.38114158202942156,0.0,0.03806647553617966
1.182,0.0,0.0,-0.38038625684953287,0.0,0.037843563895533915
1.1829999999999998,0.0,0.0,-0.37963502064601007,0.0,0.03762269571008373
1.1840000000000002,0.0,0.0,-0.37888783368359696,0.0,0.03740384454757527
1.185,0.0,0.0,-0.3781446568006313,0.0,0.0371869844259005
1.186,0.0,0.0,-0.3774054513979254,0.0,0.03697208980347528
1.1869999999999998,0.0,0.0,-0.3766701794279268,0.0,0.03675913556986592
1.1880000000000002,0.0,0.0,-0.3759388033841377,0.0,0.03654809703666303
1.189,0.0,0.0,-0.37521128629079253,0.0,0.036338949928580805
1.19,0.0,0.0,-0.3744875916927819,0.0,0.036131670374792466
1.1909999999999998,0.0,0.0,-0.3737676836458193,0.0,0.03592623490047976
1.1920000000000002,0.0,0.0,-0.373051526706841,0.0,0.03572262041859908
1.193,0.0,0.0,-0.37233908592463366,0.0,0.03552080422185335
1.194,0.0,0.0,-0.3716303268306833,0.0,0.03532076397486735
1.1949999999999998,0.0,0.0,-0.3709252154302372,0.0,0.03512247770655646
1.1960000000000002,0.0,0.0,-0.3702237181935765,0.0,0.03492592380268436
1.197,0.0,0.0,-0.36952580204749125,0.0,0.034731080998606126
1.198,0.0,0.0,-0.3688314343669489,0.0,0.03453792837219103
1.1989999999999998,0.0,0.0,-0.3681405829669595,0.0,0.034346445336914326
1.2000000000000002,0.0,0.0,-0.3674532160946228,0.0,0.034156611635123214
1.201,0.0,0.0,-0.36676930242135986,0.0,0.03396840733146042
1.202,0.0,0.0,-0.36608881103531665,0.0,0.03378181280645231
1.2029999999999998,0.0,0.0,-0.3654117114339425,0.0,0.03359680875024801
1.2040000000000002,0.0,0.0,-0.36473797351673237,0.0,0.033413376156507024
1.205,0.0,0.0,-0.364067567578135,0.0,0.03323149631643929
1.206,0.0,0.0,-0.3634004643006121,0.0,0.03305115081297668
1.2069999999999999,0.0,0.0,-0.3627366347478585,0.0,0.0328723215150931
1.2080000000000002,0.0,0.0,-0.36207605035816576,0.0,0.032694990572250296
1.209,0.0,0.0,-0.36141868293793455,0.0,0.03251914040897643
1.21,0.0,0.0,-0.36076450465532767,0.0,0.03234475371957452
1.2109999999999999,0.0,0.0,-0.36011348803405924,0.0,0.032171813462947174
1.2120000000000002,0.0,0.0,-0.35946560594731997,0.0,0.03200030285754764
1.213,0.0,0.0,-0.358820831611834,0.0,0.03183020537644267
1.214,0.0,0.0,-0.3581791385820385,0.0,0.031661504742490694
1.2149999999999999,0.0,0.0,-0.35754050074439353,0.0,0.031494184923631714
1.2159999999999997,0.0,0.0,-0.3569048923118067,0.0,0.031328230128280746
1.217,0.0,0.0,-0.3562722878181794,0.0,0.031163624800828224
1.218,0.0,0.0,-0.3556426621130676,0.0,0.03100035361724086
1.2189999999999999,0.0,0.0,-0.35501599035645093,0.0,0.030838401480763396
1.2199999999999998,0.0,0.0,-0.3543922480136154,0.0,0.030677753517714543
1.221,0.0,0.0,-0.3537714108501384,0.0,0.030518395073376416
1.222,0.0,0.0,-0.3531534549269807,0.0,0.03036031170797755
1.2229999999999999,0.0,0.0,-0.35253835659567534,0.0,0.030203489192761415
1.2239999999999998,0.0,0.0,-0.3519260924936196,0.0,0.030047913506147026
1.225,0.0,0.0,-0.3513166395394588,0.0,0.029893570829966874
1.226,0.0,0.0,-0.35070997492856804,0.0,0.02974044754579309
1.2269999999999999,0.0,0.0,-0.35010607612861894,0.0,0.02958853023133876
1.2279999999999998,0.0,0.0,-0.349504920875244,0.0,0.029437805656942897
1.229,0.0,0.0,-0.3489064871677801,0.0,0.02928826078212463
1.23,0.0,0.0,-0.34831075326510214,0.0,0.029139882752218765
1.2309999999999999,0.0,0.0,-0.347717697681536,0.0,0.028992658895076615
1.2319999999999998,0.0,0.0,-0.3471272991828553,0.0,0.02884657671784315
1.233,0.0,0.0,-0.3465395367823541,0.0,0.028701623903798025
1.234,0.0,0.0,-0.3459543897370006,0.0,0.02855778830926681
1.2349999999999999,0.0,0.0,-0.3453718375436607,0.0,0.028415057960596245
1.2359999999999998,0.0,0.0,-0.34479185993539957,0.0,0.02827342105119297
1.237,0.0,0.0,-0.34421443687785314,0.0,0.028132865938624695
1.238,0.0,0.0,-0.3436395485656706,0.0,0.02799338114178149
1.2389999999999999,0.0,0.0,-0.34306717541902126,0.0,0.02785495533809662
1.2399999999999998,0.0,0.0,-0.34249729808017565,0.0,0.027717577360826008
1.241,0.0,0.0,-0.34192989741014435,0.0,0.027581236196379127
1.242,0.0,0.0,-0.34136495448538623,0.0,0.02744592098171214
1.2429999999999999,0.0,0.0,-0.3408024505945743,0.0,0.02731162100177032
1.2439999999999998,0.0,0.0,-0.34024236723542706,0.0,0.027178325686978585
1.245,0.0,0.0,-0.33968468611159525,0.0,0.027046024610794285
1.246,0.0,0.0,-0.33912938912961027,0.0,0.026914707487298926
1.2469999999999999,0.0,0.0,-0.33857645839588674,0.0,0.026784364168842095
1.2479999999999998,0.0,0.0,-0.3380258762137811,0.0,0.026654984643734725
1.249,0.0,0.0,-0.3374776250807061,0.0,0.02652655903398843
1.25,0.0,0.0,-0.33693168768529813,0.0,0.026399077593096027
1.251,0.0,0.0,-0.33638804690463314,0.0,0.026272530703859983
1.2519999999999998,0.0,0.0,-0.3358466858014987,0.0,0.0261469088762657
1.2530000000000001,0.0,0.0,-0.3353075876217104,0.0,0.02602220274539048
1.254,0.0,0.0,-0.33477073579148253,0.0,0.02589840306935933
1.255,0.0,0.0,-0.33423611391484004,0.0,0.025775500727338068
1.2559999999999998,0.0,0.0,-0.33370370577108155,0.0,0.025653486717569444
1.2570000000000001,0.0,0.0,-0.3331734953122862,0.0,0.025532352155440738
1.258,0.0,0.0,-0.33264546666086586,0.0,0.02541208827159633
1.259,0.0,0.0,-0.33211960410715863,0.0,0.02529268641008259
1.2599999999999998,0.0,0.0,-0.3315958921070681,0.0,0.025174138026528868
1.2610000000000001,0.0,0.0,-0.33107431527974024,0.0,0.025056434686365568
1.262,0.0,0.0,-0.3305548584052876,0.0,0.024939568063072036
1.263,0.0,0.0,-0.33003750642254515,0.0,0.024823529936466398
1.2639999999999998,0.0,0.0,-0.32952224442687156,0.0,0.024708312191016633
1.2650000000000001,0.0,0.0,-0.32900905766798677,0.0,0.024593906814194096
1.266,0.0,0.0,-0.3284979315478463,0.0,0.024480305894850066
1.267,0.0,0.0,-0.3279888516185528,0.0,0.024367501621630257
1.2679999999999998,0.0,0.0,-0.32748180358030377,0.0,0.024255486281411873
1.2690000000000001,0.0,0.0,-0.32697677327937363,0.0,0.024144252257777582
1.27,0.0,0.0,-0.32647374670613305,0.0,0.02403379202950912
1.271,0.0,0.0,-0.3259727099930965,0.0,0.023924098169117936
1.2719999999999998,0.0,0.0,-0.3254736494130095,0.0,0.023815163341396973
1.2730000000000001,0.0,0.0,-0.32497655137696135,0.0,0.023706980302001544
1.274,0.0,0.0,-0.32448140243253726,0.0,0.02359954189605743
1.275,0.0,0.0,-0.3239881892619942,0.0,0.023492841056789025
1.2759999999999998,0.0,0.0,-0.3234968986804716,0.0,0.023386870804183335
1.2770000000000001,0.0,0.0,-0.323007517634231,0.0,0.02328162424366496
1.278,0.0,0.0,-0.32252003319892475,0.0,0.023177094564807335
1.279,0.0,0.0,-0.3220344325778916,0.0,0.023073275040059744
1.2799999999999998,0.0,0.0,-0.32155070310048495,0.0,0.022970159023500723
1.2810000000000001,0.0,0.0,-0.3210688322204221,0.0,0.022867739949609653
1.282,0.0,0.0,-0.32058880751416857,0.0,0.02276601133206969
1.283,0.0,0.0,-0.3201106166793392,0.0,0.02266496676258009
1.2839999999999998,0.0,0.0,-0.31963424753313463,0.0,0.022564599909701114
1.2850000000000001,0.0,0.0,-0.31915968801079636,0.0,0.02246490451771027
1.286,0.0,0.0,-0.31868692616409067,0.0,0.022365874405484883
1.287,0.0,0.0,-0.3182159501598146,0.0,0.022267503465401864
1.2879999999999998,0.0,0.0,-0.31774674827832733,0.0,0.02216978566225721
1.2890000000000001,0.0,0.0,-0.31727930891210404,0.0,0.022072715032205658
1.29,0.0,0.0,-0.31681362056431495,0.0,0.02197628568171771
1.291,0.0,0.0,-0.31634967184742335,0.0,0.021880491786553054
1.2919999999999998,0.0,0.0,-0.3158874514818083,0.0,0.021785327590759095
1.2930000000000001,0.0,0.0,-0.31542694829440965,0.0,0.021690787405675947
1.294,0.0,0.0,-0.31496815121739236,0.0,0.02159686560896899
1.295,0.0,0.0,-0.314511049286833,0.0,0.021503556643671717
1.2959999999999998,0.0,0.0,-0.314055631641426,0.0,0.021410855017248
1.2970000000000002,0.0,0.0,-0.3136018875212118,0.0,0.02131875530066816
1.298,0.0,0.0,-0.3131498062663217,0.0,0.02122725212750426
1.299,0.0,0.0,-0.3126993773157456,0.0,0.021136340193037863
1.2999999999999998,0.0,0.0,-0.31225059020611673,0.0,0.02104601425338351
1.3010000000000002,0.0,0.0,-0.31180343457051374,0.0,0.020956269124627946
1.302,0.0,0.0,-0.31135790013728515,0.0,0.020867099681984677
1.303,0.0,0.0,-0.3109139767288884,0.0,0.020778500858959326
1.3039999999999998,0.0,0.0,-0.3104716542607479,0.0,0.020690467646534188
1.3050000000000002,0.0,0.0,-0.31003092274012856,0.0,0.020602995092360424
1.306,0.0,0.0,-0.3095917722650312,0.0,0.02051607829997007
1.307,0.0,0.0,-0.30915419302309843,0.0,0.02042971242799671
1.3079999999999998,0.0,0.0,-0.3087181752905413,0.0,0.020343892689410104
1.3090000000000002,0.0,0.0,-0.3082837094310799,0.0,0.02025861435076461
1.31,0.0,0.0,-0.30785078589490245,0.0,0.02017387273145908
1.311,0.0,0.0,-0.3074193952176357,0.0,0.02008966320301008
1.3119999999999998,0.0,0.0,-0.30698952801933377,0.0,0.020005981188334854
1.3130000000000002,0.0,0.0,-0.30656117500348173,0.0,0.01992282216105013
1.314,0.0,0.0,-0.30613432695601345,0.0,0.019840181644775082
1.315,0.0,0.0,-0.30570897474434244,0.0,0.0197580552124557
1.3159999999999998,0.0,0.0,-0.30528510931641006,0.0,0.019676438485688962
1.3170000000000002,0.0,0.0,-0.30486272169974354,0.0,0.01959532713407096
1.318,0.0,0.0,-0.30444180300053303,0.0,0.01951471687454026
1.319,0.0,0.0,-0.3040223444027164,0.0,0.019434603470748903
1.3199999999999998,0.0,0.0,-0.3036043371670814,0.0,0.01935498273242522
1.3210000000000002,0.0,0.0,-0.3031877726303793,0.0,0.019275850514763843
1.322,0.0,0.0,-0.30277264220445116,0.0,0.019197202717813878
1.323,0.0,0.0,-0.3023589373753672,0.0,0.01911903528588295
1.3239999999999998,0.0,0.0,-0.3019466497025771,0.0,0.01904134420694532
1.3250000000000002,0.0,0.0,-0.30153577081807553,0.0,0.018964125512068664
1.326,0.0,0.0,-0.3011262924255761,0.0,0.018887375274837723
1.327,0.0,0.0,-0.3007182062996988,0.0,0.018811089610797152
1.3279999999999998,0.0,0.0,-0.3003115042851694,0.0,0.018735264676897654
1.3290000000000002,0.0,0.0,-0.29990617829602784,0.0,0.018659896670954614
1.33,0.0,0.0,-0.2995022203148514,0.0,0.018584981831109123
1.331,0.0,0.0,-0.2990996223919851,0.0,0.01851051643530662
1.3319999999999999,0.0,0.0,-0.29869837664478555,0.0,0.018436496800773104
1.3330000000000002,0.0,0.0,-0.29829847525687336,0.0,0.01836291928350946
1.334,0.0,0.0,-0.2978999104773977,0.0,0.018289780277785765
1.335,0.0,0.0,-0.29750267462031005,0.0,0.01821707621564716
1.3359999999999999,0.0,0.0,-0.2971067600636483,0.0,0.01814480356642975
1.3370000000000002,0.0,0.0,-0.2967121592488296,0.0,0.018072958836276846
1.338,0.0,0.0,-0.2963188646799562,0.0,0.01800153856766722
1.339,0.0,0.0,-0.29592686892312636,0.0,0.01793053933895532
1.3399999999999999,0.0,0.0,-0.2955361646057584,0.0,0.017859957763906264
1.3410000000000002,0.0,0.0,-0.29514674441592126,0.0,0.01778979049125009
1.342,0.0,0.0,-0.2947586011016768,0.0,0.017720034204235166
1.343,0.0,0.0,-0.2943717274704291,0.0,0.017650685620191845
1.3439999999999999,0.0,0.0,-0.29398611638828176,0.0,0.017581741490100465
1.3449999999999998,0.0,0.0,-0.2936017607794077,0.0,0.017513198598169376
1.346,0.0,0.0,-0.29321865362542276,0.0,0.017445053761414604
1.347,0.0,0.0,-0.29283678796477125,0.0,0.017377303829251917
1.3479999999999999,0.0,0.0,-0.29245615689211796,0.0,0.017309945683085012
1.3489999999999998,0.0,0.0,-0.2920767535577481,0.0,0.017242976235913778
1.35,0.0,0.0,-0.2916985711669766,0.0,0.017176392431934563
1.351,0.0,0.0,-0.2913216029795646,0.0,0.017110191246156016
1.3519999999999999,0.0,0.0,-0.29094584230914217,0.0,0.017044369684016496
1.3529999999999998,0.0,0.0,-0.29057128252264214,0.0,0.016978924781007883
1.354,0.0,0.0,-0.29019791703973674,0.0,0.01691385360230345
1.355,0.0,0.0,-0.2898257393322865,0.0,0.01684915324239552
1.3559999999999999,0.0,0.0,-0.28945474292379303,0.0,0.016784820824732302
1.3569999999999998,0.0,0.0,-0.28908492138885905,0.0,0.01672085350136601
1.358,0.0,0.0,-0.2887162683526576,0.0,0.016657248452602684
1.359,0.0,0.0,-0.2883487774904069,0.0,0.016594002886655843
1.3599999999999999,0.0,0.0,-0.28798244252685057,0.0,0.016531114039309493
1.3609999999999998,0.0,0.0,-0.2876172572357479,0.0,0.01646857917358358
1.362,0.0,0.0,-0.2872532154393667,0.0,0.01640639557940327
1.363,0.0,0.0,-0.28689031100798745,0.0,0.016344560573275074
1.3639999999999999,0.0,0.0,-0.2865285378594081,0.0,0.01628307149796495
1.3649999999999998,0.0,0.0,-0.2861678899584598,0.0,0.01622192572218429
1.366,0.0,0.0,-0.28580836131652804,0.0,0.016161120640279667
1.367,0.0,0.0,-0.2854499459910766,0.0,0.016100653671923704
1.3679999999999999,0.0,0.0,-0.2850926380851824,0.0,0.0160405222618155
1.369,0.0,0.0,-0.2847364317470725,0.0,0.015980723879378586
1.37,0.0,0.0,-0.28438132116966863,0.0,0.01592125601847361
1.371,0.0,0.0,-0.28402730059013676,0.0,0.015862116197101546
1.3719999999999999,0.0,0.0,-0.28367436428944326,0.0,0.015803301957123678
1.3729999999999998,0.0,0.0,-0.2833225065919156,0.0,0.015744810863978585
1.374,0.0,0.0,-0.2829717218648088,0.0,0.015686640506401634
1.375,0.0,0.0,-0.28262200451787817,0.0,0.015628788496156478
1.376,0.0,0.0,-0.28227334900295553,0.0,0.015571252467761207
1.3769999999999998,0.0,0.0,-0.2819257498135329,0.0,0.015514030078223436
1.378,0.0,0.0,-0.2815792014843489,0.0,0.015457119006779015
1.379,0.0,0.0,-0.2812336985909835,0.0,0.015400516954631764
1.38,0.0,0.0,-0.28088923574945346,0.0,0.01534422164470069
1.3809999999999998,0.0,0.0,-0.2805458076158171,0.0,0.015288230821364024
1.3820000000000003,0.0,0.0,-0.28020340888578066,0.0,0.01523254225021654
1.3830000000000002,0.0,0.0,-0.2798620342943114,0.0,0.01517715371782044
1.3839999999999997,0.0,0.0,-0.2795216786152543,0.0,0.015122063031466312
1.3849999999999996,0.0,0.0,-0.2791823366609543,0.0,0.015067268018933712
1.3860000000000001,0.0,0.0,-0.2788440032818814,0.0,0.015012766528258564
1.387,0.0,0.0,-0.27850667336626417,0.0,0.01495855642749965
1.388,0.0,0.0,-0.2781703418397222,0.0,0.01490463560450937
1.389,0.0,0.0,-0.27783500366490727,0.0,0.014851001966710194
1.3900000000000001,0.0,0.0,-0.2775006538411474,0.0,0.014797653440872992
1.391,0.0,0.0,-0.2771672874040953,0.0,0.014744587972895731
1.392,0.0,0.0,-0.2768348994253797,0.0,0.014691803527586911
1.3929999999999998,0.0,0.0,-0.276503485012263,0.0,0.014639298088454824
1.3940000000000001,0.0,0.0,-0.2761730393073026,0.0,0.014587069657494652
1.395,0.0,0.0,-0.27584355748801415,0.0,0.01453511625498042
1.396,0.0,0.0,-0.27551503476654154,0.0,0.014483435919263205
1.3969999999999998,0.0,0.0,-0.2751874663893282,0.0,0.014432026706564988
1.398,0.0,0.0,-0.27486084763679514,0.0,0.014380886690781695
1.3989999999999998,0.0,0.0,-0.27453517382302045,0.0,0.014330013963283834
1.4,0.0,0.0,-0.27421044029542313,0.0,0.014279406632725864
1.4009999999999998,0.0,0.0,-0.2738866424344512,0.0,0.014229062824851696
1.4020000000000001,0.0,0.0,-0.27356377565327256,0.0,0.014178980682305446
1.4030000000000002,0.0,0.0,-0.27324183539747116,0.0,0.014129158364446073
1.4040000000000001,0.0,0.0,-0.27292081714474414,0.0,0.014079594047163111
1.4049999999999996,0.0,0.0,-0.2726007164046041,0.0,0.014030285922693399
1.4060000000000001,0.0,0.0,-0.2722815287180849,0.0,0.013981232199442964
1.407,0.0,0.0,-0.27196324965745106,0.0,0.01393243110180838
1.408,0.0,0.0,-0.27164587482590874,0.0,0.01388388087000483
1.4089999999999998,0.0,0.0,-0.27132939985732163,0.0,0.013835579759889811
1.4100000000000001,0.0,0.0,-0.2710138204159296,0.0,0.013787526042796669
1.411,0.0,0.0,-0.27069913219607156,0.0,0.013739718005361863
1.412,0.0,0.0,-0.2703853309219094,0.0,0.013692153949365515
1.4129999999999998,0.0,0.0,-0.270072412347157,0.0,0.013644832191560466
1.4140000000000001,0.0,0.0,-0.26976037225481053,0.0,0.013597751063515164
1.415,0.0,0.0,-0.2694492064568846,0.0,0.013550908911452927
1.416,0.0,0.0,-0.2691389107941482,0.0,0.013504304096094656
1.4169999999999998,0.0,0.0,-0.26882948113586413,0.0,0.013457934992501665
1.418,0.0,0.0,-0.2685209133795356,0.0,0.01341179998992492
1.4189999999999998,0.0,0.0,-0.26821320345064903,0.0,0.01336589749165038
1.42,0.0,0.0,-0.2679063473024238,0.0,0.01332022591485004
1.4209999999999998,0.0,0.0,-0.2676003409155662,0.0,0.013274783690439336
1.4220000000000002,0.0,0.0,-0.26729518029801985,0.0,0.013229569262920642
1.4230000000000003,0.0,0.0,-0.2669908614847274,0.0,0.013184581090249002
1.4240000000000002,0.0,0.0,-0.2666873805373875,0.0,0.013139817643684324
1.4249999999999996,0.0,0.0,-0.2663847335442177,0.0,0.013095277407654366
1.4260000000000002,0.0,0.0,-0.2660829166197207,0.0,0.013050958879612587
1.427,0.0,0.0,-0.2657819259044521,0.0,0.013006860569904147
1.428,0.0,0.0,-0.2654817575647908,0.0,0.012962981001627757
1.4289999999999998,0.0,0.0,-0.26518240779271,0.0,0.012919318710505202
1.4300000000000002,0.0,0.0,-0.2648838728055538,0.0,0.012875872244746405
1.431,0.0,0.0,-0.26458614884581827,0.0,0.012832640164922882
1.432,0.0,0.0,-0.2642892321809244,0.0,0.012789621043832156
1.4329999999999998,0.0,0.0,-0.26399311910300893,0.0,0.012746813466381313
1.4340000000000002,0.0,0.0,-0.2636978059287023,0.0,0.012704216029450018
1.435,0.0,0.0,-0.26340328899892046,0.0,0.012661827341774679
1.436,0.0,0.0,-0.26310956467865293,0.0,0.012619646023822076
1.4369999999999998,0.0,0.0,-0.26281662935675454,0.0,0.01257767070767124
1.4380000000000004,0.0,0.0,-0.26252447944573976,0.0,0.012535900036890375
1.4389999999999998,0.0,0.0,-0.26223311138157934,0.0,0.012494332666420992
1.4399999999999997,0.0,0.0,-0.2619425216234982,0.0,0.012452967262461345
1.4409999999999998,0.0,0.0,-0.26165270665377566,0.0,0.012411802502351275
1.4420000000000002,0.0,0.0,-0.26136366297755076,0.0,0.01237083707445787
1.443,0.0,0.0,-0.26107538712262374,0.0,0.012330069678063355
1.4440000000000002,0.0,0.0,-0.26078787563926487,0.0,0.012289499023253676
1.445,0.0,0.0,-0.2605011251000239,0.0,0.012249123830809727
1.4460000000000002,0.0,0.0,-0.26021513209953856,0.0,0.012208942832098234
1.447,0.0,0.0,-0.2599298932543512,0.0,0.012168954768964145
1.448,0.0,0.0,-0.25964540520272106,0.0,0.012129158393628511
1.4489999999999998,0.0,0.0,-0.2593616646044414,0.0,0.012089552468576393
1.4500000000000002,0.0,0.0,-0.25907866814065955,0.0,0.012050135766462184
1.451,0.0,0.0,-0.2587964125136968,0.0,0.01201090707000247
1.452,0.0,0.0,-0.2585148944468708,0.0,0.01197186517187467
1.4529999999999998,0.0,0.0,-0.2582341106843212,0.0,0.011933008874621991
1.4540000000000002,0.0,0.0,-0.25795405799083465,0.0,0.011894336990550735
1.455,0.0,0.0,-0.2576747331516728,0.0,0.01185584834163349
1.456,0.0,0.0,-0.25739613297240305,0.0,0.011817541759416364
1.4569999999999999,0.0,0.0,-0.2571182542787305,0.0,0.01177941608491949
1.4580000000000004,0.0,0.0,-0.2568410939163289,0.0,0.011741470168545928
1.4589999999999999,0.0,0.0,-0.256564648750679,0.0,0.011703702869988406
1.4599999999999997,0.0,0.0,-0.25628891566690243,0.0,0.01166611305813702
1.4609999999999999,0.0,0.0,-0.25601389156960164,0.0,0.011628699610990115
1.4620000000000002,0.0,0.0,-0.25573957338270065,0.0,0.011591461415561463
1.463,0.0,0.0,-0.255465958049284,0.0,0.011554397367797105
1.4640000000000002,0.0,0.0,-0.25519304253144326,0.0,0.011517506372481192
1.465,0.0,0.0,-0.25492082381012054,0.0,0.01148078734315699
1.4660000000000002,0.0,0.0,-0.25464929888495363,0.0,0.01144423920203403
1.467,0.0,0.0,-0.2543784647741265,0.0,0.0114078608799085
1.468,0.0,0.0,-0.25410831851421717,0.0,0.011371651316078294
1.4689999999999999,0.0,0.0,-0.2538388571600493,0.0,0.011335609458261795
1.4700000000000002,0.0,0.0,-0.25357007778454554,0.0,0.011299734262512243
1.471,0.0,0.0,-0.25330197747858,0.0,0.011264024693142341
1.472,0.0,0.0,-0.2530345533508349,0.0,0.0112284797226416
1.4729999999999999,0.0,0.0,-0.25276780252765707,0.0,0.01119309833159633
1.4739999999999998,0.0,0.0,-0.2525017221529172,0.0,0.011157879508616568
1.475,0.0,0.0,-0.25223630938786773,0.0,0.01112282225025236
1.476,0.0,0.0,-0.2519715614110062,0.0,0.011087925560923651
1.4769999999999999,0.0,0.0,-0.2517074754179375,0.0,0.011053188452842616
1.4779999999999998,0.0,0.0,-0.2514440486212355,0.0,0.011018609945936578
1.4790000000000003,0.0,0.0,-0.2511812782503113,0.0,0.010984189067779787
1.4799999999999998,0.0,0.0,-0.25091916155127864,0.0,0.010949924853516825
1.4809999999999997,0.0,0.0,-0.2506576957868204,0.0,0.010915816345791477
1.4819999999999998,0.0,0.0,-0.2503968782360609,0.0,0.01088186259467562
1.483,0.0,0.0,-0.25013670619443296,0.0,0.010848062657600509
1.484,0.0,0.0,-0.2498771769735531,0.0,0.010814415599284704
1.485,0.0,0.0,-0.2496182879010913,0.0,0.010780920491665432
1.486,0.0,0.0,-0.24936003632064815,0.0,0.010747576413834871
1.487,0.0,0.0,-0.24910241959162746,0.0,0.010714382451966918
1.488,0.0,0.0,-0.24884543508911547,0.0,0.010681337699254338
1.4889999999999999,0.0,0.0,-0.24858908020375728,0.0,0.010648441255842113
1.4899999999999998,0.0,0.0,-0.2483333523416364,0.0,0.010615692228762819
1.491,0.0,0.0,-0.24807824892415506,0.0,0.010583089731871517
1.492,0.0,0.0,-0.24782376738791476,0.0,0.0105506328857833
1.4929999999999999,0.0,0.0,-0.24756990518460043,0.0,0.010518320817809032
1.4939999999999998,0.0,0.0,-0.24731665978086226,0.0,0.010486152661894689
1.495,0.0,0.0,-0.2470640286582016,0.0,0.010454127558558911
1.496,0.0,0.0,-0.24681200931285682,0.0,0.010422244654831329
1.4969999999999999,0.0,0.0,-0.24656059925568938,0.0,0.010390503104194171
1.4979999999999998,0.0,0.0,-0.246309796012073,0.0,0.01035890206652322
1.4990000000000003,0.0,0.0,-0.24605959712178158,0.0,0.010327440708025963
1.4999999999999998,0.0,0.0,-0.2458100001388804,0.0,0.01029611820118555
1.5009999999999997,0.0,0.0,-0.24556100263161715,0.0,0.01026493372470342
1.5019999999999996,0.0,0.0,-0.24531260218231274,0.0,0.01023388646344161
1.5030000000000001,0.0,0.0,-0.24506479638725678,0.0,0.010202975608366376
1.504,0.0,0.0,-0.24481758285659994,0.0,0.010172200356492673
1.505,0.0,0.0,-0.24457095921425084,0.0,0.010141559910828827
1.506,0.0,0.0,-0.24432492309777004,0.0,0.010111053480322724
1.5070000000000001,0.0,0.0,-0.24407947215826933,0.0,0.010080680279807588
1.508,0.0,0.0,-0.24383460406030952,0.0,0.010050439529946832
1.509,0.0,0.0,-0.24359031648179785,0.0,0.010020330457185828
1.5099999999999998,0.0,0.0,-0.24334660711388978,0.0,0.009990352293692384
1.5110000000000001,0.0,0.0,-0.24310347366089016,0.0,0.009960504277313107
1.512,0.0,0.0,-0.24286091384015318,0.0,0.009930785651517884
1.513,0.0,0.0,-0.24261892538198698,0.0,0.009901195665348295
1.5139999999999998,0.0,0.0,-0.2423775060295574,0.0,0.00987173357337038
1.515,0.0,0.0,-0.24213665353878971,0.0,0.009842398635624994
1.516,0.0,0.0,-0.24189636567827902,0.0,0.009813190117576332
1.517,0.0,0.0,-0.24165664022919112,0.0,0.009784107290065432
1.5179999999999998,0.0,0.0,-0.24141747498517488,0.0,0.00975514942926353
1.5190000000000003,0.0,0.0,-0.24117886775226563,0.0,0.009726315816619523
1.5200000000000002,0.0,0.0,-0.24094081634879758,0.0,0.009697605738819054
1.5209999999999997,0.0,0.0,-0.2407033186053115,0.0,0.009669018487736127
1.5219999999999996,0.0,0.0,-0.24046637236446572,0.0,0.00964055336038417
1.5230000000000001,0.0,0.0,-0.24022997548094743,0.0,0.00961220965887316
1.524,0.0,0.0,-0.23999412582138616,0.0,0.009583986690366727
1.525,0.0,0.0,-0.2397588212642647,0.0,0.00955588376703259
1.526,0.0,0.0,-0.23952405969983318,0.0,0.009527900206001841
1.5270000000000001,0.0,0.0,-0.239289839030025,0.0,0.009500035329326808
1.528,0.0,0.0,-0.23905615716837134,0.0,0.009472288463931854
1.529,0.0,0.0,-0.23882301203991554,0.0,0.009444658941578001
1.5299999999999998,0.0,0.0,-0.23859040158113357,0.0,0.009417146098815532
1.5310000000000001,0.0,0.0,-0.23835832373984744,0.0,0.009389749276943648
1.532,0.0,0.0,-0.23812677647514724,0.0,0.009362467821970345
1.533,0.0,0.0,-0.23789575775730673,0.0,0.009335301084570882
1.5339999999999998,0.0,0.0,-0.2376652655677058,0.0,0.009308248420044771
1.535,0.0,0.0,-0.2374352978987489,0.0,0.00928130918827788
1.5359999999999998,0.0,0.0,-0.2372058527537883,0.0,0.009254482753705634
1.537,0.0,0.0,-0.2369769281470437,0.0,0.009227768485266264
1.5379999999999998,0.0,0.0,-0.23674852210352623,0.0,0.009201165756369159
1.5390000000000001,0.0,0.0,-0.2365206326589612,0.0,0.009174673944852337
1.5400000000000003,0.0,0.0,-0.23629325785971209,0.0,0.009148292432944408
1.5410000000000001,0.0,0.0,-0.23606639576270583,0.0,0.0091220206072305
1.5419999999999996,0.0,0.0,-0.2358400444353551,0.0,0.009095857858609337
1.5430000000000001,0.0,0.0,-0.235614201955489,0.0,0.009069803582260784
1.544,0.0,0.0,-0.2353888664112755,0.0,0.009043857177607566
1.545,0.0,0.0,-0.2351640359011508,0.0,0.009018018048278174
1.5459999999999998,0.0,0.0,-0.23493970853374652,0.0,0.008992285602073108
1.5470000000000002,0.0,0.0,-0.23471588242781702,0.0,0.008966659250927617
1.548,0.0,0.0,-0.23449255571217076,0.0,0.008941138410877904
1.549,0.0,0.0,-0.23426972652559938,0.0,0.008915722502024074
1.5499999999999998,0.0,0.0,-0.23404739301680547,0.0,0.008890410948498137
1.5510000000000002,0.0,0.0,-0.23382555334433638,0.0,0.008865203178429265
1.552,0.0,0.0,-0.2336042056765153,0.0,0.008840098623909758
1.553,0.0,0.0,-0.23338334819137224,0.0,0.008815096720961155
1.5539999999999998,0.0,0.0,-0.23316297907657796,0.0,0.008790196909502534
1.555,0.0,0.0,-0.23294309652937512,0.0,0.008765398633316367
1.5559999999999998,0.0,0.0,-0.23272369875651466,0.0,0.008740701340015339
1.557,0.0,0.0,-0.23250478397418883,0.0,0.00871610448101318
1.5579999999999998,0.0,0.0,-0.232286350407966,0.0,0.008691607511491515
1.5590000000000002,0.0,0.0,-0.23206839629272755,0.0,0.008667209890367017
1.5600000000000003,0.0,0.0,-0.23185091987260112,0.0,0.008642911080262076
1.5610000000000002,0.0,0.0,-0.23163391940090108,0.0,0.00861871054747174
1.5619999999999996,0.0,0.0,-0.23141739314006227,0.0,0.008594607761936419
1.5630000000000002,0.0,0.0,-0.23120133936157905,0.0,0.008570602197209246
1.564,0.0,0.0,-0.2309857563459438,0.0,0.008546693330425716
1.565,0.0,0.0,-0.23077064238258577,0.0,0.008522880642276989
1.5659999999999998,0.0,0.0,-0.23055599576980884,0.0,0.008499163616976476
1.5670000000000002,0.0,0.0,-0.23034181481473273,0.0,0.008475541742234334
1.568,0.0,0.0,-0.23012809783323296,0.0,0.008452014509226294
1.569,0.0,0.0,-0.22991484314988145,0.0,0.008428581412566952
1.5699999999999998,0.0,0.0,-0.22970204909788752,0.0,0.008405241950279198
1.5710000000000002,0.0,0.0,-0.22948971401904,0.0,0.008381995623769057
1.572,0.0,0.0,-0.22927783626364998,0.0,0.008358841937795116
1.573,0.0,0.0,-0.2290664141904917,0.0,0.00833578040044446
1.5739999999999998,0.0,0.0,-0.22885544616674847,0.0,0.008312810523101956
1.5750000000000004,0.0,0.0,-0.22864493056795354,0.0,0.008289931820425278
1.5759999999999998,0.0,0.0,-0.22843486577793629,0.0,0.008267143810319453
1.5769999999999997,0.0,0.0,-0.22822525018876577,0.0,0.008244446013906415
1.5779999999999998,0.0,0.0,-0.22801608220069622,0.0,0.008221837955503433
1.5790000000000002,0.0,0.0,-0.22780736022211226,0.0,0.008199319162594622
1.58,0.0,0.0,-0.2275990826694751,0.0,0.008176889165806733
1.5810000000000002,0.0,0.0,-0.2273912479672697,0.0,0.00815454749888236
1.582,0.0,0.0,-0.22718385454794865,0.0,0.008132293698654498
1.5830000000000002,0.0,0.0,-0.22697690085188366,0.0,0.00811012730502353
1.584,0.0,0.0,-0.22677038532731106,0.0,0.00808804786093186
1.585,0.0,0.0,-0.226564306430278,0.0,0.008066054912338711
1.5859999999999999,0.0,0.0,-0.226358662624596,0.0,0.008044148008195742
1.5870000000000002,0.0,0.0,-0.22615345238178464,0.0,0.008022326700425537
1.588,0.0,0.0,-0.22594867418102463,0.0,0.008000590543895129
1.589,0.0,0.0,-0.22574432650910617,0.0,0.00797893909639286
1.5899999999999999,0.0,0.0,-0.22554040786037907,0.0,0.007957371918605958
1.5910000000000002,0.0,0.0,-0.22533691673670328,0.0,0.007935888574096377
1.592,0.0,0.0,-0.22513385164740177,0.0,0.007914488629281725
1.593,0.0,0.0,-0.22493121110920888,0.0,0.007893171653405133
1.5939999999999999,0.0,0.0,-0.22472899364622406,0.0,0.007871937218521252
1.5950000000000004,0.0,0.0,-0.22452719778986444,0.0,0.007850784899466485
1.5959999999999999,0.0,0.0,-0.22432582207881563,0.0,0.007829714273843729
1.5969999999999998,0.0,0.0,-0.22412486505898654,0.0,0.007808724921995466
1.5979999999999999,0.0,0.0,-0.22392432528346112,0.0,0.007787816426984931
1.5990000000000002,0.0,0.0,-0.22372420131245446,0.0,0.0077669883745722
1.6,0.0,0.0,-0.2235244917132631,0.0,0.007746240353196136
