STEP   1 TIME  1.00000000E+00
     1 -1.77999997E+00  0.00000000E+00  0.00000000E+00  0.00000000E+00  7.89033642E-02  0.
     2 -1.75999999E+00  0.00000000E+00  0.00000000E+00  0.00000000E+00  7.71405669E-02  0.
     3 -1.74000001E+00  0.00000000E+00  0.00000000E+00  0.00000000E+00  7.53975421E-02  0.
     4 -1.72000003E+00  0.00000000E+00  0.00000000E+00  0.00000000E+00  7.36742944E-02  0.
     5 -1.70000005E+00  0.00000000E+00  0.00000000E+00  0.00000000E+00  7.19708304E-02  0.
     6 -1.67999995E+00  0.00000000E+00  0.00000000E+00  0.00000000E+00  7.02871455E-02  0.
     7 -1.65999997E+00  0.00000000E+00  0.00000000E+00  0.00000000E+00  6.86232637E-02  0.
     8 -1.63999999E+00  0.00000000E+00  0.00000000E+00  0.00000000E+00  6.69791797E-02  0.
     9 -1.62000000E+00  0.00000000E+00  0.00000000E+00  0.00000000E+00  6.53548977E-02  0.
    10 -1.60000002E+00  0.00000000E+00  0.00000000E+00  0.00000000E+00  6.37504269E-02  0.
    11 -1.58000004E+00  0.00000000E+00  0.00000000E+00  0.00000000E+00  6.21657687E-02  0.
    12 -1.55999994E+00  0.00000000E+00  0.00000000E+00  0.00000000E+00  6.06009220E-02  0.
    13 -1.53999996E+00  0.00000000E+00  0.00000000E+00  0.00000000E+00  5.90559032E-02  0.
    14 -1.51999998E+00  0.00000000E+00  0.00000000E+00  0.00000000E+00  5.75307162E-02  0.
    15 -1.50000000E+00  0.00000000E+00  0.00000000E+00  0.00000000E+00  5.60253605E-02  0.
    16 -1.48000002E+00  0.00000000E+00  0.00000000E+00  0.00000000E+00  5.45398474E-02  0.
    17 -1.46000004E+00  0.00000000E+00  0.00000000E+00  0.00000000E+00  5.30741740E-02  0.
    18 -1.44000006E+00  0.00000000E+00  0.00000000E+00  0.00000000E+00  5.16283509E-02  0.
    19 -1.41999996E+00  0.00000000E+00  0.00000000E+00  0.00000000E+00  5.02023710E-02  0.
    20 -1.39999998E+00  0.00000000E+00  0.00000000E+00  0.00000000E+00  4.87962609E-02  0.
    21 -1.38000000E+00  0.00000000E+00  0.00000000E+00  0.00000000E+00  4.74100166E-02  0.
    22 -1.36000001E+00  0.00000000E+00  0.00000000E+00  0.00000000E+00  4.60436261E-02  0.
    23 -1.34000003E+00  0.00000000E+00  0.00000000E+00  0.00000000E+00  4.46971052E-02  0.
    24 -1.32000005E+00  0.00000000E+00  0.00000000E+00  0.00000000E+00  4.33704581E-02  0.
    25 -1.29999995E+00  0.00000000E+00  0.00000000E+00  0.00000000E+00  4.20636743E-02  0.
    26 -1.27999997E+00  0.00000000E+00  0.00000000E+00  0.00000000E+00  4.07767815E-02  0.
    27 -1.25999999E+00  0.00000000E+00  0.00000000E+00  0.00000000E+00  3.95097724E-02  0.
    28 -1.24000001E+00  0.00000000E+00  0.00000000E+00  0.00000000E+00  3.82626541E-02  0.
    29 -1.22000003E+00  0.00000000E+00  0.00000000E+00  0.00000000E+00  3.70354261E-02  0.
    30 -1.20000005E+00  0.00000000E+00  0.00000000E+00  0.00000000E+00  3.58280975E-02  0.
    31 -1.17999995E+00  0.00000000E+00  0.00000000E+00  0.00000000E+00  3.46406602E-02  0.
    32 -1.15999997E+00  0.00000000E+00  0.00000000E+00  0.00000000E+00  3.34731393E-02  0.
    33 -1.13999999E+00  0.00000000E+00  0.00000000E+00  0.00000000E+00  3.23255210E-02  0.
    34 -1.12000000E+00  0.00000000E+00  0.00000000E+00  0.00000000E+00  3.11978168E-02  0.
    35 -1.10000002E+00  0.00000000E+00  0.00000000E+00  0.00000000E+00  3.00900290E-02  0.
    36 -1.08000004E+00  0.00000000E+00  0.00000000E+00  0.00000000E+00  2.90021593E-02  0.
    37 -1.05999994E+00  0.00000000E+00  0.00000000E+00  0.00000000E+00  2.79342066E-02  0.
    38 -1.03999996E+00  0.00000000E+00  0.00000000E+00  0.00000000E+00  2.68861880E-02  0.
    39 -1.01999998E+00  0.00000000E+00  0.00000000E+00  0.00000000E+00  2.58580988E-02  0.
    40 -1.00000000E+00  0.00000000E+00  0.00000000E+00  0.00000000E+00  2.48499426E-02  0.
    41 -9.80000019E-01  0.00000000E+00  0.00000000E+00  0.00000000E+00  2.38617238E-02  0.
    42 -9.59999979E-01  0.00000000E+00  0.00000000E+00  0.00000000E+00  2.28934428E-02  0.
    43 -9.39999998E-01  0.00000000E+00  0.00000000E+00  0.00000000E+00  2.19451080E-02  0.
    44 -9.20000017E-01  0.00000000E+00  0.00000000E+00  0.00000000E+00  2.10167195E-02  0.
    45 -8.99999976E-01  0.00000000E+00  0.00000000E+00  0.00000000E+00  2.01082802E-02  0.
    46 -8.79999995E-01  0.00000000E+00  0.00000000E+00  0.00000000E+00  1.92197964E-02  0.
    47 -8.60000014E-01  0.00000000E+00  0.00000000E+00  0.00000000E+00  1.83512701E-02  0.
    48 -8.39999974E-01  0.00000000E+00  0.00000000E+00  0.00000000E+00  1.75027009E-02  0.
    49 -8.19999993E-01  0.00000000E+00  0.00000000E+00  0.00000000E+00  1.66740985E-02  0.
    50 -8.00000012E-01  0.00000000E+00  0.00000000E+00  0.00000000E+00  1.58654622E-02  0.
    51 -7.79999971E-01  0.00000000E+00  0.00000000E+00  0.00000000E+00  1.50767944E-02  0.
    52 -7.59999990E-01  0.00000000E+00  0.00000000E+00  0.00000000E+00  1.43081019E-02  0.
    53 -7.40000010E-01  0.00000000E+00  0.00000000E+00  0.00000000E+00  1.35593869E-02  0.
    54 -7.20000029E-01  0.00000000E+00  0.00000000E+00  0.00000000E+00  1.28306517E-02  0.
    55 -6.99999988E-01  0.00000000E+00  0.00000000E+00  0.00000000E+00  1.21218978E-02  0.
    56 -6.80000007E-01  0.00000000E+00  0.00000000E+00  0.00000000E+00  1.14331335E-02  0.
    57 -6.60000026E-01  0.00000000E+00  0.00000000E+00  0.00000000E+00  1.07643594E-02  0.
    58 -6.39999986E-01  0.00000000E+00  0.00000000E+00  0.00000000E+00  1.01155777E-02  0.
    59 -6.20000005E-01  0.00000000E+00  0.00000000E+00  0.00000000E+00  9.48679575E-03  0.
    60 -6.00000024E-01  0.00000000E+00  0.00000000E+00  0.00000000E+00  8.87801509E-03  0.
    61 -5.79999983E-01  0.00000000E+00  0.00000000E+00  0.00000000E+00  8.28923872E-03  0.
    62 -5.60000002E-01  0.00000000E+00  0.00000000E+00  0.00000000E+00  7.72047416E-03  0.
    63 -5.40000021E-01  0.00000000E+00  0.00000000E+00  0.00000000E+00  7.17172273E-03  0.
    64 -5.19999981E-01  0.00000000E+00  0.00000000E+00  0.00000000E+00  6.64298804E-03  0.
    65 -5.00000000E-01  0.00000000E+00  0.00000000E+00  0.00000000E+00  6.13427761E-03  0.
    66 -4.79999989E-01  0.00000000E+00  0.00000000E+00  0.00000000E+00  5.64559432E-03  0.
    67 -4.60000008E-01  0.00000000E+00  0.00000000E+00  0.00000000E+00  5.17694511E-03  0.
    68 -4.39999998E-01  0.00000000E+00  0.00000000E+00  0.00000000E+00  4.72833452E-03  0.
    69 -4.19999987E-01  0.00000000E+00  0.00000000E+00  0.00000000E+00  4.29976964E-03  0.
    70 -4.00000006E-01  0.00000000E+00  0.00000000E+00  0.00000000E+00  3.89125840E-03  0.
    71 -3.79999995E-01  0.00000000E+00  0.00000000E+00  0.00000000E+00  3.50280759E-03  0.
    72 -3.60000014E-01  0.00000000E+00  0.00000000E+00  0.00000000E+00  3.13442744E-03  0.
    73 -3.40000004E-01  0.00000000E+00  0.00000000E+00  0.00000000E+00  2.78612734E-03  0.
    74 -3.19999993E-01  0.00000000E+00  0.00000000E+00  0.00000000E+00  2.45791984E-03  0.
    75 -3.00000012E-01  0.00000000E+00  0.00000000E+00  0.00000000E+00  2.14981968E-03  0.
    76 -2.80000001E-01  0.00000000E+00  0.00000000E+00  0.00000000E+00  1.86184255E-03  0.
    77 -2.59999990E-01  0.00000000E+00  0.00000000E+00  0.00000000E+00  1.59400947E-03  0.
    78 -2.39999995E-01  0.00000000E+00  0.00000000E+00  0.00000000E+00  1.34634569E-03  0.
    79 -2.19999999E-01  0.00000000E+00  0.00000000E+00  0.00000000E+00  1.11888247E-03  0.
    80 -2.00000003E-01  0.00000000E+00  0.00000000E+00  0.00000000E+00  9.11659827E-04  0.
    81 -1.80000007E-01  0.00000000E+00  0.00000000E+00  0.00000000E+00  7.24731612E-04  0.
    82 -1.59999996E-01  0.00000000E+00  0.00000000E+00  0.00000000E+00  5.58167044E-04  0.
    83 -1.40000001E-01  0.00000000E+00  0.00000000E+00  0.00000000E+00  4.12075783E-04  0.
    84 -1.19999997E-01  0.00000000E+00  0.00000000E+00  0.00000000E+00  2.86586447E-04  0.
    85 -1.00000001E-01  0.00000000E+00  0.00000000E+00  0.00000000E+00  1.82001374E-04  0.
    86 -7.99999982E-02  0.00000000E+00  0.00000000E+00  0.00000000E+00  9.85492307E-05  0.
    87 -5.99999987E-02  0.00000000E+00  0.00000000E+00  0.00000000E+00  3.76228975E-05  0.
    88 -3.99999991E-02  6.01081978E+00  0.00000000E+00  1.00089966E-07 -5.72459026E-08  2.
    89 -1.99999996E-02  7.61368123E+01  0.00000000E+00  4.02731327E-08 -7.25112498E-07  2.
    90  0.00000000E+00  9.82289865E+01  0.00000000E+00  2.54867277E-18 -9.35514157E-07  2.
    91  1.99999996E-02  7.61368123E+01  0.00000000E+00  4.02731328E-08 -7.25112498E-07  2.
    92  3.99999991E-02  6.01081978E+00  0.00000000E+00  1.00089966E-07 -5.72459026E-08  2.
    93  5.99999987E-02  0.00000000E+00  0.00000000E+00  0.00000000E+00  3.76228975E-05  0.
    94  7.99999982E-02  0.00000000E+00  0.00000000E+00  0.00000000E+00  9.85492307E-05  0.
    95  1.00000001E-01  0.00000000E+00  0.00000000E+00  0.00000000E+00  1.82001374E-04  0.
    96  1.19999997E-01  0.00000000E+00  0.00000000E+00  0.00000000E+00  2.86586447E-04  0.
    97  1.40000001E-01  0.00000000E+00  0.00000000E+00  0.00000000E+00  4.12075783E-04  0.
    98  1.59999996E-01  0.00000000E+00  0.00000000E+00  0.00000000E+00  5.58167044E-04  0.
    99  1.80000007E-01  0.00000000E+00  0.00000000E+00  0.00000000E+00  7.24731612E-04  0.
   100  2.00000003E-01  0.00000000E+00  0.00000000E+00  0.00000000E+00  9.11659827E-04  0.
   101  2.19999999E-01  0.00000000E+00  0.00000000E+00  0.00000000E+00  1.11888247E-03  0.
   102  2.39999995E-01  0.00000000E+00  0.00000000E+00  0.00000000E+00  1.34634569E-03  0.
   103  2.59999990E-01  0.00000000E+00  0.00000000E+00  0.00000000E+00  1.59400947E-03  0.
   104  2.80000001E-01  0.00000000E+00  0.00000000E+00  0.00000000E+00  1.86184255E-03  0.
   105  3.00000012E-01  0.00000000E+00  0.00000000E+00  0.00000000E+00  2.14981968E-03  0.
   106  3.19999993E-01  0.00000000E+00  0.00000000E+00  0.00000000E+00  2.45791984E-03  0.
   107  3.40000004E-01  0.00000000E+00  0.00000000E+00  0.00000000E+00  2.78612734E-03  0.
   108  3.60000014E-01  0.00000000E+00  0.00000000E+00  0.00000000E+00  3.13442744E-03  0.
   109  3.79999995E-01  0.00000000E+00  0.00000000E+00  0.00000000E+00  3.50280759E-03  0.
   110  4.00000006E-01  0.00000000E+00  0.00000000E+00  0.00000000E+00  3.89125840E-03  0.
   111  4.19999987E-01  0.00000000E+00  0.00000000E+00  0.00000000E+00  4.29976964E-03  0.
   112  4.39999998E-01  0.00000000E+00  0.00000000E+00  0.00000000E+00  4.72833452E-03  0.
   113  4.60000008E-01  0.00000000E+00  0.00000000E+00  0.00000000E+00  5.17694511E-03  0.
   114  4.79999989E-01  0.00000000E+00  0.00000000E+00  0.00000000E+00  5.64559432E-03  0.
   115  5.00000000E-01  0.00000000E+00  0.00000000E+00  0.00000000E+00  6.13427761E-03  0.
   116  5.19999981E-01  0.00000000E+00  0.00000000E+00  0.00000000E+00  6.64298804E-03  0.
   117  5.40000021E-01  0.00000000E+00  0.00000000E+00  0.00000000E+00  7.17172273E-03  0.
   118  5.60000002E-01  0.00000000E+00  0.00000000E+00  0.00000000E+00  7.72047416E-03  0.
   119  5.79999983E-01  0.00000000E+00  0.00000000E+00  0.00000000E+00  8.28923872E-03  0.
   120  6.00000024E-01  0.00000000E+00  0.00000000E+00  0.00000000E+00  8.87801509E-03  0.
   121  6.20000005E-01  0.00000000E+00  0.00000000E+00  0.00000000E+00  9.48679575E-03  0.
   122  6.39999986E-01  0.00000000E+00  0.00000000E+00  0.00000000E+00  1.01155777E-02  0.
   123  6.60000026E-01  0.00000000E+00  0.00000000E+00  0.00000000E+00  1.07643594E-02  0.
   124  6.80000007E-01  0.00000000E+00  0.00000000E+00  0.00000000E+00  1.14331335E-02  0.
   125  6.99999988E-01  0.00000000E+00  0.00000000E+00  0.00000000E+00  1.21218978E-02  0.
   126  7.20000029E-01  0.00000000E+00  0.00000000E+00  0.00000000E+00  1.28306517E-02  0.
   127  7.40000010E-01  0.00000000E+00  0.00000000E+00  0.00000000E+00  1.35593869E-02  0.
   128  7.59999990E-01  0.00000000E+00  0.00000000E+00  0.00000000E+00  1.43081019E-02  0.
   129  7.79999971E-01  0.00000000E+00  0.00000000E+00  0.00000000E+00  1.50767944E-02  0.
   130  8.00000012E-01  0.00000000E+00  0.00000000E+00  0.00000000E+00  1.58654622E-02  0.
   131  8.19999993E-01  0.00000000E+00  0.00000000E+00  0.00000000E+00  1.66740985E-02  0.
   132  8.39999974E-01  0.00000000E+00  0.00000000E+00  0.00000000E+00  1.75027009E-02  0.
   133  8.60000014E-01  0.00000000E+00  0.00000000E+00  0.00000000E+00  1.83512701E-02  0.
   134  8.79999995E-01  0.00000000E+00  0.00000000E+00  0.00000000E+00  1.92197964E-02  0.
   135  8.99999976E-01  0.00000000E+00  0.00000000E+00  0.00000000E+00  2.01082802E-02  0.
   136  9.20000017E-01  0.00000000E+00  0.00000000E+00  0.00000000E+00  2.10167195E-02  0.
   137  9.39999998E-01  0.00000000E+00  0.00000000E+00  0.00000000E+00  2.19451080E-02  0.
   138  9.59999979E-01  0.00000000E+00  0.00000000E+00  0.00000000E+00  2.28934428E-02  0.
   139  9.80000019E-01  0.00000000E+00  0.00000000E+00  0.00000000E+00  2.38617238E-02  0.
   140  1.00000000E+00  0.00000000E+00  0.00000000E+00  0.00000000E+00  2.48499426E-02  0.
   141  1.01999998E+00  0.00000000E+00  0.00000000E+00  0.00000000E+00  2.58580988E-02  0.
   142  1.03999996E+00  0.00000000E+00  0.00000000E+00  0.00000000E+00  2.68861880E-02  0.
   143  1.05999994E+00  0.00000000E+00  0.00000000E+00  0.00000000E+00  2.79342066E-02  0.
   144  1.08000004E+00  0.00000000E+00  0.00000000E+00  0.00000000E+00  2.90021593E-02  0.
   145  1.10000002E+00  0.00000000E+00  0.00000000E+00  0.00000000E+00  3.00900290E-02  0.
   146  1.12000000E+00  0.00000000E+00  0.00000000E+00  0.00000000E+00  3.11978168E-02  0.
   147  1.13999999E+00  0.00000000E+00  0.00000000E+00  0.00000000E+00  3.23255210E-02  0.
   148  1.15999997E+00  0.00000000E+00  0.00000000E+00  0.00000000E+00  3.34731393E-02  0.
   149  1.17999995E+00  0.00000000E+00  0.00000000E+00  0.00000000E+00  3.46406602E-02  0.
   150  1.20000005E+00  0.00000000E+00  0.00000000E+00  0.00000000E+00  3.58280975E-02  0.
   151  1.22000003E+00  0.00000000E+00  0.00000000E+00  0.00000000E+00  3.70354261E-02  0.
   152  1.24000001E+00  0.00000000E+00  0.00000000E+00  0.00000000E+00  3.82626541E-02  0.
   153  1.25999999E+00  0.00000000E+00  0.00000000E+00  0.00000000E+00  3.95097724E-02  0.
   154  1.27999997E+00  0.00000000E+00  0.00000000E+00  0.00000000E+00  4.07767815E-02  0.
   155  1.29999995E+00  0.00000000E+00  0.00000000E+00  0.00000000E+00  4.20636743E-02  0.
   156  1.32000005E+00  0.00000000E+00  0.00000000E+00  0.00000000E+00  4.33704581E-02  0.
   157  1.34000003E+00  0.00000000E+00  0.00000000E+00  0.00000000E+00  4.46971052E-02  0.
   158  1.36000001E+00  0.00000000E+00  0.00000000E+00  0.00000000E+00  4.60436261E-02  0.
   159  1.38000000E+00  0.00000000E+00  0.00000000E+00  0.00000000E+00  4.74100166E-02  0.
   160  1.39999998E+00  0.00000000E+00  0.00000000E+00  0.00000000E+00  4.87962609E-02  0.
   161  1.41999996E+00  0.00000000E+00  0.00000000E+00  0.00000000E+00  5.02023710E-02  0.
   162  1.44000006E+00  0.00000000E+00  0.00000000E+00  0.00000000E+00  5.16283509E-02  0.
   163  1.46000004E+00  0.00000000E+00  0.00000000E+00  0.00000000E+00  5.30741740E-02  0.
   164  1.48000002E+00  0.00000000E+00  0.00000000E+00  0.00000000E+00  5.45398474E-02  0.
   165  1.50000000E+00  0.00000000E+00  0.00000000E+00  0.00000000E+00  5.60253605E-02  0.
   166  1.51999998E+00  0.00000000E+00  0.00000000E+00  0.00000000E+00  5.75307162E-02  0.
   167  1.53999996E+00  0.00000000E+00  0.00000000E+00  0.00000000E+00  5.90559032E-02  0.
   168  1.55999994E+00  0.00000000E+00  0.00000000E+00  0.00000000E+00  6.06009220E-02  0.
   169  1.58000004E+00  0.00000000E+00  0.00000000E+00  0.00000000E+00  6.21657687E-02  0.
   170  1.60000002E+00  0.00000000E+00  0.00000000E+00  0.00000000E+00  6.37504269E-02  0.
   171  1.62000000E+00  0.00000000E+00  0.00000000E+00  0.00000000E+00  6.53548977E-02  0.
   172  1.63999999E+00  0.00000000E+00  0.00000000E+00  0.00000000E+00  6.69791797E-02  0.
   173  1.65999997E+00  0.00000000E+00  0.00000000E+00  0.00000000E+00  6.86232637E-02  0.
   174  1.67999995E+00  0.00000000E+00  0.00000000E+00  0.00000000E+00  7.02871455E-02  0.
   175  1.70000005E+00  0.00000000E+00  0.00000000E+00  0.00000000E+00  7.19708304E-02  0.
   176  1.72000003E+00  0.00000000E+00  0.00000000E+00  0.00000000E+00  7.36742944E-02  0.
   177  1.74000001E+00  0.00000000E+00  0.00000000E+00  0.00000000E+00  7.53975421E-02  0.
   178  1.75999999E+00  0.00000000E+00  0.00000000E+00  0.00000000E+00  7.71405669E-02  0.
   179  1.77999997E+00  0.00000000E+00  0.00000000E+00  0.00000000E+00  7.89033642E-02  0.
STEP   2 TIME  2.00000000E+00
     1 -1.77999997E+00  0.00000000E+00  0.00000000E+00  0.00000000E+00  7.87683169E-02  0.
     2 -1.75999999E+00  0.00000000E+00  0.00000000E+00  0.00000000E+00  7.70058441E-02  0.
     3 -1.74000001E+00  0.00000000E+00  0.00000000E+00  0.00000000E+00  7.52631482E-02  0.
     4 -1.72000003E+00  0.00000000E+00  0.00000000E+00  0.00000000E+00  7.35402336E-02  0.
     5 -1.70000005E+00  0.00000000E+00  0.00000000E+00  0.00000000E+00  7.18371071E-02  0.
     6 -1.67999995E+00  0.00000000E+00  0.00000000E+00  0.00000000E+00  7.01537642E-02  0.
     7 -1.65999997E+00  0.00000000E+00  0.00000000E+00  0.00000000E+00  6.84902290E-02  0.
     8 -1.63999999E+00  0.00000000E+00  0.00000000E+00  0.00000000E+00  6.68464963E-02  0.
     9 -1.62000000E+00  0.00000000E+00  0.00000000E+00  0.00000000E+00  6.52225704E-02  0.
    10 -1.60000002E+00  0.00000000E+00  0.00000000E+00  0.00000000E+00  6.36184607E-02  0.
    11 -1.58000004E+00  0.00000000E+00  0.00000000E+00  0.00000000E+00  6.20341687E-02  0.
    12 -1.55999994E+00  0.00000000E+00  0.00000000E+00  0.00000000E+00  6.04696934E-02  0.
    13 -1.53999996E+00  0.00000000E+00  0.00000000E+00  0.00000000E+00  5.89250511E-02  0.
    14 -1.51999998E+00  0.00000000E+00  0.00000000E+00  0.00000000E+00  5.74002461E-02  0.
    15 -1.50000000E+00  0.00000000E+00  0.00000000E+00  0.00000000E+00  5.58952780E-02  0.
    16 -1.48000002E+00  0.00000000E+00  0.00000000E+00  0.00000000E+00  5.44101593E-02  0.
    17 -1.46000004E+00  0.00000000E+00  0.00000000E+00  0.00000000E+00  5.29448845E-02  0.
    18 -1.44000006E+00  0.00000000E+00  0.00000000E+00  0.00000000E+00  5.14994671E-02  0.
    19 -1.41999996E+00  0.00000000E+00  0.00000000E+00  0.00000000E+00  5.00739023E-02  0.
    20 -1.39999998E+00  0.00000000E+00  0.00000000E+00  0.00000000E+00  4.86681993E-02  0.
    21 -1.38000000E+00  0.00000000E+00  0.00000000E+00  0.00000000E+00  4.72823840E-02  0.
    22 -1.36000001E+00  0.00000000E+00  0.00000000E+00  0.00000000E+00  4.59164242E-02  0.
    23 -1.34000003E+00  0.00000000E+00  0.00000000E+00  0.00000000E+00  4.45703409E-02  0.
    24 -1.32000005E+00  0.00000000E+00  0.00000000E+00  0.00000000E+00  4.32441385E-02  0.
    25 -1.29999995E+00  0.00000000E+00  0.00000000E+00  0.00000000E+00  4.19378069E-02  0.
    26 -1.27999997E+00  0.00000000E+00  0.00000000E+00  0.00000000E+00  4.06513735E-02  0.
    27 -1.25999999E+00  0.00000000E+00  0.00000000E+00  0.00000000E+00  3.93848318E-02  0.
    28 -1.24000001E+00  0.00000000E+00  0.00000000E+00  0.00000000E+00  3.81381889E-02  0.
    29 -1.22000003E+00  0.00000000E+00  0.00000000E+00  0.00000000E+00  3.69114441E-02  0.
    30 -1.20000005E+00  0.00000000E+00  0.00000000E+00  0.00000000E+00  3.57046077E-02  0.
    31 -1.17999995E+00  0.00000000E+00  0.00000000E+00  0.00000000E+00  3.45176712E-02  0.
    32 -1.15999997E+00  0.00000000E+00  0.00000000E+00  0.00000000E+00  3.33506599E-02  0.
    33 -1.13999999E+00  0.00000000E+00  0.00000000E+00  0.00000000E+00  3.22035608E-02  0.
    34 -1.12000000E+00  0.00000000E+00  0.00000000E+00  0.00000000E+00  3.10763853E-02  0.
    35 -1.10000002E+00  0.00000000E+00  0.00000000E+00  0.00000000E+00  2.99691363E-02  0.
    36 -1.08000004E+00  0.00000000E+00  0.00000000E+00  0.00000000E+00  2.88818158E-02  0.
    37 -1.05999994E+00  0.00000000E+00  0.00000000E+00  0.00000000E+00  2.78144233E-02  0.
    38 -1.03999996E+00  0.00000000E+00  0.00000000E+00  0.00000000E+00  2.67669756E-02  0.
    39 -1.01999998E+00  0.00000000E+00  0.00000000E+00  0.00000000E+00  2.57394691E-02  0.
    40 -1.00000000E+00  0.00000000E+00  0.00000000E+00  0.00000000E+00  2.47319076E-02  0.
    41 -9.80000019E-01  0.00000000E+00  0.00000000E+00  0.00000000E+00  2.37442962E-02  0.
    42 -9.59999979E-01  0.00000000E+00  0.00000000E+00  0.00000000E+00  2.27766353E-02  0.
    43 -9.39999998E-01  0.00000000E+00  0.00000000E+00  0.00000000E+00  2.18289342E-02  0.
    44 -9.20000017E-01  0.00000000E+00  0.00000000E+00  0.00000000E+00  2.09011939E-02  0.
    45 -8.99999976E-01  0.00000000E+00  0.00000000E+00  0.00000000E+00  1.99934172E-02  0.
    46 -8.79999995E-01  0.00000000E+00  0.00000000E+00  0.00000000E+00  1.91056114E-02  0.
    47 -8.60000014E-01  0.00000000E+00  0.00000000E+00  0.00000000E+00  1.82377792E-02  0.
    48 -8.39999974E-01  0.00000000E+00  0.00000000E+00  0.00000000E+00  1.73899211E-02  0.
    49 -8.19999993E-01  0.00000000E+00  0.00000000E+00  0.00000000E+00  1.65620473E-02  0.
    50 -8.00000012E-01  0.00000000E+00  0.00000000E+00  0.00000000E+00  1.57541582E-02  0.
    51 -7.79999971E-01  0.00000000E+00  0.00000000E+00  0.00000000E+00  1.49662571E-02  0.
    52 -7.59999990E-01  0.00000000E+00  0.00000000E+00  0.00000000E+00  1.41983516E-02  0.
    53 -7.40000010E-01  0.00000000E+00  0.00000000E+00  0.00000000E+00  1.34504452E-02  0.
    54 -7.20000029E-01  0.00000000E+00  0.00000000E+00  0.00000000E+00  1.27225413E-02  0.
    55 -6.99999988E-01  0.00000000E+00  0.00000000E+00  0.00000000E+00  1.20146428E-02  0.
    56 -6.80000007E-01  0.00000000E+00  0.00000000E+00  0.00000000E+00  1.13267591E-02  0.
    57 -6.60000026E-01  0.00000000E+00  0.00000000E+00  0.00000000E+00  1.06588926E-02  0.
    58 -6.39999986E-01  0.00000000E+00  0.00000000E+00  0.00000000E+00  1.00110470E-02  0.
    59 -6.20000005E-01  0.00000000E+00  0.00000000E+00  0.00000000E+00  9.38323151E-03  0.
    60 -6.00000024E-01  0.00000000E+00  0.00000000E+00  0.00000000E+00  8.77544966E-03  0.
    61 -5.79999983E-01  0.00000000E+00  0.00000000E+00  0.00000000E+00  8.18770702E-03  0.
    62 -5.60000002E-01  0.00000000E+00  0.00000000E+00  0.00000000E+00  7.62001268E-03  0.
    63 -5.40000021E-01  0.00000000E+00  0.00000000E+00  0.00000000E+00  7.07237131E-03  0.
    64 -5.19999981E-01  0.00000000E+00  0.00000000E+00  0.00000000E+00  6.54478941E-03  0.
    65 -5.00000000E-01  0.00000000E+00  0.00000000E+00  0.00000000E+00  6.03727787E-03  0.
    66 -4.79999989E-01  0.00000000E+00  0.00000000E+00  0.00000000E+00  5.54984338E-03  0.
    67 -4.60000008E-01  0.00000000E+00  0.00000000E+00  0.00000000E+00  5.08249719E-03  0.
    68 -4.39999998E-01  0.00000000E+00  0.00000000E+00  0.00000000E+00  4.63524871E-03  0.
    69 -4.19999987E-01  0.00000000E+00  0.00000000E+00  0.00000000E+00  4.20811061E-03  0.
    70 -4.00000006E-01  0.00000000E+00  0.00000000E+00  0.00000000E+00  3.80109724E-03  0.
    71 -3.79999995E-01  0.00000000E+00  0.00000000E+00  0.00000000E+00  3.41422281E-03  0.
    72 -3.60000014E-01  0.00000000E+00  0.00000000E+00  0.00000000E+00  3.04750620E-03  0.
    73 -3.40000004E-01  0.00000000E+00  0.00000000E+00  0.00000000E+00  2.70096700E-03  0.
    74 -3.19999993E-01  0.00000000E+00  0.00000000E+00  0.00000000E+00  2.37462983E-03  0.
    75 -3.00000012E-01  0.00000000E+00  0.00000000E+00  0.00000000E+00  2.06852394E-03  0.
    76 -2.80000001E-01  0.00000000E+00  0.00000000E+00  0.00000000E+00  1.78268267E-03  0.
    77 -2.59999990E-01  0.00000000E+00  0.00000000E+00  0.00000000E+00  1.51714866E-03  0.
    78 -2.39999995E-01  0.00000000E+00  0.00000000E+00  0.00000000E+00  1.27197452E-03  0.
    79 -2.19999999E-01  0.00000000E+00  0.00000000E+00  0.00000000E+00  1.04722567E-03  0.
    80 -2.00000003E-01  0.00000000E+00  0.00000000E+00  0.00000000E+00  8.42988992E-04  0.
    81 -1.80000007E-01  0.00000000E+00  0.00000000E+00  0.00000000E+00  6.59374691E-04  0.
    82 -1.59999996E-01  0.00000000E+00  0.00000000E+00  0.00000000E+00  4.96549434E-04  0.
    83 -1.40000001E-01  0.00000000E+00  0.00000000E+00  0.00000000E+00  3.54709398E-04  0.
    84 -1.19999997E-01  0.00000000E+00  0.00000000E+00  0.00000000E+00  2.34280416E-04  0.
    85 -1.00000001E-01  0.00000000E+00  0.00000000E+00  0.00000000E+00  1.35571290E-04  0.
    86 -7.99999982E-02  0.00000000E+00  0.00000000E+00  0.00000000E+00  6.03821046E-05  0.
    87 -5.99999987E-02  0.00000000E+00  0.00000000E+00  0.00000000E+00  8.60664454E-06  0.
    88 -3.99999991E-02  7.55699442E+01  0.00000000E+00  1.41943170E-07 -7.19713755E-07  2.
    89 -1.99999996E-02  1.25895806E+02  0.00000000E+00  6.83164557E-08 -1.19900768E-06  2.
    90  0.00000000E+00  1.38735342E+02  0.00000000E+00  5.41343516E-18 -1.32128897E-06  2.
    91  1.99999996E-02  1.25895806E+02  0.00000000E+00  6.83164557E-08 -1.19900768E-06  2.
    92  3.99999991E-02  7.55699442E+01  0.00000000E+00  1.41943170E-07 -7.19713755E-07  2.
    93  5.99999987E-02  0.00000000E+00  0.00000000E+00  0.00000000E+00  8.60664454E-06  0.
    94  7.99999982E-02  0.00000000E+00  0.00000000E+00  0.00000000E+00  6.03821046E-05  0.
    95  1.00000001E-01  0.00000000E+00  0.00000000E+00  0.00000000E+00  1.35571290E-04  0.
    96  1.19999997E-01  0.00000000E+00  0.00000000E+00  0.00000000E+00  2.34280416E-04  0.
    97  1.40000001E-01  0.00000000E+00  0.00000000E+00  0.00000000E+00  3.54709398E-04  0.
    98  1.59999996E-01  0.00000000E+00  0.00000000E+00  0.00000000E+00  4.96549434E-04  0.
    99  1.80000007E-01  0.00000000E+00  0.00000000E+00  0.00000000E+00  6.59374691E-04  0.
   100  2.00000003E-01  0.00000000E+00  0.00000000E+00  0.00000000E+00  8.42988992E-04  0.
   101  2.19999999E-01  0.00000000E+00  0.00000000E+00  0.00000000E+00  1.04722567E-03  0.
   102  2.39999995E-01  0.00000000E+00  0.00000000E+00  0.00000000E+00  1.27197452E-03  0.
   103  2.59999990E-01  0.00000000E+00  0.00000000E+00  0.00000000E+00  1.51714866E-03  0.
   104  2.80000001E-01  0.00000000E+00  0.00000000E+00  0.00000000E+00  1.78268267E-03  0.
   105  3.00000012E-01  0.00000000E+00  0.00000000E+00  0.00000000E+00  2.06852394E-03  0.
   106  3.19999993E-01  0.00000000E+00  0.00000000E+00  0.00000000E+00  2.37462983E-03  0.
   107  3.40000004E-01  0.00000000E+00  0.00000000E+00  0.00000000E+00  2.70096700E-03  0.
   108  3.60000014E-01  0.00000000E+00  0.00000000E+00  0.00000000E+00  3.04750620E-03  0.
   109  3.79999995E-01  0.00000000E+00  0.00000000E+00  0.00000000E+00  3.41422281E-03  0.
   110  4.00000006E-01  0.00000000E+00  0.00000000E+00  0.00000000E+00  3.80109724E-03  0.
   111  4.19999987E-01  0.00000000E+00  0.00000000E+00  0.00000000E+00  4.20811061E-03  0.
   112  4.39999998E-01  0.00000000E+00  0.00000000E+00  0.00000000E+00  4.63524871E-03  0.
   113  4.60000008E-01  0.00000000E+00  0.00000000E+00  0.00000000E+00  5.08249719E-03  0.
   114  4.79999989E-01  0.00000000E+00  0.00000000E+00  0.00000000E+00  5.54984338E-03  0.
   115  5.00000000E-01  0.00000000E+00  0.00000000E+00  0.00000000E+00  6.03727787E-03  0.
   116  5.19999981E-01  0.00000000E+00  0.00000000E+00  0.00000000E+00  6.54478941E-03  0.
   117  5.40000021E-01  0.00000000E+00  0.00000000E+00  0.00000000E+00  7.07237131E-03  0.
   118  5.60000002E-01  0.00000000E+00  0.00000000E+00  0.00000000E+00  7.62001268E-03  0.
   119  5.79999983E-01  0.00000000E+00  0.00000000E+00  0.00000000E+00  8.18770702E-03  0.
   120  6.00000024E-01  0.00000000E+00  0.00000000E+00  0.00000000E+00  8.77544966E-03  0.
   121  6.20000005E-01  0.00000000E+00  0.00000000E+00  0.00000000E+00  9.38323151E-03  0.
   122  6.39999986E-01  0.00000000E+00  0.00000000E+00  0.00000000E+00  1.00110470E-02  0.
   123  6.60000026E-01  0.00000000E+00  0.00000000E+00  0.00000000E+00  1.06588926E-02  0.
   124  6.80000007E-01  0.00000000E+00  0.00000000E+00  0.00000000E+00  1.13267591E-02  0.
   125  6.99999988E-01  0.00000000E+00  0.00000000E+00  0.00000000E+00  1.20146428E-02  0.
   126  7.20000029E-01  0.00000000E+00  0.00000000E+00  0.00000000E+00  1.27225413E-02  0.
   127  7.40000010E-01  0.00000000E+00  0.00000000E+00  0.00000000E+00  1.34504452E-02  0.
   128  7.59999990E-01  0.00000000E+00  0.00000000E+00  0.00000000E+00  1.41983516E-02  0.
   129  7.79999971E-01  0.00000000E+00  0.00000000E+00  0.00000000E+00  1.49662571E-02  0.
   130  8.00000012E-01  0.00000000E+00  0.00000000E+00  0.00000000E+00  1.57541582E-02  0.
   131  8.19999993E-01  0.00000000E+00  0.00000000E+00  0.00000000E+00  1.65620473E-02  0.
   132  8.39999974E-01  0.00000000E+00  0.00000000E+00  0.00000000E+00  1.73899211E-02  0.
   133  8.60000014E-01  0.00000000E+00  0.00000000E+00  0.00000000E+00  1.82377792E-02  0.
   134  8.79999995E-01  0.00000000E+00  0.00000000E+00  0.00000000E+00  1.91056114E-02  0.
   135  8.99999976E-01  0.00000000E+00  0.00000000E+00  0.00000000E+00  1.99934172E-02  0.
   136  9.20000017E-01  0.00000000E+00  0.00000000E+00  0.00000000E+00  2.09011939E-02  0.
   137  9.39999998E-01  0.00000000E+00  0.00000000E+00  0.00000000E+00  2.18289342E-02  0.
   138  9.59999979E-01  0.00000000E+00  0.00000000E+00  0.00000000E+00  2.27766353E-02  0.
   139  9.80000019E-01  0.00000000E+00  0.00000000E+00  0.00000000E+00  2.37442962E-02  0.
   140  1.00000000E+00  0.00000000E+00  0.00000000E+00  0.00000000E+00  2.47319076E-02  0.
   141  1.01999998E+00  0.00000000E+00  0.00000000E+00  0.00000000E+00  2.57394691E-02  0.
   142  1.03999996E+00  0.00000000E+00  0.00000000E+00  0.00000000E+00  2.67669756E-02  0.
   143  1.05999994E+00  0.00000000E+00  0.00000000E+00  0.00000000E+00  2.78144233E-02  0.
   144  1.08000004E+00  0.00000000E+00  0.00000000E+00  0.00000000E+00  2.88818158E-02  0.
   145  1.10000002E+00  0.00000000E+00  0.00000000E+00  0.00000000E+00  2.99691363E-02  0.
   146  1.12000000E+00  0.00000000E+00  0.00000000E+00  0.00000000E+00  3.10763853E-02  0.
   147  1.13999999E+00  0.00000000E+00  0.00000000E+00  0.00000000E+00  3.22035608E-02  0.
   148  1.15999997E+00  0.00000000E+00  0.00000000E+00  0.00000000E+00  3.33506599E-02  0.
   149  1.17999995E+00  0.00000000E+00  0.00000000E+00  0.00000000E+00  3.45176712E-02  0.
   150  1.20000005E+00  0.00000000E+00  0.00000000E+00  0.00000000E+00  3.57046077E-02  0.
   151  1.22000003E+00  0.00000000E+00  0.00000000E+00  0.00000000E+00  3.69114441E-02  0.
   152  1.24000001E+00  0.00000000E+00  0.00000000E+00  0.00000000E+00  3.81381889E-02  0.
   153  1.25999999E+00  0.00000000E+00  0.00000000E+00  0.00000000E+00  3.93848318E-02  0.
   154  1.27999997E+00  0.00000000E+00  0.00000000E+00  0.00000000E+00  4.06513735E-02  0.
   155  1.29999995E+00  0.00000000E+00  0.00000000E+00  0.00000000E+00  4.19378069E-02  0.
   156  1.32000005E+00  0.00000000E+00  0.00000000E+00  0.00000000E+00  4.32441385E-02  0.
   157  1.34000003E+00  0.00000000E+00  0.00000000E+00  0.00000000E+00  4.45703409E-02  0.
   158  1.36000001E+00  0.00000000E+00  0.00000000E+00  0.00000000E+00  4.59164242E-02  0.
   159  1.38000000E+00  0.00000000E+00  0.00000000E+00  0.00000000E+00  4.72823840E-02  0.
   160  1.39999998E+00  0.00000000E+00  0.00000000E+00  0.00000000E+00  4.86682069E-02  0.
   161  1.41999996E+00  0.00000000E+00  0.00000000E+00  0.00000000E+00  5.00738992E-02  0.
   162  1.44000006E+00  0.00000000E+00  0.00000000E+00  0.00000000E+00  5.14994671E-02  0.
   163  1.46000004E+00  0.00000000E+00  0.00000000E+00  0.00000000E+00  5.29448845E-02  0.
   164  1.48000002E+00  0.00000000E+00  0.00000000E+00  0.00000000E+00  5.44101593E-02  0.
   165  1.50000000E+00  0.00000000E+00  0.00000000E+00  0.00000000E+00  5.58952780E-02  0.
   166  1.51999998E+00  0.00000000E+00  0.00000000E+00  0.00000000E+00  5.74002461E-02  0.
   167  1.53999996E+00  0.00000000E+00  0.00000000E+00  0.00000000E+00  5.89250511E-02  0.
   168  1.55999994E+00  0.00000000E+00  0.00000000E+00  0.00000000E+00  6.04696934E-02  0.
   169  1.58000004E+00  0.00000000E+00  0.00000000E+00  0.00000000E+00  6.20341687E-02  0.
   170  1.60000002E+00  0.00000000E+00  0.00000000E+00  0.00000000E+00  6.36184607E-02  0.
   171  1.62000000E+00  0.00000000E+00  0.00000000E+00  0.00000000E+00  6.52225704E-02  0.
   172  1.63999999E+00  0.00000000E+00  0.00000000E+00  0.00000000E+00  6.68464963E-02  0.
   173  1.65999997E+00  0.00000000E+00  0.00000000E+00  0.00000000E+00  6.84902290E-02  0.
   174  1.67999995E+00  0.00000000E+00  0.00000000E+00  0.00000000E+00  7.01537642E-02  0.
   175  1.70000005E+00  0.00000000E+00  0.00000000E+00  0.00000000E+00  7.18371071E-02  0.
   176  1.72000003E+00  0.00000000E+00  0.00000000E+00  0.00000000E+00  7.35402336E-02  0.
   177  1.74000001E+00  0.00000000E+00  0.00000000E+00  0.00000000E+00  7.52631482E-02  0.
   178  1.75999999E+00  0.00000000E+00  0.00000000E+00  0.00000000E+00  7.70058441E-02  0.
   179  1.77999997E+00  0.00000000E+00  0.00000000E+00  0.00000000E+00  7.87683169E-02  0.
STEP   3 TIME  1.00200000E+03
     1 -1.77999997E+00  0.00000000E+00  0.00000000E+00  0.00000000E+00  7.54491218E-02  0.
     2 -1.75999999E+00  0.00000000E+00  0.00000000E+00  0.00000000E+00  7.36863660E-02  0.
     3 -1.74000001E+00  0.00000000E+00  0.00000000E+00  0.00000000E+00  7.19433898E-02  0.
     4 -1.72000003E+00  0.00000000E+00  0.00000000E+00  0.00000000E+00  7.02201982E-02  0.
     5 -1.70000005E+00  0.00000000E+00  0.00000000E+00  0.00000000E+00  6.85167988E-02  0.
     6 -1.67999995E+00  0.00000000E+00  0.00000000E+00  0.00000000E+00  6.68331871E-02  0.
     7 -1.65999997E+00  0.00000000E+00  0.00000000E+00  0.00000000E+00  6.51693864E-02  0.
     8 -1.63999999E+00  0.00000000E+00  0.00000000E+00  0.00000000E+00  6.35253919E-02  0.
     9 -1.62000000E+00  0.00000000E+00  0.00000000E+00  0.00000000E+00  6.19012078E-02  0.
    10 -1.60000002E+00  0.00000000E+00  0.00000000E+00  0.00000000E+00  6.02968442E-02  0.
    11 -1.58000004E+00  0.00000000E+00  0.00000000E+00  0.00000000E+00  5.87123019E-02  0.
    12 -1.55999994E+00  0.00000000E+00  0.00000000E+00  0.00000000E+00  5.71475806E-02  0.
    13 -1.53999996E+00  0.00000000E+00  0.00000000E+00  0.00000000E+00  5.56026965E-02  0.
    14 -1.51999998E+00  0.00000000E+00  0.00000000E+00  0.00000000E+00  5.40776593E-02  0.
    15 -1.50000000E+00  0.00000000E+00  0.00000000E+00  0.00000000E+00  5.25724607E-02  0.
    16 -1.48000002E+00  0.00000000E+00  0.00000000E+00  0.00000000E+00  5.10871129E-02  0.
    17 -1.46000004E+00  0.00000000E+00  0.00000000E+00  0.00000000E+00  4.96216166E-02  0.
    18 -1.44000006E+00  0.00000000E+00  0.00000000E+00  0.00000000E+00  4.81759786E-02  0.
    19 -1.41999996E+00  0.00000000E+00  0.00000000E+00  0.00000000E+00  4.67501960E-02  0.
    20 -1.39999998E+00  0.00000000E+00  0.00000000E+00  0.00000000E+00  4.53442941E-02  0.
    21 -1.38000000E+00  0.00000000E+00  0.00000000E+00  0.00000000E+00  4.39582587E-02  0.
    22 -1.36000001E+00  0.00000000E+00  0.00000000E+00  0.00000000E+00  4.25920923E-02  0.
    23 -1.34000003E+00  0.00000000E+00  0.00000000E+00  0.00000000E+00  4.12458066E-02  0.
    24 -1.32000005E+00  0.00000000E+00  0.00000000E+00  0.00000000E+00  3.99194078E-02  0.
    25 -1.29999995E+00  0.00000000E+00  0.00000000E+00  0.00000000E+00  3.86128840E-02  0.
    26 -1.27999997E+00  0.00000000E+00  0.00000000E+00  0.00000000E+00  3.73262631E-02  0.
    27 -1.25999999E+00  0.00000000E+00  0.00000000E+00  0.00000000E+00  3.60595384E-02  0.
    28 -1.24000001E+00  0.00000000E+00  0.00000000E+00  0.00000000E+00  3.48127173E-02  0.
    29 -1.22000003E+00  0.00000000E+00  0.00000000E+00  0.00000000E+00  3.35858010E-02  0.
    30 -1.20000005E+00  0.00000000E+00  0.00000000E+00  0.00000000E+00  3.23787961E-02  0.
    31 -1.17999995E+00  0.00000000E+00  0.00000000E+00  0.00000000E+00  3.11916960E-02  0.
    32 -1.15999997E+00  0.00000000E+00  0.00000000E+00  0.00000000E+00  3.00245257E-02  0.
    33 -1.13999999E+00  0.00000000E+00  0.00000000E+00  0.00000000E+00  2.88772736E-02  0.
    34 -1.12000000E+00  0.00000000E+00  0.00000000E+00  0.00000000E+00  2.77499502E-02  0.
    35 -1.10000002E+00  0.00000000E+00  0.00000000E+00  0.00000000E+00  2.66425603E-02  0.
    36 -1.08000004E+00  0.00000000E+00  0.00000000E+00  0.00000000E+00  2.55551049E-02  0.
    37 -1.05999994E+00  0.00000000E+00  0.00000000E+00  0.00000000E+00  2.44875822E-02  0.
    38 -1.03999996E+00  0.00000000E+00  0.00000000E+00  0.00000000E+00  2.34400106E-02  0.
    39 -1.01999998E+00  0.00000000E+00  0.00000000E+00  0.00000000E+00  2.24123878E-02  0.
    40 -1.00000000E+00  0.00000000E+00  0.00000000E+00  0.00000000E+00  2.14047164E-02  0.
    41 -9.80000019E-01  0.00000000E+00  0.00000000E+00  0.00000000E+00  2.04170008E-02  0.
    42 -9.59999979E-01  0.00000000E+00  0.00000000E+00  0.00000000E+00  1.94492441E-02  0.
    43 -9.39999998E-01  0.00000000E+00  0.00000000E+00  0.00000000E+00  1.85014553E-02  0.
    44 -9.20000017E-01  0.00000000E+00  0.00000000E+00  0.00000000E+00  1.75736352E-02  0.
    45 -8.99999976E-01  0.00000000E+00  0.00000000E+00  0.00000000E+00  1.66657869E-02  0.
    46 -8.79999995E-01  0.00000000E+00  0.00000000E+00  0.00000000E+00  1.57779190E-02  0.
    47 -8.60000014E-01  0.00000000E+00  0.00000000E+00  0.00000000E+00  1.49100346E-02  0.
    48 -8.39999974E-01  0.00000000E+00  0.00000000E+00  0.00000000E+00  1.40621350E-02  0.
    49 -8.19999993E-01  0.00000000E+00  0.00000000E+00  0.00000000E+00  1.32342312E-02  0.
    50 -8.00000012E-01  0.00000000E+00  0.00000000E+00  0.00000000E+00  1.24263247E-02  0.
    51 -7.79999971E-01  0.00000000E+00  0.00000000E+00  0.00000000E+00  1.16384197E-02  0.
    52 -7.59999990E-01  0.00000000E+00  0.00000000E+00  0.00000000E+00  1.08705252E-02  0.
    53 -7.40000010E-01  0.00000000E+00  0.00000000E+00  0.00000000E+00  1.01226461E-02  0.
    54 -7.20000029E-01  0.00000000E+00  0.00000000E+00  0.00000000E+00  9.39478753E-03  0.
    55 -6.99999988E-01  0.00000000E+00  0.00000000E+00  0.00000000E+00  8.68695434E-03  0.
    56 -6.80000007E-01  0.00000000E+00  0.00000000E+00  0.00000000E+00  7.99915848E-03  0.
    57 -6.60000026E-01  0.00000000E+00  0.00000000E+00  0.00000000E+00  7.33140573E-03  0.
    58 -6.39999986E-01  0.00000000E+00  0.00000000E+00  0.00000000E+00  6.68370329E-03  0.
    59 -6.20000005E-01  0.00000000E+00  0.00000000E+00  0.00000000E+00  6.05606355E-03  0.
    60 -6.00000024E-01  0.00000000E+00  0.00000000E+00  0.00000000E+00  5.44849564E-03  0.
    61 -5.79999983E-01  0.00000000E+00  0.00000000E+00  0.00000000E+00  4.86101075E-03  0.
    62 -5.60000002E-01  0.00000000E+00  0.00000000E+00  0.00000000E+00  4.29362678E-03  0.
    63 -5.40000021E-01  0.00000000E+00  0.00000000E+00  0.00000000E+00  3.74635925E-03  0.
    64 -5.19999981E-01  0.00000000E+00  0.00000000E+00  0.00000000E+00  3.21922857E-03  0.
    65 -5.00000000E-01  0.00000000E+00  0.00000000E+00  0.00000000E+00  2.71226301E-03  0.
    66 -4.79999989E-01  0.00000000E+00  0.00000000E+00  0.00000000E+00  2.22549811E-03  0.
    67 -4.60000008E-01  0.00000000E+00  0.00000000E+00  0.00000000E+00  1.75897305E-03  0.
    68 -4.39999998E-01  0.00000000E+00  0.00000000E+00  0.00000000E+00  1.31278022E-03  0.
    69 -4.19999987E-01  0.00000000E+00  0.00000000E+00  0.00000000E+00  8.86947463E-04  0.
    70 -4.00000006E-01  0.00000000E+00  0.00000000E+00  0.00000000E+00  4.77362263E-04  0.
    71 -3.79999995E-01  0.00000000E+00  0.00000000E+00  0.00000000E+00  1.23131962E-04  0.
    72 -3.60000014E-01  1.71686942E+01  0.00000000E+00  3.95174542E-06 -1.63511374E-07  2.
    73 -3.40000004E-01  1.36329271E+01  0.00000000E+00  9.58081128E-06 -1.29837401E-07  2.
    74 -3.19999993E-01  1.47870372E+01  0.00000000E+00  1.42035728E-05 -1.40828925E-07  2.
    75 -3.00000012E-01  1.44553813E+01  0.00000000E+00  1.78871265E-05 -1.37670298E-07  2.
    76 -2.80000001E-01  1.45553427E+01  0.00000000E+00  2.07300497E-05 -1.38622312E-07  2.
    77 -2.59999990E-01  1.45277630E+01  0.00000000E+00  2.27064976E-05 -1.38359648E-07  2.
    78 -2.39999995E-01  1.45354328E+01  0.00000000E+00  2.39044066E-05 -1.38432693E-07  2.
    79 -2.19999999E-01  1.45324879E+01  0.00000000E+00  2.43532437E-05 -1.38404647E-07  2.
    80 -2.00000003E-01  1.45318963E+01  0.00000000E+00  2.41999529E-05 -1.38399012E-07  2.
    81 -1.80000007E-01  1.45328345E+01  0.00000000E+00  2.34245775E-05 -1.38407948E-07  2.
    82 -1.59999996E-01  1.45334750E+01  0.00000000E+00  2.21310511E-05 -1.38414047E-07  2.
    83 -1.40000001E-01  1.45337263E+01  0.00000000E+00  2.03431320E-05 -1.38416441E-07  2.
    84 -1.19999997E-01  1.45338124E+01  0.00000000E+00  1.81268540E-05 -1.38417261E-07  2.
    85 -1.00000001E-01  1.45337758E+01  0.00000000E+00  1.55825824E-05 -1.38416913E-07  2.
    86 -7.99999982E-02  1.45336917E+01  0.00000000E+00  1.27676488E-05 -1.38416112E-07  2.
    87 -5.99999987E-02  1.45335816E+01  0.00000000E+00  9.67796730E-06 -1.38415063E-07  2.
    88 -3.99999991E-02  1.45334396E+01  0.00000000E+00  6.60990355E-06 -1.38413711E-07  2.
    89 -1.99999996E-02  1.45332876E+01  0.00000000E+00  3.31168641E-06 -1.38412263E-07  2.
    90  0.00000000E+00  1.45329558E+01  0.00000000E+00  2.83303041E-16 -1.38409103E-07  2.
    91  1.99999996E-02  1.45332876E+01  0.00000000E+00  3.31168641E-06 -1.38412263E-07  2.
    92  3.99999991E-02  1.45334396E+01  0.00000000E+00  6.60990355E-06 -1.38413711E-07  2.
    93  5.99999987E-02  1.45335816E+01  0.00000000E+00  9.67796730E-06 -1.38415063E-07  2.
    94  7.99999982E-02  1.45336917E+01  0.00000000E+00  1.27676488E-05 -1.38416112E-07  2.
    95  1.00000001E-01  1.45337758E+01  0.00000000E+00  1.55825824E-05 -1.38416913E-07  2.
    96  1.19999997E-01  1.45338124E+01  0.00000000E+00  1.81268540E-05 -1.38417261E-07  2.
    97  1.40000001E-01  1.45337263E+01  0.00000000E+00  2.03431320E-05 -1.38416441E-07  2.
    98  1.59999996E-01  1.45334750E+01  0.00000000E+00  2.21310511E-05 -1.38414047E-07  2.
    99  1.80000007E-01  1.45328345E+01  0.00000000E+00  2.34245775E-05 -1.38407948E-07  2.
   100  2.00000003E-01  1.45318963E+01  0.00000000E+00  2.41999529E-05 -1.38399012E-07  2.
   101  2.19999999E-01  1.45324879E+01  0.00000000E+00  2.43532437E-05 -1.38404647E-07  2.
   102  2.39999995E-01  1.45354328E+01  0.00000000E+00  2.39044066E-05 -1.38432693E-07  2.
   103  2.59999990E-01  1.45277630E+01  0.00000000E+00  2.27064976E-05 -1.38359648E-07  2.
   104  2.80000001E-01  1.45553427E+01  0.00000000E+00  2.07300497E-05 -1.38622312E-07  2.
   105  3.00000012E-01  1.44553813E+01  0.00000000E+00  1.78871265E-05 -1.37670298E-07  2.
   106  3.19999993E-01  1.47870372E+01  0.00000000E+00  1.42035728E-05 -1.40828925E-07  2.
   107  3.40000004E-01  1.36329271E+01  0.00000000E+00  9.58081128E-06 -1.29837401E-07  2.
   108  3.60000014E-01  1.71686942E+01  0.00000000E+00  3.95174542E-06 -1.63511374E-07  2.
   109  3.79999995E-01  0.00000000E+00  0.00000000E+00  0.00000000E+00  1.23131962E-04  0.
   110  4.00000006E-01  0.00000000E+00  0.00000000E+00  0.00000000E+00  4.77362263E-04  0.
   111  4.19999987E-01  0.00000000E+00  0.00000000E+00  0.00000000E+00  8.86947463E-04  0.
   112  4.39999998E-01  0.00000000E+00  0.00000000E+00  0.00000000E+00  1.31278022E-03  0.
   113  4.60000008E-01  0.00000000E+00  0.00000000E+00  0.00000000E+00  1.75897305E-03  0.
   114  4.79999989E-01  0.00000000E+00  0.00000000E+00  0.00000000E+00  2.22549811E-03  0.
   115  5.00000000E-01  0.00000000E+00  0.00000000E+00  0.00000000E+00  2.71226301E-03  0.
   116  5.19999981E-01  0.00000000E+00  0.00000000E+00  0.00000000E+00  3.21922857E-03  0.
   117  5.40000021E-01  0.00000000E+00  0.00000000E+00  0.00000000E+00  3.74635925E-03  0.
   118  5.60000002E-01  0.00000000E+00  0.00000000E+00  0.00000000E+00  4.29362678E-03  0.
   119  5.79999983E-01  0.00000000E+00  0.00000000E+00  0.00000000E+00  4.86101075E-03  0.
   120  6.00000024E-01  0.00000000E+00  0.00000000E+00  0.00000000E+00  5.44849564E-03  0.
   121  6.20000005E-01  0.00000000E+00  0.00000000E+00  0.00000000E+00  6.05606355E-03  0.
   122  6.39999986E-01  0.00000000E+00  0.00000000E+00  0.00000000E+00  6.68370329E-03  0.
   123  6.60000026E-01  0.00000000E+00  0.00000000E+00  0.00000000E+00  7.33140573E-03  0.
   124  6.80000007E-01  0.00000000E+00  0.00000000E+00  0.00000000E+00  7.99915848E-03  0.
   125  6.99999988E-01  0.00000000E+00  0.00000000E+00  0.00000000E+00  8.68695434E-03  0.
   126  7.20000029E-01  0.00000000E+00  0.00000000E+00  0.00000000E+00  9.39478753E-03  0.
   127  7.40000010E-01  0.00000000E+00  0.00000000E+00  0.00000000E+00  1.01226461E-02  0.
   128  7.59999990E-01  0.00000000E+00  0.00000000E+00  0.00000000E+00  1.08705252E-02  0.
   129  7.79999971E-01  0.00000000E+00  0.00000000E+00  0.00000000E+00  1.16384197E-02  0.
   130  8.00000012E-01  0.00000000E+00  0.00000000E+00  0.00000000E+00  1.24263247E-02  0.
   131  8.19999993E-01  0.00000000E+00  0.00000000E+00  0.00000000E+00  1.32342312E-02  0.
   132  8.39999974E-01  0.00000000E+00  0.00000000E+00  0.00000000E+00  1.40621350E-02  0.
   133  8.60000014E-01  0.00000000E+00  0.00000000E+00  0.00000000E+00  1.49100346E-02  0.
   134  8.79999995E-01  0.00000000E+00  0.00000000E+00  0.00000000E+00  1.57779190E-02  0.
   135  8.99999976E-01  0.00000000E+00  0.00000000E+00  0.00000000E+00  1.66657869E-02  0.
   136  9.20000017E-01  0.00000000E+00  0.00000000E+00  0.00000000E+00  1.75736352E-02  0.
   137  9.39999998E-01  0.00000000E+00  0.00000000E+00  0.00000000E+00  1.85014553E-02  0.
   138  9.59999979E-01  0.00000000E+00  0.00000000E+00  0.00000000E+00  1.94492441E-02  0.
   139  9.80000019E-01  0.00000000E+00  0.00000000E+00  0.00000000E+00  2.04170008E-02  0.
   140  1.00000000E+00  0.00000000E+00  0.00000000E+00  0.00000000E+00  2.14047164E-02  0.
   141  1.01999998E+00  0.00000000E+00  0.00000000E+00  0.00000000E+00  2.24123878E-02  0.
   142  1.03999996E+00  0.00000000E+00  0.00000000E+00  0.00000000E+00  2.34400106E-02  0.
   143  1.05999994E+00  0.00000000E+00  0.00000000E+00  0.00000000E+00  2.44875822E-02  0.
   144  1.08000004E+00  0.00000000E+00  0.00000000E+00  0.00000000E+00  2.55551049E-02  0.
   145  1.10000002E+00  0.00000000E+00  0.00000000E+00  0.00000000E+00  2.66425603E-02  0.
   146  1.12000000E+00  0.00000000E+00  0.00000000E+00  0.00000000E+00  2.77499502E-02  0.
   147  1.13999999E+00  0.00000000E+00  0.00000000E+00  0.00000000E+00  2.88772736E-02  0.
   148  1.15999997E+00  0.00000000E+00  0.00000000E+00  0.00000000E+00  3.00245257E-02  0.
   149  1.17999995E+00  0.00000000E+00  0.00000000E+00  0.00000000E+00  3.11916960E-02  0.
   150  1.20000005E+00  0.00000000E+00  0.00000000E+00  0.00000000E+00  3.23787961E-02  0.
   151  1.22000003E+00  0.00000000E+00  0.00000000E+00  0.00000000E+00  3.35858010E-02  0.
   152  1.24000001E+00  0.00000000E+00  0.00000000E+00  0.00000000E+00  3.48127173E-02  0.
   153  1.25999999E+00  0.00000000E+00  0.00000000E+00  0.00000000E+00  3.60595384E-02  0.
   154  1.27999997E+00  0.00000000E+00  0.00000000E+00  0.00000000E+00  3.73262631E-02  0.
   155  1.29999995E+00  0.00000000E+00  0.00000000E+00  0.00000000E+00  3.86128840E-02  0.
   156  1.32000005E+00  0.00000000E+00  0.00000000E+00  0.00000000E+00  3.99194078E-02  0.
   157  1.34000003E+00  0.00000000E+00  0.00000000E+00  0.00000000E+00  4.12458066E-02  0.
   158  1.36000001E+00  0.00000000E+00  0.00000000E+00  0.00000000E+00  4.25920923E-02  0.
   159  1.38000000E+00  0.00000000E+00  0.00000000E+00  0.00000000E+00  4.39582587E-02  0.
   160  1.39999998E+00  0.00000000E+00  0.00000000E+00  0.00000000E+00  4.53442941E-02  0.
   161  1.41999996E+00  0.00000000E+00  0.00000000E+00  0.00000000E+00  4.67501960E-02  0.
   162  1.44000006E+00  0.00000000E+00  0.00000000E+00  0.00000000E+00  4.81759683E-02  0.
   163  1.46000004E+00  0.00000000E+00  0.00000000E+00  0.00000000E+00  4.96216207E-02  0.
   164  1.48000002E+00  0.00000000E+00  0.00000000E+00  0.00000000E+00  5.10871129E-02  0.
   165  1.50000000E+00  0.00000000E+00  0.00000000E+00  0.00000000E+00  5.25724607E-02  0.
   166  1.51999998E+00  0.00000000E+00  0.00000000E+00  0.00000000E+00  5.40776593E-02  0.
   167  1.53999996E+00  0.00000000E+00  0.00000000E+00  0.00000000E+00  5.56026965E-02  0.
   168  1.55999994E+00  0.00000000E+00  0.00000000E+00  0.00000000E+00  5.71475806E-02  0.
   169  1.58000004E+00  0.00000000E+00  0.00000000E+00  0.00000000E+00  5.87123019E-02  0.
   170  1.60000002E+00  0.00000000E+00  0.00000000E+00  0.00000000E+00  6.02968442E-02  0.
   171  1.62000000E+00  0.00000000E+00  0.00000000E+00  0.00000000E+00  6.19012078E-02  0.
   172  1.63999999E+00  0.00000000E+00  0.00000000E+00  0.00000000E+00  6.35253919E-02  0.
   173  1.65999997E+00  0.00000000E+00  0.00000000E+00  0.00000000E+00  6.51693864E-02  0.
   174  1.67999995E+00  0.00000000E+00  0.00000000E+00  0.00000000E+00  6.68331871E-02  0.
   175  1.70000005E+00  0.00000000E+00  0.00000000E+00  0.00000000E+00  6.85167988E-02  0.
   176  1.72000003E+00  0.00000000E+00  0.00000000E+00  0.00000000E+00  7.02201982E-02  0.
   177  1.74000001E+00  0.00000000E+00  0.00000000E+00  0.00000000E+00  7.19433898E-02  0.
   178  1.75999999E+00  0.00000000E+00  0.00000000E+00  0.00000000E+00  7.36863660E-02  0.
   179  1.77999997E+00  0.00000000E+00  0.00000000E+00  0.00000000E+00  7.54491218E-02  0.
STEP   4 TIME  2.00200000E+03
     1 -1.77999997E+00  0.00000000E+00  0.00000000E+00  0.00000000E+00  7.34252318E-02  0.
     2 -1.75999999E+00  0.00000000E+00  0.00000000E+00  0.00000000E+00  7.16623055E-02  0.
     3 -1.74000001E+00  0.00000000E+00  0.00000000E+00  0.00000000E+00  6.99191589E-02  0.
     4 -1.72000003E+00  0.00000000E+00  0.00000000E+00  0.00000000E+00  6.81957987E-02  0.
     5 -1.70000005E+00  0.00000000E+00  0.00000000E+00  0.00000000E+00  6.64922334E-02  0.
     6 -1.67999995E+00  0.00000000E+00  0.00000000E+00  0.00000000E+00  6.48084581E-02  0.
     7 -1.65999997E+00  0.00000000E+00  0.00000000E+00  0.00000000E+00  6.31444960E-02  0.
     8 -1.63999999E+00  0.00000000E+00  0.00000000E+00  0.00000000E+00  6.15003424E-02  0.
     9 -1.62000000E+00  0.00000000E+00  0.00000000E+00  0.00000000E+00  5.98760014E-02  0.
    10 -1.60000002E+00  0.00000000E+00  0.00000000E+00  0.00000000E+00  5.82714835E-02  0.
    11 -1.58000004E+00  0.00000000E+00  0.00000000E+00  0.00000000E+00  5.66867892E-02  0.
    12 -1.55999994E+00  0.00000000E+00  0.00000000E+00  0.00000000E+00  5.51219220E-02  0.
    13 -1.53999996E+00  0.00000000E+00  0.00000000E+00  0.00000000E+00  5.35768947E-02  0.
    14 -1.51999998E+00  0.00000000E+00  0.00000000E+00  0.00000000E+00  5.20517122E-02  0.
    15 -1.50000000E+00  0.00000000E+00  0.00000000E+00  0.00000000E+00  5.05463755E-02  0.
    16 -1.48000002E+00  0.00000000E+00  0.00000000E+00  0.00000000E+00  4.90608888E-02  0.
    17 -1.46000004E+00  0.00000000E+00  0.00000000E+00  0.00000000E+00  4.75952572E-02  0.
    18 -1.44000006E+00  0.00000000E+00  0.00000000E+00  0.00000000E+00  4.61494894E-02  0.
    19 -1.41999996E+00  0.00000000E+00  0.00000000E+00  0.00000000E+00  4.47235740E-02  0.
    20 -1.39999998E+00  0.00000000E+00  0.00000000E+00  0.00000000E+00  4.33175408E-02  0.
    21 -1.38000000E+00  0.00000000E+00  0.00000000E+00  0.00000000E+00  4.19313778E-02  0.
    22 -1.36000001E+00  0.00000000E+00  0.00000000E+00  0.00000000E+00  4.05650867E-02  0.
    23 -1.34000003E+00  0.00000000E+00  0.00000000E+00  0.00000000E+00  3.92186802E-02  0.
    24 -1.32000005E+00  0.00000000E+00  0.00000000E+00  0.00000000E+00  3.78921621E-02  0.
    25 -1.29999995E+00  0.00000000E+00  0.00000000E+00  0.00000000E+00  3.65855231E-02  0.
    26 -1.27999997E+00  0.00000000E+00  0.00000000E+00  0.00000000E+00  3.52987889E-02  0.
    27 -1.25999999E+00  0.00000000E+00  0.00000000E+00  0.00000000E+00  3.40319554E-02  0.
    28 -1.24000001E+00  0.00000000E+00  0.00000000E+00  0.00000000E+00  3.27850280E-02  0.
    29 -1.22000003E+00  0.00000000E+00  0.00000000E+00  0.00000000E+00  3.15580078E-02  0.
    30 -1.20000005E+00  0.00000000E+00  0.00000000E+00  0.00000000E+00  3.03509023E-02  0.
    31 -1.17999995E+00  0.00000000E+00  0.00000000E+00  0.00000000E+00  2.91637049E-02  0.
    32 -1.15999997E+00  0.00000000E+00  0.00000000E+00  0.00000000E+00  2.79964405E-02  0.
    33 -1.13999999E+00  0.00000000E+00  0.00000000E+00  0.00000000E+00  2.68490981E-02  0.
    34 -1.12000000E+00  0.00000000E+00  0.00000000E+00  0.00000000E+00  2.57216899E-02  0.
    35 -1.10000002E+00  0.00000000E+00  0.00000000E+00  0.00000000E+00  2.46142169E-02  0.
    36 -1.08000004E+00  0.00000000E+00  0.00000000E+00  0.00000000E+00  2.35266821E-02  0.
    37 -1.05999994E+00  0.00000000E+00  0.00000000E+00  0.00000000E+00  2.24590854E-02  0.
    38 -1.03999996E+00  0.00000000E+00  0.00000000E+00  0.00000000E+00  2.14114438E-02  0.
    39 -1.01999998E+00  0.00000000E+00  0.00000000E+00  0.00000000E+00  2.03837545E-02  0.
    40 -1.00000000E+00  0.00000000E+00  0.00000000E+00  0.00000000E+00  1.93760213E-02  0.
    41 -9.80000019E-01  0.00000000E+00  0.00000000E+00  0.00000000E+00  1.83882504E-02  0.
    42 -9.59999979E-01  0.00000000E+00  0.00000000E+00  0.00000000E+00  1.74204426E-02  0.
    43 -9.39999998E-01  0.00000000E+00  0.00000000E+00  0.00000000E+00  1.64726081E-02  0.
    44 -9.20000017E-01  0.00000000E+00  0.00000000E+00  0.00000000E+00  1.55447487E-02  0.
    45 -8.99999976E-01  0.00000000E+00  0.00000000E+00  0.00000000E+00  1.46368676E-02  0.
    46 -8.79999995E-01  0.00000000E+00  0.00000000E+00  0.00000000E+00  1.37489740E-02  0.
    47 -8.60000014E-01  0.00000000E+00  0.00000000E+00  0.00000000E+00  1.28810718E-02  0.
    48 -8.39999974E-01  0.00000000E+00  0.00000000E+00  0.00000000E+00  1.20331630E-02  0.
    49 -8.19999993E-01  0.00000000E+00  0.00000000E+00  0.00000000E+00  1.12052594E-02  0.
    50 -8.00000012E-01  0.00000000E+00  0.00000000E+00  0.00000000E+00  1.03973636E-02  0.
    51 -7.79999971E-01  0.00000000E+00  0.00000000E+00  0.00000000E+00  9.60948089E-03  0.
    52 -7.59999990E-01  0.00000000E+00  0.00000000E+00  0.00000000E+00  8.84162207E-03  0.
    53 -7.40000010E-01  0.00000000E+00  0.00000000E+00  0.00000000E+00  8.09379355E-03  0.
    54 -7.20000029E-01  0.00000000E+00  0.00000000E+00  0.00000000E+00  7.36600296E-03  0.
    55 -6.99999988E-01  0.00000000E+00  0.00000000E+00  0.00000000E+00  6.65825882E-03  0.
    56 -6.80000007E-01  0.00000000E+00  0.00000000E+00  0.00000000E+00  5.97057571E-03  0.
    57 -6.60000026E-01  0.00000000E+00  0.00000000E+00  0.00000000E+00  5.30296300E-03  0.
    58 -6.39999986E-01  0.00000000E+00  0.00000000E+00  0.00000000E+00  4.65543382E-03  0.
    59 -6.20000005E-01  0.00000000E+00  0.00000000E+00  0.00000000E+00  4.02800989E-03  0.
    60 -6.00000024E-01  0.00000000E+00  0.00000000E+00  0.00000000E+00  3.42070994E-03  0.
    61 -5.79999983E-01  0.00000000E+00  0.00000000E+00  0.00000000E+00  2.83356317E-03  0.
    62 -5.60000002E-01  0.00000000E+00  0.00000000E+00  0.00000000E+00  2.26660335E-03  0.
    63 -5.40000021E-01  0.00000000E+00  0.00000000E+00  0.00000000E+00  1.71990340E-03  0.
    64 -5.19999981E-01  0.00000000E+00  0.00000000E+00  0.00000000E+00  1.19348460E-03  0.
    65 -5.00000000E-01  0.00000000E+00  0.00000000E+00  0.00000000E+00  6.83511084E-04  0.
    66 -4.79999989E-01  0.00000000E+00  0.00000000E+00  0.00000000E+00  2.23219824E-04  0.
    67 -4.60000008E-01  1.35021901E+01  0.00000000E+00  4.68596046E-06 -1.28592287E-07  2.
    68 -4.39999998E-01  1.07705334E+01  0.00000000E+00  1.42873269E-05 -1.02576509E-07  2.
    69 -4.19999987E-01  1.16494617E+01  0.00000000E+00  2.26171946E-05 -1.10947255E-07  2.
    70 -4.00000006E-01  1.14033763E+01  0.00000000E+00  2.96536012E-05 -1.08603583E-07  2.
    71 -3.79999995E-01  1.14762611E+01  0.00000000E+00  3.55741047E-05 -1.09297725E-07  2.
    72 -3.60000014E-01  1.14533250E+01  0.00000000E+00  4.02939280E-05 -1.09079286E-07  2.
    73 -3.40000004E-01  1.14586040E+01  0.00000000E+00  4.39702662E-05 -1.09129562E-07  2.
    74 -3.19999993E-01  1.14592739E+01  0.00000000E+00  4.66223858E-05 -1.09135942E-07  2.
    75 -3.00000012E-01  1.14594136E+01  0.00000000E+00  4.83127775E-05 -1.09137272E-07  2.
    76 -2.80000001E-01  1.14584439E+01  0.00000000E+00  4.91465535E-05 -1.09128037E-07  2.
    77 -2.59999990E-01  1.14577208E+01  0.00000000E+00  4.91008997E-05 -1.09121150E-07  2.
    78 -2.39999995E-01  1.14594054E+01  0.00000000E+00  4.82810567E-05 -1.09137194E-07  2.
    79 -2.19999999E-01  1.14595593E+01  0.00000000E+00  4.67095146E-05 -1.09138660E-07  2.
    80 -2.00000003E-01  1.14595973E+01  0.00000000E+00  4.45323612E-05 -1.09139022E-07  2.
    81 -1.80000007E-01  1.14593115E+01  0.00000000E+00  4.17303731E-05 -1.09136300E-07  2.
    82 -1.59999996E-01  1.14589942E+01  0.00000000E+00  3.84078488E-05 -1.09133278E-07  2.
    83 -1.40000001E-01  1.14585908E+01  0.00000000E+00  3.45890070E-05 -1.09129436E-07  2.
    84 -1.19999997E-01  1.14592672E+01  0.00000000E+00  3.03402264E-05 -1.09135878E-07  2.
    85 -1.00000001E-01  1.14594313E+01  0.00000000E+00  2.57621771E-05 -1.09137441E-07  2.
    86 -7.99999982E-02  1.14595690E+01  0.00000000E+00  2.09124607E-05 -1.09138752E-07  2.
    87 -5.99999987E-02  1.14595971E+01  0.00000000E+00  1.57872247E-05 -1.09139020E-07  2.
    88 -3.99999991E-02  1.14595553E+01  0.00000000E+00  1.06830476E-05 -1.09138622E-07  2.
    89 -1.99999996E-02  1.14594832E+01  0.00000000E+00  5.34835263E-06 -1.09137936E-07  2.
    90  0.00000000E+00  1.14591232E+01  0.00000000E+00  8.90484774E-16 -1.09134507E-07  2.
    91  1.99999996E-02  1.14594832E+01  0.00000000E+00  5.34835263E-06 -1.09137936E-07  2.
    92  3.99999991E-02  1.14595553E+01  0.00000000E+00  1.06830476E-05 -1.09138622E-07  2.
    93  5.99999987E-02  1.14595971E+01  0.00000000E+00  1.57872247E-05 -1.09139020E-07  2.
    94  7.99999982E-02  1.14595690E+01  0.00000000E+00  2.09124607E-05 -1.09138752E-07  2.
    95  1.00000001E-01  1.14594313E+01  0.00000000E+00  2.57621771E-05 -1.09137441E-07  2.
    96  1.19999997E-01  1.14592672E+01  0.00000000E+00  3.03402264E-05 -1.09135878E-07  2.
    97  1.40000001E-01  1.14585908E+01  0.00000000E+00  3.45890070E-05 -1.09129436E-07  2.
    98  1.59999996E-01  1.14589942E+01  0.00000000E+00  3.84078488E-05 -1.09133278E-07  2.
    99  1.80000007E-01  1.14593115E+01  0.00000000E+00  4.17303731E-05 -1.09136300E-07  2.
   100  2.00000003E-01  1.14595973E+01  0.00000000E+00  4.45323612E-05 -1.09139022E-07  2.
   101  2.19999999E-01  1.14595593E+01  0.00000000E+00  4.67095146E-05 -1.09138660E-07  2.
   102  2.39999995E-01  1.14594054E+01  0.00000000E+00  4.82810567E-05 -1.09137194E-07  2.
   103  2.59999990E-01  1.14577208E+01  0.00000000E+00  4.91008997E-05 -1.09121150E-07  2.
   104  2.80000001E-01  1.14584439E+01  0.00000000E+00  4.91465535E-05 -1.09128037E-07  2.
   105  3.00000012E-01  1.14594136E+01  0.00000000E+00  4.83127775E-05 -1.09137272E-07  2.
   106  3.19999993E-01  1.14592739E+01  0.00000000E+00  4.66223858E-05 -1.09135942E-07  2.
   107  3.40000004E-01  1.14586040E+01  0.00000000E+00  4.39702662E-05 -1.09129562E-07  2.
   108  3.60000014E-01  1.14533250E+01  0.00000000E+00  4.02939280E-05 -1.09079286E-07  2.
   109  3.79999995E-01  1.14762611E+01  0.00000000E+00  3.55741047E-05 -1.09297725E-07  2.
   110  4.00000006E-01  1.14033763E+01  0.00000000E+00  2.96536012E-05 -1.08603583E-07  2.
   111  4.19999987E-01  1.16494617E+01  0.00000000E+00  2.26171946E-05 -1.10947255E-07  2.
   112  4.39999998E-01  1.07705334E+01  0.00000000E+00  1.42873269E-05 -1.02576509E-07  2.
   113  4.60000008E-01  1.35021901E+01  0.00000000E+00  4.68596046E-06 -1.28592287E-07  2.
   114  4.79999989E-01  0.00000000E+00  0.00000000E+00  0.00000000E+00  2.23219824E-04  0.
   115  5.00000000E-01  0.00000000E+00  0.00000000E+00  0.00000000E+00  6.83511084E-04  0.
   116  5.19999981E-01  0.00000000E+00  0.00000000E+00  0.00000000E+00  1.19348460E-03  0.
   117  5.40000021E-01  0.00000000E+00  0.00000000E+00  0.00000000E+00  1.71990340E-03  0.
   118  5.60000002E-01  0.00000000E+00  0.00000000E+00  0.00000000E+00  2.26660335E-03  0.
   119  5.79999983E-01  0.00000000E+00  0.00000000E+00  0.00000000E+00  2.83356317E-03  0.
   120  6.00000024E-01  0.00000000E+00  0.00000000E+00  0.00000000E+00  3.42070994E-03  0.
   121  6.20000005E-01  0.00000000E+00  0.00000000E+00  0.00000000E+00  4.02800989E-03  0.
   122  6.39999986E-01  0.00000000E+00  0.00000000E+00  0.00000000E+00  4.65543382E-03  0.
   123  6.60000026E-01  0.00000000E+00  0.00000000E+00  0.00000000E+00  5.30296300E-03  0.
   124  6.80000007E-01  0.00000000E+00  0.00000000E+00  0.00000000E+00  5.97057571E-03  0.
   125  6.99999988E-01  0.00000000E+00  0.00000000E+00  0.00000000E+00  6.65825882E-03  0.
   126  7.20000029E-01  0.00000000E+00  0.00000000E+00  0.00000000E+00  7.36600296E-03  0.
   127  7.40000010E-01  0.00000000E+00  0.00000000E+00  0.00000000E+00  8.09379355E-03  0.
   128  7.59999990E-01  0.00000000E+00  0.00000000E+00  0.00000000E+00  8.84162207E-03  0.
   129  7.79999971E-01  0.00000000E+00  0.00000000E+00  0.00000000E+00  9.60948089E-03  0.
   130  8.00000012E-01  0.00000000E+00  0.00000000E+00  0.00000000E+00  1.03973636E-02  0.
   131  8.19999993E-01  0.00000000E+00  0.00000000E+00  0.00000000E+00  1.12052594E-02  0.
   132  8.39999974E-01  0.00000000E+00  0.00000000E+00  0.00000000E+00  1.20331630E-02  0.
   133  8.60000014E-01  0.00000000E+00  0.00000000E+00  0.00000000E+00  1.28810718E-02  0.
   134  8.79999995E-01  0.00000000E+00  0.00000000E+00  0.00000000E+00  1.37489740E-02  0.
   135  8.99999976E-01  0.00000000E+00  0.00000000E+00  0.00000000E+00  1.46368676E-02  0.
   136  9.20000017E-01  0.00000000E+00  0.00000000E+00  0.00000000E+00  1.55447487E-02  0.
   137  9.39999998E-01  0.00000000E+00  0.00000000E+00  0.00000000E+00  1.64726081E-02  0.
   138  9.59999979E-01  0.00000000E+00  0.00000000E+00  0.00000000E+00  1.74204426E-02  0.
   139  9.80000019E-01  0.00000000E+00  0.00000000E+00  0.00000000E+00  1.83882504E-02  0.
   140  1.00000000E+00  0.00000000E+00  0.00000000E+00  0.00000000E+00  1.93760213E-02  0.
   141  1.01999998E+00  0.00000000E+00  0.00000000E+00  0.00000000E+00  2.03837545E-02  0.
   142  1.03999996E+00  0.00000000E+00  0.00000000E+00  0.00000000E+00  2.14114438E-02  0.
   143  1.05999994E+00  0.00000000E+00  0.00000000E+00  0.00000000E+00  2.24590854E-02  0.
   144  1.08000004E+00  0.00000000E+00  0.00000000E+00  0.00000000E+00  2.35266821E-02  0.
   145  1.10000002E+00  0.00000000E+00  0.00000000E+00  0.00000000E+00  2.46142169E-02  0.
   146  1.12000000E+00  0.00000000E+00  0.00000000E+00  0.00000000E+00  2.57216899E-02  0.
   147  1.13999999E+00  0.00000000E+00  0.00000000E+00  0.00000000E+00  2.68490981E-02  0.
   148  1.15999997E+00  0.00000000E+00  0.00000000E+00  0.00000000E+00  2.79964405E-02  0.
   149  1.17999995E+00  0.00000000E+00  0.00000000E+00  0.00000000E+00  2.91637049E-02  0.
   150  1.20000005E+00  0.00000000E+00  0.00000000E+00  0.00000000E+00  3.03509023E-02  0.
   151  1.22000003E+00  0.00000000E+00  0.00000000E+00  0.00000000E+00  3.15580078E-02  0.
   152  1.24000001E+00  0.00000000E+00  0.00000000E+00  0.00000000E+00  3.27850280E-02  0.
   153  1.25999999E+00  0.00000000E+00  0.00000000E+00  0.00000000E+00  3.40319554E-02  0.
   154  1.27999997E+00  0.00000000E+00  0.00000000E+00  0.00000000E+00  3.52987889E-02  0.
   155  1.29999995E+00  0.00000000E+00  0.00000000E+00  0.00000000E+00  3.65855231E-02  0.
   156  1.32000005E+00  0.00000000E+00  0.00000000E+00  0.00000000E+00  3.78921621E-02  0.
   157  1.34000003E+00  0.00000000E+00  0.00000000E+00  0.00000000E+00  3.92186802E-02  0.
   158  1.36000001E+00  0.00000000E+00  0.00000000E+00  0.00000000E+00  4.05650867E-02  0.
   159  1.38000000E+00  0.00000000E+00  0.00000000E+00  0.00000000E+00  4.19313778E-02  0.
   160  1.39999998E+00  0.00000000E+00  0.00000000E+00  0.00000000E+00  4.33175408E-02  0.
   161  1.41999996E+00  0.00000000E+00  0.00000000E+00  0.00000000E+00  4.47235740E-02  0.
   162  1.44000006E+00  0.00000000E+00  0.00000000E+00  0.00000000E+00  4.61494894E-02  0.
   163  1.46000004E+00  0.00000000E+00  0.00000000E+00  0.00000000E+00  4.75952572E-02  0.
   164  1.48000002E+00  0.00000000E+00  0.00000000E+00  0.00000000E+00  4.90608888E-02  0.
   165  1.50000000E+00  0.00000000E+00  0.00000000E+00  0.00000000E+00  5.05463755E-02  0.
   166  1.51999998E+00  0.00000000E+00  0.00000000E+00  0.00000000E+00  5.20517122E-02  0.
   167  1.53999996E+00  0.00000000E+00  0.00000000E+00  0.00000000E+00  5.35768947E-02  0.
   168  1.55999994E+00  0.00000000E+00  0.00000000E+00  0.00000000E+00  5.51219220E-02  0.
   169  1.58000004E+00  0.00000000E+00  0.00000000E+00  0.00000000E+00  5.66867892E-02  0.
   170  1.60000002E+00  0.00000000E+00  0.00000000E+00  0.00000000E+00  5.82714835E-02  0.
   171  1.62000000E+00  0.00000000E+00  0.00000000E+00  0.00000000E+00  5.98760014E-02  0.
   172  1.63999999E+00  0.00000000E+00  0.00000000E+00  0.00000000E+00  6.15003424E-02  0.
   173  1.65999997E+00  0.00000000E+00  0.00000000E+00  0.00000000E+00  6.31444960E-02  0.
   174  1.67999995E+00  0.00000000E+00  0.00000000E+00  0.00000000E+00  6.48084581E-02  0.
   175  1.70000005E+00  0.00000000E+00  0.00000000E+00  0.00000000E+00  6.64922334E-02  0.
   176  1.72000003E+00  0.00000000E+00  0.00000000E+00  0.00000000E+00  6.81957987E-02  0.
   177  1.74000001E+00  0.00000000E+00  0.00000000E+00  0.00000000E+00  6.99191589E-02  0.
   178  1.75999999E+00  0.00000000E+00  0.00000000E+00  0.00000000E+00  7.16623055E-02  0.
   179  1.77999997E+00  0.00000000E+00  0.00000000E+00  0.00000000E+00  7.34252318E-02  0.
STEP   5 TIME  3.00200000E+03
     1 -1.77999997E+00  0.00000000E+00  0.00000000E+00  0.00000000E+00  7.17225134E-02  0.
     2 -1.75999999E+00  0.00000000E+00  0.00000000E+00  0.00000000E+00  6.99594409E-02  0.
     3 -1.74000001E+00  0.00000000E+00  0.00000000E+00  0.00000000E+00  6.82161501E-02  0.
     4 -1.72000003E+00  0.00000000E+00  0.00000000E+00  0.00000000E+00  6.64926475E-02  0.
     5 -1.70000005E+00  0.00000000E+00  0.00000000E+00  0.00000000E+00  6.47889418E-02  0.
     6 -1.67999995E+00  0.00000000E+00  0.00000000E+00  0.00000000E+00  6.31050282E-02  0.
     7 -1.65999997E+00  0.00000000E+00  0.00000000E+00  0.00000000E+00  6.14409296E-02  0.
     8 -1.63999999E+00  0.00000000E+00  0.00000000E+00  0.00000000E+00  5.97966412E-02  0.
     9 -1.62000000E+00  0.00000000E+00  0.00000000E+00  0.00000000E+00  5.81721674E-02  0.
    10 -1.60000002E+00  0.00000000E+00  0.00000000E+00  0.00000000E+00  5.65675189E-02  0.
    11 -1.58000004E+00  0.00000000E+00  0.00000000E+00  0.00000000E+00  5.49827003E-02  0.
    12 -1.55999994E+00  0.00000000E+00  0.00000000E+00  0.00000000E+00  5.34177078E-02  0.
    13 -1.53999996E+00  0.00000000E+00  0.00000000E+00  0.00000000E+00  5.18725564E-02  0.
    14 -1.51999998E+00  0.00000000E+00  0.00000000E+00  0.00000000E+00  5.03472579E-02  0.
    15 -1.50000000E+00  0.00000000E+00  0.00000000E+00  0.00000000E+00  4.88417889E-02  0.
    16 -1.48000002E+00  0.00000000E+00  0.00000000E+00  0.00000000E+00  4.73561958E-02  0.
    17 -1.46000004E+00  0.00000000E+00  0.00000000E+00  0.00000000E+00  4.58904494E-02  0.
    18 -1.44000006E+00  0.00000000E+00  0.00000000E+00  0.00000000E+00  4.44445669E-02  0.
    19 -1.41999996E+00  0.00000000E+00  0.00000000E+00  0.00000000E+00  4.30185390E-02  0.
    20 -1.39999998E+00  0.00000000E+00  0.00000000E+00  0.00000000E+00  4.16123941E-02  0.
    21 -1.38000000E+00  0.00000000E+00  0.00000000E+00  0.00000000E+00  4.02261225E-02  0.
    22 -1.36000001E+00  0.00000000E+00  0.00000000E+00  0.00000000E+00  3.88597262E-02  0.
    23 -1.34000003E+00  0.00000000E+00  0.00000000E+00  0.00000000E+00  3.75132157E-02  0.
    24 -1.32000005E+00  0.00000000E+00  0.00000000E+00  0.00000000E+00  3.61865966E-02  0.
    25 -1.29999995E+00  0.00000000E+00  0.00000000E+00  0.00000000E+00  3.48798585E-02  0.
    26 -1.27999997E+00  0.00000000E+00  0.00000000E+00  0.00000000E+00  3.35930287E-02  0.
    27 -1.25999999E+00  0.00000000E+00  0.00000000E+00  0.00000000E+00  3.23261016E-02  0.
    28 -1.24000001E+00  0.00000000E+00  0.00000000E+00  0.00000000E+00  3.10790827E-02  0.
    29 -1.22000003E+00  0.00000000E+00  0.00000000E+00  0.00000000E+00  2.98519735E-02  0.
    30 -1.20000005E+00  0.00000000E+00  0.00000000E+00  0.00000000E+00  2.86447815E-02  0.
    31 -1.17999995E+00  0.00000000E+00  0.00000000E+00  0.00000000E+00  2.74575007E-02  0.
    32 -1.15999997E+00  0.00000000E+00  0.00000000E+00  0.00000000E+00  2.62901552E-02  0.
    33 -1.13999999E+00  0.00000000E+00  0.00000000E+00  0.00000000E+00  2.51427375E-02  0.
    34 -1.12000000E+00  0.00000000E+00  0.00000000E+00  0.00000000E+00  2.40152536E-02  0.
    35 -1.10000002E+00  0.00000000E+00  0.00000000E+00  0.00000000E+00  2.29077090E-02  0.
    36 -1.08000004E+00  0.00000000E+00  0.00000000E+00  0.00000000E+00  2.18201067E-02  0.
    37 -1.05999994E+00  0.00000000E+00  0.00000000E+00  0.00000000E+00  2.07524455E-02  0.
    38 -1.03999996E+00  0.00000000E+00  0.00000000E+00  0.00000000E+00  1.97047420E-02  0.
    39 -1.01999998E+00  0.00000000E+00  0.00000000E+00  0.00000000E+00  1.86769953E-02  0.
    40 -1.00000000E+00  0.00000000E+00  0.00000000E+00  0.00000000E+00  1.76692093E-02  0.
    41 -9.80000019E-01  0.00000000E+00  0.00000000E+00  0.00000000E+00  1.66813889E-02  0.
    42 -9.59999979E-01  0.00000000E+00  0.00000000E+00  0.00000000E+00  1.57135362E-02  0.
    43 -9.39999998E-01  0.00000000E+00  0.00000000E+00  0.00000000E+00  1.47656618E-02  0.
    44 -9.20000017E-01  0.00000000E+00  0.00000000E+00  0.00000000E+00  1.38377678E-02  0.
    45 -8.99999976E-01  0.00000000E+00  0.00000000E+00  0.00000000E+00  1.29298580E-02  0.
    46 -8.79999995E-01  0.00000000E+00  0.00000000E+00  0.00000000E+00  1.20419421E-02  0.
    47 -8.60000014E-01  0.00000000E+00  0.00000000E+00  0.00000000E+00  1.11740246E-02  0.
    48 -8.39999974E-01  0.00000000E+00  0.00000000E+00  0.00000000E+00  1.03261084E-02  0.
    49 -8.19999993E-01  0.00000000E+00  0.00000000E+00  0.00000000E+00  9.49820625E-03  0.
    50 -8.00000012E-01  0.00000000E+00  0.00000000E+00  0.00000000E+00  8.69032190E-03  0.
    51 -7.79999971E-01  0.00000000E+00  0.00000000E+00  0.00000000E+00  7.90246206E-03  0.
    52 -7.59999990E-01  0.00000000E+00  0.00000000E+00  0.00000000E+00  7.13463941E-03  0.
    53 -7.40000010E-01  0.00000000E+00  0.00000000E+00  0.00000000E+00  6.38686340E-03  0.
    54 -7.20000029E-01  0.00000000E+00  0.00000000E+00  0.00000000E+00  5.65914440E-03  0.
    55 -6.99999988E-01  0.00000000E+00  0.00000000E+00  0.00000000E+00  4.95149288E-03  0.
    56 -6.80000007E-01  0.00000000E+00  0.00000000E+00  0.00000000E+00  4.26393027E-03  0.
    57 -6.60000026E-01  0.00000000E+00  0.00000000E+00  0.00000000E+00  3.59647298E-03  0.
    58 -6.39999986E-01  0.00000000E+00  0.00000000E+00  0.00000000E+00  2.94914705E-03  0.
    59 -6.20000005E-01  0.00000000E+00  0.00000000E+00  0.00000000E+00  2.32198379E-03  0.
    60 -6.00000024E-01  0.00000000E+00  0.00000000E+00  0.00000000E+00  1.71504815E-03  0.
    61 -5.79999983E-01  0.00000000E+00  0.00000000E+00  0.00000000E+00  1.12835823E-03  0.
    62 -5.60000002E-01  0.00000000E+00  0.00000000E+00  0.00000000E+00  5.52995148E-04  0.
    63 -5.40000021E-01  0.00000000E+00  0.00000000E+00  0.00000000E+00  7.33594253E-05  0.
    64 -5.19999981E-01  1.20619817E+01  0.00000000E+00  1.14387559E-05 -1.14876016E-07  2.
    65 -5.00000000E-01  9.51512391E+00  0.00000000E+00  2.36560522E-05 -9.06202278E-08  2.
    66 -4.79999989E-01  1.03494165E+01  0.00000000E+00  3.44373285E-05 -9.85658711E-08  2.
    67 -4.60000008E-01  1.01127864E+01  0.00000000E+00  4.37766258E-05 -9.63122511E-08  2.
    68 -4.39999998E-01  1.01791096E+01  0.00000000E+00  5.17470987E-05 -9.69439013E-08  2.
    69 -4.19999987E-01  1.01612544E+01  0.00000000E+00  5.84211991E-05 -9.67738514E-08  2.
    70 -4.00000006E-01  1.01681506E+01  0.00000000E+00  6.37751845E-05 -9.68395293E-08  2.
    71 -3.79999995E-01  1.01637480E+01  0.00000000E+00  6.80002604E-05 -9.67975997E-08  2.
    72 -3.60000014E-01  1.01658065E+01  0.00000000E+00  7.10294647E-05 -9.68172051E-08  2.
    73 -3.40000004E-01  1.01667868E+01  0.00000000E+00  7.30114203E-05 -9.68265414E-08  2.
    74 -3.19999993E-01  1.01665393E+01  0.00000000E+00  7.39659144E-05 -9.68241839E-08  2.
    75 -3.00000012E-01  1.01644966E+01  0.00000000E+00  7.39557857E-05 -9.68047291E-08  2.
    76 -2.80000001E-01  1.01666066E+01  0.00000000E+00  7.30869171E-05 -9.68248249E-08  2.
    77 -2.59999990E-01  1.01669068E+01  0.00000000E+00  7.13365942E-05 -9.68276834E-08  2.
    78 -2.39999995E-01  1.01668629E+01  0.00000000E+00  6.88104709E-05 -9.68272655E-08  2.
    79 -2.19999999E-01  1.01665177E+01  0.00000000E+00  6.55315326E-05 -9.68239783E-08  2.
    80 -2.00000003E-01  1.01655145E+01  0.00000000E+00  6.16459408E-05 -9.68144243E-08  2.
    81 -1.80000007E-01  1.01664897E+01  0.00000000E+00  5.71346413E-05 -9.68237112E-08  2.
    82 -1.59999996E-01  1.01667687E+01  0.00000000E+00  5.21020903E-05 -9.68263688E-08  2.
    83 -1.40000001E-01  1.01669327E+01  0.00000000E+00  4.65726258E-05 -9.68279309E-08  2.
    84 -1.19999997E-01  1.01669394E+01  0.00000000E+00  4.06127367E-05 -9.68279941E-08  2.
    85 -1.00000001E-01  1.01668790E+01  0.00000000E+00  3.43231725E-05 -9.68274187E-08  2.
    86 -7.99999982E-02  1.01667916E+01  0.00000000E+00  2.77616234E-05 -9.68265862E-08  2.
    87 -5.99999987E-02  1.01667049E+01  0.00000000E+00  2.09243068E-05 -9.68257605E-08  2.
    88 -3.99999991E-02  1.01666150E+01  0.00000000E+00  1.41078686E-05 -9.68249046E-08  2.
    89 -1.99999996E-02  1.01665633E+01  0.00000000E+00  7.06079537E-06 -9.68244128E-08  2.
    90  0.00000000E+00  1.01663515E+01  0.00000000E+00  1.72571233E-15 -9.68223950E-08  2.
    91  1.99999996E-02  1.01665633E+01  0.00000000E+00  7.06079537E-06 -9.68244128E-08  2.
    92  3.99999991E-02  1.01666150E+01  0.00000000E+00  1.41078686E-05 -9.68249046E-08  2.
    93  5.99999987E-02  1.01667049E+01  0.00000000E+00  2.09243068E-05 -9.68257605E-08  2.
    94  7.99999982E-02  1.01667916E+01  0.00000000E+00  2.77616234E-05 -9.68265862E-08  2.
    95  1.00000001E-01  1.01668790E+01  0.00000000E+00  3.43231725E-05 -9.68274187E-08  2.
    96  1.19999997E-01  1.01669394E+01  0.00000000E+00  4.06127367E-05 -9.68279941E-08  2.
    97  1.40000001E-01  1.01669327E+01  0.00000000E+00  4.65726258E-05 -9.68279309E-08  2.
    98  1.59999996E-01  1.01667687E+01  0.00000000E+00  5.21020903E-05 -9.68263688E-08  2.
    99  1.80000007E-01  1.01664897E+01  0.00000000E+00  5.71346413E-05 -9.68237112E-08  2.
   100  2.00000003E-01  1.01655145E+01  0.00000000E+00  6.16459408E-05 -9.68144243E-08  2.
   101  2.19999999E-01  1.01665177E+01  0.00000000E+00  6.55315326E-05 -9.68239783E-08  2.
   102  2.39999995E-01  1.01668629E+01  0.00000000E+00  6.88104709E-05 -9.68272655E-08  2.
   103  2.59999990E-01  1.01669068E+01  0.00000000E+00  7.13365942E-05 -9.68276834E-08  2.
   104  2.80000001E-01  1.01666066E+01  0.00000000E+00  7.30869171E-05 -9.68248249E-08  2.
   105  3.00000012E-01  1.01644966E+01  0.00000000E+00  7.39557857E-05 -9.68047291E-08  2.
   106  3.19999993E-01  1.01665393E+01  0.00000000E+00  7.39659144E-05 -9.68241839E-08  2.
   107  3.40000004E-01  1.01667868E+01  0.00000000E+00  7.30114203E-05 -9.68265414E-08  2.
   108  3.60000014E-01  1.01658065E+01  0.00000000E+00  7.10294647E-05 -9.68172051E-08  2.
   109  3.79999995E-01  1.01637480E+01  0.00000000E+00  6.80002604E-05 -9.67975997E-08  2.
   110  4.00000006E-01  1.01681506E+01  0.00000000E+00  6.37751845E-05 -9.68395293E-08  2.
   111  4.19999987E-01  1.01612544E+01  0.00000000E+00  5.84211991E-05 -9.67738514E-08  2.
   112  4.39999998E-01  1.01791096E+01  0.00000000E+00  5.17470987E-05 -9.69439013E-08  2.
   113  4.60000008E-01  1.01127864E+01  0.00000000E+00  4.37766258E-05 -9.63122512E-08  2.
   114  4.79999989E-01  1.03494165E+01  0.00000000E+00  3.44373285E-05 -9.85658711E-08  2.
   115  5.00000000E-01  9.51512391E+00  0.00000000E+00  2.36560522E-05 -9.06202278E-08  2.
   116  5.19999981E-01  1.20619817E+01  0.00000000E+00  1.14387559E-05 -1.14876016E-07  2.
   117  5.40000021E-01  0.00000000E+00  0.00000000E+00  0.00000000E+00  7.33594253E-05  0.
   118  5.60000002E-01  0.00000000E+00  0.00000000E+00  0.00000000E+00  5.52995148E-04  0.
   119  5.79999983E-01  0.00000000E+00  0.00000000E+00  0.00000000E+00  1.12835823E-03  0.
   120  6.00000024E-01  0.00000000E+00  0.00000000E+00  0.00000000E+00  1.71504815E-03  0.
   121  6.20000005E-01  0.00000000E+00  0.00000000E+00  0.00000000E+00  2.32198379E-03  0.
   122  6.39999986E-01  0.00000000E+00  0.00000000E+00  0.00000000E+00  2.94914705E-03  0.
   123  6.60000026E-01  0.00000000E+00  0.00000000E+00  0.00000000E+00  3.59647298E-03  0.
   124  6.80000007E-01  0.00000000E+00  0.00000000E+00  0.00000000E+00  4.26393027E-03  0.
   125  6.99999988E-01  0.00000000E+00  0.00000000E+00  0.00000000E+00  4.95149288E-03  0.
   126  7.20000029E-01  0.00000000E+00  0.00000000E+00  0.00000000E+00  5.65914440E-03  0.
   127  7.40000010E-01  0.00000000E+00  0.00000000E+00  0.00000000E+00  6.38686340E-03  0.
   128  7.59999990E-01  0.00000000E+00  0.00000000E+00  0.00000000E+00  7.13463941E-03  0.
   129  7.79999971E-01  0.00000000E+00  0.00000000E+00  0.00000000E+00  7.90246206E-03  0.
   130  8.00000012E-01  0.00000000E+00  0.00000000E+00  0.00000000E+00  8.69032190E-03  0.
   131  8.19999993E-01  0.00000000E+00  0.00000000E+00  0.00000000E+00  9.49820625E-03  0.
   132  8.39999974E-01  0.00000000E+00  0.00000000E+00  0.00000000E+00  1.03261084E-02  0.
   133  8.60000014E-01  0.00000000E+00  0.00000000E+00  0.00000000E+00  1.11740246E-02  0.
   134  8.79999995E-01  0.00000000E+00  0.00000000E+00  0.00000000E+00  1.20419421E-02  0.
   135  8.99999976E-01  0.00000000E+00  0.00000000E+00  0.00000000E+00  1.29298580E-02  0.
   136  9.20000017E-01  0.00000000E+00  0.00000000E+00  0.00000000E+00  1.38377678E-02  0.
   137  9.39999998E-01  0.00000000E+00  0.00000000E+00  0.00000000E+00  1.47656618E-02  0.
   138  9.59999979E-01  0.00000000E+00  0.00000000E+00  0.00000000E+00  1.57135362E-02  0.
   139  9.80000019E-01  0.00000000E+00  0.00000000E+00  0.00000000E+00  1.66813889E-02  0.
   140  1.00000000E+00  0.00000000E+00  0.00000000E+00  0.00000000E+00  1.76692093E-02  0.
   141  1.01999998E+00  0.00000000E+00  0.00000000E+00  0.00000000E+00  1.86769953E-02  0.
   142  1.03999996E+00  0.00000000E+00  0.00000000E+00  0.00000000E+00  1.97047420E-02  0.
   143  1.05999994E+00  0.00000000E+00  0.00000000E+00  0.00000000E+00  2.07524455E-02  0.
   144  1.08000004E+00  0.00000000E+00  0.00000000E+00  0.00000000E+00  2.18201067E-02  0.
   145  1.10000002E+00  0.00000000E+00  0.00000000E+00  0.00000000E+00  2.29077090E-02  0.
   146  1.12000000E+00  0.00000000E+00  0.00000000E+00  0.00000000E+00  2.40152536E-02  0.
   147  1.13999999E+00  0.00000000E+00  0.00000000E+00  0.00000000E+00  2.51427375E-02  0.
   148  1.15999997E+00  0.00000000E+00  0.00000000E+00  0.00000000E+00  2.62901552E-02  0.
   149  1.17999995E+00  0.00000000E+00  0.00000000E+00  0.00000000E+00  2.74575007E-02  0.
   150  1.20000005E+00  0.00000000E+00  0.00000000E+00  0.00000000E+00  2.86447815E-02  0.
   151  1.22000003E+00  0.00000000E+00  0.00000000E+00  0.00000000E+00  2.98519735E-02  0.
   152  1.24000001E+00  0.00000000E+00  0.00000000E+00  0.00000000E+00  3.10790827E-02  0.
   153  1.25999999E+00  0.00000000E+00  0.00000000E+00  0.00000000E+00  3.23261016E-02  0.
   154  1.27999997E+00  0.00000000E+00  0.00000000E+00  0.00000000E+00  3.35930287E-02  0.
   155  1.29999995E+00  0.00000000E+00  0.00000000E+00  0.00000000E+00  3.48798585E-02  0.
   156  1.32000005E+00  0.00000000E+00  0.00000000E+00  0.00000000E+00  3.61865966E-02  0.
   157  1.34000003E+00  0.00000000E+00  0.00000000E+00  0.00000000E+00  3.75132157E-02  0.
   158  1.36000001E+00  0.00000000E+00  0.00000000E+00  0.00000000E+00  3.88597262E-02  0.
   159  1.38000000E+00  0.00000000E+00  0.00000000E+00  0.00000000E+00  4.02261225E-02  0.
   160  1.39999998E+00  0.00000000E+00  0.00000000E+00  0.00000000E+00  4.16123941E-02  0.
   161  1.41999996E+00  0.00000000E+00  0.00000000E+00  0.00000000E+00  4.30185390E-02  0.
   162  1.44000006E+00  0.00000000E+00  0.00000000E+00  0.00000000E+00  4.44445669E-02  0.
   163  1.46000004E+00  0.00000000E+00  0.00000000E+00  0.00000000E+00  4.58904494E-02  0.
   164  1.48000002E+00  0.00000000E+00  0.00000000E+00  0.00000000E+00  4.73561958E-02  0.
   165  1.50000000E+00  0.00000000E+00  0.00000000E+00  0.00000000E+00  4.88417939E-02  0.
   166  1.51999998E+00  0.00000000E+00  0.00000000E+00  0.00000000E+00  5.03472559E-02  0.
   167  1.53999996E+00  0.00000000E+00  0.00000000E+00  0.00000000E+00  5.18725564E-02  0.
   168  1.55999994E+00  0.00000000E+00  0.00000000E+00  0.00000000E+00  5.34177078E-02  0.
   169  1.58000004E+00  0.00000000E+00  0.00000000E+00  0.00000000E+00  5.49827003E-02  0.
   170  1.60000002E+00  0.00000000E+00  0.00000000E+00  0.00000000E+00  5.65675189E-02  0.
   171  1.62000000E+00  0.00000000E+00  0.00000000E+00  0.00000000E+00  5.81721674E-02  0.
   172  1.63999999E+00  0.00000000E+00  0.00000000E+00  0.00000000E+00  5.97966412E-02  0.
   173  1.65999997E+00  0.00000000E+00  0.00000000E+00  0.00000000E+00  6.14409296E-02  0.
   174  1.67999995E+00  0.00000000E+00  0.00000000E+00  0.00000000E+00  6.31050282E-02  0.
   175  1.70000005E+00  0.00000000E+00  0.00000000E+00  0.00000000E+00  6.47889418E-02  0.
   176  1.72000003E+00  0.00000000E+00  0.00000000E+00  0.00000000E+00  6.64926475E-02  0.
   177  1.74000001E+00  0.00000000E+00  0.00000000E+00  0.00000000E+00  6.82161501E-02  0.
   178  1.75999999E+00  0.00000000E+00  0.00000000E+00  0.00000000E+00  6.99594409E-02  0.
   179  1.77999997E+00  0.00000000E+00  0.00000000E+00  0.00000000E+00  7.17225134E-02  0.
STEP   6 TIME  4.00200000E+03
     1 -1.77999997E+00  0.00000000E+00  0.00000000E+00  0.00000000E+00  7.02039928E-02  0.
     2 -1.75999999E+00  0.00000000E+00  0.00000000E+00  0.00000000E+00  6.84407910E-02  0.
     3 -1.74000001E+00  0.00000000E+00  0.00000000E+00  0.00000000E+00  6.66973729E-02  0.
     4 -1.72000003E+00  0.00000000E+00  0.00000000E+00  0.00000000E+00  6.49737446E-02  0.
     5 -1.70000005E+00  0.00000000E+00  0.00000000E+00  0.00000000E+00  6.32699150E-02  0.
     6 -1.67999995E+00  0.00000000E+00  0.00000000E+00  0.00000000E+00  6.15858794E-02  0.
     7 -1.65999997E+00  0.00000000E+00  0.00000000E+00  0.00000000E+00  5.99216605E-02  0.
     8 -1.63999999E+00  0.00000000E+00  0.00000000E+00  0.00000000E+00  5.82772535E-02  0.
     9 -1.62000000E+00  0.00000000E+00  0.00000000E+00  0.00000000E+00  5.66526629E-02  0.
    10 -1.60000002E+00  0.00000000E+00  0.00000000E+00  0.00000000E+00  5.50479042E-02  0.
    11 -1.58000004E+00  0.00000000E+00  0.00000000E+00  0.00000000E+00  5.34629729E-02  0.
    12 -1.55999994E+00  0.00000000E+00  0.00000000E+00  0.00000000E+00  5.18978708E-02  0.
    13 -1.53999996E+00  0.00000000E+00  0.00000000E+00  0.00000000E+00  5.03526153E-02  0.
    14 -1.51999998E+00  0.00000000E+00  0.00000000E+00  0.00000000E+00  4.88271971E-02  0.
    15 -1.50000000E+00  0.00000000E+00  0.00000000E+00  0.00000000E+00  4.73216445E-02  0.
    16 -1.48000002E+00  0.00000000E+00  0.00000000E+00  0.00000000E+00  4.58359404E-02  0.
    17 -1.46000004E+00  0.00000000E+00  0.00000000E+00  0.00000000E+00  4.43700924E-02  0.
    18 -1.44000006E+00  0.00000000E+00  0.00000000E+00  0.00000000E+00  4.29241100E-02  0.
    19 -1.41999996E+00  0.00000000E+00  0.00000000E+00  0.00000000E+00  4.14979844E-02  0.
    20 -1.39999998E+00  0.00000000E+00  0.00000000E+00  0.00000000E+00  4.00917427E-02  0.
    21 -1.38000000E+00  0.00000000E+00  0.00000000E+00  0.00000000E+00  3.87053779E-02  0.
    22 -1.36000001E+00  0.00000000E+00  0.00000000E+00  0.00000000E+00  3.73388898E-02  0.
    23 -1.34000003E+00  0.00000000E+00  0.00000000E+00  0.00000000E+00  3.59922905E-02  0.
    24 -1.32000005E+00  0.00000000E+00  0.00000000E+00  0.00000000E+00  3.46655843E-02  0.
    25 -1.29999995E+00  0.00000000E+00  0.00000000E+00  0.00000000E+00  3.33587621E-02  0.
    26 -1.27999997E+00  0.00000000E+00  0.00000000E+00  0.00000000E+00  3.20718507E-02  0.
    27 -1.25999999E+00  0.00000000E+00  0.00000000E+00  0.00000000E+00  3.08048439E-02  0.
    28 -1.24000001E+00  0.00000000E+00  0.00000000E+00  0.00000000E+00  2.95577476E-02  0.
    29 -1.22000003E+00  0.00000000E+00  0.00000000E+00  0.00000000E+00  2.83305638E-02  0.
    30 -1.20000005E+00  0.00000000E+00  0.00000000E+00  0.00000000E+00  2.71232998E-02  0.
    31 -1.17999995E+00  0.00000000E+00  0.00000000E+00  0.00000000E+00  2.59359499E-02  0.
    32 -1.15999997E+00  0.00000000E+00  0.00000000E+00  0.00000000E+00  2.47685405E-02  0.
    33 -1.13999999E+00  0.00000000E+00  0.00000000E+00  0.00000000E+00  2.36210586E-02  0.
    34 -1.12000000E+00  0.00000000E+00  0.00000000E+00  0.00000000E+00  2.24935151E-02  0.
    35 -1.10000002E+00  0.00000000E+00  0.00000000E+00  0.00000000E+00  2.13859146E-02  0.
    36 -1.08000004E+00  0.00000000E+00  0.00000000E+00  0.00000000E+00  2.02982596E-02  0.
    37 -1.05999994E+00  0.00000000E+00  0.00000000E+00  0.00000000E+00  1.92305484E-02  0.
    38 -1.03999996E+00  0.00000000E+00  0.00000000E+00  0.00000000E+00  1.81828001E-02  0.
    39 -1.01999998E+00  0.00000000E+00  0.00000000E+00  0.00000000E+00  1.71550127E-02  0.
    40 -1.00000000E+00  0.00000000E+00  0.00000000E+00  0.00000000E+00  1.61471900E-02  0.
    41 -9.80000019E-01  0.00000000E+00  0.00000000E+00  0.00000000E+00  1.51593379E-02  0.
    42 -9.59999979E-01  0.00000000E+00  0.00000000E+00  0.00000000E+00  1.41914589E-02  0.
    43 -9.39999998E-01  0.00000000E+00  0.00000000E+00  0.00000000E+00  1.32435642E-02  0.
    44 -9.20000017E-01  0.00000000E+00  0.00000000E+00  0.00000000E+00  1.23156565E-02  0.
    45 -8.99999976E-01  0.00000000E+00  0.00000000E+00  0.00000000E+00  1.14077403E-02  0.
    46 -8.79999995E-01  0.00000000E+00  0.00000000E+00  0.00000000E+00  1.05198262E-02  0.
    47 -8.60000014E-01  0.00000000E+00  0.00000000E+00  0.00000000E+00  9.65191978E-03  0.
    48 -8.39999974E-01  0.00000000E+00  0.00000000E+00  0.00000000E+00  8.80402533E-03  0.
    49 -8.19999993E-01  0.00000000E+00  0.00000000E+00  0.00000000E+00  7.97615714E-03  0.
    50 -8.00000012E-01  0.00000000E+00  0.00000000E+00  0.00000000E+00  7.16832124E-03  0.
    51 -7.79999971E-01  0.00000000E+00  0.00000000E+00  0.00000000E+00  6.38052722E-03  0.
    52 -7.59999990E-01  0.00000000E+00  0.00000000E+00  0.00000000E+00  5.61279252E-03  0.
    53 -7.40000010E-01  0.00000000E+00  0.00000000E+00  0.00000000E+00  4.86512879E-03  0.
    54 -7.20000029E-01  0.00000000E+00  0.00000000E+00  0.00000000E+00  4.13755338E-03  0.
    55 -6.99999988E-01  0.00000000E+00  0.00000000E+00  0.00000000E+00  3.43008955E-03  0.
    56 -6.80000007E-01  0.00000000E+00  0.00000000E+00  0.00000000E+00  2.74276721E-03  0.
    57 -6.60000026E-01  0.00000000E+00  0.00000000E+00  0.00000000E+00  2.07564417E-03  0.
    58 -6.39999986E-01  0.00000000E+00  0.00000000E+00  0.00000000E+00  1.42873732E-03  0.
    59 -6.20000005E-01  0.00000000E+00  0.00000000E+00  0.00000000E+00  7.95826316E-04  0.
    60 -6.00000024E-01  0.00000000E+00  0.00000000E+00  0.00000000E+00  2.31568766E-04  0.
    61 -5.79999983E-01  1.07716730E+01  0.00000000E+00  9.10770584E-06 -1.02587362E-07  2.
    62 -5.60000002E-01  8.58237399E+00  0.00000000E+00  2.46911201E-05 -8.17368952E-08  2.
    63 -5.40000021E-01  9.28979032E+00  0.00000000E+00  3.86194520E-05 -8.84741935E-08  2.
    64 -5.19999981E-01  9.09659100E+00  0.00000000E+00  5.09560658E-05 -8.66342000E-08  2.
    65 -5.00000000E-01  9.14811141E+00  0.00000000E+00  6.16929260E-05 -8.71248705E-08  2.
    66 -4.79999989E-01  9.13645368E+00  0.00000000E+00  7.09870952E-05 -8.70138446E-08  2.
    67 -4.60000008E-01  9.13889613E+00  0.00000000E+00  7.88145704E-05 -8.70371060E-08  2.
    68 -4.39999998E-01  9.13691191E+00  0.00000000E+00  8.52800833E-05 -8.70182087E-08  2.
    69 -4.19999987E-01  9.14032105E+00  0.00000000E+00  9.04458335E-05 -8.70506767E-08  2.
    70 -4.00000006E-01  9.13810672E+00  0.00000000E+00  9.42877987E-05 -8.70295878E-08  2.
    71 -3.79999995E-01  9.13773829E+00  0.00000000E+00  9.69983130E-05 -8.70260789E-08  2.
    72 -3.60000014E-01  9.14002356E+00  0.00000000E+00  9.85107094E-05 -8.70478435E-08  2.
    73 -3.40000004E-01  9.13970533E+00  0.00000000E+00  9.89742571E-05 -8.70448126E-08  2.
    74 -3.19999993E-01  9.13743539E+00  0.00000000E+00  9.84090310E-05 -8.70231942E-08  2.
    75 -3.00000012E-01  9.13948043E+00  0.00000000E+00  9.68782611E-05 -8.70426707E-08  2.
    76 -2.80000001E-01  9.13990319E+00  0.00000000E+00  9.44883184E-05 -8.70466971E-08  2.
    77 -2.59999990E-01  9.13972749E+00  0.00000000E+00  9.12166421E-05 -8.70450237E-08  2.
    78 -2.39999995E-01  9.13917560E+00  0.00000000E+00  8.71704475E-05 -8.70397676E-08  2.
    79 -2.19999999E-01  9.13833582E+00  0.00000000E+00  8.23747855E-05 -8.70317697E-08  2.
    80 -2.00000003E-01  9.13965168E+00  0.00000000E+00  7.69690859E-05 -8.70443017E-08  2.
    81 -1.80000007E-01  9.13973173E+00  0.00000000E+00  7.09311476E-05 -8.70450641E-08  2.
    82 -1.59999996E-01  9.13983957E+00  0.00000000E+00  6.43695830E-05 -8.70460911E-08  2.
    83 -1.40000001E-01  9.13972646E+00  0.00000000E+00  5.73094092E-05 -8.70450139E-08  2.
    84 -1.19999997E-01  9.13957970E+00  0.00000000E+00  4.98175887E-05 -8.70436162E-08  2.
    85 -1.00000001E-01  9.13942135E+00  0.00000000E+00  4.19951586E-05 -8.70421081E-08  2.
    86 -7.99999982E-02  9.13929129E+00  0.00000000E+00  3.39000073E-05 -8.70408694E-08  2.
    87 -5.99999987E-02  9.13920129E+00  0.00000000E+00  2.55285405E-05 -8.70400123E-08  2.
    88 -3.99999991E-02  9.13915073E+00  0.00000000E+00  1.71775633E-05 -8.70395307E-08  2.
    89 -1.99999996E-02  9.13913457E+00  0.00000000E+00  8.59570159E-06 -8.70393769E-08  2.
    90  0.00000000E+00  9.13914183E+00  0.00000000E+00  2.86743301E-15 -8.70394460E-08  2.
    91  1.99999996E-02  9.13913457E+00  0.00000000E+00  8.59570159E-06 -8.70393769E-08  2.
    92  3.99999991E-02  9.13915073E+00  0.00000000E+00  1.71775633E-05 -8.70395307E-08  2.
    93  5.99999987E-02  9.13920129E+00  0.00000000E+00  2.55285405E-05 -8.70400123E-08  2.
    94  7.99999982E-02  9.13929128E+00  0.00000000E+00  3.39000073E-05 -8.70408694E-08  2.
    95  1.00000001E-01  9.13942135E+00  0.00000000E+00  4.19951586E-05 -8.70421081E-08  2.
    96  1.19999997E-01  9.13957970E+00  0.00000000E+00  4.98175887E-05 -8.70436162E-08  2.
    97  1.40000001E-01  9.13972646E+00  0.00000000E+00  5.73094092E-05 -8.70450139E-08  2.
    98  1.59999996E-01  9.13983957E+00  0.00000000E+00  6.43695830E-05 -8.70460911E-08  2.
    99  1.80000007E-01  9.13973173E+00  0.00000000E+00  7.09311476E-05 -8.70450641E-08  2.
   100  2.00000003E-01  9.13965168E+00  0.00000000E+00  7.69690859E-05 -8.70443017E-08  2.
   101  2.19999999E-01  9.13833582E+00  0.00000000E+00  8.23747855E-05 -8.70317697E-08  2.
   102  2.39999995E-01  9.13917560E+00  0.00000000E+00  8.71704475E-05 -8.70397676E-08  2.
   103  2.59999990E-01  9.13972749E+00  0.00000000E+00  9.12166421E-05 -8.70450237E-08  2.
   104  2.80000001E-01  9.13990319E+00  0.00000000E+00  9.44883184E-05 -8.70466971E-08  2.
   105  3.00000012E-01  9.13948043E+00  0.00000000E+00  9.68782611E-05 -8.70426707E-08  2.
   106  3.19999993E-01  9.13743539E+00  0.00000000E+00  9.84090310E-05 -8.70231942E-08  2.
   107  3.40000004E-01  9.13970532E+00  0.00000000E+00  9.89742571E-05 -8.70448126E-08  2.
   108  3.60000014E-01  9.14002356E+00  0.00000000E+00  9.85107094E-05 -8.70478435E-08  2.
   109  3.79999995E-01  9.13773829E+00  0.00000000E+00  9.69983130E-05 -8.70260789E-08  2.
   110  4.00000006E-01  9.13810672E+00  0.00000000E+00  9.42877987E-05 -8.70295878E-08  2.
   111  4.19999987E-01  9.14032105E+00  0.00000000E+00  9.04458335E-05 -8.70506767E-08  2.
   112  4.39999998E-01  9.13691191E+00  0.00000000E+00  8.52800833E-05 -8.70182087E-08  2.
   113  4.60000008E-01  9.13889613E+00  0.00000000E+00  7.88145704E-05 -8.70371060E-08  2.
   114  4.79999989E-01  9.13645368E+00  0.00000000E+00  7.09870952E-05 -8.70138446E-08  2.
   115  5.00000000E-01  9.14811141E+00  0.00000000E+00  6.16929260E-05 -8.71248705E-08  2.
   116  5.19999981E-01  9.09659100E+00  0.00000000E+00  5.09560658E-05 -8.66342000E-08  2.
   117  5.40000021E-01  9.28979032E+00  0.00000000E+00  3.86194520E-05 -8.84741935E-08  2.
   118  5.60000002E-01  8.58237400E+00  0.00000000E+00  2.46911201E-05 -8.17368952E-08  2.
   119  5.79999983E-01  1.07716730E+01  0.00000000E+00  9.10770584E-06 -1.02587362E-07  2.
   120  6.00000024E-01  0.00000000E+00  0.00000000E+00  0.00000000E+00  2.31568766E-04  0.
   121  6.20000005E-01  0.00000000E+00  0.00000000E+00  0.00000000E+00  7.95826316E-04  0.
   122  6.39999986E-01  0.00000000E+00  0.00000000E+00  0.00000000E+00  1.42873732E-03  0.
   123  6.60000026E-01  0.00000000E+00  0.00000000E+00  0.00000000E+00  2.07564417E-03  0.
   124  6.80000007E-01  0.00000000E+00  0.00000000E+00  0.00000000E+00  2.74276721E-03  0.
   125  6.99999988E-01  0.00000000E+00  0.00000000E+00  0.00000000E+00  3.43008955E-03  0.
   126  7.20000029E-01  0.00000000E+00  0.00000000E+00  0.00000000E+00  4.13755338E-03  0.
   127  7.40000010E-01  0.00000000E+00  0.00000000E+00  0.00000000E+00  4.86512879E-03  0.
   128  7.59999990E-01  0.00000000E+00  0.00000000E+00  0.00000000E+00  5.61279252E-03  0.
   129  7.79999971E-01  0.00000000E+00  0.00000000E+00  0.00000000E+00  6.38052722E-03  0.
   130  8.00000012E-01  0.00000000E+00  0.00000000E+00  0.00000000E+00  7.16832124E-03  0.
   131  8.19999993E-01  0.00000000E+00  0.00000000E+00  0.00000000E+00  7.97615714E-03  0.
   132  8.39999974E-01  0.00000000E+00  0.00000000E+00  0.00000000E+00  8.80402533E-03  0.
   133  8.60000014E-01  0.00000000E+00  0.00000000E+00  0.00000000E+00  9.65191978E-03  0.
   134  8.79999995E-01  0.00000000E+00  0.00000000E+00  0.00000000E+00  1.05198262E-02  0.
   135  8.99999976E-01  0.00000000E+00  0.00000000E+00  0.00000000E+00  1.14077403E-02  0.
   136  9.20000017E-01  0.00000000E+00  0.00000000E+00  0.00000000E+00  1.23156565E-02  0.
   137  9.39999998E-01  0.00000000E+00  0.00000000E+00  0.00000000E+00  1.32435642E-02  0.
   138  9.59999979E-01  0.00000000E+00  0.00000000E+00  0.00000000E+00  1.41914589E-02  0.
   139  9.80000019E-01  0.00000000E+00  0.00000000E+00  0.00000000E+00  1.51593379E-02  0.
   140  1.00000000E+00  0.00000000E+00  0.00000000E+00  0.00000000E+00  1.61471900E-02  0.
   141  1.01999998E+00  0.00000000E+00  0.00000000E+00  0.00000000E+00  1.71550127E-02  0.
   142  1.03999996E+00  0.00000000E+00  0.00000000E+00  0.00000000E+00  1.81828001E-02  0.
   143  1.05999994E+00  0.00000000E+00  0.00000000E+00  0.00000000E+00  1.92305484E-02  0.
   144  1.08000004E+00  0.00000000E+00  0.00000000E+00  0.00000000E+00  2.02982596E-02  0.
   145  1.10000002E+00  0.00000000E+00  0.00000000E+00  0.00000000E+00  2.13859146E-02  0.
   146  1.12000000E+00  0.00000000E+00  0.00000000E+00  0.00000000E+00  2.24935151E-02  0.
   147  1.13999999E+00  0.00000000E+00  0.00000000E+00  0.00000000E+00  2.36210586E-02  0.
   148  1.15999997E+00  0.00000000E+00  0.00000000E+00  0.00000000E+00  2.47685405E-02  0.
   149  1.17999995E+00  0.00000000E+00  0.00000000E+00  0.00000000E+00  2.59359499E-02  0.
   150  1.20000005E+00  0.00000000E+00  0.00000000E+00  0.00000000E+00  2.71232998E-02  0.
   151  1.22000003E+00  0.00000000E+00  0.00000000E+00  0.00000000E+00  2.83305638E-02  0.
   152  1.24000001E+00  0.00000000E+00  0.00000000E+00  0.00000000E+00  2.95577476E-02  0.
   153  1.25999999E+00  0.00000000E+00  0.00000000E+00  0.00000000E+00  3.08048439E-02  0.
   154  1.27999997E+00  0.00000000E+00  0.00000000E+00  0.00000000E+00  3.20718507E-02  0.
   155  1.29999995E+00  0.00000000E+00  0.00000000E+00  0.00000000E+00  3.33587621E-02  0.
   156  1.32000005E+00  0.00000000E+00  0.00000000E+00  0.00000000E+00  3.46655843E-02  0.
   157  1.34000003E+00  0.00000000E+00  0.00000000E+00  0.00000000E+00  3.59922905E-02  0.
   158  1.36000001E+00  0.00000000E+00  0.00000000E+00  0.00000000E+00  3.73388898E-02  0.
   159  1.38000000E+00  0.00000000E+00  0.00000000E+00  0.00000000E+00  3.87053779E-02  0.
   160  1.39999998E+00  0.00000000E+00  0.00000000E+00  0.00000000E+00  4.00917427E-02  0.
   161  1.41999996E+00  0.00000000E+00  0.00000000E+00  0.00000000E+00  4.14979844E-02  0.
   162  1.44000006E+00  0.00000000E+00  0.00000000E+00  0.00000000E+00  4.29241100E-02  0.
   163  1.46000004E+00  0.00000000E+00  0.00000000E+00  0.00000000E+00  4.43700924E-02  0.
   164  1.48000002E+00  0.00000000E+00  0.00000000E+00  0.00000000E+00  4.58359404E-02  0.
   165  1.50000000E+00  0.00000000E+00  0.00000000E+00  0.00000000E+00  4.73216445E-02  0.
   166  1.51999998E+00  0.00000000E+00  0.00000000E+00  0.00000000E+00  4.88271979E-02  0.
   167  1.53999996E+00  0.00000000E+00  0.00000000E+00  0.00000000E+00  5.03526149E-02  0.
   168  1.55999994E+00  0.00000000E+00  0.00000000E+00  0.00000000E+00  5.18978708E-02  0.
   169  1.58000004E+00  0.00000000E+00  0.00000000E+00  0.00000000E+00  5.34629729E-02  0.
   170  1.60000002E+00  0.00000000E+00  0.00000000E+00  0.00000000E+00  5.50479042E-02  0.
   171  1.62000000E+00  0.00000000E+00  0.00000000E+00  0.00000000E+00  5.66526629E-02  0.
   172  1.63999999E+00  0.00000000E+00  0.00000000E+00  0.00000000E+00  5.82772535E-02  0.
   173  1.65999997E+00  0.00000000E+00  0.00000000E+00  0.00000000E+00  5.99216605E-02  0.
   174  1.67999995E+00  0.00000000E+00  0.00000000E+00  0.00000000E+00  6.15858794E-02  0.
   175  1.70000005E+00  0.00000000E+00  0.00000000E+00  0.00000000E+00  6.32699150E-02  0.
   176  1.72000003E+00  0.00000000E+00  0.00000000E+00  0.00000000E+00  6.49737446E-02  0.
   177  1.74000001E+00  0.00000000E+00  0.00000000E+00  0.00000000E+00  6.66973729E-02  0.
   178  1.75999999E+00  0.00000000E+00  0.00000000E+00  0.00000000E+00  6.84407910E-02  0.
   179  1.77999997E+00  0.00000000E+00  0.00000000E+00  0.00000000E+00  7.02039928E-02  0.
STEP   7 TIME  5.00200000E+03
     1 -1.77999997E+00  0.00000000E+00  0.00000000E+00  0.00000000E+00  6.88049051E-02  0.
     2 -1.75999999E+00  0.00000000E+00  0.00000000E+00  0.00000000E+00  6.70415833E-02  0.
     3 -1.74000001E+00  0.00000000E+00  0.00000000E+00  0.00000000E+00  6.52980470E-02  0.
     4 -1.72000003E+00  0.00000000E+00  0.00000000E+00  0.00000000E+00  6.35743017E-02  0.
     5 -1.70000005E+00  0.00000000E+00  0.00000000E+00  0.00000000E+00  6.18703571E-02  0.
     6 -1.67999995E+00  0.00000000E+00  0.00000000E+00  0.00000000E+00  6.01862080E-02  0.
     7 -1.65999997E+00  0.00000000E+00  0.00000000E+00  0.00000000E+00  5.85218771E-02  0.
     8 -1.63999999E+00  0.00000000E+00  0.00000000E+00  0.00000000E+00  5.68773597E-02  0.
     9 -1.62000000E+00  0.00000000E+00  0.00000000E+00  0.00000000E+00  5.52526645E-02  0.
    10 -1.60000002E+00  0.00000000E+00  0.00000000E+00  0.00000000E+00  5.36477992E-02  0.
    11 -1.58000004E+00  0.00000000E+00  0.00000000E+00  0.00000000E+00  5.20627638E-02  0.
    12 -1.55999994E+00  0.00000000E+00  0.00000000E+00  0.00000000E+00  5.04975632E-02  0.
    13 -1.53999996E+00  0.00000000E+00  0.00000000E+00  0.00000000E+00  4.89521937E-02  0.
    14 -1.51999998E+00  0.00000000E+00  0.00000000E+00  0.00000000E+00  4.74266942E-02  0.
    15 -1.50000000E+00  0.00000000E+00  0.00000000E+00  0.00000000E+00  4.59210374E-02  0.
    16 -1.48000002E+00  0.00000000E+00  0.00000000E+00  0.00000000E+00  4.44352361E-02  0.
    17 -1.46000004E+00  0.00000000E+00  0.00000000E+00  0.00000000E+00  4.29692927E-02  0.
    18 -1.44000006E+00  0.00000000E+00  0.00000000E+00  0.00000000E+00  4.15232166E-02  0.
    19 -1.41999996E+00  0.00000000E+00  0.00000000E+00  0.00000000E+00  4.00969992E-02  0.
    20 -1.39999998E+00  0.00000000E+00  0.00000000E+00  0.00000000E+00  3.86906668E-02  0.
    21 -1.38000000E+00  0.00000000E+00  0.00000000E+00  0.00000000E+00  3.73042136E-02  0.
    22 -1.36000001E+00  0.00000000E+00  0.00000000E+00  0.00000000E+00  3.59376395E-02  0.
    23 -1.34000003E+00  0.00000000E+00  0.00000000E+00  0.00000000E+00  3.45909560E-02  0.
    24 -1.32000005E+00  0.00000000E+00  0.00000000E+00  0.00000000E+00  3.32641674E-02  0.
    25 -1.29999995E+00  0.00000000E+00  0.00000000E+00  0.00000000E+00  3.19572658E-02  0.
    26 -1.27999997E+00  0.00000000E+00  0.00000000E+00  0.00000000E+00  3.06702762E-02  0.
    27 -1.25999999E+00  0.00000000E+00  0.00000000E+00  0.00000000E+00  2.94031933E-02  0.
    28 -1.24000001E+00  0.00000000E+00  0.00000000E+00  0.00000000E+00  2.81560231E-02  0.
    29 -1.22000003E+00  0.00000000E+00  0.00000000E+00  0.00000000E+00  2.69287678E-02  0.
    30 -1.20000005E+00  0.00000000E+00  0.00000000E+00  0.00000000E+00  2.57214345E-02  0.
    31 -1.17999995E+00  0.00000000E+00  0.00000000E+00  0.00000000E+00  2.45340201E-02  0.
    32 -1.15999997E+00  0.00000000E+00  0.00000000E+00  0.00000000E+00  2.33665457E-02  0.
    33 -1.13999999E+00  0.00000000E+00  0.00000000E+00  0.00000000E+00  2.22190023E-02  0.
    34 -1.12000000E+00  0.00000000E+00  0.00000000E+00  0.00000000E+00  2.10914009E-02  0.
    35 -1.10000002E+00  0.00000000E+00  0.00000000E+00  0.00000000E+00  1.99837449E-02  0.
    36 -1.08000004E+00  0.00000000E+00  0.00000000E+00  0.00000000E+00  1.88960365E-02  0.
    37 -1.05999994E+00  0.00000000E+00  0.00000000E+00  0.00000000E+00  1.78282763E-02  0.
    38 -1.03999996E+00  0.00000000E+00  0.00000000E+00  0.00000000E+00  1.67804824E-02  0.
    39 -1.01999998E+00  0.00000000E+00  0.00000000E+00  0.00000000E+00  1.57526525E-02  0.
    40 -1.00000000E+00  0.00000000E+00  0.00000000E+00  0.00000000E+00  1.47447914E-02  0.
    41 -9.80000019E-01  0.00000000E+00  0.00000000E+00  0.00000000E+00  1.37569052E-02  0.
    42 -9.59999979E-01  0.00000000E+00  0.00000000E+00  0.00000000E+00  1.27889971E-02  0.
    43 -9.39999998E-01  0.00000000E+00  0.00000000E+00  0.00000000E+00  1.18410786E-02  0.
    44 -9.20000017E-01  0.00000000E+00  0.00000000E+00  0.00000000E+00  1.09131531E-02  0.
    45 -8.99999976E-01  0.00000000E+00  0.00000000E+00  0.00000000E+00  1.00052258E-02  0.
    46 -8.79999995E-01  0.00000000E+00  0.00000000E+00  0.00000000E+00  9.11730835E-03  0.
    47 -8.60000014E-01  0.00000000E+00  0.00000000E+00  0.00000000E+00  8.24940734E-03  0.
    48 -8.39999974E-01  0.00000000E+00  0.00000000E+00  0.00000000E+00  7.40152863E-03  0.
    49 -8.19999993E-01  0.00000000E+00  0.00000000E+00  0.00000000E+00  6.57368843E-03  0.
    50 -8.00000012E-01  0.00000000E+00  0.00000000E+00  0.00000000E+00  5.76589635E-03  0.
    51 -7.79999971E-01  0.00000000E+00  0.00000000E+00  0.00000000E+00  4.97816462E-03  0.
    52 -7.59999990E-01  0.00000000E+00  0.00000000E+00  0.00000000E+00  4.21051321E-03  0.
    53 -7.40000010E-01  0.00000000E+00  0.00000000E+00  0.00000000E+00  3.46296499E-03  0.
    54 -7.20000029E-01  0.00000000E+00  0.00000000E+00  0.00000000E+00  2.73554293E-03  0.
    55 -6.99999988E-01  0.00000000E+00  0.00000000E+00  0.00000000E+00  2.02830239E-03  0.
    56 -6.80000007E-01  0.00000000E+00  0.00000000E+00  0.00000000E+00  1.34126488E-03  0.
    57 -6.60000026E-01  0.00000000E+00  0.00000000E+00  0.00000000E+00  6.63872705E-04  0.
    58 -6.39999986E-01  0.00000000E+00  0.00000000E+00  0.00000000E+00  9.50144993E-05  0.
    59 -6.20000005E-01  1.01644713E+01  0.00000000E+00  1.59512217E-05 -9.68044889E-08  2.
    60 -6.00000024E-01  8.00935134E+00  0.00000000E+00  3.37172268E-05 -7.62795365E-08  2.
    61 -5.79999983E-01  8.71695252E+00  0.00000000E+00  4.96916578E-05 -8.30185954E-08  2.
    62 -5.60000002E-01  8.51033778E+00  0.00000000E+00  6.39336996E-05 -8.10508360E-08  2.
    63 -5.40000021E-01  8.57254472E+00  0.00000000E+00  7.64933521E-05 -8.16432830E-08  2.
    64 -5.19999981E-01  8.55483970E+00  0.00000000E+00  8.74389479E-05 -8.14746638E-08  2.
    65 -5.00000000E-01  8.55808312E+00  0.00000000E+00  9.67905729E-05 -8.15055535E-08  2.
    66 -4.79999989E-01  8.56074178E+00  0.00000000E+00  1.04696253E-04 -8.15308741E-08  2.
    67 -4.60000008E-01  8.55690919E+00  0.00000000E+00  1.11131949E-04 -8.14943733E-08  2.
    68 -4.39999998E-01  8.55960196E+00  0.00000000E+00  1.16203466E-04 -8.15200187E-08  2.
    69 -4.19999987E-01  8.56066569E+00  0.00000000E+00  1.19973447E-04 -8.15301494E-08  2.
    70 -4.00000006E-01  8.55728412E+00  0.00000000E+00  1.22418456E-04 -8.14979440E-08  2.
    71 -3.79999995E-01  8.56002842E+00  0.00000000E+00  1.23731369E-04 -8.15240802E-08  2.
    72 -3.60000014E-01  8.56050093E+00  0.00000000E+00  1.23846164E-04 -8.15285803E-08  2.
    73 -3.40000004E-01  8.55937142E+00  0.00000000E+00  1.22914767E-04 -8.15178230E-08  2.
    74 -3.19999993E-01  8.55849604E+00  0.00000000E+00  1.20958136E-04 -8.15094861E-08  2.
    75 -3.00000012E-01  8.56063412E+00  0.00000000E+00  1.18030440E-04 -8.15298488E-08  2.
    76 -2.80000001E-01  8.56040161E+00  0.00000000E+00  1.14235495E-04 -8.15276344E-08  2.
    77 -2.59999990E-01  8.56016866E+00  0.00000000E+00  1.09555078E-04 -8.15254158E-08  2.
    78 -2.39999995E-01  8.55870284E+00  0.00000000E+00  1.04095976E-04 -8.15114556E-08  2.
    79 -2.19999999E-01  8.56006779E+00  0.00000000E+00  9.78821536E-05 -8.15244551E-08  2.
    80 -2.00000003E-01  8.56033054E+00  0.00000000E+00  9.10599118E-05 -8.15269575E-08  2.
    81 -1.80000007E-01  8.56045680E+00  0.00000000E+00  8.36106378E-05 -8.15281600E-08  2.
    82 -1.59999996E-01  8.56034104E+00  0.00000000E+00  7.56388896E-05 -8.15270575E-08  2.
    83 -1.40000001E-01  8.56014695E+00  0.00000000E+00  6.71692276E-05 -8.15252090E-08  2.
    84 -1.19999997E-01  8.55992914E+00  0.00000000E+00  5.82683651E-05 -8.15231347E-08  2.
    85 -1.00000001E-01  8.55975564E+00  0.00000000E+00  4.90371684E-05 -8.15214823E-08  2.
    86 -7.99999982E-02  8.55960280E+00  0.00000000E+00  3.95334398E-05 -8.15200267E-08  2.
    87 -5.99999987E-02  8.55980123E+00  0.00000000E+00  2.97535216E-05 -8.15219164E-08  2.
    88 -3.99999991E-02  8.55981116E+00  0.00000000E+00  1.99941774E-05 -8.15220110E-08  2.
    89 -1.99999996E-02  8.55982675E+00  0.00000000E+00  1.00039980E-05 -8.15221596E-08  2.
    90  0.00000000E+00  8.55972484E+00  0.00000000E+00  4.33317343E-15 -8.15211889E-08  2.
    91  1.99999996E-02  8.55982675E+00  0.00000000E+00  1.00039980E-05 -8.15221596E-08  2.
    92  3.99999991E-02  8.55981116E+00  0.00000000E+00  1.99941774E-05 -8.15220110E-08  2.
    93  5.99999987E-02  8.55980123E+00  0.00000000E+00  2.97535216E-05 -8.15219164E-08  2.
    94  7.99999982E-02  8.55960280E+00  0.00000000E+00  3.95334398E-05 -8.15200267E-08  2.
    95  1.00000001E-01  8.55975564E+00  0.00000000E+00  4.90371684E-05 -8.15214823E-08  2.
    96  1.19999997E-01  8.55992914E+00  0.00000000E+00  5.82683651E-05 -8.15231347E-08  2.
    97  1.40000001E-01  8.56014695E+00  0.00000000E+00  6.71692276E-05 -8.15252090E-08  2.
    98  1.59999996E-01  8.56034104E+00  0.00000000E+00  7.56388896E-05 -8.15270575E-08  2.
    99  1.80000007E-01  8.56045680E+00  0.00000000E+00  8.36106378E-05 -8.15281600E-08  2.
   100  2.00000003E-01  8.56033054E+00  0.00000000E+00  9.10599118E-05 -8.15269575E-08  2.
   101  2.19999999E-01  8.56006779E+00  0.00000000E+00  9.78821536E-05 -8.15244551E-08  2.
   102  2.39999995E-01  8.55870284E+00  0.00000000E+00  1.04095976E-04 -8.15114556E-08  2.
   103  2.59999990E-01  8.56016866E+00  0.00000000E+00  1.09555078E-04 -8.15254158E-08  2.
   104  2.80000001E-01  8.56040161E+00  0.00000000E+00  1.14235495E-04 -8.15276344E-08  2.
   105  3.00000012E-01  8.56063413E+00  0.00000000E+00  1.18030440E-04 -8.15298488E-08  2.
   106  3.19999993E-01  8.55849604E+00  0.00000000E+00  1.20958136E-04 -8.15094861E-08  2.
   107  3.40000004E-01  8.55937142E+00  0.00000000E+00  1.22914767E-04 -8.15178230E-08  2.
   108  3.60000014E-01  8.56050093E+00  0.00000000E+00  1.23846164E-04 -8.15285803E-08  2.
   109  3.79999995E-01  8.56002842E+00  0.00000000E+00  1.23731369E-04 -8.15240802E-08  2.
   110  4.00000006E-01  8.55728412E+00  0.00000000E+00  1.22418456E-04 -8.14979440E-08  2.
   111  4.19999987E-01  8.56066569E+00  0.00000000E+00  1.19973447E-04 -8.15301494E-08  2.
   112  4.39999998E-01  8.55960196E+00  0.00000000E+00  1.16203466E-04 -8.15200187E-08  2.
   113  4.60000008E-01  8.55690919E+00  0.00000000E+00  1.11131949E-04 -8.14943733E-08  2.
   114  4.79999989E-01  8.56074178E+00  0.00000000E+00  1.04696253E-04 -8.15308741E-08  2.
   115  5.00000000E-01  8.55808312E+00  0.00000000E+00  9.67905729E-05 -8.15055535E-08  2.
   116  5.19999981E-01  8.55483970E+00  0.00000000E+00  8.74389479E-05 -8.14746638E-08  2.
   117  5.40000021E-01  8.57254472E+00  0.00000000E+00  7.64933521E-05 -8.16432830E-08  2.
   118  5.60000002E-01  8.51033778E+00  0.00000000E+00  6.39336996E-05 -8.10508360E-08  2.
   119  5.79999983E-01  8.71695252E+00  0.00000000E+00  4.96916578E-05 -8.30185954E-08  2.
   120  6.00000024E-01  8.00935134E+00  0.00000000E+00  3.37172268E-05 -7.62795365E-08  2.
   121  6.20000005E-01  1.01644713E+01  0.00000000E+00  1.59512217E-05 -9.68044890E-08  2.
   122  6.39999986E-01  0.00000000E+00  0.00000000E+00  0.00000000E+00  9.50144993E-05  0.
   123  6.60000026E-01  0.00000000E+00  0.00000000E+00  0.00000000E+00  6.63872705E-04  0.
   124  6.80000007E-01  0.00000000E+00  0.00000000E+00  0.00000000E+00  1.34126488E-03  0.
   125  6.99999988E-01  0.00000000E+00  0.00000000E+00  0.00000000E+00  2.02830239E-03  0.
   126  7.20000029E-01  0.00000000E+00  0.00000000E+00  0.00000000E+00  2.73554293E-03  0.
   127  7.40000010E-01  0.00000000E+00  0.00000000E+00  0.00000000E+00  3.46296499E-03  0.
   128  7.59999990E-01  0.00000000E+00  0.00000000E+00  0.00000000E+00  4.21051321E-03  0.
   129  7.79999971E-01  0.00000000E+00  0.00000000E+00  0.00000000E+00  4.97816462E-03  0.
   130  8.00000012E-01  0.00000000E+00  0.00000000E+00  0.00000000E+00  5.76589635E-03  0.
   131  8.19999993E-01  0.00000000E+00  0.00000000E+00  0.00000000E+00  6.57368843E-03  0.
   132  8.39999974E-01  0.00000000E+00  0.00000000E+00  0.00000000E+00  7.40152863E-03  0.
   133  8.60000014E-01  0.00000000E+00  0.00000000E+00  0.00000000E+00  8.24940734E-03  0.
   134  8.79999995E-01  0.00000000E+00  0.00000000E+00  0.00000000E+00  9.11730835E-03  0.
   135  8.99999976E-01  0.00000000E+00  0.00000000E+00  0.00000000E+00  1.00052258E-02  0.
   136  9.20000017E-01  0.00000000E+00  0.00000000E+00  0.00000000E+00  1.09131531E-02  0.
   137  9.39999998E-01  0.00000000E+00  0.00000000E+00  0.00000000E+00  1.18410786E-02  0.
   138  9.59999979E-01  0.00000000E+00  0.00000000E+00  0.00000000E+00  1.27889971E-02  0.
   139  9.80000019E-01  0.00000000E+00  0.00000000E+00  0.00000000E+00  1.37569052E-02  0.
   140  1.00000000E+00  0.00000000E+00  0.00000000E+00  0.00000000E+00  1.47447914E-02  0.
   141  1.01999998E+00  0.00000000E+00  0.00000000E+00  0.00000000E+00  1.57526525E-02  0.
   142  1.03999996E+00  0.00000000E+00  0.00000000E+00  0.00000000E+00  1.67804824E-02  0.
   143  1.05999994E+00  0.00000000E+00  0.00000000E+00  0.00000000E+00  1.78282763E-02  0.
   144  1.08000004E+00  0.00000000E+00  0.00000000E+00  0.00000000E+00  1.88960365E-02  0.
   145  1.10000002E+00  0.00000000E+00  0.00000000E+00  0.00000000E+00  1.99837449E-02  0.
   146  1.12000000E+00  0.00000000E+00  0.00000000E+00  0.00000000E+00  2.10914009E-02  0.
   147  1.13999999E+00  0.00000000E+00  0.00000000E+00  0.00000000E+00  2.22190023E-02  0.
   148  1.15999997E+00  0.00000000E+00  0.00000000E+00  0.00000000E+00  2.33665457E-02  0.
   149  1.17999995E+00  0.00000000E+00  0.00000000E+00  0.00000000E+00  2.45340201E-02  0.
   150  1.20000005E+00  0.00000000E+00  0.00000000E+00  0.00000000E+00  2.57214345E-02  0.
   151  1.22000003E+00  0.00000000E+00  0.00000000E+00  0.00000000E+00  2.69287678E-02  0.
   152  1.24000001E+00  0.00000000E+00  0.00000000E+00  0.00000000E+00  2.81560231E-02  0.
   153  1.25999999E+00  0.00000000E+00  0.00000000E+00  0.00000000E+00  2.94031933E-02  0.
   154  1.27999997E+00  0.00000000E+00  0.00000000E+00  0.00000000E+00  3.06702762E-02  0.
   155  1.29999995E+00  0.00000000E+00  0.00000000E+00  0.00000000E+00  3.19572658E-02  0.
   156  1.32000005E+00  0.00000000E+00  0.00000000E+00  0.00000000E+00  3.32641674E-02  0.
   157  1.34000003E+00  0.00000000E+00  0.00000000E+00  0.00000000E+00  3.45909560E-02  0.
   158  1.36000001E+00  0.00000000E+00  0.00000000E+00  0.00000000E+00  3.59376395E-02  0.
   159  1.38000000E+00  0.00000000E+00  0.00000000E+00  0.00000000E+00  3.73042136E-02  0.
   160  1.39999998E+00  0.00000000E+00  0.00000000E+00  0.00000000E+00  3.86906668E-02  0.
   161  1.41999996E+00  0.00000000E+00  0.00000000E+00  0.00000000E+00  4.00969992E-02  0.
   162  1.44000006E+00  0.00000000E+00  0.00000000E+00  0.00000000E+00  4.15232166E-02  0.
   163  1.46000004E+00  0.00000000E+00  0.00000000E+00  0.00000000E+00  4.29692927E-02  0.
   164  1.48000002E+00  0.00000000E+00  0.00000000E+00  0.00000000E+00  4.44352361E-02  0.
   165  1.50000000E+00  0.00000000E+00  0.00000000E+00  0.00000000E+00  4.59210374E-02  0.
   166  1.51999998E+00  0.00000000E+00  0.00000000E+00  0.00000000E+00  4.74266942E-02  0.
   167  1.53999996E+00  0.00000000E+00  0.00000000E+00  0.00000000E+00  4.89521947E-02  0.
   168  1.55999994E+00  0.00000000E+00  0.00000000E+00  0.00000000E+00  5.04975629E-02  0.
   169  1.58000004E+00  0.00000000E+00  0.00000000E+00  0.00000000E+00  5.20627638E-02  0.
   170  1.60000002E+00  0.00000000E+00  0.00000000E+00  0.00000000E+00  5.36477992E-02  0.
   171  1.62000000E+00  0.00000000E+00  0.00000000E+00  0.00000000E+00  5.52526645E-02  0.
   172  1.63999999E+00  0.00000000E+00  0.00000000E+00  0.00000000E+00  5.68773597E-02  0.
   173  1.65999997E+00  0.00000000E+00  0.00000000E+00  0.00000000E+00  5.85218771E-02  0.
   174  1.67999995E+00  0.00000000E+00  0.00000000E+00  0.00000000E+00  6.01862080E-02  0.
   175  1.70000005E+00  0.00000000E+00  0.00000000E+00  0.00000000E+00  6.18703571E-02  0.
   176  1.72000003E+00  0.00000000E+00  0.00000000E+00  0.00000000E+00  6.35743017E-02  0.
   177  1.74000001E+00  0.00000000E+00  0.00000000E+00  0.00000000E+00  6.52980470E-02  0.
   178  1.75999999E+00  0.00000000E+00  0.00000000E+00  0.00000000E+00  6.70415833E-02  0.
   179  1.77999997E+00  0.00000000E+00  0.00000000E+00  0.00000000E+00  6.88049051E-02  0.
STEP   8 TIME  6.00200000E+03
     1 -1.77999997E+00  0.00000000E+00  0.00000000E+00  0.00000000E+00  6.74973929E-02  0.
     2 -1.75999999E+00  0.00000000E+00  0.00000000E+00  0.00000000E+00  6.57339597E-02  0.
     3 -1.74000001E+00  0.00000000E+00  0.00000000E+00  0.00000000E+00  6.39903134E-02  0.
     4 -1.72000003E+00  0.00000000E+00  0.00000000E+00  0.00000000E+00  6.22664596E-02  0.
     5 -1.70000005E+00  0.00000000E+00  0.00000000E+00  0.00000000E+00  6.05624080E-02  0.
     6 -1.67999995E+00  0.00000000E+00  0.00000000E+00  0.00000000E+00  5.88781537E-02  0.
     7 -1.65999997E+00  0.00000000E+00  0.00000000E+00  0.00000000E+00  5.72137190E-02  0.
     8 -1.63999999E+00  0.00000000E+00  0.00000000E+00  0.00000000E+00  5.55691026E-02  0.
     9 -1.62000000E+00  0.00000000E+00  0.00000000E+00  0.00000000E+00  5.39443078E-02  0.
    10 -1.60000002E+00  0.00000000E+00  0.00000000E+00  0.00000000E+00  5.23393442E-02  0.
    11 -1.58000004E+00  0.00000000E+00  0.00000000E+00  0.00000000E+00  5.07542169E-02  0.
    12 -1.55999994E+00  0.00000000E+00  0.00000000E+00  0.00000000E+00  4.91889062E-02  0.
    13 -1.53999996E+00  0.00000000E+00  0.00000000E+00  0.00000000E+00  4.76434631E-02  0.
    14 -1.51999998E+00  0.00000000E+00  0.00000000E+00  0.00000000E+00  4.61178651E-02  0.
    15 -1.50000000E+00  0.00000000E+00  0.00000000E+00  0.00000000E+00  4.46121170E-02  0.
    16 -1.48000002E+00  0.00000000E+00  0.00000000E+00  0.00000000E+00  4.31262261E-02  0.
    17 -1.46000004E+00  0.00000000E+00  0.00000000E+00  0.00000000E+00  4.16601948E-02  0.
    18 -1.44000006E+00  0.00000000E+00  0.00000000E+00  0.00000000E+00  4.02140325E-02  0.
    19 -1.41999996E+00  0.00000000E+00  0.00000000E+00  0.00000000E+00  3.87877307E-02  0.
    20 -1.39999998E+00  0.00000000E+00  0.00000000E+00  0.00000000E+00  3.73813151E-02  0.
    21 -1.38000000E+00  0.00000000E+00  0.00000000E+00  0.00000000E+00  3.59947811E-02  0.
    22 -1.36000001E+00  0.00000000E+00  0.00000000E+00  0.00000000E+00  3.46281283E-02  0.
    23 -1.34000003E+00  0.00000000E+00  0.00000000E+00  0.00000000E+00  3.32813673E-02  0.
    24 -1.32000005E+00  0.00000000E+00  0.00000000E+00  0.00000000E+00  3.19545046E-02  0.
    25 -1.29999995E+00  0.00000000E+00  0.00000000E+00  0.00000000E+00  3.06475302E-02  0.
    26 -1.27999997E+00  0.00000000E+00  0.00000000E+00  0.00000000E+00  2.93604697E-02  0.
    27 -1.25999999E+00  0.00000000E+00  0.00000000E+00  0.00000000E+00  2.80933181E-02  0.
    28 -1.24000001E+00  0.00000000E+00  0.00000000E+00  0.00000000E+00  2.68460814E-02  0.
    29 -1.22000003E+00  0.00000000E+00  0.00000000E+00  0.00000000E+00  2.56187619E-02  0.
    30 -1.20000005E+00  0.00000000E+00  0.00000000E+00  0.00000000E+00  2.44113686E-02  0.
    31 -1.17999995E+00  0.00000000E+00  0.00000000E+00  0.00000000E+00  2.32238949E-02  0.
    32 -1.15999997E+00  0.00000000E+00  0.00000000E+00  0.00000000E+00  2.20563637E-02  0.
    33 -1.13999999E+00  0.00000000E+00  0.00000000E+00  0.00000000E+00  2.09087675E-02  0.
    34 -1.12000000E+00  0.00000000E+00  0.00000000E+00  0.00000000E+00  1.97811158E-02  0.
    35 -1.10000002E+00  0.00000000E+00  0.00000000E+00  0.00000000E+00  1.86734114E-02  0.
    36 -1.08000004E+00  0.00000000E+00  0.00000000E+00  0.00000000E+00  1.75856592E-02  0.
    37 -1.05999994E+00  0.00000000E+00  0.00000000E+00  0.00000000E+00  1.65178588E-02  0.
    38 -1.03999996E+00  0.00000000E+00  0.00000000E+00  0.00000000E+00  1.54700277E-02  0.
    39 -1.01999998E+00  0.00000000E+00  0.00000000E+00  0.00000000E+00  1.44421649E-02  0.
    40 -1.00000000E+00  0.00000000E+00  0.00000000E+00  0.00000000E+00  1.34342755E-02  0.
    41 -9.80000019E-01  0.00000000E+00  0.00000000E+00  0.00000000E+00  1.24463662E-02  0.
    42 -9.59999979E-01  0.00000000E+00  0.00000000E+00  0.00000000E+00  1.14784407E-02  0.
    43 -9.39999998E-01  0.00000000E+00  0.00000000E+00  0.00000000E+00  1.05305112E-02  0.
    44 -9.20000017E-01  0.00000000E+00  0.00000000E+00  0.00000000E+00  9.60258197E-03  0.
    45 -8.99999976E-01  0.00000000E+00  0.00000000E+00  0.00000000E+00  8.69465937E-03  0.
    46 -8.79999995E-01  0.00000000E+00  0.00000000E+00  0.00000000E+00  7.80675647E-03  0.
    47 -8.60000014E-01  0.00000000E+00  0.00000000E+00  0.00000000E+00  6.93888169E-03  0.
    48 -8.39999974E-01  0.00000000E+00  0.00000000E+00  0.00000000E+00  6.09104324E-03  0.
    49 -8.19999993E-01  0.00000000E+00  0.00000000E+00  0.00000000E+00  5.26326256E-03  0.
    50 -8.00000012E-01  0.00000000E+00  0.00000000E+00  0.00000000E+00  4.45554991E-03  0.
    51 -7.79999971E-01  0.00000000E+00  0.00000000E+00  0.00000000E+00  3.66792721E-03  0.
    52 -7.59999990E-01  0.00000000E+00  0.00000000E+00  0.00000000E+00  2.90042101E-03  0.
    53 -7.40000010E-01  0.00000000E+00  0.00000000E+00  0.00000000E+00  2.15308411E-03  0.
    54 -7.20000029E-01  0.00000000E+00  0.00000000E+00  0.00000000E+00  1.42593159E-03  0.
    55 -6.99999988E-01  0.00000000E+00  0.00000000E+00  0.00000000E+00  7.07750377E-04  0.
    56 -6.80000007E-01  0.00000000E+00  0.00000000E+00  0.00000000E+00  1.03302596E-04  0.
    57 -6.60000026E-01  9.56163039E+00  0.00000000E+00  1.79702260E-05 -9.10631466E-08  2.
    58 -6.39999986E-01  7.52985356E+00  0.00000000E+00  3.81965334E-05 -7.17128911E-08  2.
    59 -6.20000005E-01  8.20129112E+00  0.00000000E+00  5.65478432E-05 -7.81075345E-08  2.
    60 -6.00000024E-01  8.00263739E+00  0.00000000E+00  7.30380340E-05 -7.62155942E-08  2.
    61 -5.79999983E-01  8.06520867E+00  0.00000000E+00  8.77233326E-05 -7.68115111E-08  2.
    62 -5.60000002E-01  8.04311702E+00  0.00000000E+00  1.00668713E-04 -7.66011145E-08  2.
    63 -5.40000021E-01  8.05283241E+00  0.00000000E+00  1.11933177E-04 -7.66936420E-08  2.
    64 -5.19999981E-01  8.04895889E+00  0.00000000E+00  1.21580016E-04 -7.66567513E-08  2.
    65 -5.00000000E-01  8.04911302E+00  0.00000000E+00  1.29630287E-04 -7.66582193E-08  2.
    66 -4.79999989E-01  8.05252420E+00  0.00000000E+00  1.36232797E-04 -7.66907067E-08  2.
    67 -4.60000008E-01  8.04762041E+00  0.00000000E+00  1.41364058E-04 -7.66440039E-08  2.
    68 -4.39999998E-01  8.05180276E+00  0.00000000E+00  1.45130618E-04 -7.66838358E-08  2.
    69 -4.19999987E-01  8.05176315E+00  0.00000000E+00  1.47595915E-04 -7.66834586E-08  2.
    70 -4.00000006E-01  8.04844992E+00  0.00000000E+00  1.48743616E-04 -7.66519040E-08  2.
    71 -3.79999995E-01  8.05179521E+00  0.00000000E+00  1.48756599E-04 -7.66837639E-08  2.
    72 -3.60000014E-01  8.05188063E+00  0.00000000E+00  1.47558481E-04 -7.66845775E-08  2.
    73 -3.40000004E-01  8.05005049E+00  0.00000000E+00  1.45306773E-04 -7.66671475E-08  2.
    74 -3.19999993E-01  8.05043423E+00  0.00000000E+00  1.42023010E-04 -7.66708021E-08  2.
    75 -3.00000012E-01  8.05194481E+00  0.00000000E+00  1.37770836E-04 -7.66851887E-08  2.
    76 -2.80000001E-01  8.05168738E+00  0.00000000E+00  1.32657405E-04 -7.66827369E-08  2.
    77 -2.59999990E-01  8.05113207E+00  0.00000000E+00  1.26659614E-04 -7.66774483E-08  2.
    78 -2.39999995E-01  8.05008302E+00  0.00000000E+00  1.19883775E-04 -7.66674573E-08  2.
    79 -2.19999999E-01  8.05153726E+00  0.00000000E+00  1.12353767E-04 -7.66813072E-08  2.
    80 -2.00000003E-01  8.05163717E+00  0.00000000E+00  1.04215594E-04 -7.66822587E-08  2.
    81 -1.80000007E-01  8.05170114E+00  0.00000000E+00  9.54505514E-05 -7.66828680E-08  2.
    82 -1.59999996E-01  8.05151342E+00  0.00000000E+00  8.61631374E-05 -7.66810801E-08  2.
    83 -1.40000001E-01  8.05127376E+00  0.00000000E+00  7.63778746E-05 -7.66787977E-08  2.
    84 -1.19999997E-01  8.05105549E+00  0.00000000E+00  6.61614558E-05 -7.66767190E-08  2.
    85 -1.00000001E-01  8.05078561E+00  0.00000000E+00  5.56147220E-05 -7.66741486E-08  2.
    86 -7.99999982E-02  8.05100046E+00  0.00000000E+00  4.47954735E-05 -7.66761949E-08  2.
    87 -5.99999987E-02  8.05106913E+00  0.00000000E+00  3.37000440E-05 -7.66768489E-08  2.
    88 -3.99999991E-02  8.05107485E+00  0.00000000E+00  2.26251914E-05 -7.66769034E-08  2.
    89 -1.99999996E-02  8.05106953E+00  0.00000000E+00  1.13195054E-05 -7.66768527E-08  2.
    90  0.00000000E+00  8.05094604E+00  0.00000000E+00  5.96020904E-15 -7.66756766E-08  2.
    91  1.99999996E-02  8.05106953E+00  0.00000000E+00  1.13195054E-05 -7.66768527E-08  2.
    92  3.99999991E-02  8.05107485E+00  0.00000000E+00  2.26251914E-05 -7.66769034E-08  2.
    93  5.99999987E-02  8.05106913E+00  0.00000000E+00  3.37000440E-05 -7.66768489E-08  2.
    94  7.99999982E-02  8.05100046E+00  0.00000000E+00  4.47954735E-05 -7.66761949E-08  2.
    95  1.00000001E-01  8.05078561E+00  0.00000000E+00  5.56147220E-05 -7.66741486E-08  2.
    96  1.19999997E-01  8.05105549E+00  0.00000000E+00  6.61614558E-05 -7.66767190E-08  2.
    97  1.40000001E-01  8.05127376E+00  0.00000000E+00  7.63778746E-05 -7.66787977E-08  2.
    98  1.59999996E-01  8.05151342E+00  0.00000000E+00  8.61631374E-05 -7.66810801E-08  2.
    99  1.80000007E-01  8.05170114E+00  0.00000000E+00  9.54505514E-05 -7.66828680E-08  2.
   100  2.00000003E-01  8.05163717E+00  0.00000000E+00  1.04215594E-04 -7.66822587E-08  2.
   101  2.19999999E-01  8.05153726E+00  0.00000000E+00  1.12353767E-04 -7.66813072E-08  2.
   102  2.39999995E-01  8.05008302E+00  0.00000000E+00  1.19883775E-04 -7.66674573E-08  2.
   103  2.59999990E-01  8.05113207E+00  0.00000000E+00  1.26659614E-04 -7.66774483E-08  2.
   104  2.80000001E-01  8.05168738E+00  0.00000000E+00  1.32657405E-04 -7.66827369E-08  2.
   105  3.00000012E-01  8.05194481E+00  0.00000000E+00  1.37770836E-04 -7.66851887E-08  2.
   106  3.19999993E-01  8.05043422E+00  0.00000000E+00  1.42023010E-04 -7.66708021E-08  2.
   107  3.40000004E-01  8.05005049E+00  0.00000000E+00  1.45306773E-04 -7.66671475E-08  2.
   108  3.60000014E-01  8.05188063E+00  0.00000000E+00  1.47558481E-04 -7.66845775E-08  2.
   109  3.79999995E-01  8.05179521E+00  0.00000000E+00  1.48756599E-04 -7.66837639E-08  2.
   110  4.00000006E-01  8.04844991E+00  0.00000000E+00  1.48743616E-04 -7.66519040E-08  2.
   111  4.19999987E-01  8.05176315E+00  0.00000000E+00  1.47595915E-04 -7.66834586E-08  2.
   112  4.39999998E-01  8.05180276E+00  0.00000000E+00  1.45130618E-04 -7.66838358E-08  2.
   113  4.60000008E-01  8.04762041E+00  0.00000000E+00  1.41364058E-04 -7.66440039E-08  2.
   114  4.79999989E-01  8.05252420E+00  0.00000000E+00  1.36232797E-04 -7.66907067E-08  2.
   115  5.00000000E-01  8.04911302E+00  0.00000000E+00  1.29630287E-04 -7.66582193E-08  2.
   116  5.19999981E-01  8.04895889E+00  0.00000000E+00  1.21580016E-04 -7.66567513E-08  2.
   117  5.40000021E-01  8.05283241E+00  0.00000000E+00  1.11933177E-04 -7.66936420E-08  2.
   118  5.60000002E-01  8.04311702E+00  0.00000000E+00  1.00668713E-04 -7.66011145E-08  2.
   119  5.79999983E-01  8.06520867E+00  0.00000000E+00  8.77233326E-05 -7.68115112E-08  2.
   120  6.00000024E-01  8.00263739E+00  0.00000000E+00  7.30380340E-05 -7.62155942E-08  2.
   121  6.20000005E-01  8.20129112E+00  0.00000000E+00  5.65478432E-05 -7.81075345E-08  2.
   122  6.39999986E-01  7.52985356E+00  0.00000000E+00  3.81965334E-05 -7.17128911E-08  2.
   123  6.60000026E-01  9.56163039E+00  0.00000000E+00  1.79702260E-05 -9.10631466E-08  2.
   124  6.80000007E-01  0.00000000E+00  0.00000000E+00  0.00000000E+00  1.03302596E-04  0.
   125  6.99999988E-01  0.00000000E+00  0.00000000E+00  0.00000000E+00  7.07750377E-04  0.
   126  7.20000029E-01  0.00000000E+00  0.00000000E+00  0.00000000E+00  1.42593159E-03  0.
   127  7.40000010E-01  0.00000000E+00  0.00000000E+00  0.00000000E+00  2.15308411E-03  0.
   128  7.59999990E-01  0.00000000E+00  0.00000000E+00  0.00000000E+00  2.90042101E-03  0.
   129  7.79999971E-01  0.00000000E+00  0.00000000E+00  0.00000000E+00  3.66792721E-03  0.
   130  8.00000012E-01  0.00000000E+00  0.00000000E+00  0.00000000E+00  4.45554991E-03  0.
   131  8.19999993E-01  0.00000000E+00  0.00000000E+00  0.00000000E+00  5.26326256E-03  0.
   132  8.39999974E-01  0.00000000E+00  0.00000000E+00  0.00000000E+00  6.09104324E-03  0.
   133  8.60000014E-01  0.00000000E+00  0.00000000E+00  0.00000000E+00  6.93888169E-03  0.
   134  8.79999995E-01  0.00000000E+00  0.00000000E+00  0.00000000E+00  7.80675647E-03  0.
   135  8.99999976E-01  0.00000000E+00  0.00000000E+00  0.00000000E+00  8.69465937E-03  0.
   136  9.20000017E-01  0.00000000E+00  0.00000000E+00  0.00000000E+00  9.60258197E-03  0.
   137  9.39999998E-01  0.00000000E+00  0.00000000E+00  0.00000000E+00  1.05305112E-02  0.
   138  9.59999979E-01  0.00000000E+00  0.00000000E+00  0.00000000E+00  1.14784407E-02  0.
   139  9.80000019E-01  0.00000000E+00  0.00000000E+00  0.00000000E+00  1.24463662E-02  0.
   140  1.00000000E+00  0.00000000E+00  0.00000000E+00  0.00000000E+00  1.34342755E-02  0.
   141  1.01999998E+00  0.00000000E+00  0.00000000E+00  0.00000000E+00  1.44421649E-02  0.
   142  1.03999996E+00  0.00000000E+00  0.00000000E+00  0.00000000E+00  1.54700277E-02  0.
   143  1.05999994E+00  0.00000000E+00  0.00000000E+00  0.00000000E+00  1.65178588E-02  0.
   144  1.08000004E+00  0.00000000E+00  0.00000000E+00  0.00000000E+00  1.75856592E-02  0.
   145  1.10000002E+00  0.00000000E+00  0.00000000E+00  0.00000000E+00  1.86734114E-02  0.
   146  1.12000000E+00  0.00000000E+00  0.00000000E+00  0.00000000E+00  1.97811158E-02  0.
   147  1.13999999E+00  0.00000000E+00  0.00000000E+00  0.00000000E+00  2.09087675E-02  0.
   148  1.15999997E+00  0.00000000E+00  0.00000000E+00  0.00000000E+00  2.20563637E-02  0.
   149  1.17999995E+00  0.00000000E+00  0.00000000E+00  0.00000000E+00  2.32238949E-02  0.
   150  1.20000005E+00  0.00000000E+00  0.00000000E+00  0.00000000E+00  2.44113686E-02  0.
   151  1.22000003E+00  0.00000000E+00  0.00000000E+00  0.00000000E+00  2.56187619E-02  0.
   152  1.24000001E+00  0.00000000E+00  0.00000000E+00  0.00000000E+00  2.68460814E-02  0.
   153  1.25999999E+00  0.00000000E+00  0.00000000E+00  0.00000000E+00  2.80933181E-02  0.
   154  1.27999997E+00  0.00000000E+00  0.00000000E+00  0.00000000E+00  2.93604697E-02  0.
   155  1.29999995E+00  0.00000000E+00  0.00000000E+00  0.00000000E+00  3.06475302E-02  0.
   156  1.32000005E+00  0.00000000E+00  0.00000000E+00  0.00000000E+00  3.19545046E-02  0.
   157  1.34000003E+00  0.00000000E+00  0.00000000E+00  0.00000000E+00  3.32813673E-02  0.
   158  1.36000001E+00  0.00000000E+00  0.00000000E+00  0.00000000E+00  3.46281283E-02  0.
   159  1.38000000E+00  0.00000000E+00  0.00000000E+00  0.00000000E+00  3.59947811E-02  0.
   160  1.39999998E+00  0.00000000E+00  0.00000000E+00  0.00000000E+00  3.73813151E-02  0.
   161  1.41999996E+00  0.00000000E+00  0.00000000E+00  0.00000000E+00  3.87877307E-02  0.
   162  1.44000006E+00  0.00000000E+00  0.00000000E+00  0.00000000E+00  4.02140325E-02  0.
   163  1.46000004E+00  0.00000000E+00  0.00000000E+00  0.00000000E+00  4.16601948E-02  0.
   164  1.48000002E+00  0.00000000E+00  0.00000000E+00  0.00000000E+00  4.31262261E-02  0.
   165  1.50000000E+00  0.00000000E+00  0.00000000E+00  0.00000000E+00  4.46121170E-02  0.
   166  1.51999998E+00  0.00000000E+00  0.00000000E+00  0.00000000E+00  4.61178651E-02  0.
   167  1.53999996E+00  0.00000000E+00  0.00000000E+00  0.00000000E+00  4.76434631E-02  0.
   168  1.55999994E+00  0.00000000E+00  0.00000000E+00  0.00000000E+00  4.91889106E-02  0.
   169  1.58000004E+00  0.00000000E+00  0.00000000E+00  0.00000000E+00  5.07542152E-02  0.
   170  1.60000002E+00  0.00000000E+00  0.00000000E+00  0.00000000E+00  5.23393442E-02  0.
   171  1.62000000E+00  0.00000000E+00  0.00000000E+00  0.00000000E+00  5.39443078E-02  0.
   172  1.63999999E+00  0.00000000E+00  0.00000000E+00  0.00000000E+00  5.55691026E-02  0.
   173  1.65999997E+00  0.00000000E+00  0.00000000E+00  0.00000000E+00  5.72137190E-02  0.
   174  1.67999995E+00  0.00000000E+00  0.00000000E+00  0.00000000E+00  5.88781537E-02  0.
   175  1.70000005E+00  0.00000000E+00  0.00000000E+00  0.00000000E+00  6.05624080E-02  0.
   176  1.72000003E+00  0.00000000E+00  0.00000000E+00  0.00000000E+00  6.22664596E-02  0.
   177  1.74000001E+00  0.00000000E+00  0.00000000E+00  0.00000000E+00  6.39903134E-02  0.
   178  1.75999999E+00  0.00000000E+00  0.00000000E+00  0.00000000E+00  6.57339597E-02  0.
   179  1.77999997E+00  0.00000000E+00  0.00000000E+00  0.00000000E+00  6.74973929E-02  0.
STEP   9 TIME  7.00200000E+03
     1 -1.77999997E+00  0.00000000E+00  0.00000000E+00  0.00000000E+00  6.62615345E-02  0.
     2 -1.75999999E+00  0.00000000E+00  0.00000000E+00  0.00000000E+00  6.44979965E-02  0.
     3 -1.74000001E+00  0.00000000E+00  0.00000000E+00  0.00000000E+00  6.27542471E-02  0.
     4 -1.72000003E+00  0.00000000E+00  0.00000000E+00  0.00000000E+00  6.10302913E-02  0.
     5 -1.70000005E+00  0.00000000E+00  0.00000000E+00  0.00000000E+00  5.93261394E-02  0.
     6 -1.67999995E+00  0.00000000E+00  0.00000000E+00  0.00000000E+00  5.76417863E-02  0.
     7 -1.65999997E+00  0.00000000E+00  0.00000000E+00  0.00000000E+00  5.59772563E-02  0.
     8 -1.63999999E+00  0.00000000E+00  0.00000000E+00  0.00000000E+00  5.43325467E-02  0.
     9 -1.62000000E+00  0.00000000E+00  0.00000000E+00  0.00000000E+00  5.27076574E-02  0.
    10 -1.60000002E+00  0.00000000E+00  0.00000000E+00  0.00000000E+00  5.11026081E-02  0.
    11 -1.58000004E+00  0.00000000E+00  0.00000000E+00  0.00000000E+00  4.95173701E-02  0.
    12 -1.55999994E+00  0.00000000E+00  0.00000000E+00  0.00000000E+00  4.79519958E-02  0.
    13 -1.53999996E+00  0.00000000E+00  0.00000000E+00  0.00000000E+00  4.64064575E-02  0.
    14 -1.51999998E+00  0.00000000E+00  0.00000000E+00  0.00000000E+00  4.48807727E-02  0.
    15 -1.50000000E+00  0.00000000E+00  0.00000000E+00  0.00000000E+00  4.33749394E-02  0.
    16 -1.48000002E+00  0.00000000E+00  0.00000000E+00  0.00000000E+00  4.18889650E-02  0.
    17 -1.46000004E+00  0.00000000E+00  0.00000000E+00  0.00000000E+00  4.04228520E-02  0.
    18 -1.44000006E+00  0.00000000E+00  0.00000000E+00  0.00000000E+00  3.89766095E-02  0.
    19 -1.41999996E+00  0.00000000E+00  0.00000000E+00  0.00000000E+00  3.75502293E-02  0.
    20 -1.39999998E+00  0.00000000E+00  0.00000000E+00  0.00000000E+00  3.61437369E-02  0.
    21 -1.38000000E+00  0.00000000E+00  0.00000000E+00  0.00000000E+00  3.47571281E-02  0.
    22 -1.36000001E+00  0.00000000E+00  0.00000000E+00  0.00000000E+00  3.33904023E-02  0.
    23 -1.34000003E+00  0.00000000E+00  0.00000000E+00  0.00000000E+00  3.20435712E-02  0.
    24 -1.32000005E+00  0.00000000E+00  0.00000000E+00  0.00000000E+00  3.07166395E-02  0.
    25 -1.29999995E+00  0.00000000E+00  0.00000000E+00  0.00000000E+00  2.94095983E-02  0.
    26 -1.27999997E+00  0.00000000E+00  0.00000000E+00  0.00000000E+00  2.81224732E-02  0.
    27 -1.25999999E+00  0.00000000E+00  0.00000000E+00  0.00000000E+00  2.68552592E-02  0.
    28 -1.24000001E+00  0.00000000E+00  0.00000000E+00  0.00000000E+00  2.56079623E-02  0.
    29 -1.22000003E+00  0.00000000E+00  0.00000000E+00  0.00000000E+00  2.43805862E-02  0.
    30 -1.20000005E+00  0.00000000E+00  0.00000000E+00  0.00000000E+00  2.31731386E-02  0.
    31 -1.17999995E+00  0.00000000E+00  0.00000000E+00  0.00000000E+00  2.19856118E-02  0.
    32 -1.15999997E+00  0.00000000E+00  0.00000000E+00  0.00000000E+00  2.08180317E-02  0.
    33 -1.13999999E+00  0.00000000E+00  0.00000000E+00  0.00000000E+00  1.96703897E-02  0.
    34 -1.12000000E+00  0.00000000E+00  0.00000000E+00  0.00000000E+00  1.85426940E-02  0.
    35 -1.10000002E+00  0.00000000E+00  0.00000000E+00  0.00000000E+00  1.74349499E-02  0.
    36 -1.08000004E+00  0.00000000E+00  0.00000000E+00  0.00000000E+00  1.63471621E-02  0.
    37 -1.05999994E+00  0.00000000E+00  0.00000000E+00  0.00000000E+00  1.52793291E-02  0.
    38 -1.03999996E+00  0.00000000E+00  0.00000000E+00  0.00000000E+00  1.42314700E-02  0.
    39 -1.01999998E+00  0.00000000E+00  0.00000000E+00  0.00000000E+00  1.32035840E-02  0.
    40 -1.00000000E+00  0.00000000E+00  0.00000000E+00  0.00000000E+00  1.21956769E-02  0.
    41 -9.80000019E-01  0.00000000E+00  0.00000000E+00  0.00000000E+00  1.12077561E-02  0.
    42 -9.59999979E-01  0.00000000E+00  0.00000000E+00  0.00000000E+00  1.02398260E-02  0.
    43 -9.39999998E-01  0.00000000E+00  0.00000000E+00  0.00000000E+00  9.29190004E-03  0.
    44 -9.20000017E-01  0.00000000E+00  0.00000000E+00  0.00000000E+00  8.36398375E-03  0.
    45 -8.99999976E-01  0.00000000E+00  0.00000000E+00  0.00000000E+00  7.45608518E-03  0.
    46 -8.79999995E-01  0.00000000E+00  0.00000000E+00  0.00000000E+00  6.56821971E-03  0.
    47 -8.60000014E-01  0.00000000E+00  0.00000000E+00  0.00000000E+00  5.70039942E-03  0.
    48 -8.39999974E-01  0.00000000E+00  0.00000000E+00  0.00000000E+00  4.85263738E-03  0.
    49 -8.19999993E-01  0.00000000E+00  0.00000000E+00  0.00000000E+00  4.02495914E-03  0.
    50 -8.00000012E-01  0.00000000E+00  0.00000000E+00  0.00000000E+00  3.21738363E-03  0.
    51 -7.79999971E-01  0.00000000E+00  0.00000000E+00  0.00000000E+00  2.42996056E-03  0.
    52 -7.59999990E-01  0.00000000E+00  0.00000000E+00  0.00000000E+00  1.66270957E-03  0.
    53 -7.40000010E-01  0.00000000E+00  0.00000000E+00  0.00000000E+00  9.07043060E-04  0.
    54 -7.20000029E-01  0.00000000E+00  0.00000000E+00  0.00000000E+00  2.39144412E-04  0.
    55 -6.99999988E-01  8.96059594E+00  0.00000000E+00  1.48341763E-05 -8.53390090E-08  2.
    56 -6.80000007E-01  7.13556964E+00  0.00000000E+00  3.78270217E-05 -6.79578061E-08  2.
    57 -6.60000026E-01  7.73302952E+00  0.00000000E+00  5.88319600E-05 -7.36479002E-08  2.
    58 -6.39999986E-01  7.55826641E+00  0.00000000E+00  7.78500276E-05 -7.19834896E-08  2.
    59 -6.20000005E-01  7.61318617E+00  0.00000000E+00  9.49813891E-05 -7.25065349E-08  2.
    60 -6.00000024E-01  7.59270613E+00  0.00000000E+00  1.10246988E-04 -7.23114870E-08  2.
    61 -5.79999983E-01  7.60345541E+00  0.00000000E+00  1.23707983E-04 -7.24138611E-08  2.
    62 -5.60000002E-01  7.59623483E+00  0.00000000E+00  1.35425616E-04 -7.23450937E-08  2.
    63 -5.40000021E-01  7.60177109E+00  0.00000000E+00  1.45459903E-04 -7.23978199E-08  2.
    64 -5.19999981E-01  7.59918009E+00  0.00000000E+00  1.53875102E-04 -7.23731437E-08  2.
    65 -5.00000000E-01  7.59878672E+00  0.00000000E+00  1.60692863E-04 -7.23693973E-08  2.
    66 -4.79999989E-01  7.60238394E+00  0.00000000E+00  1.66062922E-04 -7.24036565E-08  2.
    67 -4.60000008E-01  7.59737448E+00  0.00000000E+00  1.69968741E-04 -7.23559474E-08  2.
    68 -4.39999998E-01  7.60150064E+00  0.00000000E+00  1.72507912E-04 -7.23952442E-08  2.
    69 -4.19999987E-01  7.60161949E+00  0.00000000E+00  1.73732464E-04 -7.23963761E-08  2.
    70 -4.00000006E-01  7.59814613E+00  0.00000000E+00  1.73625782E-04 -7.23632965E-08  2.
    71 -3.79999995E-01  7.60156621E+00  0.00000000E+00  1.72382896E-04 -7.23958686E-08  2.
    72 -3.60000014E-01  7.60157267E+00  0.00000000E+00  1.69938190E-04 -7.23959302E-08  2.
    73 -3.40000004E-01  7.59980294E+00  0.00000000E+00  1.66441463E-04 -7.23790756E-08  2.
    74 -3.19999993E-01  7.60004528E+00  0.00000000E+00  1.61913486E-04 -7.23813836E-08  2.
    75 -3.00000012E-01  7.60162315E+00  0.00000000E+00  1.56417565E-04 -7.23964110E-08  2.
    76 -2.80000001E-01  7.60134905E+00  0.00000000E+00  1.50060715E-04 -7.23938005E-08  2.
    77 -2.59999990E-01  7.60083523E+00  0.00000000E+00  1.42819531E-04 -7.23889070E-08  2.
    78 -2.39999995E-01  7.59968550E+00  0.00000000E+00  1.34800286E-04 -7.23779571E-08  2.
    79 -2.19999999E-01  7.60116815E+00  0.00000000E+00  1.26026993E-04 -7.23920776E-08  2.
    80 -2.00000003E-01  7.60126350E+00  0.00000000E+00  1.16645515E-04 -7.23929858E-08  2.
    81 -1.80000007E-01  7.60132795E+00  0.00000000E+00  1.06637114E-04 -7.23935995E-08  2.
    82 -1.59999996E-01  7.60113834E+00  0.00000000E+00  9.61062514E-05 -7.23917937E-08  2.
    83 -1.40000001E-01  7.60089179E+00  0.00000000E+00  8.50774027E-05 -7.23894457E-08  2.
    84 -1.19999997E-01  7.60067948E+00  0.00000000E+00  7.36171612E-05 -7.23874236E-08  2.
    85 -1.00000001E-01  7.60035860E+00  0.00000000E+00  6.18258677E-05 -7.23843676E-08  2.
    86 -7.99999982E-02  7.60066133E+00  0.00000000E+00  4.97623677E-05 -7.23872508E-08  2.
    87 -5.99999987E-02  7.60068300E+00  0.00000000E+00  3.74242030E-05 -7.23874572E-08  2.
    88 -3.99999991E-02  7.60069353E+00  0.00000000E+00  2.51075643E-05 -7.23875574E-08  2.
    89 -1.99999996E-02  7.60068081E+00  0.00000000E+00  1.25605807E-05 -7.23874363E-08  2.
    90  0.00000000E+00  7.60056849E+00  0.00000000E+00  7.76466252E-15 -7.23863666E-08  2.
    91  1.99999996E-02  7.60068081E+00  0.00000000E+00  1.25605807E-05 -7.23874363E-08  2.
    92  3.99999991E-02  7.60069353E+00  0.00000000E+00  2.51075643E-05 -7.23875574E-08  2.
    93  5.99999987E-02  7.60068300E+00  0.00000000E+00  3.74242030E-05 -7.23874572E-08  2.
    94  7.99999982E-02  7.60066133E+00  0.00000000E+00  4.97623677E-05 -7.23872508E-08  2.
    95  1.00000001E-01  7.60035860E+00  0.00000000E+00  6.18258677E-05 -7.23843676E-08  2.
    96  1.19999997E-01  7.60067948E+00  0.00000000E+00  7.36171612E-05 -7.23874236E-08  2.
    97  1.40000001E-01  7.60089179E+00  0.00000000E+00  8.50774027E-05 -7.23894457E-08  2.
    98  1.59999996E-01  7.60113834E+00  0.00000000E+00  9.61062514E-05 -7.23917937E-08  2.
    99  1.80000007E-01  7.60132795E+00  0.00000000E+00  1.06637114E-04 -7.23935995E-08  2.
   100  2.00000003E-01  7.60126350E+00  0.00000000E+00  1.16645515E-04 -7.23929857E-08  2.
   101  2.19999999E-01  7.60116815E+00  0.00000000E+00  1.26026993E-04 -7.23920776E-08  2.
   102  2.39999995E-01  7.59968550E+00  0.00000000E+00  1.34800286E-04 -7.23779571E-08  2.
   103  2.59999990E-01  7.60083523E+00  0.00000000E+00  1.42819531E-04 -7.23889070E-08  2.
   104  2.80000001E-01  7.60134905E+00  0.00000000E+00  1.50060715E-04 -7.23938005E-08  2.
   105  3.00000012E-01  7.60162315E+00  0.00000000E+00  1.56417565E-04 -7.23964110E-08  2.
   106  3.19999993E-01  7.60004528E+00  0.00000000E+00  1.61913486E-04 -7.23813836E-08  2.
   107  3.40000004E-01  7.59980294E+00  0.00000000E+00  1.66441463E-04 -7.23790756E-08  2.
   108  3.60000014E-01  7.60157267E+00  0.00000000E+00  1.69938190E-04 -7.23959302E-08  2.
   109  3.79999995E-01  7.60156621E+00  0.00000000E+00  1.72382896E-04 -7.23958686E-08  2.
   110  4.00000006E-01  7.59814613E+00  0.00000000E+00  1.73625782E-04 -7.23632964E-08  2.
   111  4.19999987E-01  7.60161949E+00  0.00000000E+00  1.73732464E-04 -7.23963761E-08  2.
   112  4.39999998E-01  7.60150064E+00  0.00000000E+00  1.72507912E-04 -7.23952442E-08  2.
   113  4.60000008E-01  7.59737448E+00  0.00000000E+00  1.69968741E-04 -7.23559474E-08  2.
   114  4.79999989E-01  7.60238394E+00  0.00000000E+00  1.66062922E-04 -7.24036565E-08  2.
   115  5.00000000E-01  7.59878672E+00  0.00000000E+00  1.60692863E-04 -7.23693973E-08  2.
   116  5.19999981E-01  7.59918009E+00  0.00000000E+00  1.53875102E-04 -7.23731437E-08  2.
   117  5.40000021E-01  7.60177109E+00  0.00000000E+00  1.45459903E-04 -7.23978199E-08  2.
   118  5.60000002E-01  7.59623483E+00  0.00000000E+00  1.35425616E-04 -7.23450937E-08  2.
   119  5.79999983E-01  7.60345541E+00  0.00000000E+00  1.23707983E-04 -7.24138611E-08  2.
   120  6.00000024E-01  7.59270613E+00  0.00000000E+00  1.10246988E-04 -7.23114870E-08  2.
   121  6.20000005E-01  7.61318617E+00  0.00000000E+00  9.49813891E-05 -7.25065349E-08  2.
   122  6.39999986E-01  7.55826641E+00  0.00000000E+00  7.78500276E-05 -7.19834896E-08  2.
   123  6.60000026E-01  7.73302952E+00  0.00000000E+00  5.88319600E-05 -7.36479002E-08  2.
   124  6.80000007E-01  7.13556964E+00  0.00000000E+00  3.78270217E-05 -6.79578061E-08  2.
   125  6.99999988E-01  8.96059594E+00  0.00000000E+00  1.48341763E-05 -8.53390090E-08  2.
   126  7.20000029E-01  0.00000000E+00  0.00000000E+00  0.00000000E+00  2.39144412E-04  0.
   127  7.40000010E-01  0.00000000E+00  0.00000000E+00  0.00000000E+00  9.07043060E-04  0.
   128  7.59999990E-01  0.00000000E+00  0.00000000E+00  0.00000000E+00  1.66270957E-03  0.
   129  7.79999971E-01  0.00000000E+00  0.00000000E+00  0.00000000E+00  2.42996056E-03  0.
   130  8.00000012E-01  0.00000000E+00  0.00000000E+00  0.00000000E+00  3.21738363E-03  0.
   131  8.19999993E-01  0.00000000E+00  0.00000000E+00  0.00000000E+00  4.02495914E-03  0.
   132  8.39999974E-01  0.00000000E+00  0.00000000E+00  0.00000000E+00  4.85263738E-03  0.
   133  8.60000014E-01  0.00000000E+00  0.00000000E+00  0.00000000E+00  5.70039942E-03  0.
   134  8.79999995E-01  0.00000000E+00  0.00000000E+00  0.00000000E+00  6.56821971E-03  0.
   135  8.99999976E-01  0.00000000E+00  0.00000000E+00  0.00000000E+00  7.45608518E-03  0.
   136  9.20000017E-01  0.00000000E+00  0.00000000E+00  0.00000000E+00  8.36398375E-03  0.
   137  9.39999998E-01  0.00000000E+00  0.00000000E+00  0.00000000E+00  9.29190004E-03  0.
   138  9.59999979E-01  0.00000000E+00  0.00000000E+00  0.00000000E+00  1.02398260E-02  0.
   139  9.80000019E-01  0.00000000E+00  0.00000000E+00  0.00000000E+00  1.12077561E-02  0.
   140  1.00000000E+00  0.00000000E+00  0.00000000E+00  0.00000000E+00  1.21956769E-02  0.
   141  1.01999998E+00  0.00000000E+00  0.00000000E+00  0.00000000E+00  1.32035840E-02  0.
   142  1.03999996E+00  0.00000000E+00  0.00000000E+00  0.00000000E+00  1.42314700E-02  0.
   143  1.05999994E+00  0.00000000E+00  0.00000000E+00  0.00000000E+00  1.52793291E-02  0.
   144  1.08000004E+00  0.00000000E+00  0.00000000E+00  0.00000000E+00  1.63471621E-02  0.
   145  1.10000002E+00  0.00000000E+00  0.00000000E+00  0.00000000E+00  1.74349499E-02  0.
   146  1.12000000E+00  0.00000000E+00  0.00000000E+00  0.00000000E+00  1.85426940E-02  0.
   147  1.13999999E+00  0.00000000E+00  0.00000000E+00  0.00000000E+00  1.96703897E-02  0.
   148  1.15999997E+00  0.00000000E+00  0.00000000E+00  0.00000000E+00  2.08180317E-02  0.
   149  1.17999995E+00  0.00000000E+00  0.00000000E+00  0.00000000E+00  2.19856118E-02  0.
   150  1.20000005E+00  0.00000000E+00  0.00000000E+00  0.00000000E+00  2.31731386E-02  0.
   151  1.22000003E+00  0.00000000E+00  0.00000000E+00  0.00000000E+00  2.43805862E-02  0.
   152  1.24000001E+00  0.00000000E+00  0.00000000E+00  0.00000000E+00  2.56079623E-02  0.
   153  1.25999999E+00  0.00000000E+00  0.00000000E+00  0.00000000E+00  2.68552592E-02  0.
   154  1.27999997E+00  0.00000000E+00  0.00000000E+00  0.00000000E+00  2.81224732E-02  0.
   155  1.29999995E+00  0.00000000E+00  0.00000000E+00  0.00000000E+00  2.94095983E-02  0.
   156  1.32000005E+00  0.00000000E+00  0.00000000E+00  0.00000000E+00  3.07166395E-02  0.
   157  1.34000003E+00  0.00000000E+00  0.00000000E+00  0.00000000E+00  3.20435712E-02  0.
   158  1.36000001E+00  0.00000000E+00  0.00000000E+00  0.00000000E+00  3.33904023E-02  0.
   159  1.38000000E+00  0.00000000E+00  0.00000000E+00  0.00000000E+00  3.47571281E-02  0.
   160  1.39999998E+00  0.00000000E+00  0.00000000E+00  0.00000000E+00  3.61437369E-02  0.
   161  1.41999996E+00  0.00000000E+00  0.00000000E+00  0.00000000E+00  3.75502293E-02  0.
   162  1.44000006E+00  0.00000000E+00  0.00000000E+00  0.00000000E+00  3.89766095E-02  0.
   163  1.46000004E+00  0.00000000E+00  0.00000000E+00  0.00000000E+00  4.04228520E-02  0.
   164  1.48000002E+00  0.00000000E+00  0.00000000E+00  0.00000000E+00  4.18889650E-02  0.
   165  1.50000000E+00  0.00000000E+00  0.00000000E+00  0.00000000E+00  4.33749394E-02  0.
   166  1.51999998E+00  0.00000000E+00  0.00000000E+00  0.00000000E+00  4.48807727E-02  0.
   167  1.53999996E+00  0.00000000E+00  0.00000000E+00  0.00000000E+00  4.64064575E-02  0.
   168  1.55999994E+00  0.00000000E+00  0.00000000E+00  0.00000000E+00  4.79519958E-02  0.
   169  1.58000004E+00  0.00000000E+00  0.00000000E+00  0.00000000E+00  4.95173808E-02  0.
   170  1.60000002E+00  0.00000000E+00  0.00000000E+00  0.00000000E+00  5.11026038E-02  0.
   171  1.62000000E+00  0.00000000E+00  0.00000000E+00  0.00000000E+00  5.27076574E-02  0.
   172  1.63999999E+00  0.00000000E+00  0.00000000E+00  0.00000000E+00  5.43325467E-02  0.
   173  1.65999997E+00  0.00000000E+00  0.00000000E+00  0.00000000E+00  5.59772563E-02  0.
   174  1.67999995E+00  0.00000000E+00  0.00000000E+00  0.00000000E+00  5.76417863E-02  0.
   175  1.70000005E+00  0.00000000E+00  0.00000000E+00  0.00000000E+00  5.93261394E-02  0.
   176  1.72000003E+00  0.00000000E+00  0.00000000E+00  0.00000000E+00  6.10302913E-02  0.
   177  1.74000001E+00  0.00000000E+00  0.00000000E+00  0.00000000E+00  6.27542471E-02  0.
   178  1.75999999E+00  0.00000000E+00  0.00000000E+00  0.00000000E+00  6.44979965E-02  0.
   179  1.77999997E+00  0.00000000E+00  0.00000000E+00  0.00000000E+00  6.62615345E-02  0.
STEP  10 TIME  8.00200000E+03
     1 -1.77999997E+00  0.00000000E+00  0.00000000E+00  0.00000000E+00  6.50817152E-02  0.
     2 -1.75999999E+00  0.00000000E+00  0.00000000E+00  0.00000000E+00  6.33180779E-02  0.
     3 -1.74000001E+00  0.00000000E+00  0.00000000E+00  0.00000000E+00  6.15742305E-02  0.
     4 -1.72000003E+00  0.00000000E+00  0.00000000E+00  0.00000000E+00  5.98501781E-02  0.
     5 -1.70000005E+00  0.00000000E+00  0.00000000E+00  0.00000000E+00  5.81459311E-02  0.
     6 -1.67999995E+00  0.00000000E+00  0.00000000E+00  0.00000000E+00  5.64614851E-02  0.
     7 -1.65999997E+00  0.00000000E+00  0.00000000E+00  0.00000000E+00  5.47968676E-02  0.
     8 -1.63999999E+00  0.00000000E+00  0.00000000E+00  0.00000000E+00  5.31520661E-02  0.
     9 -1.62000000E+00  0.00000000E+00  0.00000000E+00  0.00000000E+00  5.15270901E-02  0.
    10 -1.60000002E+00  0.00000000E+00  0.00000000E+00  0.00000000E+00  4.99219485E-02  0.
    11 -1.58000004E+00  0.00000000E+00  0.00000000E+00  0.00000000E+00  4.83366433E-02  0.
    12 -1.55999994E+00  0.00000000E+00  0.00000000E+00  0.00000000E+00  4.67711743E-02  0.
    13 -1.53999996E+00  0.00000000E+00  0.00000000E+00  0.00000000E+00  4.52255528E-02  0.
    14 -1.51999998E+00  0.00000000E+00  0.00000000E+00  0.00000000E+00  4.36997862E-02  0.
    15 -1.50000000E+00  0.00000000E+00  0.00000000E+00  0.00000000E+00  4.21938728E-02  0.
    16 -1.48000002E+00  0.00000000E+00  0.00000000E+00  0.00000000E+00  4.07078200E-02  0.
    17 -1.46000004E+00  0.00000000E+00  0.00000000E+00  0.00000000E+00  3.92416303E-02  0.
    18 -1.44000006E+00  0.00000000E+00  0.00000000E+00  0.00000000E+00  3.77953127E-02  0.
    19 -1.41999996E+00  0.00000000E+00  0.00000000E+00  0.00000000E+00  3.63688593E-02  0.
    20 -1.39999998E+00  0.00000000E+00  0.00000000E+00  0.00000000E+00  3.49622952E-02  0.
    21 -1.38000000E+00  0.00000000E+00  0.00000000E+00  0.00000000E+00  3.35756166E-02  0.
    22 -1.36000001E+00  0.00000000E+00  0.00000000E+00  0.00000000E+00  3.22088232E-02  0.
    23 -1.34000003E+00  0.00000000E+00  0.00000000E+00  0.00000000E+00  3.08619269E-02  0.
    24 -1.32000005E+00  0.00000000E+00  0.00000000E+00  0.00000000E+00  2.95349315E-02  0.
    25 -1.29999995E+00  0.00000000E+00  0.00000000E+00  0.00000000E+00  2.82278290E-02  0.
    26 -1.27999997E+00  0.00000000E+00  0.00000000E+00  0.00000000E+00  2.69406446E-02  0.
    27 -1.25999999E+00  0.00000000E+00  0.00000000E+00  0.00000000E+00  2.56733737E-02  0.
    28 -1.24000001E+00  0.00000000E+00  0.00000000E+00  0.00000000E+00  2.44260225E-02  0.
    29 -1.22000003E+00  0.00000000E+00  0.00000000E+00  0.00000000E+00  2.31985968E-02  0.
    30 -1.20000005E+00  0.00000000E+00  0.00000000E+00  0.00000000E+00  2.19910989E-02  0.
    31 -1.17999995E+00  0.00000000E+00  0.00000000E+00  0.00000000E+00  2.08035268E-02  0.
    32 -1.15999997E+00  0.00000000E+00  0.00000000E+00  0.00000000E+00  1.96359043E-02  0.
    33 -1.13999999E+00  0.00000000E+00  0.00000000E+00  0.00000000E+00  1.84882221E-02  0.
    34 -1.12000000E+00  0.00000000E+00  0.00000000E+00  0.00000000E+00  1.73604900E-02  0.
    35 -1.10000002E+00  0.00000000E+00  0.00000000E+00  0.00000000E+00  1.62527145E-02  0.
    36 -1.08000004E+00  0.00000000E+00  0.00000000E+00  0.00000000E+00  1.51648983E-02  0.
    37 -1.05999994E+00  0.00000000E+00  0.00000000E+00  0.00000000E+00  1.40970417E-02  0.
    38 -1.03999996E+00  0.00000000E+00  0.00000000E+00  0.00000000E+00  1.30491642E-02  0.
    39 -1.01999998E+00  0.00000000E+00  0.00000000E+00  0.00000000E+00  1.20212657E-02  0.
    40 -1.00000000E+00  0.00000000E+00  0.00000000E+00  0.00000000E+00  1.10133529E-02  0.
    41 -9.80000019E-01  0.00000000E+00  0.00000000E+00  0.00000000E+00  1.00254341E-02  0.
    42 -9.59999979E-01  0.00000000E+00  0.00000000E+00  0.00000000E+00  9.05751491E-03  0.
    43 -9.39999998E-01  0.00000000E+00  0.00000000E+00  0.00000000E+00  8.10961053E-03  0.
    44 -9.20000017E-01  0.00000000E+00  0.00000000E+00  0.00000000E+00  7.18172866E-03  0.
    45 -8.99999976E-01  0.00000000E+00  0.00000000E+00  0.00000000E+00  6.27388041E-03  0.
    46 -8.79999995E-01  0.00000000E+00  0.00000000E+00  0.00000000E+00  5.38608568E-03  0.
    47 -8.60000014E-01  0.00000000E+00  0.00000000E+00  0.00000000E+00  4.51836362E-03  0.
    48 -8.39999974E-01  0.00000000E+00  0.00000000E+00  0.00000000E+00  3.67073050E-03  0.
    49 -8.19999993E-01  0.00000000E+00  0.00000000E+00  0.00000000E+00  2.84324079E-03  0.
    50 -8.00000012E-01  0.00000000E+00  0.00000000E+00  0.00000000E+00  2.03590731E-03  0.
    51 -7.79999971E-01  0.00000000E+00  0.00000000E+00  0.00000000E+00  1.24557870E-03  0.
    52 -7.59999990E-01  0.00000000E+00  0.00000000E+00  0.00000000E+00  4.90943447E-04  0.
    53 -7.40000010E-01  8.38320246E+00  0.00000000E+00  6.17519719E-06 -7.98400234E-08  2.
    54 -7.20000029E-01  6.80940739E+00  0.00000000E+00  3.22262205E-05 -6.48514989E-08  2.
    55 -6.99999988E-01  7.30033693E+00  0.00000000E+00  5.61871746E-05 -6.95270183E-08  2.
    56 -6.80000007E-01  7.16641805E+00  0.00000000E+00  7.80420868E-05 -6.82516005E-08  2.
    57 -6.60000026E-01  7.20728486E+00  0.00000000E+00  9.78835744E-05 -6.86408082E-08  2.
    58 -6.39999986E-01  7.19114541E+00  0.00000000E+00  1.15733038E-04 -6.84870991E-08  2.
    59 -6.20000005E-01  7.20091235E+00  0.00000000E+00  1.31695889E-04 -6.85801176E-08  2.
    60 -6.00000024E-01  7.19312427E+00  0.00000000E+00  1.45789597E-04 -6.85059455E-08  2.
    61 -5.79999983E-01  7.20025511E+00  0.00000000E+00  1.58076285E-04 -6.85738581E-08  2.
    62 -5.60000002E-01  7.19498160E+00  0.00000000E+00  1.68618255E-04 -6.85236343E-08  2.
    63 -5.40000021E-01  7.19849055E+00  0.00000000E+00  1.77476139E-04 -6.85570529E-08  2.
    64 -5.19999981E-01  7.19809571E+00  0.00000000E+00  1.84717717E-04 -6.85532925E-08  2.
    65 -5.00000000E-01  7.19580499E+00  0.00000000E+00  1.90365925E-04 -6.85314761E-08  2.
    66 -4.79999989E-01  7.20035164E+00  0.00000000E+00  1.94558537E-04 -6.85747775E-08  2.
    67 -4.60000008E-01  7.19579386E+00  0.00000000E+00  1.97267985E-04 -6.85313701E-08  2.
    68 -4.39999998E-01  7.19867411E+00  0.00000000E+00  1.98607299E-04 -6.85588011E-08  2.
    69 -4.19999987E-01  7.19973486E+00  0.00000000E+00  1.98640631E-04 -6.85689034E-08  2.
    70 -4.00000006E-01  7.19631461E+00  0.00000000E+00  1.97344927E-04 -6.85363296E-08  2.
    71 -3.79999995E-01  7.19902153E+00  0.00000000E+00  1.94913754E-04 -6.85621099E-08  2.
    72 -3.60000014E-01  7.19957290E+00  0.00000000E+00  1.91281078E-04 -6.85673610E-08  2.
    73 -3.40000004E-01  7.19841095E+00  0.00000000E+00  1.86596450E-04 -6.85562948E-08  2.
    74 -3.19999993E-01  7.19755146E+00  0.00000000E+00  1.80880451E-04 -6.85481092E-08  2.
    75 -3.00000012E-01  7.19965639E+00  0.00000000E+00  1.74196208E-04 -6.85681561E-08  2.
    76 -2.80000001E-01  7.19947081E+00  0.00000000E+00  1.66650632E-04 -6.85663886E-08  2.
    77 -2.59999990E-01  7.19926170E+00  0.00000000E+00  1.58219759E-04 -6.85643972E-08  2.
    78 -2.39999995E-01  7.19774864E+00  0.00000000E+00  1.49008380E-04 -6.85499871E-08  2.
    79 -2.19999999E-01  7.19924155E+00  0.00000000E+00  1.39043390E-04 -6.85642052E-08  2.
    80 -2.00000003E-01  7.19947182E+00  0.00000000E+00  1.28473611E-04 -6.85663983E-08  2.
    81 -1.80000007E-01  7.19962323E+00  0.00000000E+00  1.17278961E-04 -6.85678403E-08  2.
    82 -1.59999996E-01  7.19951678E+00  0.00000000E+00  1.05563334E-04 -6.85668265E-08  2.
    83 -1.40000001E-01  7.19933622E+00  0.00000000E+00  9.33509296E-05 -6.85651069E-08  2.
    84 -1.19999997E-01  7.19913120E+00  0.00000000E+00  8.07082493E-05 -6.85631542E-08  2.
    85 -1.00000001E-01  7.19897430E+00  0.00000000E+00  6.77359809E-05 -6.85616600E-08  2.
    86 -7.99999982E-02  7.19883383E+00  0.00000000E+00  5.44917910E-05 -6.85603222E-08  2.
    87 -5.99999987E-02  7.19903083E+00  0.00000000E+00  4.09718820E-05 -6.85621983E-08  2.
    88 -3.99999991E-02  7.19904008E+00  0.00000000E+00  2.74728956E-05 -6.85622864E-08  2.
    89 -1.99999996E-02  7.19905101E+00  0.00000000E+00  1.37433031E-05 -6.85623906E-08  2.
    90  0.00000000E+00  7.19897243E+00  0.00000000E+00  9.70339662E-15 -6.85616422E-08  2.
    91  1.99999996E-02  7.19905101E+00  0.00000000E+00  1.37433031E-05 -6.85623906E-08  2.
    92  3.99999991E-02  7.19904008E+00  0.00000000E+00  2.74728956E-05 -6.85622864E-08  2.
    93  5.99999987E-02  7.19903083E+00  0.00000000E+00  4.09718820E-05 -6.85621983E-08  2.
    94  7.99999982E-02  7.19883383E+00  0.00000000E+00  5.44917910E-05 -6.85603222E-08  2.
    95  1.00000001E-01  7.19897430E+00  0.00000000E+00  6.77359809E-05 -6.85616600E-08  2.
    96  1.19999997E-01  7.19913120E+00  0.00000000E+00  8.07082493E-05 -6.85631542E-08  2.
    97  1.40000001E-01  7.19933622E+00  0.00000000E+00  9.33509296E-05 -6.85651068E-08  2.
    98  1.59999996E-01  7.19951678E+00  0.00000000E+00  1.05563334E-04 -6.85668265E-08  2.
    99  1.80000007E-01  7.19962323E+00  0.00000000E+00  1.17278961E-04 -6.85678403E-08  2.
   100  2.00000003E-01  7.19947182E+00  0.00000000E+00  1.28473611E-04 -6.85663983E-08  2.
   101  2.19999999E-01  7.19924155E+00  0.00000000E+00  1.39043390E-04 -6.85642052E-08  2.
   102  2.39999995E-01  7.19774864E+00  0.00000000E+00  1.49008380E-04 -6.85499871E-08  2.
   103  2.59999990E-01  7.19926170E+00  0.00000000E+00  1.58219759E-04 -6.85643972E-08  2.
   104  2.80000001E-01  7.19947081E+00  0.00000000E+00  1.66650632E-04 -6.85663886E-08  2.
   105  3.00000012E-01  7.19965639E+00  0.00000000E+00  1.74196208E-04 -6.85681561E-08  2.
   106  3.19999993E-01  7.19755146E+00  0.00000000E+00  1.80880451E-04 -6.85481092E-08  2.
   107  3.40000004E-01  7.19841095E+00  0.00000000E+00  1.86596450E-04 -6.85562948E-08  2.
   108  3.60000014E-01  7.19957290E+00  0.00000000E+00  1.91281078E-04 -6.85673610E-08  2.
   109  3.79999995E-01  7.19902154E+00  0.00000000E+00  1.94913754E-04 -6.85621099E-08  2.
   110  4.00000006E-01  7.19631461E+00  0.00000000E+00  1.97344927E-04 -6.85363296E-08  2.
   111  4.19999987E-01  7.19973486E+00  0.00000000E+00  1.98640631E-04 -6.85689034E-08  2.
   112  4.39999998E-01  7.19867411E+00  0.00000000E+00  1.98607299E-04 -6.85588011E-08  2.
   113  4.60000008E-01  7.19579386E+00  0.00000000E+00  1.97267985E-04 -6.85313701E-08  2.
   114  4.79999989E-01  7.20035164E+00  0.00000000E+00  1.94558537E-04 -6.85747775E-08  2.
   115  5.00000000E-01  7.19580499E+00  0.00000000E+00  1.90365925E-04 -6.85314761E-08  2.
   116  5.19999981E-01  7.19809571E+00  0.00000000E+00  1.84717717E-04 -6.85532925E-08  2.
   117  5.40000021E-01  7.19849055E+00  0.00000000E+00  1.77476139E-04 -6.85570529E-08  2.
   118  5.60000002E-01  7.19498159E+00  0.00000000E+00  1.68618255E-04 -6.85236342E-08  2.
   119  5.79999983E-01  7.20025511E+00  0.00000000E+00  1.58076285E-04 -6.85738581E-08  2.
   120  6.00000024E-01  7.19312427E+00  0.00000000E+00  1.45789597E-04 -6.85059455E-08  2.
   121  6.20000005E-01  7.20091235E+00  0.00000000E+00  1.31695889E-04 -6.85801176E-08  2.
   122  6.39999986E-01  7.19114541E+00  0.00000000E+00  1.15733038E-04 -6.84870991E-08  2.
   123  6.60000026E-01  7.20728486E+00  0.00000000E+00  9.78835744E-05 -6.86408082E-08  2.
   124  6.80000007E-01  7.16641805E+00  0.00000000E+00  7.80420868E-05 -6.82516005E-08  2.
   125  6.99999988E-01  7.30033692E+00  0.00000000E+00  5.61871746E-05 -6.95270183E-08  2.
   126  7.20000029E-01  6.80940739E+00  0.00000000E+00  3.22262205E-05 -6.48514989E-08  2.
   127  7.40000010E-01  8.38320245E+00  0.00000000E+00  6.17519719E-06 -7.98400234E-08  2.
   128  7.59999990E-01  0.00000000E+00  0.00000000E+00  0.00000000E+00  4.90943447E-04  0.
   129  7.79999971E-01  0.00000000E+00  0.00000000E+00  0.00000000E+00  1.24557870E-03  0.
   130  8.00000012E-01  0.00000000E+00  0.00000000E+00  0.00000000E+00  2.03590731E-03  0.
   131  8.19999993E-01  0.00000000E+00  0.00000000E+00  0.00000000E+00  2.84324079E-03  0.
   132  8.39999974E-01  0.00000000E+00  0.00000000E+00  0.00000000E+00  3.67073050E-03  0.
   133  8.60000014E-01  0.00000000E+00  0.00000000E+00  0.00000000E+00  4.51836362E-03  0.
   134  8.79999995E-01  0.00000000E+00  0.00000000E+00  0.00000000E+00  5.38608568E-03  0.
   135  8.99999976E-01  0.00000000E+00  0.00000000E+00  0.00000000E+00  6.27388041E-03  0.
   136  9.20000017E-01  0.00000000E+00  0.00000000E+00  0.00000000E+00  7.18172866E-03  0.
   137  9.39999998E-01  0.00000000E+00  0.00000000E+00  0.00000000E+00  8.10961053E-03  0.
   138  9.59999979E-01  0.00000000E+00  0.00000000E+00  0.00000000E+00  9.05751491E-03  0.
   139  9.80000019E-01  0.00000000E+00  0.00000000E+00  0.00000000E+00  1.00254341E-02  0.
   140  1.00000000E+00  0.00000000E+00  0.00000000E+00  0.00000000E+00  1.10133529E-02  0.
   141  1.01999998E+00  0.00000000E+00  0.00000000E+00  0.00000000E+00  1.20212657E-02  0.
   142  1.03999996E+00  0.00000000E+00  0.00000000E+00  0.00000000E+00  1.30491642E-02  0.
   143  1.05999994E+00  0.00000000E+00  0.00000000E+00  0.00000000E+00  1.40970417E-02  0.
   144  1.08000004E+00  0.00000000E+00  0.00000000E+00  0.00000000E+00  1.51648983E-02  0.
   145  1.10000002E+00  0.00000000E+00  0.00000000E+00  0.00000000E+00  1.62527145E-02  0.
   146  1.12000000E+00  0.00000000E+00  0.00000000E+00  0.00000000E+00  1.73604900E-02  0.
   147  1.13999999E+00  0.00000000E+00  0.00000000E+00  0.00000000E+00  1.84882221E-02  0.
   148  1.15999997E+00  0.00000000E+00  0.00000000E+00  0.00000000E+00  1.96359043E-02  0.
   149  1.17999995E+00  0.00000000E+00  0.00000000E+00  0.00000000E+00  2.08035268E-02  0.
   150  1.20000005E+00  0.00000000E+00  0.00000000E+00  0.00000000E+00  2.19910989E-02  0.
   151  1.22000003E+00  0.00000000E+00  0.00000000E+00  0.00000000E+00  2.31985968E-02  0.
   152  1.24000001E+00  0.00000000E+00  0.00000000E+00  0.00000000E+00  2.44260225E-02  0.
   153  1.25999999E+00  0.00000000E+00  0.00000000E+00  0.00000000E+00  2.56733737E-02  0.
   154  1.27999997E+00  0.00000000E+00  0.00000000E+00  0.00000000E+00  2.69406446E-02  0.
   155  1.29999995E+00  0.00000000E+00  0.00000000E+00  0.00000000E+00  2.82278290E-02  0.
   156  1.32000005E+00  0.00000000E+00  0.00000000E+00  0.00000000E+00  2.95349315E-02  0.
   157  1.34000003E+00  0.00000000E+00  0.00000000E+00  0.00000000E+00  3.08619269E-02  0.
   158  1.36000001E+00  0.00000000E+00  0.00000000E+00  0.00000000E+00  3.22088232E-02  0.
   159  1.38000000E+00  0.00000000E+00  0.00000000E+00  0.00000000E+00  3.35756166E-02  0.
   160  1.39999998E+00  0.00000000E+00  0.00000000E+00  0.00000000E+00  3.49622952E-02  0.
   161  1.41999996E+00  0.00000000E+00  0.00000000E+00  0.00000000E+00  3.63688593E-02  0.
   162  1.44000006E+00  0.00000000E+00  0.00000000E+00  0.00000000E+00  3.77953127E-02  0.
   163  1.46000004E+00  0.00000000E+00  0.00000000E+00  0.00000000E+00  3.92416303E-02  0.
   164  1.48000002E+00  0.00000000E+00  0.00000000E+00  0.00000000E+00  4.07078200E-02  0.
   165  1.50000000E+00  0.00000000E+00  0.00000000E+00  0.00000000E+00  4.21938728E-02  0.
   166  1.51999998E+00  0.00000000E+00  0.00000000E+00  0.00000000E+00  4.36997862E-02  0.
   167  1.53999996E+00  0.00000000E+00  0.00000000E+00  0.00000000E+00  4.52255528E-02  0.
   168  1.55999994E+00  0.00000000E+00  0.00000000E+00  0.00000000E+00  4.67711743E-02  0.
   169  1.58000004E+00  0.00000000E+00  0.00000000E+00  0.00000000E+00  4.83366433E-02  0.
   170  1.60000002E+00  0.00000000E+00  0.00000000E+00  0.00000000E+00  4.99219485E-02  0.
   171  1.62000000E+00  0.00000000E+00  0.00000000E+00  0.00000000E+00  5.15270901E-02  0.
   172  1.63999999E+00  0.00000000E+00  0.00000000E+00  0.00000000E+00  5.31520661E-02  0.
   173  1.65999997E+00  0.00000000E+00  0.00000000E+00  0.00000000E+00  5.47968676E-02  0.
   174  1.67999995E+00  0.00000000E+00  0.00000000E+00  0.00000000E+00  5.64614851E-02  0.
   175  1.70000005E+00  0.00000000E+00  0.00000000E+00  0.00000000E+00  5.81459311E-02  0.
   176  1.72000003E+00  0.00000000E+00  0.00000000E+00  0.00000000E+00  5.98501781E-02  0.
   177  1.74000001E+00  0.00000000E+00  0.00000000E+00  0.00000000E+00  6.15742305E-02  0.
   178  1.75999999E+00  0.00000000E+00  0.00000000E+00  0.00000000E+00  6.33180779E-02  0.
   179  1.77999997E+00  0.00000000E+00  0.00000000E+00  0.00000000E+00  6.50817152E-02  0.
STEP  11 TIME  9.00200000E+03
     1 -1.77999997E+00  0.00000000E+00  0.00000000E+00  0.00000000E+00  6.39501276E-02  0.
     2 -1.75999999E+00  0.00000000E+00  0.00000000E+00  0.00000000E+00  6.21863929E-02  0.
     3 -1.74000001E+00  0.00000000E+00  0.00000000E+00  0.00000000E+00  6.04424494E-02  0.
     4 -1.72000003E+00  0.00000000E+00  0.00000000E+00  0.00000000E+00  5.87183020E-02  0.
     5 -1.70000005E+00  0.00000000E+00  0.00000000E+00  0.00000000E+00  5.70139613E-02  0.
     6 -1.67999995E+00  0.00000000E+00  0.00000000E+00  0.00000000E+00  5.53294285E-02  0.
     7 -1.65999997E+00  0.00000000E+00  0.00000000E+00  0.00000000E+00  5.36647179E-02  0.
     8 -1.63999999E+00  0.00000000E+00  0.00000000E+00  0.00000000E+00  5.20198291E-02  0.
     9 -1.62000000E+00  0.00000000E+00  0.00000000E+00  0.00000000E+00  5.03947655E-02  0.
    10 -1.60000002E+00  0.00000000E+00  0.00000000E+00  0.00000000E+00  4.87895386E-02  0.
    11 -1.58000004E+00  0.00000000E+00  0.00000000E+00  0.00000000E+00  4.72041499E-02  0.
    12 -1.55999994E+00  0.00000000E+00  0.00000000E+00  0.00000000E+00  4.56385960E-02  0.
    13 -1.53999996E+00  0.00000000E+00  0.00000000E+00  0.00000000E+00  4.40928913E-02  0.
    14 -1.51999998E+00  0.00000000E+00  0.00000000E+00  0.00000000E+00  4.25670427E-02  0.
    15 -1.50000000E+00  0.00000000E+00  0.00000000E+00  0.00000000E+00  4.10610487E-02  0.
    16 -1.48000002E+00  0.00000000E+00  0.00000000E+00  0.00000000E+00  3.95749166E-02  0.
    17 -1.46000004E+00  0.00000000E+00  0.00000000E+00  0.00000000E+00  3.81086491E-02  0.
    18 -1.44000006E+00  0.00000000E+00  0.00000000E+00  0.00000000E+00  3.66622551E-02  0.
    19 -1.41999996E+00  0.00000000E+00  0.00000000E+00  0.00000000E+00  3.52357269E-02  0.
    20 -1.39999998E+00  0.00000000E+00  0.00000000E+00  0.00000000E+00  3.38290892E-02  0.
    21 -1.38000000E+00  0.00000000E+00  0.00000000E+00  0.00000000E+00  3.24423382E-02  0.
    22 -1.36000001E+00  0.00000000E+00  0.00000000E+00  0.00000000E+00  3.10754751E-02  0.
    23 -1.34000003E+00  0.00000000E+00  0.00000000E+00  0.00000000E+00  2.97285100E-02  0.
    24 -1.32000005E+00  0.00000000E+00  0.00000000E+00  0.00000000E+00  2.84014474E-02  0.
    25 -1.29999995E+00  0.00000000E+00  0.00000000E+00  0.00000000E+00  2.70942795E-02  0.
    26 -1.27999997E+00  0.00000000E+00  0.00000000E+00  0.00000000E+00  2.58070315E-02  0.
    27 -1.25999999E+00  0.00000000E+00  0.00000000E+00  0.00000000E+00  2.45396987E-02  0.
    28 -1.24000001E+00  0.00000000E+00  0.00000000E+00  0.00000000E+00  2.32922898E-02  0.
    29 -1.22000003E+00  0.00000000E+00  0.00000000E+00  0.00000000E+00  2.20648049E-02  0.
    30 -1.20000005E+00  0.00000000E+00  0.00000000E+00  0.00000000E+00  2.08572516E-02  0.
    31 -1.17999995E+00  0.00000000E+00  0.00000000E+00  0.00000000E+00  1.96696264E-02  0.
    32 -1.15999997E+00  0.00000000E+00  0.00000000E+00  0.00000000E+00  1.85019523E-02  0.
    33 -1.13999999E+00  0.00000000E+00  0.00000000E+00  0.00000000E+00  1.73542200E-02  0.
    34 -1.12000000E+00  0.00000000E+00  0.00000000E+00  0.00000000E+00  1.62264426E-02  0.
    35 -1.10000002E+00  0.00000000E+00  0.00000000E+00  0.00000000E+00  1.51186229E-02  0.
    36 -1.08000004E+00  0.00000000E+00  0.00000000E+00  0.00000000E+00  1.40307655E-02  0.
    37 -1.05999994E+00  0.00000000E+00  0.00000000E+00  0.00000000E+00  1.29628710E-02  0.
    38 -1.03999996E+00  0.00000000E+00  0.00000000E+00  0.00000000E+00  1.19149592E-02  0.
    39 -1.01999998E+00  0.00000000E+00  0.00000000E+00  0.00000000E+00  1.08870306E-02  0.
    40 -1.00000000E+00  0.00000000E+00  0.00000000E+00  0.00000000E+00  9.87909220E-03  0.
    41 -9.80000019E-01  0.00000000E+00  0.00000000E+00  0.00000000E+00  8.89115319E-03  0.
    42 -9.59999979E-01  0.00000000E+00  0.00000000E+00  0.00000000E+00  7.92322013E-03  0.
    43 -9.39999998E-01  0.00000000E+00  0.00000000E+00  0.00000000E+00  6.97530929E-03  0.
    44 -9.20000017E-01  0.00000000E+00  0.00000000E+00  0.00000000E+00  6.04743034E-03  0.
    45 -8.99999976E-01  0.00000000E+00  0.00000000E+00  0.00000000E+00  5.13959704E-03  0.
    46 -8.79999995E-01  0.00000000E+00  0.00000000E+00  0.00000000E+00  4.25183377E-03  0.
    47 -8.60000014E-01  0.00000000E+00  0.00000000E+00  0.00000000E+00  3.38415816E-03  0.
    48 -8.39999974E-01  0.00000000E+00  0.00000000E+00  0.00000000E+00  2.53661506E-03  0.
    49 -8.19999993E-01  0.00000000E+00  0.00000000E+00  0.00000000E+00  1.70922486E-03  0.
    50 -8.00000012E-01  0.00000000E+00  0.00000000E+00  0.00000000E+00  8.90711147E-04  0.
    51 -7.79999971E-01  0.00000000E+00  0.00000000E+00  0.00000000E+00  1.83900580E-04  0.
    52 -7.59999990E-01  8.29207252E+00  0.00000000E+00  2.08400180E-05 -7.89721193E-08  2.
    53 -7.40000010E-01  6.56839694E+00  0.00000000E+00  4.80524229E-05 -6.25561613E-08  2.
    54 -7.20000029E-01  7.13260468E+00  0.00000000E+00  7.30344366E-05 -6.79295684E-08  2.
    55 -6.99999988E-01  6.97064380E+00  0.00000000E+00  9.58836366E-05 -6.63870838E-08  2.
    56 -6.80000007E-01  7.01812644E+00  0.00000000E+00  1.16615743E-04 -6.68392994E-08  2.
    57 -6.60000026E-01  7.00713387E+00  0.00000000E+00  1.35335884E-04 -6.67346083E-08  2.
    58 -6.39999986E-01  7.00755960E+00  0.00000000E+00  1.52061467E-04 -6.67386629E-08  2.
    59 -6.20000005E-01  7.01098970E+00  0.00000000E+00  1.66897927E-04 -6.67713305E-08  2.
    60 -6.00000024E-01  7.00722586E+00  0.00000000E+00  1.79864088E-04 -6.67354844E-08  2.
    61 -5.79999983E-01  7.01067552E+00  0.00000000E+00  1.91022726E-04 -6.67683383E-08  2.
    62 -5.60000002E-01  7.00895923E+00  0.00000000E+00  2.00440949E-04 -6.67519927E-08  2.
    63 -5.40000021E-01  7.00854442E+00  0.00000000E+00  2.08177230E-04 -6.67480421E-08  2.
    64 -5.19999981E-01  7.01212090E+00  0.00000000E+00  2.14284058E-04 -6.67821038E-08  2.
    65 -5.00000000E-01  7.00655109E+00  0.00000000E+00  2.18782414E-04 -6.67290580E-08  2.
    66 -4.79999989E-01  7.01241867E+00  0.00000000E+00  2.21827180E-04 -6.67849398E-08  2.
    67 -4.60000008E-01  7.00898743E+00  0.00000000E+00  2.23395788E-04 -6.67522612E-08  2.
    68 -4.39999998E-01  7.00921258E+00  0.00000000E+00  2.23595338E-04 -6.67544055E-08  2.
    69 -4.19999987E-01  7.01192335E+00  0.00000000E+00  2.22489352E-04 -6.67802223E-08  2.
    70 -4.00000006E-01  7.00923138E+00  0.00000000E+00  2.20054440E-04 -6.67545846E-08  2.
    71 -3.79999995E-01  7.00959319E+00  0.00000000E+00  2.16483852E-04 -6.67580304E-08  2.
    72 -3.60000014E-01  7.01147416E+00  0.00000000E+00  2.11711220E-04 -6.67759444E-08  2.
    73 -3.40000004E-01  7.01100818E+00  0.00000000E+00  2.05885612E-04 -6.67715065E-08  2.
    74 -3.19999993E-01  7.00867890E+00  0.00000000E+00  1.99025458E-04 -6.67493228E-08  2.
    75 -3.00000012E-01  7.01111428E+00  0.00000000E+00  1.91197937E-04 -6.67725170E-08  2.
    76 -2.80000001E-01  7.01116362E+00  0.00000000E+00  1.82514192E-04 -6.67729869E-08  2.
    77 -2.59999990E-01  7.01103394E+00  0.00000000E+00  1.72948177E-04 -6.67717518E-08  2.
    78 -2.39999995E-01  7.01002826E+00  0.00000000E+00  1.62605767E-04 -6.67621739E-08  2.
    79 -2.19999999E-01  7.00985898E+00  0.00000000E+00  1.51510958E-04 -6.67605617E-08  2.
    80 -2.00000003E-01  7.01084756E+00  0.00000000E+00  1.39809202E-04 -6.67699767E-08  2.
    81 -1.80000007E-01  7.01092496E+00  0.00000000E+00  1.27481703E-04 -6.67707139E-08  2.
    82 -1.59999996E-01  7.01093575E+00  0.00000000E+00  1.14632809E-04 -6.67708166E-08  2.
    83 -1.40000001E-01  7.01077464E+00  0.00000000E+00  1.01286909E-04 -6.67692823E-08  2.
    84 -1.19999997E-01  7.01058746E+00  0.00000000E+00  8.75106113E-05 -6.67674997E-08  2.
    85 -1.00000001E-01  7.01040681E+00  0.00000000E+00  7.34046542E-05 -6.67657792E-08  2.
    86 -7.99999982E-02  7.01026934E+00  0.00000000E+00  5.90267445E-05 -6.67644699E-08  2.
    87 -5.99999987E-02  7.01017979E+00  0.00000000E+00  4.43731005E-05 -6.67636171E-08  2.
    88 -3.99999991E-02  7.01016516E+00  0.00000000E+00  2.97403745E-05 -6.67634778E-08  2.
    89 -1.99999996E-02  7.01021162E+00  0.00000000E+00  1.48770429E-05 -6.67639201E-08  2.
    90  0.00000000E+00  7.01017888E+00  0.00000000E+00  1.17035888E-14 -6.67636084E-08  2.
    91  1.99999996E-02  7.01021162E+00  0.00000000E+00  1.48770429E-05 -6.67639201E-08  2.
    92  3.99999991E-02  7.01016516E+00  0.00000000E+00  2.97403745E-05 -6.67634778E-08  2.
    93  5.99999987E-02  7.01017979E+00  0.00000000E+00  4.43731005E-05 -6.67636171E-08  2.
    94  7.99999982E-02  7.01026934E+00  0.00000000E+00  5.90267445E-05 -6.67644699E-08  2.
    95  1.00000001E-01  7.01040681E+00  0.00000000E+00  7.34046542E-05 -6.67657792E-08  2.
    96  1.19999997E-01  7.01058746E+00  0.00000000E+00  8.75106113E-05 -6.67674997E-08  2.
    97  1.40000001E-01  7.01077464E+00  0.00000000E+00  1.01286909E-04 -6.67692823E-08  2.
    98  1.59999996E-01  7.01093575E+00  0.00000000E+00  1.14632809E-04 -6.67708166E-08  2.
    99  1.80000007E-01  7.01092496E+00  0.00000000E+00  1.27481703E-04 -6.67707139E-08  2.
   100  2.00000003E-01  7.01084756E+00  0.00000000E+00  1.39809202E-04 -6.67699767E-08  2.
   101  2.19999999E-01  7.00985898E+00  0.00000000E+00  1.51510958E-04 -6.67605617E-08  2.
   102  2.39999995E-01  7.01002826E+00  0.00000000E+00  1.62605767E-04 -6.67621739E-08  2.
   103  2.59999990E-01  7.01103394E+00  0.00000000E+00  1.72948177E-04 -6.67717518E-08  2.
   104  2.80000001E-01  7.01116362E+00  0.00000000E+00  1.82514192E-04 -6.67729869E-08  2.
   105  3.00000012E-01  7.01111428E+00  0.00000000E+00  1.91197937E-04 -6.67725170E-08  2.
   106  3.19999993E-01  7.00867890E+00  0.00000000E+00  1.99025458E-04 -6.67493228E-08  2.
   107  3.40000004E-01  7.01100818E+00  0.00000000E+00  2.05885612E-04 -6.67715065E-08  2.
   108  3.60000014E-01  7.01147416E+00  0.00000000E+00  2.11711220E-04 -6.67759444E-08  2.
   109  3.79999995E-01  7.00959319E+00  0.00000000E+00  2.16483852E-04 -6.67580304E-08  2.
   110  4.00000006E-01  7.00923138E+00  0.00000000E+00  2.20054440E-04 -6.67545846E-08  2.
   111  4.19999987E-01  7.01192335E+00  0.00000000E+00  2.22489352E-04 -6.67802223E-08  2.
   112  4.39999998E-01  7.00921258E+00  0.00000000E+00  2.23595338E-04 -6.67544055E-08  2.
   113  4.60000008E-01  7.00898743E+00  0.00000000E+00  2.23395788E-04 -6.67522612E-08  2.
   114  4.79999989E-01  7.01241867E+00  0.00000000E+00  2.21827180E-04 -6.67849397E-08  2.
   115  5.00000000E-01  7.00655109E+00  0.00000000E+00  2.18782414E-04 -6.67290580E-08  2.
   116  5.19999981E-01  7.01212090E+00  0.00000000E+00  2.14284058E-04 -6.67821038E-08  2.
   117  5.40000021E-01  7.00854442E+00  0.00000000E+00  2.08177230E-04 -6.67480421E-08  2.
   118  5.60000002E-01  7.00895923E+00  0.00000000E+00  2.00440949E-04 -6.67519927E-08  2.
   119  5.79999983E-01  7.01067552E+00  0.00000000E+00  1.91022726E-04 -6.67683383E-08  2.
   120  6.00000024E-01  7.00722586E+00  0.00000000E+00  1.79864088E-04 -6.67354844E-08  2.
   121  6.20000005E-01  7.01098970E+00  0.00000000E+00  1.66897927E-04 -6.67713305E-08  2.
   122  6.39999986E-01  7.00755961E+00  0.00000000E+00  1.52061467E-04 -6.67386629E-08  2.
   123  6.60000026E-01  7.00713387E+00  0.00000000E+00  1.35335884E-04 -6.67346083E-08  2.
   124  6.80000007E-01  7.01812644E+00  0.00000000E+00  1.16615743E-04 -6.68392994E-08  2.
   125  6.99999988E-01  6.97064380E+00  0.00000000E+00  9.58836366E-05 -6.63870838E-08  2.
   126  7.20000029E-01  7.13260468E+00  0.00000000E+00  7.30344366E-05 -6.79295684E-08  2.
   127  7.40000010E-01  6.56839694E+00  0.00000000E+00  4.80524229E-05 -6.25561613E-08  2.
   128  7.59999990E-01  8.29207253E+00  0.00000000E+00  2.08400180E-05 -7.89721193E-08  2.
   129  7.79999971E-01  0.00000000E+00  0.00000000E+00  0.00000000E+00  1.83900580E-04  0.
   130  8.00000012E-01  0.00000000E+00  0.00000000E+00  0.00000000E+00  8.90711147E-04  0.
   131  8.19999993E-01  0.00000000E+00  0.00000000E+00  0.00000000E+00  1.70922486E-03  0.
   132  8.39999974E-01  0.00000000E+00  0.00000000E+00  0.00000000E+00  2.53661506E-03  0.
   133  8.60000014E-01  0.00000000E+00  0.00000000E+00  0.00000000E+00  3.38415816E-03  0.
   134  8.79999995E-01  0.00000000E+00  0.00000000E+00  0.00000000E+00  4.25183377E-03  0.
   135  8.99999976E-01  0.00000000E+00  0.00000000E+00  0.00000000E+00  5.13959704E-03  0.
   136  9.20000017E-01  0.00000000E+00  0.00000000E+00  0.00000000E+00  6.04743034E-03  0.
   137  9.39999998E-01  0.00000000E+00  0.00000000E+00  0.00000000E+00  6.97530929E-03  0.
   138  9.59999979E-01  0.00000000E+00  0.00000000E+00  0.00000000E+00  7.92322013E-03  0.
   139  9.80000019E-01  0.00000000E+00  0.00000000E+00  0.00000000E+00  8.89115319E-03  0.
   140  1.00000000E+00  0.00000000E+00  0.00000000E+00  0.00000000E+00  9.87909220E-03  0.
   141  1.01999998E+00  0.00000000E+00  0.00000000E+00  0.00000000E+00  1.08870306E-02  0.
   142  1.03999996E+00  0.00000000E+00  0.00000000E+00  0.00000000E+00  1.19149592E-02  0.
   143  1.05999994E+00  0.00000000E+00  0.00000000E+00  0.00000000E+00  1.29628710E-02  0.
   144  1.08000004E+00  0.00000000E+00  0.00000000E+00  0.00000000E+00  1.40307655E-02  0.
   145  1.10000002E+00  0.00000000E+00  0.00000000E+00  0.00000000E+00  1.51186229E-02  0.
   146  1.12000000E+00  0.00000000E+00  0.00000000E+00  0.00000000E+00  1.62264426E-02  0.
   147  1.13999999E+00  0.00000000E+00  0.00000000E+00  0.00000000E+00  1.73542200E-02  0.
   148  1.15999997E+00  0.00000000E+00  0.00000000E+00  0.00000000E+00  1.85019523E-02  0.
   149  1.17999995E+00  0.00000000E+00  0.00000000E+00  0.00000000E+00  1.96696264E-02  0.
   150  1.20000005E+00  0.00000000E+00  0.00000000E+00  0.00000000E+00  2.08572516E-02  0.
   151  1.22000003E+00  0.00000000E+00  0.00000000E+00  0.00000000E+00  2.20648049E-02  0.
   152  1.24000001E+00  0.00000000E+00  0.00000000E+00  0.00000000E+00  2.32922898E-02  0.
   153  1.25999999E+00  0.00000000E+00  0.00000000E+00  0.00000000E+00  2.45396987E-02  0.
   154  1.27999997E+00  0.00000000E+00  0.00000000E+00  0.00000000E+00  2.58070315E-02  0.
   155  1.29999995E+00  0.00000000E+00  0.00000000E+00  0.00000000E+00  2.70942795E-02  0.
   156  1.32000005E+00  0.00000000E+00  0.00000000E+00  0.00000000E+00  2.84014474E-02  0.
   157  1.34000003E+00  0.00000000E+00  0.00000000E+00  0.00000000E+00  2.97285100E-02  0.
   158  1.36000001E+00  0.00000000E+00  0.00000000E+00  0.00000000E+00  3.10754751E-02  0.
   159  1.38000000E+00  0.00000000E+00  0.00000000E+00  0.00000000E+00  3.24423382E-02  0.
   160  1.39999998E+00  0.00000000E+00  0.00000000E+00  0.00000000E+00  3.38290892E-02  0.
   161  1.41999996E+00  0.00000000E+00  0.00000000E+00  0.00000000E+00  3.52357269E-02  0.
   162  1.44000006E+00  0.00000000E+00  0.00000000E+00  0.00000000E+00  3.66622551E-02  0.
   163  1.46000004E+00  0.00000000E+00  0.00000000E+00  0.00000000E+00  3.81086491E-02  0.
   164  1.48000002E+00  0.00000000E+00  0.00000000E+00  0.00000000E+00  3.95749166E-02  0.
   165  1.50000000E+00  0.00000000E+00  0.00000000E+00  0.00000000E+00  4.10610487E-02  0.
   166  1.51999998E+00  0.00000000E+00  0.00000000E+00  0.00000000E+00  4.25670427E-02  0.
   167  1.53999996E+00  0.00000000E+00  0.00000000E+00  0.00000000E+00  4.40928913E-02  0.
   168  1.55999994E+00  0.00000000E+00  0.00000000E+00  0.00000000E+00  4.56385960E-02  0.
   169  1.58000004E+00  0.00000000E+00  0.00000000E+00  0.00000000E+00  4.72041499E-02  0.
   170  1.60000002E+00  0.00000000E+00  0.00000000E+00  0.00000000E+00  4.87895386E-02  0.
   171  1.62000000E+00  0.00000000E+00  0.00000000E+00  0.00000000E+00  5.03947655E-02  0.
   172  1.63999999E+00  0.00000000E+00  0.00000000E+00  0.00000000E+00  5.20198291E-02  0.
   173  1.65999997E+00  0.00000000E+00  0.00000000E+00  0.00000000E+00  5.36647179E-02  0.
   174  1.67999995E+00  0.00000000E+00  0.00000000E+00  0.00000000E+00  5.53294285E-02  0.
   175  1.70000005E+00  0.00000000E+00  0.00000000E+00  0.00000000E+00  5.70139613E-02  0.
   176  1.72000003E+00  0.00000000E+00  0.00000000E+00  0.00000000E+00  5.87183020E-02  0.
   177  1.74000001E+00  0.00000000E+00  0.00000000E+00  0.00000000E+00  6.04424494E-02  0.
   178  1.75999999E+00  0.00000000E+00  0.00000000E+00  0.00000000E+00  6.21863929E-02  0.
   179  1.77999997E+00  0.00000000E+00  0.00000000E+00  0.00000000E+00  6.39501276E-02  0.
STEP  12 TIME  1.00020000E+04
     1 -1.77999997E+00  0.00000000E+00  0.00000000E+00  0.00000000E+00  6.28591105E-02  0.
     2 -1.75999999E+00  0.00000000E+00  0.00000000E+00  0.00000000E+00  6.10952850E-02  0.
     3 -1.74000001E+00  0.00000000E+00  0.00000000E+00  0.00000000E+00  5.93512521E-02  0.
     4 -1.72000003E+00  0.00000000E+00  0.00000000E+00  0.00000000E+00  5.76270164E-02  0.
     5 -1.70000005E+00  0.00000000E+00  0.00000000E+00  0.00000000E+00  5.59225931E-02  0.
     6 -1.67999995E+00  0.00000000E+00  0.00000000E+00  0.00000000E+00  5.42379744E-02  0.
     7 -1.65999997E+00  0.00000000E+00  0.00000000E+00  0.00000000E+00  5.25731818E-02  0.
     8 -1.63999999E+00  0.00000000E+00  0.00000000E+00  0.00000000E+00  5.09282124E-02  0.
     9 -1.62000000E+00  0.00000000E+00  0.00000000E+00  0.00000000E+00  4.93030668E-02  0.
    10 -1.60000002E+00  0.00000000E+00  0.00000000E+00  0.00000000E+00  4.76977643E-02  0.
    11 -1.58000004E+00  0.00000000E+00  0.00000000E+00  0.00000000E+00  4.61122972E-02  0.
    12 -1.55999994E+00  0.00000000E+00  0.00000000E+00  0.00000000E+00  4.45466664E-02  0.
    13 -1.53999996E+00  0.00000000E+00  0.00000000E+00  0.00000000E+00  4.30008866E-02  0.
    14 -1.51999998E+00  0.00000000E+00  0.00000000E+00  0.00000000E+00  4.14749642E-02  0.
    15 -1.50000000E+00  0.00000000E+00  0.00000000E+00  0.00000000E+00  3.99688981E-02  0.
    16 -1.48000002E+00  0.00000000E+00  0.00000000E+00  0.00000000E+00  3.84826956E-02  0.
    17 -1.46000004E+00  0.00000000E+00  0.00000000E+00  0.00000000E+00  3.70163594E-02  0.
    18 -1.44000006E+00  0.00000000E+00  0.00000000E+00  0.00000000E+00  3.55698984E-02  0.
    19 -1.41999996E+00  0.00000000E+00  0.00000000E+00  0.00000000E+00  3.41433052E-02  0.
    20 -1.39999998E+00  0.00000000E+00  0.00000000E+00  0.00000000E+00  3.27366038E-02  0.
    21 -1.38000000E+00  0.00000000E+00  0.00000000E+00  0.00000000E+00  3.13497916E-02  0.
    22 -1.36000001E+00  0.00000000E+00  0.00000000E+00  0.00000000E+00  2.99828693E-02  0.
    23 -1.34000003E+00  0.00000000E+00  0.00000000E+00  0.00000000E+00  2.86358469E-02  0.
    24 -1.32000005E+00  0.00000000E+00  0.00000000E+00  0.00000000E+00  2.73087291E-02  0.
    25 -1.29999995E+00  0.00000000E+00  0.00000000E+00  0.00000000E+00  2.60015086E-02  0.
    26 -1.27999997E+00  0.00000000E+00  0.00000000E+00  0.00000000E+00  2.47142101E-02  0.
    27 -1.25999999E+00  0.00000000E+00  0.00000000E+00  0.00000000E+00  2.34468311E-02  0.
    28 -1.24000001E+00  0.00000000E+00  0.00000000E+00  0.00000000E+00  2.21993774E-02  0.
    29 -1.22000003E+00  0.00000000E+00  0.00000000E+00  0.00000000E+00  2.09718501E-02  0.
    30 -1.20000005E+00  0.00000000E+00  0.00000000E+00  0.00000000E+00  1.97642586E-02  0.
    31 -1.17999995E+00  0.00000000E+00  0.00000000E+00  0.00000000E+00  1.85765984E-02  0.
    32 -1.15999997E+00  0.00000000E+00  0.00000000E+00  0.00000000E+00  1.74088912E-02  0.
    33 -1.13999999E+00  0.00000000E+00  0.00000000E+00  0.00000000E+00  1.62611325E-02  0.
    34 -1.12000000E+00  0.00000000E+00  0.00000000E+00  0.00000000E+00  1.51333313E-02  0.
    35 -1.10000002E+00  0.00000000E+00  0.00000000E+00  0.00000000E+00  1.40254927E-02  0.
    36 -1.08000004E+00  0.00000000E+00  0.00000000E+00  0.00000000E+00  1.29376218E-02  0.
    37 -1.05999994E+00  0.00000000E+00  0.00000000E+00  0.00000000E+00  1.18697202E-02  0.
    38 -1.03999996E+00  0.00000000E+00  0.00000000E+00  0.00000000E+00  1.08218086E-02  0.
    39 -1.01999998E+00  0.00000000E+00  0.00000000E+00  0.00000000E+00  9.79388846E-03  0.
    40 -1.00000000E+00  0.00000000E+00  0.00000000E+00  0.00000000E+00  8.78596860E-03  0.
    41 -9.80000019E-01  0.00000000E+00  0.00000000E+00  0.00000000E+00  7.79806006E-03  0.
    42 -9.59999979E-01  0.00000000E+00  0.00000000E+00  0.00000000E+00  6.83017232E-03  0.
    43 -9.39999998E-01  0.00000000E+00  0.00000000E+00  0.00000000E+00  5.88232510E-03  0.
    44 -9.20000017E-01  0.00000000E+00  0.00000000E+00  0.00000000E+00  4.95453607E-03  0.
    45 -8.99999976E-01  0.00000000E+00  0.00000000E+00  0.00000000E+00  4.04682239E-03  0.
    46 -8.79999995E-01  0.00000000E+00  0.00000000E+00  0.00000000E+00  3.15923242E-03  0.
    47 -8.60000014E-01  0.00000000E+00  0.00000000E+00  0.00000000E+00  2.29178050E-03  0.
    48 -8.39999974E-01  0.00000000E+00  0.00000000E+00  0.00000000E+00  1.44304832E-03  0.
    49 -8.19999993E-01  0.00000000E+00  0.00000000E+00  0.00000000E+00  6.12406450E-04  0.
    50 -8.00000012E-01  7.71161911E+00  0.00000000E+00  3.30061703E-06 -7.34439915E-08  2.
    51 -7.79999971E-01  6.33286051E+00  0.00000000E+00  3.39764477E-05 -6.03129572E-08  2.
    52 -7.59999990E-01  6.73892008E+00  0.00000000E+00  6.23780819E-05 -6.41801912E-08  2.
    53 -7.40000010E-01  6.63297033E+00  0.00000000E+00  8.85259184E-05 -6.31711460E-08  2.
    54 -7.20000029E-01  6.66335842E+00  0.00000000E+00  1.12430339E-04 -6.34605563E-08  2.
    55 -6.99999988E-01  6.65249545E+00  0.00000000E+00  1.34199572E-04 -6.33570996E-08  2.
    56 -6.80000007E-01  6.65751295E+00  0.00000000E+00  1.53850387E-04 -6.34048852E-08  2.
    57 -6.60000026E-01  6.65542582E+00  0.00000000E+00  1.71486076E-04 -6.33850078E-08  2.
    58 -6.39999986E-01  6.65723689E+00  0.00000000E+00  1.87125246E-04 -6.34022561E-08  2.
    59 -6.20000005E-01  6.65685169E+00  0.00000000E+00  2.00874528E-04 -6.33985875E-08  2.
    60 -6.00000024E-01  6.65895396E+00  0.00000000E+00  2.12756643E-04 -6.34186092E-08  2.
    61 -5.79999983E-01  6.65748615E+00  0.00000000E+00  2.22834302E-04 -6.34046300E-08  2.
    62 -5.60000002E-01  6.66213584E+00  0.00000000E+00  2.31157402E-04 -6.34489127E-08  2.
    63 -5.40000021E-01  6.65767127E+00  0.00000000E+00  2.37784149E-04 -6.34063930E-08  2.
    64 -5.19999981E-01  6.66471990E+00  0.00000000E+00  2.42785341E-04 -6.34735228E-08  2.
    65 -5.00000000E-01  6.65961969E+00  0.00000000E+00  2.46183709E-04 -6.34249494E-08  2.
    66 -4.79999989E-01  6.66483253E+00  0.00000000E+00  2.48129144E-04 -6.34745955E-08  2.
    67 -4.60000008E-01  6.66563312E+00  0.00000000E+00  2.48598585E-04 -6.34822202E-08  2.
    68 -4.39999998E-01  6.66302782E+00  0.00000000E+00  2.47698748E-04 -6.34574078E-08  2.
    69 -4.19999987E-01  6.66809417E+00  0.00000000E+00  2.45492659E-04 -6.35056588E-08  2.
    70 -4.00000006E-01  6.66818859E+00  0.00000000E+00  2.41956147E-04 -6.35065580E-08  2.
    71 -3.79999995E-01  6.66641563E+00  0.00000000E+00  2.37281000E-04 -6.34896727E-08  2.
    72 -3.60000014E-01  6.67059241E+00  0.00000000E+00  2.31405291E-04 -6.35294515E-08  2.
    73 -3.40000004E-01  6.67125845E+00  0.00000000E+00  2.24482570E-04 -6.35357948E-08  2.
    74 -3.19999993E-01  6.67057145E+00  0.00000000E+00  2.16531066E-04 -6.35292519E-08  2.
    75 -3.00000012E-01  6.67148648E+00  0.00000000E+00  2.07613556E-04 -6.35379664E-08  2.
    76 -2.80000001E-01  6.67381018E+00  0.00000000E+00  1.97836972E-04 -6.35600969E-08  2.
    77 -2.59999990E-01  6.67440961E+00  0.00000000E+00  1.87177140E-04 -6.35658058E-08  2.
    78 -2.39999995E-01  6.67486830E+00  0.00000000E+00  1.75740396E-04 -6.35701743E-08  2.
    79 -2.19999999E-01  6.67437707E+00  0.00000000E+00  1.63551103E-04 -6.35654959E-08  2.
    80 -2.00000003E-01  6.67572932E+00  0.00000000E+00  1.50754732E-04 -6.35783745E-08  2.
    81 -1.80000007E-01  6.67675609E+00  0.00000000E+00  1.37332557E-04 -6.35881533E-08  2.
    82 -1.59999996E-01  6.67738803E+00  0.00000000E+00  1.23388979E-04 -6.35941717E-08  2.
    83 -1.40000001E-01  6.67782236E+00  0.00000000E+00  1.08948413E-04 -6.35983082E-08  2.
    84 -1.19999997E-01  6.67810520E+00  0.00000000E+00  9.40774898E-05 -6.36010019E-08  2.
    85 -1.00000001E-01  6.67830949E+00  0.00000000E+00  7.88769506E-05 -6.36029476E-08  2.
    86 -7.99999982E-02  6.67846351E+00  0.00000000E+00  6.34045090E-05 -6.36044144E-08  2.
    87 -5.99999987E-02  6.67858898E+00  0.00000000E+00  4.76563786E-05 -6.36056093E-08  2.
    88 -3.99999991E-02  6.67868156E+00  0.00000000E+00  3.19292046E-05 -6.36064910E-08  2.
    89 -1.99999996E-02  6.67874752E+00  0.00000000E+00  1.59714521E-05 -6.36071192E-08  2.
    90  0.00000000E+00  6.67873166E+00  0.00000000E+00  1.38855772E-14 -6.36069682E-08  2.
    91  1.99999996E-02  6.67874752E+00  0.00000000E+00  1.59714521E-05 -6.36071192E-08  2.
    92  3.99999991E-02  6.67868156E+00  0.00000000E+00  3.19292046E-05 -6.36064910E-08  2.
    93  5.99999987E-02  6.67858898E+00  0.00000000E+00  4.76563786E-05 -6.36056093E-08  2.
    94  7.99999982E-02  6.67846351E+00  0.00000000E+00  6.34045090E-05 -6.36044144E-08  2.
    95  1.00000001E-01  6.67830949E+00  0.00000000E+00  7.88769506E-05 -6.36029476E-08  2.
    96  1.19999997E-01  6.67810520E+00  0.00000000E+00  9.40774898E-05 -6.36010019E-08  2.
    97  1.40000001E-01  6.67782236E+00  0.00000000E+00  1.08948413E-04 -6.35983082E-08  2.
    98  1.59999996E-01  6.67738803E+00  0.00000000E+00  1.23388979E-04 -6.35941717E-08  2.
    99  1.80000007E-01  6.67675609E+00  0.00000000E+00  1.37332557E-04 -6.35881533E-08  2.
   100  2.00000003E-01  6.67572932E+00  0.00000000E+00  1.50754732E-04 -6.35783745E-08  2.
   101  2.19999999E-01  6.67437707E+00  0.00000000E+00  1.63551103E-04 -6.35654959E-08  2.
   102  2.39999995E-01  6.67486830E+00  0.00000000E+00  1.75740396E-04 -6.35701743E-08  2.
   103  2.59999990E-01  6.67440961E+00  0.00000000E+00  1.87177140E-04 -6.35658058E-08  2.
   104  2.80000001E-01  6.67381018E+00  0.00000000E+00  1.97836972E-04 -6.35600969E-08  2.
   105  3.00000012E-01  6.67148648E+00  0.00000000E+00  2.07613556E-04 -6.35379664E-08  2.
   106  3.19999993E-01  6.67057145E+00  0.00000000E+00  2.16531066E-04 -6.35292519E-08  2.
   107  3.40000004E-01  6.67125845E+00  0.00000000E+00  2.24482570E-04 -6.35357948E-08  2.
   108  3.60000014E-01  6.67059241E+00  0.00000000E+00  2.31405291E-04 -6.35294515E-08  2.
   109  3.79999995E-01  6.66641563E+00  0.00000000E+00  2.37281000E-04 -6.34896727E-08  2.
   110  4.00000006E-01  6.66818859E+00  0.00000000E+00  2.41956147E-04 -6.35065580E-08  2.
   111  4.19999987E-01  6.66809417E+00  0.00000000E+00  2.45492659E-04 -6.35056587E-08  2.
   112  4.39999998E-01  6.66302782E+00  0.00000000E+00  2.47698748E-04 -6.34574078E-08  2.
   113  4.60000008E-01  6.66563312E+00  0.00000000E+00  2.48598585E-04 -6.34822202E-08  2.
   114  4.79999989E-01  6.66483253E+00  0.00000000E+00  2.48129144E-04 -6.34745955E-08  2.
   115  5.00000000E-01  6.65961969E+00  0.00000000E+00  2.46183709E-04 -6.34249494E-08  2.
   116  5.19999981E-01  6.66471990E+00  0.00000000E+00  2.42785341E-04 -6.34735228E-08  2.
   117  5.40000021E-01  6.65767127E+00  0.00000000E+00  2.37784149E-04 -6.34063930E-08  2.
   118  5.60000002E-01  6.66213584E+00  0.00000000E+00  2.31157402E-04 -6.34489127E-08  2.
   119  5.79999983E-01  6.65748615E+00  0.00000000E+00  2.22834302E-04 -6.34046300E-08  2.
   120  6.00000024E-01  6.65895397E+00  0.00000000E+00  2.12756643E-04 -6.34186092E-08  2.
   121  6.20000005E-01  6.65685169E+00  0.00000000E+00  2.00874528E-04 -6.33985875E-08  2.
   122  6.39999986E-01  6.65723689E+00  0.00000000E+00  1.87125246E-04 -6.34022561E-08  2.
   123  6.60000026E-01  6.65542582E+00  0.00000000E+00  1.71486076E-04 -6.33850078E-08  2.
   124  6.80000007E-01  6.65751295E+00  0.00000000E+00  1.53850387E-04 -6.34048853E-08  2.
   125  6.99999988E-01  6.65249545E+00  0.00000000E+00  1.34199572E-04 -6.33570996E-08  2.
   126  7.20000029E-01  6.66335842E+00  0.00000000E+00  1.12430339E-04 -6.34605563E-08  2.
   127  7.40000010E-01  6.63297033E+00  0.00000000E+00  8.85259184E-05 -6.31711460E-08  2.
   128  7.59999990E-01  6.73892008E+00  0.00000000E+00  6.23780819E-05 -6.41801912E-08  2.
   129  7.79999971E-01  6.33286050E+00  0.00000000E+00  3.39764477E-05 -6.03129572E-08  2.
   130  8.00000012E-01  7.71161911E+00  0.00000000E+00  3.30061703E-06 -7.34439915E-08  2.
   131  8.19999993E-01  0.00000000E+00  0.00000000E+00  0.00000000E+00  6.12406450E-04  0.
   132  8.39999974E-01  0.00000000E+00  0.00000000E+00  0.00000000E+00  1.44304832E-03  0.
   133  8.60000014E-01  0.00000000E+00  0.00000000E+00  0.00000000E+00  2.29178050E-03  0.
   134  8.79999995E-01  0.00000000E+00  0.00000000E+00  0.00000000E+00  3.15923242E-03  0.
   135  8.99999976E-01  0.00000000E+00  0.00000000E+00  0.00000000E+00  4.04682239E-03  0.
   136  9.20000017E-01  0.00000000E+00  0.00000000E+00  0.00000000E+00  4.95453607E-03  0.
   137  9.39999998E-01  0.00000000E+00  0.00000000E+00  0.00000000E+00  5.88232510E-03  0.
   138  9.59999979E-01  0.00000000E+00  0.00000000E+00  0.00000000E+00  6.83017232E-03  0.
   139  9.80000019E-01  0.00000000E+00  0.00000000E+00  0.00000000E+00  7.79806006E-03  0.
   140  1.00000000E+00  0.00000000E+00  0.00000000E+00  0.00000000E+00  8.78596860E-03  0.
   141  1.01999998E+00  0.00000000E+00  0.00000000E+00  0.00000000E+00  9.79388846E-03  0.
   142  1.03999996E+00  0.00000000E+00  0.00000000E+00  0.00000000E+00  1.08218086E-02  0.
   143  1.05999994E+00  0.00000000E+00  0.00000000E+00  0.00000000E+00  1.18697202E-02  0.
   144  1.08000004E+00  0.00000000E+00  0.00000000E+00  0.00000000E+00  1.29376218E-02  0.
   145  1.10000002E+00  0.00000000E+00  0.00000000E+00  0.00000000E+00  1.40254927E-02  0.
   146  1.12000000E+00  0.00000000E+00  0.00000000E+00  0.00000000E+00  1.51333313E-02  0.
   147  1.13999999E+00  0.00000000E+00  0.00000000E+00  0.00000000E+00  1.62611325E-02  0.
   148  1.15999997E+00  0.00000000E+00  0.00000000E+00  0.00000000E+00  1.74088912E-02  0.
   149  1.17999995E+00  0.00000000E+00  0.00000000E+00  0.00000000E+00  1.85765984E-02  0.
   150  1.20000005E+00  0.00000000E+00  0.00000000E+00  0.00000000E+00  1.97642586E-02  0.
   151  1.22000003E+00  0.00000000E+00  0.00000000E+00  0.00000000E+00  2.09718501E-02  0.
   152  1.24000001E+00  0.00000000E+00  0.00000000E+00  0.00000000E+00  2.21993774E-02  0.
   153  1.25999999E+00  0.00000000E+00  0.00000000E+00  0.00000000E+00  2.34468311E-02  0.
   154  1.27999997E+00  0.00000000E+00  0.00000000E+00  0.00000000E+00  2.47142101E-02  0.
   155  1.29999995E+00  0.00000000E+00  0.00000000E+00  0.00000000E+00  2.60015086E-02  0.
   156  1.32000005E+00  0.00000000E+00  0.00000000E+00  0.00000000E+00  2.73087291E-02  0.
   157  1.34000003E+00  0.00000000E+00  0.00000000E+00  0.00000000E+00  2.86358469E-02  0.
   158  1.36000001E+00  0.00000000E+00  0.00000000E+00  0.00000000E+00  2.99828693E-02  0.
   159  1.38000000E+00  0.00000000E+00  0.00000000E+00  0.00000000E+00  3.13497916E-02  0.
   160  1.39999998E+00  0.00000000E+00  0.00000000E+00  0.00000000E+00  3.27366038E-02  0.
   161  1.41999996E+00  0.00000000E+00  0.00000000E+00  0.00000000E+00  3.41433052E-02  0.
   162  1.44000006E+00  0.00000000E+00  0.00000000E+00  0.00000000E+00  3.55698984E-02  0.
   163  1.46000004E+00  0.00000000E+00  0.00000000E+00  0.00000000E+00  3.70163594E-02  0.
   164  1.48000002E+00  0.00000000E+00  0.00000000E+00  0.00000000E+00  3.84826956E-02  0.
   165  1.50000000E+00  0.00000000E+00  0.00000000E+00  0.00000000E+00  3.99688981E-02  0.
   166  1.51999998E+00  0.00000000E+00  0.00000000E+00  0.00000000E+00  4.14749642E-02  0.
   167  1.53999996E+00  0.00000000E+00  0.00000000E+00  0.00000000E+00  4.30008866E-02  0.
   168  1.55999994E+00  0.00000000E+00  0.00000000E+00  0.00000000E+00  4.45466664E-02  0.
   169  1.58000004E+00  0.00000000E+00  0.00000000E+00  0.00000000E+00  4.61122972E-02  0.
   170  1.60000002E+00  0.00000000E+00  0.00000000E+00  0.00000000E+00  4.76977643E-02  0.
   171  1.62000000E+00  0.00000000E+00  0.00000000E+00  0.00000000E+00  4.93030562E-02  0.
   172  1.63999999E+00  0.00000000E+00  0.00000000E+00  0.00000000E+00  5.09282166E-02  0.
   173  1.65999997E+00  0.00000000E+00  0.00000000E+00  0.00000000E+00  5.25731818E-02  0.
   174  1.67999995E+00  0.00000000E+00  0.00000000E+00  0.00000000E+00  5.42379744E-02  0.
   175  1.70000005E+00  0.00000000E+00  0.00000000E+00  0.00000000E+00  5.59225931E-02  0.
   176  1.72000003E+00  0.00000000E+00  0.00000000E+00  0.00000000E+00  5.76270164E-02  0.
   177  1.74000001E+00  0.00000000E+00  0.00000000E+00  0.00000000E+00  5.93512521E-02  0.
   178  1.75999999E+00  0.00000000E+00  0.00000000E+00  0.00000000E+00  6.10952850E-02  0.
   179  1.77999997E+00  0.00000000E+00  0.00000000E+00  0.00000000E+00  6.28591105E-02  0.
STEP  13 TIME  1.10020000E+04
     1 -1.77999997E+00  0.00000000E+00  0.00000000E+00  0.00000000E+00  6.18055547E-02  0.
     2 -1.75999999E+00  0.00000000E+00  0.00000000E+00  0.00000000E+00  6.00416391E-02  0.
     3 -1.74000001E+00  0.00000000E+00  0.00000000E+00  0.00000000E+00  5.82975173E-02  0.
     4 -1.72000003E+00  0.00000000E+00  0.00000000E+00  0.00000000E+00  5.65731957E-02  0.
     5 -1.70000005E+00  0.00000000E+00  0.00000000E+00  0.00000000E+00  5.48686883E-02  0.
     6 -1.67999995E+00  0.00000000E+00  0.00000000E+00  0.00000000E+00  5.31839849E-02  0.
     7 -1.65999997E+00  0.00000000E+00  0.00000000E+00  0.00000000E+00  5.15191134E-02  0.
     8 -1.63999999E+00  0.00000000E+00  0.00000000E+00  0.00000000E+00  4.98740497E-02  0.
     9 -1.62000000E+00  0.00000000E+00  0.00000000E+00  0.00000000E+00  4.82488350E-02  0.
    10 -1.60000002E+00  0.00000000E+00  0.00000000E+00  0.00000000E+00  4.66434516E-02  0.
    11 -1.58000004E+00  0.00000000E+00  0.00000000E+00  0.00000000E+00  4.50579053E-02  0.
    12 -1.55999994E+00  0.00000000E+00  0.00000000E+00  0.00000000E+00  4.34921965E-02  0.
    13 -1.53999996E+00  0.00000000E+00  0.00000000E+00  0.00000000E+00  4.19463402E-02  0.
    14 -1.51999998E+00  0.00000000E+00  0.00000000E+00  0.00000000E+00  4.04203425E-02  0.
    15 -1.50000000E+00  0.00000000E+00  0.00000000E+00  0.00000000E+00  3.89142026E-02  0.
    16 -1.48000002E+00  0.00000000E+00  0.00000000E+00  0.00000000E+00  3.74279274E-02  0.
    17 -1.46000004E+00  0.00000000E+00  0.00000000E+00  0.00000000E+00  3.59615202E-02  0.
    18 -1.44000006E+00  0.00000000E+00  0.00000000E+00  0.00000000E+00  3.45149895E-02  0.
    19 -1.41999996E+00  0.00000000E+00  0.00000000E+00  0.00000000E+00  3.30883281E-02  0.
    20 -1.39999998E+00  0.00000000E+00  0.00000000E+00  0.00000000E+00  3.16815597E-02  0.
    21 -1.38000000E+00  0.00000000E+00  0.00000000E+00  0.00000000E+00  3.02946825E-02  0.
    22 -1.36000001E+00  0.00000000E+00  0.00000000E+00  0.00000000E+00  2.89276967E-02  0.
    23 -1.34000003E+00  0.00000000E+00  0.00000000E+00  0.00000000E+00  2.75806123E-02  0.
    24 -1.32000005E+00  0.00000000E+00  0.00000000E+00  0.00000000E+00  2.62534341E-02  0.
    25 -1.29999995E+00  0.00000000E+00  0.00000000E+00  0.00000000E+00  2.49461551E-02  0.
    26 -1.27999997E+00  0.00000000E+00  0.00000000E+00  0.00000000E+00  2.36588002E-02  0.
    27 -1.25999999E+00  0.00000000E+00  0.00000000E+00  0.00000000E+00  2.23913687E-02  0.
    28 -1.24000001E+00  0.00000000E+00  0.00000000E+00  0.00000000E+00  2.11438611E-02  0.
    29 -1.22000003E+00  0.00000000E+00  0.00000000E+00  0.00000000E+00  1.99162842E-02  0.
    30 -1.20000005E+00  0.00000000E+00  0.00000000E+00  0.00000000E+00  1.87086451E-02  0.
    31 -1.17999995E+00  0.00000000E+00  0.00000000E+00  0.00000000E+00  1.75209383E-02  0.
    32 -1.15999997E+00  0.00000000E+00  0.00000000E+00  0.00000000E+00  1.63531886E-02  0.
    33 -1.13999999E+00  0.00000000E+00  0.00000000E+00  0.00000000E+00  1.52053897E-02  0.
    34 -1.12000000E+00  0.00000000E+00  0.00000000E+00  0.00000000E+00  1.40775509E-02  0.
    35 -1.10000002E+00  0.00000000E+00  0.00000000E+00  0.00000000E+00  1.29696781E-02  0.
    36 -1.08000004E+00  0.00000000E+00  0.00000000E+00  0.00000000E+00  1.18817769E-02  0.
    37 -1.05999994E+00  0.00000000E+00  0.00000000E+00  0.00000000E+00  1.08138494E-02  0.
    38 -1.03999996E+00  0.00000000E+00  0.00000000E+00  0.00000000E+00  9.76591677E-03  0.
    39 -1.01999998E+00  0.00000000E+00  0.00000000E+00  0.00000000E+00  8.73798165E-03  0.
    40 -1.00000000E+00  0.00000000E+00  0.00000000E+00  0.00000000E+00  7.73005377E-03  0.
    41 -9.80000019E-01  0.00000000E+00  0.00000000E+00  0.00000000E+00  6.74214601E-03  0.
    42 -9.59999979E-01  0.00000000E+00  0.00000000E+00  0.00000000E+00  5.77426940E-03  0.
    43 -9.39999998E-01  0.00000000E+00  0.00000000E+00  0.00000000E+00  4.82645002E-03  0.
    44 -9.20000017E-01  0.00000000E+00  0.00000000E+00  0.00000000E+00  3.89870343E-03  0.
    45 -8.99999976E-01  0.00000000E+00  0.00000000E+00  0.00000000E+00  2.99107113E-03  0.
    46 -8.79999995E-01  0.00000000E+00  0.00000000E+00  0.00000000E+00  2.10357263E-03  0.
    47 -8.60000014E-01  0.00000000E+00  0.00000000E+00  0.00000000E+00  1.22968511E-03  0.
    48 -8.39999974E-01  0.00000000E+00  0.00000000E+00  0.00000000E+00  4.20928273E-04  0.
    49 -8.19999993E-01  7.58226631E+00  0.00000000E+00  1.34069800E-05 -7.22120601E-08  2.
    50 -8.00000012E-01  6.14340056E+00  0.00000000E+00  4.54507604E-05 -5.85085767E-08  2.
    51 -7.79999971E-01  6.60390145E+00  0.00000000E+00  7.51400044E-05 -6.28942995E-08  2.
    52 -7.59999990E-01  6.47842149E+00  0.00000000E+00  1.02505058E-04 -6.16992522E-08  2.
    53 -7.40000010E-01  6.51060275E+00  0.00000000E+00  1.27608168E-04 -6.20057405E-08  2.
    54 -7.20000029E-01  6.50662305E+00  0.00000000E+00  1.50468032E-04 -6.19678386E-08  2.
    55 -6.99999988E-01  6.50194676E+00  0.00000000E+00  1.71190543E-04 -6.19233025E-08  2.
    56 -6.80000007E-01  6.51006153E+00  0.00000000E+00  1.89792223E-04 -6.20005860E-08  2.
    57 -6.60000026E-01  6.50157639E+00  0.00000000E+00  2.06378032E-04 -6.19197751E-08  2.
    58 -6.39999986E-01  6.50998074E+00  0.00000000E+00  2.20968408E-04 -6.19998166E-08  2.
    59 -6.20000005E-01  6.50226978E+00  0.00000000E+00  2.33675179E-04 -6.19263788E-08  2.
    60 -6.00000024E-01  6.51028430E+00  0.00000000E+00  2.44504556E-04 -6.20027076E-08  2.
    61 -5.79999983E-01  6.50220526E+00  0.00000000E+00  2.53510693E-04 -6.19257643E-08  2.
    62 -5.60000002E-01  6.51033670E+00  0.00000000E+00  2.60765146E-04 -6.20032066E-08  2.
    63 -5.40000021E-01  6.50295830E+00  0.00000000E+00  2.66329569E-04 -6.19329362E-08  2.
    64 -5.19999981E-01  6.50908706E+00  0.00000000E+00  2.70269186E-04 -6.19913054E-08  2.
    65 -5.00000000E-01  6.50641234E+00  0.00000000E+00  2.72606186E-04 -6.19658318E-08  2.
    66 -4.79999989E-01  6.50558117E+00  0.00000000E+00  2.73489879E-04 -6.19579159E-08  2.
    67 -4.60000008E-01  6.50920183E+00  0.00000000E+00  2.72896567E-04 -6.19923984E-08  2.
    68 -4.39999998E-01  6.50506807E+00  0.00000000E+00  2.70930952E-04 -6.19530292E-08  2.
    69 -4.19999987E-01  6.50748804E+00  0.00000000E+00  2.67658999E-04 -6.19760765E-08  2.
    70 -4.00000006E-01  6.50857493E+00  0.00000000E+00  2.63062192E-04 -6.19864279E-08  2.
    71 -3.79999995E-01  6.50596993E+00  0.00000000E+00  2.57333762E-04 -6.19616183E-08  2.
    72 -3.60000014E-01  6.50695688E+00  0.00000000E+00  2.50406054E-04 -6.19710179E-08  2.
    73 -3.40000004E-01  6.50826325E+00  0.00000000E+00  2.42428554E-04 -6.19834596E-08  2.
    74 -3.19999993E-01  6.50793195E+00  0.00000000E+00  2.33421489E-04 -6.19803043E-08  2.
    75 -3.00000012E-01  6.50573520E+00  0.00000000E+00  2.23448034E-04 -6.19593829E-08  2.
    76 -2.80000001E-01  6.50764823E+00  0.00000000E+00  2.12615378E-04 -6.19776022E-08  2.
    77 -2.59999990E-01  6.50794978E+00  0.00000000E+00  2.00899315E-04 -6.19804741E-08  2.
    78 -2.39999995E-01  6.50785273E+00  0.00000000E+00  1.88406283E-04 -6.19795498E-08  2.
    79 -2.19999999E-01  6.50747227E+00  0.00000000E+00  1.75160851E-04 -6.19759264E-08  2.
    80 -2.00000003E-01  6.50643964E+00  0.00000000E+00  1.61308437E-04 -6.19660918E-08  2.
    81 -1.80000007E-01  6.50718664E+00  0.00000000E+00  1.46830328E-04 -6.19732061E-08  2.
    82 -1.59999996E-01  6.50746963E+00  0.00000000E+00  1.31830949E-04 -6.19759012E-08  2.
    83 -1.40000001E-01  6.50756612E+00  0.00000000E+00  1.16334722E-04 -6.19768202E-08  2.
    84 -1.19999997E-01  6.50753047E+00  0.00000000E+00  1.00408283E-04 -6.19764806E-08  2.
    85 -1.00000001E-01  6.50742951E+00  0.00000000E+00  8.41523638E-05 -6.19755191E-08  2.
    86 -7.99999982E-02  6.50730949E+00  0.00000000E+00  6.76246697E-05 -6.19743761E-08  2.
    87 -5.99999987E-02  6.50719794E+00  0.00000000E+00  5.08213961E-05 -6.19733137E-08  2.
    88 -3.99999991E-02  6.50709687E+00  0.00000000E+00  3.40391662E-05 -6.19723511E-08  2.
    89 -1.99999996E-02  6.50703545E+00  0.00000000E+00  1.70264189E-05 -6.19717662E-08  2.
    90  0.00000000E+00  6.50691898E+00  0.00000000E+00  1.64872255E-14 -6.19706570E-08  2.
    91  1.99999996E-02  6.50703545E+00  0.00000000E+00  1.70264189E-05 -6.19717662E-08  2.
    92  3.99999991E-02  6.50709687E+00  0.00000000E+00  3.40391662E-05 -6.19723511E-08  2.
    93  5.99999987E-02  6.50719794E+00  0.00000000E+00  5.08213961E-05 -6.19733137E-08  2.
    94  7.99999982E-02  6.50730949E+00  0.00000000E+00  6.76246697E-05 -6.19743761E-08  2.
    95  1.00000001E-01  6.50742951E+00  0.00000000E+00  8.41523638E-05 -6.19755191E-08  2.
    96  1.19999997E-01  6.50753047E+00  0.00000000E+00  1.00408283E-04 -6.19764806E-08  2.
    97  1.40000001E-01  6.50756612E+00  0.00000000E+00  1.16334722E-04 -6.19768202E-08  2.
    98  1.59999996E-01  6.50746963E+00  0.00000000E+00  1.31830949E-04 -6.19759012E-08  2.
    99  1.80000007E-01  6.50718664E+00  0.00000000E+00  1.46830328E-04 -6.19732061E-08  2.
   100  2.00000003E-01  6.50643964E+00  0.00000000E+00  1.61308437E-04 -6.19660918E-08  2.
   101  2.19999999E-01  6.50747227E+00  0.00000000E+00  1.75160851E-04 -6.19759263E-08  2.
   102  2.39999995E-01  6.50785273E+00  0.00000000E+00  1.88406283E-04 -6.19795498E-08  2.
   103  2.59999990E-01  6.50794978E+00  0.00000000E+00  2.00899315E-04 -6.19804741E-08  2.
   104  2.80000001E-01  6.50764823E+00  0.00000000E+00  2.12615378E-04 -6.19776022E-08  2.
   105  3.00000012E-01  6.50573520E+00  0.00000000E+00  2.23448034E-04 -6.19593829E-08  2.
   106  3.19999993E-01  6.50793195E+00  0.00000000E+00  2.33421489E-04 -6.19803043E-08  2.
   107  3.40000004E-01  6.50826325E+00  0.00000000E+00  2.42428554E-04 -6.19834595E-08  2.
   108  3.60000014E-01  6.50695688E+00  0.00000000E+00  2.50406054E-04 -6.19710179E-08  2.
   109  3.79999995E-01  6.50596992E+00  0.00000000E+00  2.57333762E-04 -6.19616183E-08  2.
   110  4.00000006E-01  6.50857493E+00  0.00000000E+00  2.63062192E-04 -6.19864279E-08  2.
   111  4.19999987E-01  6.50748803E+00  0.00000000E+00  2.67658999E-04 -6.19760765E-08  2.
   112  4.39999998E-01  6.50506807E+00  0.00000000E+00  2.70930952E-04 -6.19530292E-08  2.
   113  4.60000008E-01  6.50920183E+00  0.00000000E+00  2.72896567E-04 -6.19923984E-08  2.
   114  4.79999989E-01  6.50558117E+00  0.00000000E+00  2.73489879E-04 -6.19579159E-08  2.
   115  5.00000000E-01  6.50641234E+00  0.00000000E+00  2.72606186E-04 -6.19658318E-08  2.
   116  5.19999981E-01  6.50908706E+00  0.00000000E+00  2.70269186E-04 -6.19913053E-08  2.
   117  5.40000021E-01  6.50295830E+00  0.00000000E+00  2.66329569E-04 -6.19329362E-08  2.
   118  5.60000002E-01  6.51033670E+00  0.00000000E+00  2.60765146E-04 -6.20032067E-08  2.
   119  5.79999983E-01  6.50220526E+00  0.00000000E+00  2.53510693E-04 -6.19257643E-08  2.
   120  6.00000024E-01  6.51028430E+00  0.00000000E+00  2.44504556E-04 -6.20027076E-08  2.
   121  6.20000005E-01  6.50226978E+00  0.00000000E+00  2.33675179E-04 -6.19263788E-08  2.
   122  6.39999986E-01  6.50998074E+00  0.00000000E+00  2.20968408E-04 -6.19998166E-08  2.
   123  6.60000026E-01  6.50157639E+00  0.00000000E+00  2.06378032E-04 -6.19197752E-08  2.
   124  6.80000007E-01  6.51006153E+00  0.00000000E+00  1.89792223E-04 -6.20005860E-08  2.
   125  6.99999988E-01  6.50194676E+00  0.00000000E+00  1.71190543E-04 -6.19233025E-08  2.
   126  7.20000029E-01  6.50662305E+00  0.00000000E+00  1.50468032E-04 -6.19678386E-08  2.
   127  7.40000010E-01  6.51060275E+00  0.00000000E+00  1.27608168E-04 -6.20057405E-08  2.
   128  7.59999990E-01  6.47842149E+00  0.00000000E+00  1.02505058E-04 -6.16992522E-08  2.
   129  7.79999971E-01  6.60390145E+00  0.00000000E+00  7.51400044E-05 -6.28942996E-08  2.
   130  8.00000012E-01  6.14340055E+00  0.00000000E+00  4.54507604E-05 -5.85085767E-08  2.
   131  8.19999993E-01  7.58226631E+00  0.00000000E+00  1.34069800E-05 -7.22120601E-08  2.
   132  8.39999974E-01  0.00000000E+00  0.00000000E+00  0.00000000E+00  4.20928273E-04  0.
   133  8.60000014E-01  0.00000000E+00  0.00000000E+00  0.00000000E+00  1.22968511E-03  0.
   134  8.79999995E-01  0.00000000E+00  0.00000000E+00  0.00000000E+00  2.10357263E-03  0.
   135  8.99999976E-01  0.00000000E+00  0.00000000E+00  0.00000000E+00  2.99107113E-03  0.
   136  9.20000017E-01  0.00000000E+00  0.00000000E+00  0.00000000E+00  3.89870343E-03  0.
   137  9.39999998E-01  0.00000000E+00  0.00000000E+00  0.00000000E+00  4.82645002E-03  0.
   138  9.59999979E-01  0.00000000E+00  0.00000000E+00  0.00000000E+00  5.77426940E-03  0.
   139  9.80000019E-01  0.00000000E+00  0.00000000E+00  0.00000000E+00  6.74214601E-03  0.
   140  1.00000000E+00  0.00000000E+00  0.00000000E+00  0.00000000E+00  7.73005377E-03  0.
   141  1.01999998E+00  0.00000000E+00  0.00000000E+00  0.00000000E+00  8.73798165E-03  0.
   142  1.03999996E+00  0.00000000E+00  0.00000000E+00  0.00000000E+00  9.76591677E-03  0.
   143  1.05999994E+00  0.00000000E+00  0.00000000E+00  0.00000000E+00  1.08138494E-02  0.
   144  1.08000004E+00  0.00000000E+00  0.00000000E+00  0.00000000E+00  1.18817769E-02  0.
   145  1.10000002E+00  0.00000000E+00  0.00000000E+00  0.00000000E+00  1.29696781E-02  0.
   146  1.12000000E+00  0.00000000E+00  0.00000000E+00  0.00000000E+00  1.40775509E-02  0.
   147  1.13999999E+00  0.00000000E+00  0.00000000E+00  0.00000000E+00  1.52053897E-02  0.
   148  1.15999997E+00  0.00000000E+00  0.00000000E+00  0.00000000E+00  1.63531886E-02  0.
   149  1.17999995E+00  0.00000000E+00  0.00000000E+00  0.00000000E+00  1.75209383E-02  0.
   150  1.20000005E+00  0.00000000E+00  0.00000000E+00  0.00000000E+00  1.87086451E-02  0.
   151  1.22000003E+00  0.00000000E+00  0.00000000E+00  0.00000000E+00  1.99162842E-02  0.
   152  1.24000001E+00  0.00000000E+00  0.00000000E+00  0.00000000E+00  2.11438611E-02  0.
   153  1.25999999E+00  0.00000000E+00  0.00000000E+00  0.00000000E+00  2.23913687E-02  0.
   154  1.27999997E+00  0.00000000E+00  0.00000000E+00  0.00000000E+00  2.36588002E-02  0.
   155  1.29999995E+00  0.00000000E+00  0.00000000E+00  0.00000000E+00  2.49461551E-02  0.
   156  1.32000005E+00  0.00000000E+00  0.00000000E+00  0.00000000E+00  2.62534341E-02  0.
   157  1.34000003E+00  0.00000000E+00  0.00000000E+00  0.00000000E+00  2.75806123E-02  0.
   158  1.36000001E+00  0.00000000E+00  0.00000000E+00  0.00000000E+00  2.89276967E-02  0.
   159  1.38000000E+00  0.00000000E+00  0.00000000E+00  0.00000000E+00  3.02946825E-02  0.
   160  1.39999998E+00  0.00000000E+00  0.00000000E+00  0.00000000E+00  3.16815597E-02  0.
   161  1.41999996E+00  0.00000000E+00  0.00000000E+00  0.00000000E+00  3.30883281E-02  0.
   162  1.44000006E+00  0.00000000E+00  0.00000000E+00  0.00000000E+00  3.45149895E-02  0.
   163  1.46000004E+00  0.00000000E+00  0.00000000E+00  0.00000000E+00  3.59615202E-02  0.
   164  1.48000002E+00  0.00000000E+00  0.00000000E+00  0.00000000E+00  3.74279274E-02  0.
   165  1.50000000E+00  0.00000000E+00  0.00000000E+00  0.00000000E+00  3.89142026E-02  0.
   166  1.51999998E+00  0.00000000E+00  0.00000000E+00  0.00000000E+00  4.04203425E-02  0.
   167  1.53999996E+00  0.00000000E+00  0.00000000E+00  0.00000000E+00  4.19463402E-02  0.
   168  1.55999994E+00  0.00000000E+00  0.00000000E+00  0.00000000E+00  4.34921965E-02  0.
   169  1.58000004E+00  0.00000000E+00  0.00000000E+00  0.00000000E+00  4.50579053E-02  0.
   170  1.60000002E+00  0.00000000E+00  0.00000000E+00  0.00000000E+00  4.66434516E-02  0.
   171  1.62000000E+00  0.00000000E+00  0.00000000E+00  0.00000000E+00  4.82488350E-02  0.
   172  1.63999999E+00  0.00000000E+00  0.00000000E+00  0.00000000E+00  4.98740530E-02  0.
   173  1.65999997E+00  0.00000000E+00  0.00000000E+00  0.00000000E+00  5.15191121E-02  0.
   174  1.67999995E+00  0.00000000E+00  0.00000000E+00  0.00000000E+00  5.31839849E-02  0.
   175  1.70000005E+00  0.00000000E+00  0.00000000E+00  0.00000000E+00  5.48686883E-02  0.
   176  1.72000003E+00  0.00000000E+00  0.00000000E+00  0.00000000E+00  5.65731957E-02  0.
   177  1.74000001E+00  0.00000000E+00  0.00000000E+00  0.00000000E+00  5.82975173E-02  0.
   178  1.75999999E+00  0.00000000E+00  0.00000000E+00  0.00000000E+00  6.00416391E-02  0.
   179  1.77999997E+00  0.00000000E+00  0.00000000E+00  0.00000000E+00  6.18055547E-02  0.
STEP  14 TIME  1.20020000E+04
     1 -1.77999997E+00  0.00000000E+00  0.00000000E+00  0.00000000E+00  6.07819919E-02  0.
     2 -1.75999999E+00  0.00000000E+00  0.00000000E+00  0.00000000E+00  5.90179890E-02  0.
     3 -1.74000001E+00  0.00000000E+00  0.00000000E+00  0.00000000E+00  5.72737809E-02  0.
     4 -1.72000003E+00  0.00000000E+00  0.00000000E+00  0.00000000E+00  5.55493792E-02  0.
     5 -1.70000005E+00  0.00000000E+00  0.00000000E+00  0.00000000E+00  5.38447868E-02  0.
     6 -1.67999995E+00  0.00000000E+00  0.00000000E+00  0.00000000E+00  5.21600032E-02  0.
     7 -1.65999997E+00  0.00000000E+00  0.00000000E+00  0.00000000E+00  5.04950471E-02  0.
     8 -1.63999999E+00  0.00000000E+00  0.00000000E+00  0.00000000E+00  4.88499170E-02  0.
     9 -1.62000000E+00  0.00000000E+00  0.00000000E+00  0.00000000E+00  4.72246168E-02  0.
    10 -1.60000002E+00  0.00000000E+00  0.00000000E+00  0.00000000E+00  4.56191555E-02  0.
    11 -1.58000004E+00  0.00000000E+00  0.00000000E+00  0.00000000E+00  4.40335326E-02  0.
    12 -1.55999994E+00  0.00000000E+00  0.00000000E+00  0.00000000E+00  4.24677483E-02  0.
    13 -1.53999996E+00  0.00000000E+00  0.00000000E+00  0.00000000E+00  4.09218180E-02  0.
    14 -1.51999998E+00  0.00000000E+00  0.00000000E+00  0.00000000E+00  3.93957475E-02  0.
    15 -1.50000000E+00  0.00000000E+00  0.00000000E+00  0.00000000E+00  3.78895362E-02  0.
    16 -1.48000002E+00  0.00000000E+00  0.00000000E+00  0.00000000E+00  3.64031910E-02  0.
    17 -1.46000004E+00  0.00000000E+00  0.00000000E+00  0.00000000E+00  3.49367152E-02  0.
    18 -1.44000006E+00  0.00000000E+00  0.00000000E+00  0.00000000E+00  3.34901172E-02  0.
    19 -1.41999996E+00  0.00000000E+00  0.00000000E+00  0.00000000E+00  3.20633900E-02  0.
    20 -1.39999998E+00  0.00000000E+00  0.00000000E+00  0.00000000E+00  3.06565574E-02  0.
    21 -1.38000000E+00  0.00000000E+00  0.00000000E+00  0.00000000E+00  2.92696174E-02  0.
    22 -1.36000001E+00  0.00000000E+00  0.00000000E+00  0.00000000E+00  2.79025705E-02  0.
    23 -1.34000003E+00  0.00000000E+00  0.00000000E+00  0.00000000E+00  2.65554267E-02  0.
    24 -1.32000005E+00  0.00000000E+00  0.00000000E+00  0.00000000E+00  2.52281906E-02  0.
    25 -1.29999995E+00  0.00000000E+00  0.00000000E+00  0.00000000E+00  2.39208557E-02  0.
    26 -1.27999997E+00  0.00000000E+00  0.00000000E+00  0.00000000E+00  2.26334492E-02  0.
    27 -1.25999999E+00  0.00000000E+00  0.00000000E+00  0.00000000E+00  2.13659643E-02  0.
    28 -1.24000001E+00  0.00000000E+00  0.00000000E+00  0.00000000E+00  2.01184075E-02  0.
    29 -1.22000003E+00  0.00000000E+00  0.00000000E+00  0.00000000E+00  1.88907836E-02  0.
    30 -1.20000005E+00  0.00000000E+00  0.00000000E+00  0.00000000E+00  1.76830988E-02  0.
    31 -1.17999995E+00  0.00000000E+00  0.00000000E+00  0.00000000E+00  1.64953488E-02  0.
    32 -1.15999997E+00  0.00000000E+00  0.00000000E+00  0.00000000E+00  1.53275601E-02  0.
    33 -1.13999999E+00  0.00000000E+00  0.00000000E+00  0.00000000E+00  1.41797238E-02  0.
    34 -1.12000000E+00  0.00000000E+00  0.00000000E+00  0.00000000E+00  1.30518510E-02  0.
    35 -1.10000002E+00  0.00000000E+00  0.00000000E+00  0.00000000E+00  1.19439478E-02  0.
    36 -1.08000004E+00  0.00000000E+00  0.00000000E+00  0.00000000E+00  1.08560206E-02  0.
    37 -1.05999994E+00  0.00000000E+00  0.00000000E+00  0.00000000E+00  9.78807196E-03  0.
    38 -1.03999996E+00  0.00000000E+00  0.00000000E+00  0.00000000E+00  8.74012407E-03  0.
    39 -1.01999998E+00  0.00000000E+00  0.00000000E+00  0.00000000E+00  7.71218046E-03  0.
    40 -1.00000000E+00  0.00000000E+00  0.00000000E+00  0.00000000E+00  6.70425269E-03  0.
    41 -9.80000019E-01  0.00000000E+00  0.00000000E+00  0.00000000E+00  5.71635517E-03  0.
    42 -9.59999979E-01  0.00000000E+00  0.00000000E+00  0.00000000E+00  4.74850514E-03  0.
    43 -9.39999998E-01  0.00000000E+00  0.00000000E+00  0.00000000E+00  3.80072661E-03  0.
    44 -9.20000017E-01  0.00000000E+00  0.00000000E+00  0.00000000E+00  2.87305917E-03  0.
    45 -8.99999976E-01  0.00000000E+00  0.00000000E+00  0.00000000E+00  1.96551532E-03  0.
    46 -8.79999995E-01  0.00000000E+00  0.00000000E+00  0.00000000E+00  1.06744447E-03  0.
    47 -8.60000014E-01  0.00000000E+00  0.00000000E+00  0.00000000E+00  2.73067085E-04  0.
    48 -8.39999974E-01  7.46888944E+00  0.00000000E+00  2.19092642E-05 -7.11322804E-08  2.
    49 -8.19999993E-01  5.97297604E+00  0.00000000E+00  5.54093683E-05 -5.68854861E-08  2.
    50 -8.00000012E-01  6.45327384E+00  0.00000000E+00  8.64736568E-05 -6.14597508E-08  2.
    51 -7.79999971E-01  6.32445999E+00  0.00000000E+00  1.15150507E-04 -6.02329523E-08  2.
    52 -7.59999990E-01  6.35646064E+00  0.00000000E+00  1.41501726E-04 -6.05377203E-08  2.
    53 -7.40000010E-01  6.35099268E+00  0.00000000E+00  1.65589411E-04 -6.04856446E-08  2.
    54 -7.20000029E-01  6.35183893E+00  0.00000000E+00  1.87431631E-04 -6.04937041E-08  2.
    55 -6.99999988E-01  6.35060966E+00  0.00000000E+00  2.07134494E-04 -6.04819968E-08  2.
    56 -6.80000007E-01  6.35428646E+00  0.00000000E+00  2.24716171E-04 -6.05170139E-08  2.
    57 -6.60000026E-01  6.34906663E+00  0.00000000E+00  2.40288481E-04 -6.04673012E-08  2.
    58 -6.39999986E-01  6.35580587E+00  0.00000000E+00  2.53862017E-04 -6.05314844E-08  2.
    59 -6.20000005E-01  6.34891250E+00  0.00000000E+00  2.65530494E-04 -6.04658333E-08  2.
    60 -6.00000024E-01  6.35584679E+00  0.00000000E+00  2.75318597E-04 -6.05318742E-08  2.
    61 -5.79999983E-01  6.35025869E+00  0.00000000E+00  2.83292355E-04 -6.04786542E-08  2.
    62 -5.60000002E-01  6.35442538E+00  0.00000000E+00  2.89515308E-04 -6.05183369E-08  2.
    63 -5.40000021E-01  6.35278499E+00  0.00000000E+00  2.94048298E-04 -6.05027142E-08  2.
    64 -5.19999981E-01  6.35172796E+00  0.00000000E+00  2.96956112E-04 -6.04926473E-08  2.
    65 -5.00000000E-01  6.35575674E+00  0.00000000E+00  2.98260166E-04 -6.05310166E-08  2.
    66 -4.79999989E-01  6.35008447E+00  0.00000000E+00  2.98106967E-04 -6.04769950E-08  2.
    67 -4.60000008E-01  6.35518141E+00  0.00000000E+00  2.96478305E-04 -6.05255373E-08  2.
    68 -4.39999998E-01  6.35406087E+00  0.00000000E+00  2.93486498E-04 -6.05148654E-08  2.
    69 -4.19999987E-01  6.35140207E+00  0.00000000E+00  2.89192325E-04 -6.04895435E-08  2.
    70 -4.00000006E-01  6.35494453E+00  0.00000000E+00  2.83571486E-04 -6.05232813E-08  2.
    71 -3.79999995E-01  6.35438463E+00  0.00000000E+00  2.76817514E-04 -6.05179489E-08  2.
    72 -3.60000014E-01  6.35156734E+00  0.00000000E+00  2.68863697E-04 -6.04911175E-08  2.
    73 -3.40000004E-01  6.35451994E+00  0.00000000E+00  2.59859785E-04 -6.05192376E-08  2.
    74 -3.19999993E-01  6.35437957E+00  0.00000000E+00  2.49826192E-04 -6.05179007E-08  2.
    75 -3.00000012E-01  6.35397814E+00  0.00000000E+00  2.38826190E-04 -6.05140775E-08  2.
    76 -2.80000001E-01  6.35220685E+00  0.00000000E+00  2.26967108E-04 -6.04972081E-08  2.
    77 -2.59999990E-01  6.35419814E+00  0.00000000E+00  2.14224610E-04 -6.05161728E-08  2.
    78 -2.39999995E-01  6.35424668E+00  0.00000000E+00  2.00705226E-04 -6.05166350E-08  2.
    79 -2.19999999E-01  6.35417390E+00  0.00000000E+00  1.86433704E-04 -6.05159419E-08  2.
    80 -2.00000003E-01  6.35380404E+00  0.00000000E+00  1.71555398E-04 -6.05124194E-08  2.
    81 -1.80000007E-01  6.35305561E+00  0.00000000E+00  1.56051623E-04 -6.05052915E-08  2.
    82 -1.59999996E-01  6.35329786E+00  0.00000000E+00  1.40026806E-04 -6.05075986E-08  2.
    83 -1.40000001E-01  6.35371163E+00  0.00000000E+00  1.23505385E-04 -6.05115393E-08  2.
    84 -1.19999997E-01  6.35377734E+00  0.00000000E+00  1.06553999E-04 -6.05121652E-08  2.
    85 -1.00000001E-01  6.35378284E+00  0.00000000E+00  8.92733635E-05 -6.05122175E-08  2.
    86 -7.99999982E-02  6.35370853E+00  0.00000000E+00  7.17211726E-05 -6.05115098E-08  2.
    87 -5.99999987E-02  6.35361793E+00  0.00000000E+00  5.38935917E-05 -6.05106470E-08  2.
    88 -3.99999991E-02  6.35350998E+00  0.00000000E+00  3.60872072E-05 -6.05096189E-08  2.
    89 -1.99999996E-02  6.35343431E+00  0.00000000E+00  1.80504143E-05 -6.05088982E-08  2.
    90  0.00000000E+00  6.35327911E+00  0.00000000E+00  1.92021032E-14 -6.05074201E-08  2.
    91  1.99999996E-02  6.35343431E+00  0.00000000E+00  1.80504143E-05 -6.05088982E-08  2.
    92  3.99999991E-02  6.35350998E+00  0.00000000E+00  3.60872072E-05 -6.05096189E-08  2.
    93  5.99999987E-02  6.35361793E+00  0.00000000E+00  5.38935917E-05 -6.05106470E-08  2.
    94  7.99999982E-02  6.35370853E+00  0.00000000E+00  7.17211726E-05 -6.05115098E-08  2.
    95  1.00000001E-01  6.35378284E+00  0.00000000E+00  8.92733635E-05 -6.05122175E-08  2.
    96  1.19999997E-01  6.35377734E+00  0.00000000E+00  1.06553999E-04 -6.05121652E-08  2.
    97  1.40000001E-01  6.35371163E+00  0.00000000E+00  1.23505385E-04 -6.05115393E-08  2.
    98  1.59999996E-01  6.35329786E+00  0.00000000E+00  1.40026806E-04 -6.05075986E-08  2.
    99  1.80000007E-01  6.35305561E+00  0.00000000E+00  1.56051623E-04 -6.05052915E-08  2.
   100  2.00000003E-01  6.35380404E+00  0.00000000E+00  1.71555398E-04 -6.05124194E-08  2.
   101  2.19999999E-01  6.35417390E+00  0.00000000E+00  1.86433704E-04 -6.05159419E-08  2.
   102  2.39999995E-01  6.35424668E+00  0.00000000E+00  2.00705226E-04 -6.05166350E-08  2.
   103  2.59999990E-01  6.35419814E+00  0.00000000E+00  2.14224610E-04 -6.05161728E-08  2.
   104  2.80000001E-01  6.35220685E+00  0.00000000E+00  2.26967108E-04 -6.04972081E-08  2.
   105  3.00000012E-01  6.35397814E+00  0.00000000E+00  2.38826190E-04 -6.05140775E-08  2.
   106  3.19999993E-01  6.35437957E+00  0.00000000E+00  2.49826192E-04 -6.05179007E-08  2.
   107  3.40000004E-01  6.35451994E+00  0.00000000E+00  2.59859785E-04 -6.05192376E-08  2.
   108  3.60000014E-01  6.35156734E+00  0.00000000E+00  2.68863697E-04 -6.04911175E-08  2.
   109  3.79999995E-01  6.35438463E+00  0.00000000E+00  2.76817514E-04 -6.05179489E-08  2.
   110  4.00000006E-01  6.35494453E+00  0.00000000E+00  2.83571486E-04 -6.05232812E-08  2.
   111  4.19999987E-01  6.35140207E+00  0.00000000E+00  2.89192325E-04 -6.04895435E-08  2.
   112  4.39999998E-01  6.35406087E+00  0.00000000E+00  2.93486498E-04 -6.05148654E-08  2.
   113  4.60000008E-01  6.35518142E+00  0.00000000E+00  2.96478305E-04 -6.05255373E-08  2.
   114  4.79999989E-01  6.35008447E+00  0.00000000E+00  2.98106967E-04 -6.04769950E-08  2.
   115  5.00000000E-01  6.35575674E+00  0.00000000E+00  2.98260166E-04 -6.05310166E-08  2.
   116  5.19999981E-01  6.35172796E+00  0.00000000E+00  2.96956112E-04 -6.04926473E-08  2.
   117  5.40000021E-01  6.35278499E+00  0.00000000E+00  2.94048298E-04 -6.05027142E-08  2.
   118  5.60000002E-01  6.35442538E+00  0.00000000E+00  2.89515308E-04 -6.05183369E-08  2.
   119  5.79999983E-01  6.35025869E+00  0.00000000E+00  2.83292355E-04 -6.04786542E-08  2.
   120  6.00000024E-01  6.35584679E+00  0.00000000E+00  2.75318597E-04 -6.05318742E-08  2.
   121  6.20000005E-01  6.34891250E+00  0.00000000E+00  2.65530494E-04 -6.04658333E-08  2.
   122  6.39999986E-01  6.35580587E+00  0.00000000E+00  2.53862017E-04 -6.05314844E-08  2.
   123  6.60000026E-01  6.34906663E+00  0.00000000E+00  2.40288481E-04 -6.04673012E-08  2.
   124  6.80000007E-01  6.35428646E+00  0.00000000E+00  2.24716171E-04 -6.05170139E-08  2.
   125  6.99999988E-01  6.35060966E+00  0.00000000E+00  2.07134494E-04 -6.04819968E-08  2.
   126  7.20000029E-01  6.35183893E+00  0.00000000E+00  1.87431631E-04 -6.04937041E-08  2.
   127  7.40000010E-01  6.35099268E+00  0.00000000E+00  1.65589411E-04 -6.04856446E-08  2.
   128  7.59999990E-01  6.35646063E+00  0.00000000E+00  1.41501726E-04 -6.05377203E-08  2.
   129  7.79999971E-01  6.32445999E+00  0.00000000E+00  1.15150507E-04 -6.02329523E-08  2.
   130  8.00000012E-01  6.45327384E+00  0.00000000E+00  8.64736568E-05 -6.14597508E-08  2.
   131  8.19999993E-01  5.97297604E+00  0.00000000E+00  5.54093683E-05 -5.68854861E-08  2.
   132  8.39999974E-01  7.46888944E+00  0.00000000E+00  2.19092642E-05 -7.11322804E-08  2.
   133  8.60000014E-01  0.00000000E+00  0.00000000E+00  0.00000000E+00  2.73067085E-04  0.
   134  8.79999995E-01  0.00000000E+00  0.00000000E+00  0.00000000E+00  1.06744447E-03  0.
   135  8.99999976E-01  0.00000000E+00  0.00000000E+00  0.00000000E+00  1.96551532E-03  0.
   136  9.20000017E-01  0.00000000E+00  0.00000000E+00  0.00000000E+00  2.87305917E-03  0.
   137  9.39999998E-01  0.00000000E+00  0.00000000E+00  0.00000000E+00  3.80072661E-03  0.
   138  9.59999979E-01  0.00000000E+00  0.00000000E+00  0.00000000E+00  4.74850514E-03  0.
   139  9.80000019E-01  0.00000000E+00  0.00000000E+00  0.00000000E+00  5.71635517E-03  0.
   140  1.00000000E+00  0.00000000E+00  0.00000000E+00  0.00000000E+00  6.70425269E-03  0.
   141  1.01999998E+00  0.00000000E+00  0.00000000E+00  0.00000000E+00  7.71218046E-03  0.
   142  1.03999996E+00  0.00000000E+00  0.00000000E+00  0.00000000E+00  8.74012407E-03  0.
   143  1.05999994E+00  0.00000000E+00  0.00000000E+00  0.00000000E+00  9.78807196E-03  0.
   144  1.08000004E+00  0.00000000E+00  0.00000000E+00  0.00000000E+00  1.08560206E-02  0.
   145  1.10000002E+00  0.00000000E+00  0.00000000E+00  0.00000000E+00  1.19439478E-02  0.
   146  1.12000000E+00  0.00000000E+00  0.00000000E+00  0.00000000E+00  1.30518510E-02  0.
   147  1.13999999E+00  0.00000000E+00  0.00000000E+00  0.00000000E+00  1.41797238E-02  0.
   148  1.15999997E+00  0.00000000E+00  0.00000000E+00  0.00000000E+00  1.53275601E-02  0.
   149  1.17999995E+00  0.00000000E+00  0.00000000E+00  0.00000000E+00  1.64953488E-02  0.
   150  1.20000005E+00  0.00000000E+00  0.00000000E+00  0.00000000E+00  1.76830988E-02  0.
   151  1.22000003E+00  0.00000000E+00  0.00000000E+00  0.00000000E+00  1.88907836E-02  0.
   152  1.24000001E+00  0.00000000E+00  0.00000000E+00  0.00000000E+00  2.01184075E-02  0.
   153  1.25999999E+00  0.00000000E+00  0.00000000E+00  0.00000000E+00  2.13659643E-02  0.
   154  1.27999997E+00  0.00000000E+00  0.00000000E+00  0.00000000E+00  2.26334492E-02  0.
   155  1.29999995E+00  0.00000000E+00  0.00000000E+00  0.00000000E+00  2.39208557E-02  0.
   156  1.32000005E+00  0.00000000E+00  0.00000000E+00  0.00000000E+00  2.52281906E-02  0.
   157  1.34000003E+00  0.00000000E+00  0.00000000E+00  0.00000000E+00  2.65554267E-02  0.
   158  1.36000001E+00  0.00000000E+00  0.00000000E+00  0.00000000E+00  2.79025705E-02  0.
   159  1.38000000E+00  0.00000000E+00  0.00000000E+00  0.00000000E+00  2.92696174E-02  0.
   160  1.39999998E+00  0.00000000E+00  0.00000000E+00  0.00000000E+00  3.06565574E-02  0.
   161  1.41999996E+00  0.00000000E+00  0.00000000E+00  0.00000000E+00  3.20633900E-02  0.
   162  1.44000006E+00  0.00000000E+00  0.00000000E+00  0.00000000E+00  3.34901172E-02  0.
   163  1.46000004E+00  0.00000000E+00  0.00000000E+00  0.00000000E+00  3.49367152E-02  0.
   164  1.48000002E+00  0.00000000E+00  0.00000000E+00  0.00000000E+00  3.64031910E-02  0.
   165  1.50000000E+00  0.00000000E+00  0.00000000E+00  0.00000000E+00  3.78895362E-02  0.
   166  1.51999998E+00  0.00000000E+00  0.00000000E+00  0.00000000E+00  3.93957475E-02  0.
   167  1.53999996E+00  0.00000000E+00  0.00000000E+00  0.00000000E+00  4.09218180E-02  0.
   168  1.55999994E+00  0.00000000E+00  0.00000000E+00  0.00000000E+00  4.24677483E-02  0.
   169  1.58000004E+00  0.00000000E+00  0.00000000E+00  0.00000000E+00  4.40335326E-02  0.
   170  1.60000002E+00  0.00000000E+00  0.00000000E+00  0.00000000E+00  4.56191555E-02  0.
   171  1.62000000E+00  0.00000000E+00  0.00000000E+00  0.00000000E+00  4.72246168E-02  0.
   172  1.63999999E+00  0.00000000E+00  0.00000000E+00  0.00000000E+00  4.88499170E-02  0.
   173  1.65999997E+00  0.00000000E+00  0.00000000E+00  0.00000000E+00  5.04950471E-02  0.
   174  1.67999995E+00  0.00000000E+00  0.00000000E+00  0.00000000E+00  5.21600032E-02  0.
   175  1.70000005E+00  0.00000000E+00  0.00000000E+00  0.00000000E+00  5.38447868E-02  0.
   176  1.72000003E+00  0.00000000E+00  0.00000000E+00  0.00000000E+00  5.55493792E-02  0.
   177  1.74000001E+00  0.00000000E+00  0.00000000E+00  0.00000000E+00  5.72737809E-02  0.
   178  1.75999999E+00  0.00000000E+00  0.00000000E+00  0.00000000E+00  5.90179890E-02  0.
   179  1.77999997E+00  0.00000000E+00  0.00000000E+00  0.00000000E+00  6.07819919E-02  0.
STEP  15 TIME  1.30020000E+04
     1 -1.77999997E+00  0.00000000E+00  0.00000000E+00  0.00000000E+00  5.97859115E-02  0.
     2 -1.75999999E+00  0.00000000E+00  0.00000000E+00  0.00000000E+00  5.80218239E-02  0.
     3 -1.74000001E+00  0.00000000E+00  0.00000000E+00  0.00000000E+00  5.62775367E-02  0.
     4 -1.72000003E+00  0.00000000E+00  0.00000000E+00  0.00000000E+00  5.45530510E-02  0.
     5 -1.70000005E+00  0.00000000E+00  0.00000000E+00  0.00000000E+00  5.28483794E-02  0.
     6 -1.67999995E+00  0.00000000E+00  0.00000000E+00  0.00000000E+00  5.11635169E-02  0.
     7 -1.65999997E+00  0.00000000E+00  0.00000000E+00  0.00000000E+00  4.94984833E-02  0.
     8 -1.63999999E+00  0.00000000E+00  0.00000000E+00  0.00000000E+00  4.78532776E-02  0.
     9 -1.62000000E+00  0.00000000E+00  0.00000000E+00  0.00000000E+00  4.62279007E-02  0.
    10 -1.60000002E+00  0.00000000E+00  0.00000000E+00  0.00000000E+00  4.46223639E-02  0.
    11 -1.58000004E+00  0.00000000E+00  0.00000000E+00  0.00000000E+00  4.30366668E-02  0.
    12 -1.55999994E+00  0.00000000E+00  0.00000000E+00  0.00000000E+00  4.14708095E-02  0.
    13 -1.53999996E+00  0.00000000E+00  0.00000000E+00  0.00000000E+00  3.99248077E-02  0.
    14 -1.51999998E+00  0.00000000E+00  0.00000000E+00  0.00000000E+00  3.83986667E-02  0.
    15 -1.50000000E+00  0.00000000E+00  0.00000000E+00  0.00000000E+00  3.68923863E-02  0.
    16 -1.48000002E+00  0.00000000E+00  0.00000000E+00  0.00000000E+00  3.54059735E-02  0.
    17 -1.46000004E+00  0.00000000E+00  0.00000000E+00  0.00000000E+00  3.39394314E-02  0.
    18 -1.44000006E+00  0.00000000E+00  0.00000000E+00  0.00000000E+00  3.24927685E-02  0.
    19 -1.41999996E+00  0.00000000E+00  0.00000000E+00  0.00000000E+00  3.10659779E-02  0.
    20 -1.39999998E+00  0.00000000E+00  0.00000000E+00  0.00000000E+00  2.96590835E-02  0.
    21 -1.38000000E+00  0.00000000E+00  0.00000000E+00  0.00000000E+00  2.82720831E-02  0.
    22 -1.36000001E+00  0.00000000E+00  0.00000000E+00  0.00000000E+00  2.69049775E-02  0.
    23 -1.34000003E+00  0.00000000E+00  0.00000000E+00  0.00000000E+00  2.55577767E-02  0.
    24 -1.32000005E+00  0.00000000E+00  0.00000000E+00  0.00000000E+00  2.42304852E-02  0.
    25 -1.29999995E+00  0.00000000E+00  0.00000000E+00  0.00000000E+00  2.29230981E-02  0.
    26 -1.27999997E+00  0.00000000E+00  0.00000000E+00  0.00000000E+00  2.16356409E-02  0.
    27 -1.25999999E+00  0.00000000E+00  0.00000000E+00  0.00000000E+00  2.03681062E-02  0.
    28 -1.24000001E+00  0.00000000E+00  0.00000000E+00  0.00000000E+00  1.91205029E-02  0.
    29 -1.22000003E+00  0.00000000E+00  0.00000000E+00  0.00000000E+00  1.78928346E-02  0.
    30 -1.20000005E+00  0.00000000E+00  0.00000000E+00  0.00000000E+00  1.66851063E-02  0.
    31 -1.17999995E+00  0.00000000E+00  0.00000000E+00  0.00000000E+00  1.54973182E-02  0.
    32 -1.15999997E+00  0.00000000E+00  0.00000000E+00  0.00000000E+00  1.43294923E-02  0.
    33 -1.13999999E+00  0.00000000E+00  0.00000000E+00  0.00000000E+00  1.31816222E-02  0.
    34 -1.12000000E+00  0.00000000E+00  0.00000000E+00  0.00000000E+00  1.20537192E-02  0.
    35 -1.10000002E+00  0.00000000E+00  0.00000000E+00  0.00000000E+00  1.09457901E-02  0.
    36 -1.08000004E+00  0.00000000E+00  0.00000000E+00  0.00000000E+00  9.85784176E-03  0.
    37 -1.05999994E+00  0.00000000E+00  0.00000000E+00  0.00000000E+00  8.78987767E-03  0.
    38 -1.03999996E+00  0.00000000E+00  0.00000000E+00  0.00000000E+00  7.74192099E-03  0.
    39 -1.01999998E+00  0.00000000E+00  0.00000000E+00  0.00000000E+00  6.71397701E-03  0.
    40 -1.00000000E+00  0.00000000E+00  0.00000000E+00  0.00000000E+00  5.70605878E-03  0.
    41 -9.80000019E-01  0.00000000E+00  0.00000000E+00  0.00000000E+00  4.71818668E-03  0.
    42 -9.59999979E-01  0.00000000E+00  0.00000000E+00  0.00000000E+00  3.75037628E-03  0.
    43 -9.39999998E-01  0.00000000E+00  0.00000000E+00  0.00000000E+00  2.80267486E-03  0.
    44 -9.20000017E-01  0.00000000E+00  0.00000000E+00  0.00000000E+00  1.87509311E-03  0.
    45 -8.99999976E-01  0.00000000E+00  0.00000000E+00  0.00000000E+00  9.53762123E-04  0.
    46 -8.79999995E-01  0.00000000E+00  0.00000000E+00  0.00000000E+00  1.66226429E-04  0.
    47 -8.60000014E-01  7.34888989E+00  0.00000000E+00  2.87604645E-05 -6.99894275E-08  2.
    48 -8.39999974E-01  5.80125259E+00  0.00000000E+00  6.38025711E-05 -5.52500246E-08  2.
    49 -8.19999993E-01  6.31512194E+00  0.00000000E+00  9.63292855E-05 -6.01440185E-08  2.
    50 -8.00000012E-01  6.17380696E+00  0.00000000E+00  1.26408606E-04 -5.87981616E-08  2.
    51 -7.79999971E-01  6.21478245E+00  0.00000000E+00  1.54098464E-04 -5.91884043E-08  2.
    52 -7.59999990E-01  6.20029998E+00  0.00000000E+00  1.79461047E-04 -5.90504760E-08  2.
    53 -7.40000010E-01  6.21028524E+00  0.00000000E+00  2.02557715E-04 -5.91455737E-08  2.
    54 -7.20000029E-01  6.20122786E+00  0.00000000E+00  2.23407628E-04 -5.90593130E-08  2.
    55 -6.99999988E-01  6.20932899E+00  0.00000000E+00  2.42120220E-04 -5.91364666E-08  2.
    56 -6.80000007E-01  6.20351004E+00  0.00000000E+00  2.58716327E-04 -5.90810480E-08  2.
    57 -6.60000026E-01  6.20777395E+00  0.00000000E+00  2.73287280E-04 -5.91216567E-08  2.
    58 -6.39999986E-01  6.20489977E+00  0.00000000E+00  2.85845821E-04 -5.90942835E-08  2.
    59 -6.20000005E-01  6.20754102E+00  0.00000000E+00  2.96507246E-04 -5.91194382E-08  2.
    60 -6.00000024E-01  6.20493093E+00  0.00000000E+00  3.05291173E-04 -5.90945803E-08  2.
    61 -5.79999983E-01  6.20872511E+00  0.00000000E+00  3.12260948E-04 -5.91307153E-08  2.
    62 -5.60000002E-01  6.20395192E+00  0.00000000E+00  3.17479654E-04 -5.90852564E-08  2.
    63 -5.40000021E-01  6.21010848E+00  0.00000000E+00  3.21007149E-04 -5.91438903E-08  2.
    64 -5.19999981E-01  6.20324391E+00  0.00000000E+00  3.22905391E-04 -5.90785134E-08  2.
    65 -5.00000000E-01  6.20949166E+00  0.00000000E+00  3.23201698E-04 -5.91380158E-08  2.
    66 -4.79999989E-01  6.20642669E+00  0.00000000E+00  3.22051257E-04 -5.91088257E-08  2.
    67 -4.60000008E-01  6.20595041E+00  0.00000000E+00  3.19428183E-04 -5.91042896E-08  2.
    68 -4.39999998E-01  6.20916782E+00  0.00000000E+00  3.15438623E-04 -5.91349316E-08  2.
    69 -4.19999987E-01  6.20583768E+00  0.00000000E+00  3.10145780E-04 -5.91032160E-08  2.
    70 -4.00000006E-01  6.20699108E+00  0.00000000E+00  3.03525761E-04 -5.91142007E-08  2.
    71 -3.79999995E-01  6.20858474E+00  0.00000000E+00  2.95772355E-04 -5.91293784E-08  2.
    72 -3.60000014E-01  6.20722824E+00  0.00000000E+00  2.86819017E-04 -5.91164594E-08  2.
    73 -3.40000004E-01  6.20601501E+00  0.00000000E+00  2.76815571E-04 -5.91049048E-08  2.
    74 -3.19999993E-01  6.20833154E+00  0.00000000E+00  2.65782466E-04 -5.91269671E-08  2.
    75 -3.00000012E-01  6.20801974E+00  0.00000000E+00  2.53783062E-04 -5.91239975E-08  2.
    76 -2.80000001E-01  6.20739997E+00  0.00000000E+00  2.40924803E-04 -5.91180950E-08  2.
    77 -2.59999990E-01  6.20618569E+00  0.00000000E+00  2.27183241E-04 -5.91065304E-08  2.
    78 -2.39999995E-01  6.20780195E+00  0.00000000E+00  2.12664956E-04 -5.91219233E-08  2.
    79 -2.19999999E-01  6.20788763E+00  0.00000000E+00  1.97395004E-04 -5.91227393E-08  2.
    80 -2.00000003E-01  6.20773552E+00  0.00000000E+00  1.81517948E-04 -5.91212907E-08  2.
    81 -1.80000007E-01  6.20753176E+00  0.00000000E+00  1.65020692E-04 -5.91193501E-08  2.
    82 -1.59999996E-01  6.20729080E+00  0.00000000E+00  1.48001671E-04 -5.91170552E-08  2.
    83 -1.40000001E-01  6.20666284E+00  0.00000000E+00  1.30482480E-04 -5.91110746E-08  2.
    84 -1.19999997E-01  6.20721758E+00  0.00000000E+00  1.12534081E-04 -5.91163579E-08  2.
    85 -1.00000001E-01  6.20725573E+00  0.00000000E+00  9.42564641E-05 -5.91167212E-08  2.
    86 -7.99999982E-02  6.20730112E+00  0.00000000E+00  7.57074549E-05 -5.91171535E-08  2.
    87 -5.99999987E-02  6.20725524E+00  0.00000000E+00  5.68831829E-05 -5.91167166E-08  2.
    88 -3.99999991E-02  6.20717668E+00  0.00000000E+00  3.80802092E-05 -5.91159684E-08  2.
    89 -1.99999996E-02  6.20710938E+00  0.00000000E+00  1.90468974E-05 -5.91153275E-08  2.
    90  0.00000000E+00  6.20695787E+00  0.00000000E+00  2.21520213E-14 -5.91138845E-08  2.
    91  1.99999996E-02  6.20710938E+00  0.00000000E+00  1.90468974E-05 -5.91153275E-08  2.
    92  3.99999991E-02  6.20717668E+00  0.00000000E+00  3.80802092E-05 -5.91159684E-08  2.
    93  5.99999987E-02  6.20725524E+00  0.00000000E+00  5.68831829E-05 -5.91167166E-08  2.
    94  7.99999982E-02  6.20730112E+00  0.00000000E+00  7.57074549E-05 -5.91171535E-08  2.
    95  1.00000001E-01  6.20725573E+00  0.00000000E+00  9.42564641E-05 -5.91167212E-08  2.
    96  1.19999997E-01  6.20721758E+00  0.00000000E+00  1.12534081E-04 -5.91163579E-08  2.
    97  1.40000001E-01  6.20666284E+00  0.00000000E+00  1.30482480E-04 -5.91110746E-08  2.
    98  1.59999996E-01  6.20729080E+00  0.00000000E+00  1.48001671E-04 -5.91170552E-08  2.
    99  1.80000007E-01  6.20753176E+00  0.00000000E+00  1.65020692E-04 -5.91193501E-08  2.
   100  2.00000003E-01  6.20773552E+00  0.00000000E+00  1.81517948E-04 -5.91212907E-08  2.
   101  2.19999999E-01  6.20788763E+00  0.00000000E+00  1.97395004E-04 -5.91227393E-08  2.
   102  2.39999995E-01  6.20780195E+00  0.00000000E+00  2.12664956E-04 -5.91219233E-08  2.
   103  2.59999990E-01  6.20618569E+00  0.00000000E+00  2.27183241E-04 -5.91065304E-08  2.
   104  2.80000001E-01  6.20739997E+00  0.00000000E+00  2.40924803E-04 -5.91180950E-08  2.
   105  3.00000012E-01  6.20801974E+00  0.00000000E+00  2.53783062E-04 -5.91239975E-08  2.
   106  3.19999993E-01  6.20833154E+00  0.00000000E+00  2.65782466E-04 -5.91269671E-08  2.
   107  3.40000004E-01  6.20601500E+00  0.00000000E+00  2.76815571E-04 -5.91049048E-08  2.
   108  3.60000014E-01  6.20722824E+00  0.00000000E+00  2.86819017E-04 -5.91164594E-08  2.
   109  3.79999995E-01  6.20858474E+00  0.00000000E+00  2.95772355E-04 -5.91293784E-08  2.
   110  4.00000006E-01  6.20699108E+00  0.00000000E+00  3.03525761E-04 -5.91142008E-08  2.
   111  4.19999987E-01  6.20583768E+00  0.00000000E+00  3.10145780E-04 -5.91032160E-08  2.
   112  4.39999998E-01  6.20916782E+00  0.00000000E+00  3.15438623E-04 -5.91349316E-08  2.
   113  4.60000008E-01  6.20595041E+00  0.00000000E+00  3.19428183E-04 -5.91042896E-08  2.
   114  4.79999989E-01  6.20642669E+00  0.00000000E+00  3.22051257E-04 -5.91088257E-08  2.
   115  5.00000000E-01  6.20949166E+00  0.00000000E+00  3.23201698E-04 -5.91380158E-08  2.
   116  5.19999981E-01  6.20324391E+00  0.00000000E+00  3.22905391E-04 -5.90785134E-08  2.
   117  5.40000021E-01  6.21010848E+00  0.00000000E+00  3.21007149E-04 -5.91438903E-08  2.
   118  5.60000002E-01  6.20395192E+00  0.00000000E+00  3.17479654E-04 -5.90852564E-08  2.
   119  5.79999983E-01  6.20872511E+00  0.00000000E+00  3.12260948E-04 -5.91307153E-08  2.
   120  6.00000024E-01  6.20493093E+00  0.00000000E+00  3.05291173E-04 -5.90945803E-08  2.
   121  6.20000005E-01  6.20754102E+00  0.00000000E+00  2.96507246E-04 -5.91194383E-08  2.
   122  6.39999986E-01  6.20489977E+00  0.00000000E+00  2.85845821E-04 -5.90942835E-08  2.
   123  6.60000026E-01  6.20777395E+00  0.00000000E+00  2.73287280E-04 -5.91216567E-08  2.
   124  6.80000007E-01  6.20351004E+00  0.00000000E+00  2.58716327E-04 -5.90810480E-08  2.
   125  6.99999988E-01  6.20932899E+00  0.00000000E+00  2.42120220E-04 -5.91364666E-08  2.
   126  7.20000029E-01  6.20122786E+00  0.00000000E+00  2.23407628E-04 -5.90593130E-08  2.
   127  7.40000010E-01  6.21028524E+00  0.00000000E+00  2.02557715E-04 -5.91455737E-08  2.
   128  7.59999990E-01  6.20029998E+00  0.00000000E+00  1.79461047E-04 -5.90504760E-08  2.
   129  7.79999971E-01  6.21478245E+00  0.00000000E+00  1.54098464E-04 -5.91884043E-08  2.
   130  8.00000012E-01  6.17380696E+00  0.00000000E+00  1.26408606E-04 -5.87981616E-08  2.
   131  8.19999993E-01  6.31512194E+00  0.00000000E+00  9.63292855E-05 -6.01440185E-08  2.
   132  8.39999974E-01  5.80125259E+00  0.00000000E+00  6.38025711E-05 -5.52500246E-08  2.
   133  8.60000014E-01  7.34888989E+00  0.00000000E+00  2.87604645E-05 -6.99894275E-08  2.
   134  8.79999995E-01  0.00000000E+00  0.00000000E+00  0.00000000E+00  1.66226429E-04  0.
   135  8.99999976E-01  0.00000000E+00  0.00000000E+00  0.00000000E+00  9.53762123E-04  0.
   136  9.20000017E-01  0.00000000E+00  0.00000000E+00  0.00000000E+00  1.87509311E-03  0.
   137  9.39999998E-01  0.00000000E+00  0.00000000E+00  0.00000000E+00  2.80267486E-03  0.
   138  9.59999979E-01  0.00000000E+00  0.00000000E+00  0.00000000E+00  3.75037628E-03  0.
   139  9.80000019E-01  0.00000000E+00  0.00000000E+00  0.00000000E+00  4.71818668E-03  0.
   140  1.00000000E+00  0.00000000E+00  0.00000000E+00  0.00000000E+00  5.70605878E-03  0.
   141  1.01999998E+00  0.00000000E+00  0.00000000E+00  0.00000000E+00  6.71397701E-03  0.
   142  1.03999996E+00  0.00000000E+00  0.00000000E+00  0.00000000E+00  7.74192099E-03  0.
   143  1.05999994E+00  0.00000000E+00  0.00000000E+00  0.00000000E+00  8.78987767E-03  0.
   144  1.08000004E+00  0.00000000E+00  0.00000000E+00  0.00000000E+00  9.85784176E-03  0.
   145  1.10000002E+00  0.00000000E+00  0.00000000E+00  0.00000000E+00  1.09457901E-02  0.
   146  1.12000000E+00  0.00000000E+00  0.00000000E+00  0.00000000E+00  1.20537192E-02  0.
   147  1.13999999E+00  0.00000000E+00  0.00000000E+00  0.00000000E+00  1.31816222E-02  0.
   148  1.15999997E+00  0.00000000E+00  0.00000000E+00  0.00000000E+00  1.43294923E-02  0.
   149  1.17999995E+00  0.00000000E+00  0.00000000E+00  0.00000000E+00  1.54973182E-02  0.
   150  1.20000005E+00  0.00000000E+00  0.00000000E+00  0.00000000E+00  1.66851063E-02  0.
   151  1.22000003E+00  0.00000000E+00  0.00000000E+00  0.00000000E+00  1.78928346E-02  0.
   152  1.24000001E+00  0.00000000E+00  0.00000000E+00  0.00000000E+00  1.91205029E-02  0.
   153  1.25999999E+00  0.00000000E+00  0.00000000E+00  0.00000000E+00  2.03681062E-02  0.
   154  1.27999997E+00  0.00000000E+00  0.00000000E+00  0.00000000E+00  2.16356409E-02  0.
   155  1.29999995E+00  0.00000000E+00  0.00000000E+00  0.00000000E+00  2.29230981E-02  0.
   156  1.32000005E+00  0.00000000E+00  0.00000000E+00  0.00000000E+00  2.42304852E-02  0.
   157  1.34000003E+00  0.00000000E+00  0.00000000E+00  0.00000000E+00  2.55577767E-02  0.
   158  1.36000001E+00  0.00000000E+00  0.00000000E+00  0.00000000E+00  2.69049775E-02  0.
   159  1.38000000E+00  0.00000000E+00  0.00000000E+00  0.00000000E+00  2.82720831E-02  0.
   160  1.39999998E+00  0.00000000E+00  0.00000000E+00  0.00000000E+00  2.96590835E-02  0.
   161  1.41999996E+00  0.00000000E+00  0.00000000E+00  0.00000000E+00  3.10659779E-02  0.
   162  1.44000006E+00  0.00000000E+00  0.00000000E+00  0.00000000E+00  3.24927685E-02  0.
   163  1.46000004E+00  0.00000000E+00  0.00000000E+00  0.00000000E+00  3.39394314E-02  0.
   164  1.48000002E+00  0.00000000E+00  0.00000000E+00  0.00000000E+00  3.54059735E-02  0.
   165  1.50000000E+00  0.00000000E+00  0.00000000E+00  0.00000000E+00  3.68923863E-02  0.
   166  1.51999998E+00  0.00000000E+00  0.00000000E+00  0.00000000E+00  3.83986667E-02  0.
   167  1.53999996E+00  0.00000000E+00  0.00000000E+00  0.00000000E+00  3.99248077E-02  0.
   168  1.55999994E+00  0.00000000E+00  0.00000000E+00  0.00000000E+00  4.14708095E-02  0.
   169  1.58000004E+00  0.00000000E+00  0.00000000E+00  0.00000000E+00  4.30366668E-02  0.
   170  1.60000002E+00  0.00000000E+00  0.00000000E+00  0.00000000E+00  4.46223639E-02  0.
   171  1.62000000E+00  0.00000000E+00  0.00000000E+00  0.00000000E+00  4.62279007E-02  0.
   172  1.63999999E+00  0.00000000E+00  0.00000000E+00  0.00000000E+00  4.78532776E-02  0.
   173  1.65999997E+00  0.00000000E+00  0.00000000E+00  0.00000000E+00  4.94984833E-02  0.
   174  1.67999995E+00  0.00000000E+00  0.00000000E+00  0.00000000E+00  5.11635169E-02  0.
   175  1.70000005E+00  0.00000000E+00  0.00000000E+00  0.00000000E+00  5.28483794E-02  0.
   176  1.72000003E+00  0.00000000E+00  0.00000000E+00  0.00000000E+00  5.45530510E-02  0.
   177  1.74000001E+00  0.00000000E+00  0.00000000E+00  0.00000000E+00  5.62775367E-02  0.
   178  1.75999999E+00  0.00000000E+00  0.00000000E+00  0.00000000E+00  5.80218239E-02  0.
   179  1.77999997E+00  0.00000000E+00  0.00000000E+00  0.00000000E+00  5.97859115E-02  0.
STEP  16 TIME  1.40020000E+04
     1 -1.77999997E+00  0.00000000E+00  0.00000000E+00  0.00000000E+00  5.88128666E-02  0.
     2 -1.75999999E+00  0.00000000E+00  0.00000000E+00  0.00000000E+00  5.70486989E-02  0.
     3 -1.74000001E+00  0.00000000E+00  0.00000000E+00  0.00000000E+00  5.53043334E-02  0.
     4 -1.72000003E+00  0.00000000E+00  0.00000000E+00  0.00000000E+00  5.35797688E-02  0.
     5 -1.70000005E+00  0.00000000E+00  0.00000000E+00  0.00000000E+00  5.18750226E-02  0.
     6 -1.67999995E+00  0.00000000E+00  0.00000000E+00  0.00000000E+00  5.01900758E-02  0.
     7 -1.65999997E+00  0.00000000E+00  0.00000000E+00  0.00000000E+00  4.85249747E-02  0.
     8 -1.63999999E+00  0.00000000E+00  0.00000000E+00  0.00000000E+00  4.68796942E-02  0.
     9 -1.62000000E+00  0.00000000E+00  0.00000000E+00  0.00000000E+00  4.52542438E-02  0.
    10 -1.60000002E+00  0.00000000E+00  0.00000000E+00  0.00000000E+00  4.36486345E-02  0.
    11 -1.58000004E+00  0.00000000E+00  0.00000000E+00  0.00000000E+00  4.20628663E-02  0.
    12 -1.55999994E+00  0.00000000E+00  0.00000000E+00  0.00000000E+00  4.04969391E-02  0.
    13 -1.53999996E+00  0.00000000E+00  0.00000000E+00  0.00000000E+00  3.89508690E-02  0.
    14 -1.51999998E+00  0.00000000E+00  0.00000000E+00  0.00000000E+00  3.74246609E-02  0.
    15 -1.50000000E+00  0.00000000E+00  0.00000000E+00  0.00000000E+00  3.59183148E-02  0.
    16 -1.48000002E+00  0.00000000E+00  0.00000000E+00  0.00000000E+00  3.44318377E-02  0.
    17 -1.46000004E+00  0.00000000E+00  0.00000000E+00  0.00000000E+00  3.29652329E-02  0.
    18 -1.44000006E+00  0.00000000E+00  0.00000000E+00  0.00000000E+00  3.15185087E-02  0.
    19 -1.41999996E+00  0.00000000E+00  0.00000000E+00  0.00000000E+00  3.00916583E-02  0.
    20 -1.39999998E+00  0.00000000E+00  0.00000000E+00  0.00000000E+00  2.86847060E-02  0.
    21 -1.38000000E+00  0.00000000E+00  0.00000000E+00  0.00000000E+00  2.72976489E-02  0.
    22 -1.36000001E+00  0.00000000E+00  0.00000000E+00  0.00000000E+00  2.59304888E-02  0.
    23 -1.34000003E+00  0.00000000E+00  0.00000000E+00  0.00000000E+00  2.45832350E-02  0.
    24 -1.32000005E+00  0.00000000E+00  0.00000000E+00  0.00000000E+00  2.32558925E-02  0.
    25 -1.29999995E+00  0.00000000E+00  0.00000000E+00  0.00000000E+00  2.19484591E-02  0.
    26 -1.27999997E+00  0.00000000E+00  0.00000000E+00  0.00000000E+00  2.06609539E-02  0.
    27 -1.25999999E+00  0.00000000E+00  0.00000000E+00  0.00000000E+00  1.93933757E-02  0.
    28 -1.24000001E+00  0.00000000E+00  0.00000000E+00  0.00000000E+00  1.81457312E-02  0.
    29 -1.22000003E+00  0.00000000E+00  0.00000000E+00  0.00000000E+00  1.69180226E-02  0.
    30 -1.20000005E+00  0.00000000E+00  0.00000000E+00  0.00000000E+00  1.57102590E-02  0.
    31 -1.17999995E+00  0.00000000E+00  0.00000000E+00  0.00000000E+00  1.45224375E-02  0.
    32 -1.15999997E+00  0.00000000E+00  0.00000000E+00  0.00000000E+00  1.33545814E-02  0.
    33 -1.13999999E+00  0.00000000E+00  0.00000000E+00  0.00000000E+00  1.22066849E-02  0.
    34 -1.12000000E+00  0.00000000E+00  0.00000000E+00  0.00000000E+00  1.10787601E-02  0.
    35 -1.10000002E+00  0.00000000E+00  0.00000000E+00  0.00000000E+00  9.97081411E-03  0.
    36 -1.08000004E+00  0.00000000E+00  0.00000000E+00  0.00000000E+00  8.88285494E-03  0.
    37 -1.05999994E+00  0.00000000E+00  0.00000000E+00  0.00000000E+00  7.81488708E-03  0.
    38 -1.03999996E+00  0.00000000E+00  0.00000000E+00  0.00000000E+00  6.76693547E-03  0.
    39 -1.01999998E+00  0.00000000E+00  0.00000000E+00  0.00000000E+00  5.73900694E-03  0.
    40 -1.00000000E+00  0.00000000E+00  0.00000000E+00  0.00000000E+00  4.73112040E-03  0.
    41 -9.80000019E-01  0.00000000E+00  0.00000000E+00  0.00000000E+00  3.74329539E-03  0.
    42 -9.59999979E-01  0.00000000E+00  0.00000000E+00  0.00000000E+00  2.77557004E-03  0.
    43 -9.39999998E-01  0.00000000E+00  0.00000000E+00  0.00000000E+00  1.82796331E-03  0.
    44 -9.20000017E-01  0.00000000E+00  0.00000000E+00  0.00000000E+00  8.84281820E-04  0.
    45 -8.99999976E-01  0.00000000E+00  0.00000000E+00  0.00000000E+00  9.61405374E-05  0.
    46 -8.79999995E-01  7.30586865E+00  0.00000000E+00  3.40164024E-05 -6.95797014E-08  2.
    47 -8.60000014E-01  5.72125135E+00  0.00000000E+00  7.06808380E-05 -5.44881081E-08  2.
    48 -8.39999974E-01  6.24772439E+00  0.00000000E+00  1.04756451E-04 -5.95021371E-08  2.
    49 -8.19999993E-01  6.09450273E+00  0.00000000E+00  1.36323855E-04 -5.80428831E-08  2.
    50 -8.00000012E-01  6.14344371E+00  0.00000000E+00  1.65438142E-04 -5.85089877E-08  2.
    51 -7.79999971E-01  6.12360081E+00  0.00000000E+00  1.92162198E-04 -5.83200077E-08  2.
    52 -7.59999990E-01  6.13332218E+00  0.00000000E+00  2.16556582E-04 -5.84125922E-08  2.
    53 -7.40000010E-01  6.12950815E+00  0.00000000E+00  2.38684089E-04 -5.83762681E-08  2.
    54 -7.20000029E-01  6.12888240E+00  0.00000000E+00  2.58570606E-04 -5.83703085E-08  2.
    55 -6.99999988E-01  6.13346388E+00  0.00000000E+00  2.76316651E-04 -5.84139417E-08  2.
    56 -6.80000007E-01  6.12644660E+00  0.00000000E+00  2.91926283E-04 -5.83471105E-08  2.
    57 -6.60000026E-01  6.13563176E+00  0.00000000E+00  3.05508201E-04 -5.84345882E-08  2.
    58 -6.39999986E-01  6.12670942E+00  0.00000000E+00  3.17085595E-04 -5.83496136E-08  2.
    59 -6.20000005E-01  6.13619890E+00  0.00000000E+00  3.26766353E-04 -5.84399895E-08  2.
    60 -6.00000024E-01  6.12781300E+00  0.00000000E+00  3.34569380E-04 -5.83601238E-08  2.
    61 -5.79999983E-01  6.13656883E+00  0.00000000E+00  3.40557197E-04 -5.84435126E-08  2.
    62 -5.60000002E-01  6.13013920E+00  0.00000000E+00  3.44790245E-04 -5.83822781E-08  2.
    63 -5.40000021E-01  6.13616790E+00  0.00000000E+00  3.47332779E-04 -5.84396943E-08  2.
    64 -5.19999981E-01  6.13457128E+00  0.00000000E+00  3.48255987E-04 -5.84244884E-08  2.
    65 -5.00000000E-01  6.13452832E+00  0.00000000E+00  3.47580688E-04 -5.84240792E-08  2.
    66 -4.79999989E-01  6.13937363E+00  0.00000000E+00  3.45455144E-04 -5.84702251E-08  2.
    67 -4.60000008E-01  6.13535770E+00  0.00000000E+00  3.41856039E-04 -5.84319781E-08  2.
    68 -4.39999998E-01  6.14073521E+00  0.00000000E+00  3.36889915E-04 -5.84831925E-08  2.
    69 -4.19999987E-01  6.14248812E+00  0.00000000E+00  3.30620198E-04 -5.84998868E-08  2.
    70 -4.00000006E-01  6.14071264E+00  0.00000000E+00  3.23023148E-04 -5.84829776E-08  2.
    71 -3.79999995E-01  6.14622258E+00  0.00000000E+00  3.14292606E-04 -5.85354531E-08  2.
    72 -3.60000014E-01  6.14872424E+00  0.00000000E+00  3.04362110E-04 -5.85592784E-08  2.
    73 -3.40000004E-01  6.14986576E+00  0.00000000E+00  2.93381549E-04 -5.85701501E-08  2.
    74 -3.19999993E-01  6.15326055E+00  0.00000000E+00  2.81371427E-04 -5.86024815E-08  2.
    75 -3.00000012E-01  6.15882429E+00  0.00000000E+00  2.68395175E-04 -5.86554694E-08  2.
    76 -2.80000001E-01  6.16307799E+00  0.00000000E+00  2.54559980E-04 -5.86959809E-08  2.
    77 -2.59999990E-01  6.16810976E+00  0.00000000E+00  2.39851516E-04 -5.87439025E-08  2.
    78 -2.39999995E-01  6.17323978E+00  0.00000000E+00  2.24358751E-04 -5.87927598E-08  2.
    79 -2.19999999E-01  6.18240745E+00  0.00000000E+00  2.08113475E-04 -5.88800710E-08  2.
    80 -2.00000003E-01  6.19138508E+00  0.00000000E+00  1.91262133E-04 -5.89655722E-08  2.
    81 -1.80000007E-01  6.20420864E+00  0.00000000E+00  1.73785613E-04 -5.90877014E-08  2.
    82 -1.59999996E-01  6.21412187E+00  0.00000000E+00  1.55789020E-04 -5.91821131E-08  2.
    83 -1.40000001E-01  6.24745948E+00  0.00000000E+00  1.37295725E-04 -5.94996141E-08  2.
    84 -1.19999997E-01  6.23754426E+00  0.00000000E+00  1.18373796E-04 -5.94051834E-08  2.
    85 -1.00000001E-01  6.40778915E+00  0.00000000E+00  9.91308886E-05 -6.10265633E-08  2.
    86 -9.42911987E-02  6.36525917E+00  0.00000000E+00  7.96070501E-05 -6.06215159E-08  2.
    87 -5.99999987E-02  6.25306569E+00  0.00000000E+00  5.97977251E-05 -5.95530066E-08  2.
    88 -3.99999991E-02  6.25849954E+00  0.00000000E+00  4.00202314E-05 -5.96047575E-08  2.
    89 -1.99999996E-02  6.24335735E+00  0.00000000E+00  2.00141137E-05 -5.94605462E-08  2.
    90  0.00000000E+00  6.24363750E+00  0.00000000E+00  2.51713243E-14 -5.94632142E-08  2.
    91  1.99999996E-02  6.24335735E+00  0.00000000E+00  2.00141137E-05 -5.94605462E-08  2.
    92  3.99999991E-02  6.25849954E+00  0.00000000E+00  4.00202314E-05 -5.96047575E-08  2.
    93  5.99999987E-02  6.25306569E+00  0.00000000E+00  5.97977251E-05 -5.95530066E-08  2.
    94  7.99999982E-02  6.36525917E+00  0.00000000E+00  7.96070501E-05 -6.06215159E-08  2.
    95  1.00000001E-01  6.40778915E+00  0.00000000E+00  9.91308886E-05 -6.10265633E-08  2.
    96  1.19999997E-01  6.23754426E+00  0.00000000E+00  1.18373796E-04 -5.94051834E-08  2.
    97  1.40000001E-01  6.24745948E+00  0.00000000E+00  1.37295725E-04 -5.94996141E-08  2.
    98  1.59999996E-01  6.21412187E+00  0.00000000E+00  1.55789020E-04 -5.91821131E-08  2.
    99  1.80000007E-01  6.20420864E+00  0.00000000E+00  1.73785613E-04 -5.90877014E-08  2.
   100  2.00000003E-01  6.19138508E+00  0.00000000E+00  1.91262133E-04 -5.89655722E-08  2.
   101  2.19999999E-01  6.18240745E+00  0.00000000E+00  2.08113475E-04 -5.88800710E-08  2.
   102  2.39999995E-01  6.17323978E+00  0.00000000E+00  2.24358751E-04 -5.87927598E-08  2.
   103  2.59999990E-01  6.16810976E+00  0.00000000E+00  2.39851516E-04 -5.87439025E-08  2.
   104  2.80000001E-01  6.16307799E+00  0.00000000E+00  2.54559980E-04 -5.86959809E-08  2.
   105  3.00000012E-01  6.15882429E+00  0.00000000E+00  2.68395175E-04 -5.86554694E-08  2.
   106  3.19999993E-01  6.15326055E+00  0.00000000E+00  2.81371427E-04 -5.86024815E-08  2.
   107  3.40000004E-01  6.14986576E+00  0.00000000E+00  2.93381549E-04 -5.85701501E-08  2.
   108  3.60000014E-01  6.14872423E+00  0.00000000E+00  3.04362110E-04 -5.85592784E-08  2.
   109  3.79999995E-01  6.14622258E+00  0.00000000E+00  3.14292606E-04 -5.85354531E-08  2.
   110  4.00000006E-01  6.14071264E+00  0.00000000E+00  3.23023148E-04 -5.84829776E-08  2.
   111  4.19999987E-01  6.14248812E+00  0.00000000E+00  3.30620198E-04 -5.84998868E-08  2.
   112  4.39999998E-01  6.14073521E+00  0.00000000E+00  3.36889915E-04 -5.84831925E-08  2.
   113  4.60000008E-01  6.13535770E+00  0.00000000E+00  3.41856039E-04 -5.84319781E-08  2.
   114  4.79999989E-01  6.13937363E+00  0.00000000E+00  3.45455144E-04 -5.84702251E-08  2.
   115  5.00000000E-01  6.13452832E+00  0.00000000E+00  3.47580688E-04 -5.84240792E-08  2.
   116  5.19999981E-01  6.13457128E+00  0.00000000E+00  3.48255987E-04 -5.84244884E-08  2.
   117  5.40000021E-01  6.13616790E+00  0.00000000E+00  3.47332779E-04 -5.84396943E-08  2.
   118  5.60000002E-01  6.13013920E+00  0.00000000E+00  3.44790245E-04 -5.83822781E-08  2.
   119  5.79999983E-01  6.13656883E+00  0.00000000E+00  3.40557197E-04 -5.84435126E-08  2.
   120  6.00000024E-01  6.12781300E+00  0.00000000E+00  3.34569380E-04 -5.83601238E-08  2.
   121  6.20000005E-01  6.13619890E+00  0.00000000E+00  3.26766353E-04 -5.84399895E-08  2.
   122  6.39999986E-01  6.12670942E+00  0.00000000E+00  3.17085595E-04 -5.83496136E-08  2.
   123  6.60000026E-01  6.13563176E+00  0.00000000E+00  3.05508201E-04 -5.84345882E-08  2.
   124  6.80000007E-01  6.12644660E+00  0.00000000E+00  2.91926283E-04 -5.83471105E-08  2.
   125  6.99999988E-01  6.13346388E+00  0.00000000E+00  2.76316651E-04 -5.84139417E-08  2.
   126  7.20000029E-01  6.12888240E+00  0.00000000E+00  2.58570606E-04 -5.83703085E-08  2.
   127  7.40000010E-01  6.12950815E+00  0.00000000E+00  2.38684089E-04 -5.83762681E-08  2.
   128  7.59999990E-01  6.13332218E+00  0.00000000E+00  2.16556582E-04 -5.84125922E-08  2.
   129  7.79999971E-01  6.12360081E+00  0.00000000E+00  1.92162198E-04 -5.83200077E-08  2.
   130  8.00000012E-01  6.14344371E+00  0.00000000E+00  1.65438142E-04 -5.85089877E-08  2.
   131  8.19999993E-01  6.09450273E+00  0.00000000E+00  1.36323855E-04 -5.80428831E-08  2.
   132  8.39999974E-01  6.24772439E+00  0.00000000E+00  1.04756451E-04 -5.95021371E-08  2.
   133  8.60000014E-01  5.72125135E+00  0.00000000E+00  7.06808380E-05 -5.44881081E-08  2.
   134  8.79999995E-01  7.30586865E+00  0.00000000E+00  3.40164024E-05 -6.95797014E-08  2.
   135  8.99999976E-01  0.00000000E+00  0.00000000E+00  0.00000000E+00  9.61405374E-05  0.
   136  9.20000017E-01  0.00000000E+00  0.00000000E+00  0.00000000E+00  8.84281820E-04  0.
   137  9.39999998E-01  0.00000000E+00  0.00000000E+00  0.00000000E+00  1.82796331E-03  0.
   138  9.59999979E-01  0.00000000E+00  0.00000000E+00  0.00000000E+00  2.77557004E-03  0.
   139  9.80000019E-01  0.00000000E+00  0.00000000E+00  0.00000000E+00  3.74329539E-03  0.
   140  1.00000000E+00  0.00000000E+00  0.00000000E+00  0.00000000E+00  4.73112040E-03  0.
   141  1.01999998E+00  0.00000000E+00  0.00000000E+00  0.00000000E+00  5.73900694E-03  0.
   142  1.03999996E+00  0.00000000E+00  0.00000000E+00  0.00000000E+00  6.76693547E-03  0.
   143  1.05999994E+00  0.00000000E+00  0.00000000E+00  0.00000000E+00  7.81488708E-03  0.
   144  1.08000004E+00  0.00000000E+00  0.00000000E+00  0.00000000E+00  8.88285494E-03  0.
   145  1.10000002E+00  0.00000000E+00  0.00000000E+00  0.00000000E+00  9.97081411E-03  0.
   146  1.12000000E+00  0.00000000E+00  0.00000000E+00  0.00000000E+00  1.10787601E-02  0.
   147  1.13999999E+00  0.00000000E+00  0.00000000E+00  0.00000000E+00  1.22066849E-02  0.
   148  1.15999997E+00  0.00000000E+00  0.00000000E+00  0.00000000E+00  1.33545814E-02  0.
   149  1.17999995E+00  0.00000000E+00  0.00000000E+00  0.00000000E+00  1.45224375E-02  0.
   150  1.20000005E+00  0.00000000E+00  0.00000000E+00  0.00000000E+00  1.57102590E-02  0.
   151  1.22000003E+00  0.00000000E+00  0.00000000E+00  0.00000000E+00  1.69180226E-02  0.
   152  1.24000001E+00  0.00000000E+00  0.00000000E+00  0.00000000E+00  1.81457312E-02  0.
   153  1.25999999E+00  0.00000000E+00  0.00000000E+00  0.00000000E+00  1.93933757E-02  0.
   154  1.27999997E+00  0.00000000E+00  0.00000000E+00  0.00000000E+00  2.06609539E-02  0.
   155  1.29999995E+00  0.00000000E+00  0.00000000E+00  0.00000000E+00  2.19484591E-02  0.
   156  1.32000005E+00  0.00000000E+00  0.00000000E+00  0.00000000E+00  2.32558925E-02  0.
   157  1.34000003E+00  0.00000000E+00  0.00000000E+00  0.00000000E+00  2.45832350E-02  0.
   158  1.36000001E+00  0.00000000E+00  0.00000000E+00  0.00000000E+00  2.59304888E-02  0.
   159  1.38000000E+00  0.00000000E+00  0.00000000E+00  0.00000000E+00  2.72976489E-02  0.
   160  1.39999998E+00  0.00000000E+00  0.00000000E+00  0.00000000E+00  2.86847060E-02  0.
   161  1.41999996E+00  0.00000000E+00  0.00000000E+00  0.00000000E+00  3.00916583E-02  0.
   162  1.44000006E+00  0.00000000E+00  0.00000000E+00  0.00000000E+00  3.15185087E-02  0.
   163  1.46000004E+00  0.00000000E+00  0.00000000E+00  0.00000000E+00  3.29652329E-02  0.
   164  1.48000002E+00  0.00000000E+00  0.00000000E+00  0.00000000E+00  3.44318377E-02  0.
   165  1.50000000E+00  0.00000000E+00  0.00000000E+00  0.00000000E+00  3.59183148E-02  0.
   166  1.51999998E+00  0.00000000E+00  0.00000000E+00  0.00000000E+00  3.74246609E-02  0.
   167  1.53999996E+00  0.00000000E+00  0.00000000E+00  0.00000000E+00  3.89508690E-02  0.
   168  1.55999994E+00  0.00000000E+00  0.00000000E+00  0.00000000E+00  4.04969391E-02  0.
   169  1.58000004E+00  0.00000000E+00  0.00000000E+00  0.00000000E+00  4.20628663E-02  0.
   170  1.60000002E+00  0.00000000E+00  0.00000000E+00  0.00000000E+00  4.36486345E-02  0.
   171  1.62000000E+00  0.00000000E+00  0.00000000E+00  0.00000000E+00  4.52542438E-02  0.
   172  1.63999999E+00  0.00000000E+00  0.00000000E+00  0.00000000E+00  4.68796942E-02  0.
   173  1.65999997E+00  0.00000000E+00  0.00000000E+00  0.00000000E+00  4.85249747E-02  0.
   174  1.67999995E+00  0.00000000E+00  0.00000000E+00  0.00000000E+00  5.01900739E-02  0.
   175  1.70000005E+00  0.00000000E+00  0.00000000E+00  0.00000000E+00  5.18750233E-02  0.
   176  1.72000003E+00  0.00000000E+00  0.00000000E+00  0.00000000E+00  5.35797688E-02  0.
   177  1.74000001E+00  0.00000000E+00  0.00000000E+00  0.00000000E+00  5.53043334E-02  0.
   178  1.75999999E+00  0.00000000E+00  0.00000000E+00  0.00000000E+00  5.70486989E-02  0.
   179  1.77999997E+00  0.00000000E+00  0.00000000E+00  0.00000000E+00  5.88128666E-02  0.
STEP  17 TIME  1.50020000E+04
     1 -1.77999997E+00  0.00000000E+00  0.00000000E+00  0.00000000E+00  5.78546561E-02  0.
     2 -1.75999999E+00  0.00000000E+00  0.00000000E+00  0.00000000E+00  5.60904124E-02  0.
     3 -1.74000001E+00  0.00000000E+00  0.00000000E+00  0.00000000E+00  5.43459660E-02  0.
     4 -1.72000003E+00  0.00000000E+00  0.00000000E+00  0.00000000E+00  5.26213250E-02  0.
     5 -1.70000005E+00  0.00000000E+00  0.00000000E+00  0.00000000E+00  5.09164993E-02  0.
     6 -1.67999995E+00  0.00000000E+00  0.00000000E+00  0.00000000E+00  4.92314868E-02  0.
     7 -1.65999997E+00  0.00000000E+00  0.00000000E+00  0.00000000E+00  4.75663062E-02  0.
     8 -1.63999999E+00  0.00000000E+00  0.00000000E+00  0.00000000E+00  4.59209518E-02  0.
     9 -1.62000000E+00  0.00000000E+00  0.00000000E+00  0.00000000E+00  4.42954287E-02  0.
    10 -1.60000002E+00  0.00000000E+00  0.00000000E+00  0.00000000E+00  4.26897480E-02  0.
    11 -1.58000004E+00  0.00000000E+00  0.00000000E+00  0.00000000E+00  4.11039096E-02  0.
    12 -1.55999994E+00  0.00000000E+00  0.00000000E+00  0.00000000E+00  3.95379133E-02  0.
    13 -1.53999996E+00  0.00000000E+00  0.00000000E+00  0.00000000E+00  3.79917757E-02  0.
    14 -1.51999998E+00  0.00000000E+00  0.00000000E+00  0.00000000E+00  3.64655013E-02  0.
    15 -1.50000000E+00  0.00000000E+00  0.00000000E+00  0.00000000E+00  3.49590903E-02  0.
    16 -1.48000002E+00  0.00000000E+00  0.00000000E+00  0.00000000E+00  3.34725496E-02  0.
    17 -1.46000004E+00  0.00000000E+00  0.00000000E+00  0.00000000E+00  3.20058828E-02  0.
    18 -1.44000006E+00  0.00000000E+00  0.00000000E+00  0.00000000E+00  3.05590980E-02  0.
    19 -1.41999996E+00  0.00000000E+00  0.00000000E+00  0.00000000E+00  2.91321886E-02  0.
    20 -1.39999998E+00  0.00000000E+00  0.00000000E+00  0.00000000E+00  2.77251789E-02  0.
    21 -1.38000000E+00  0.00000000E+00  0.00000000E+00  0.00000000E+00  2.63380661E-02  0.
    22 -1.36000001E+00  0.00000000E+00  0.00000000E+00  0.00000000E+00  2.49708520E-02  0.
    23 -1.34000003E+00  0.00000000E+00  0.00000000E+00  0.00000000E+00  2.36235461E-02  0.
    24 -1.32000005E+00  0.00000000E+00  0.00000000E+00  0.00000000E+00  2.22961553E-02  0.
    25 -1.29999995E+00  0.00000000E+00  0.00000000E+00  0.00000000E+00  2.09886734E-02  0.
    26 -1.27999997E+00  0.00000000E+00  0.00000000E+00  0.00000000E+00  1.97011226E-02  0.
    27 -1.25999999E+00  0.00000000E+00  0.00000000E+00  0.00000000E+00  1.84335017E-02  0.
    28 -1.24000001E+00  0.00000000E+00  0.00000000E+00  0.00000000E+00  1.71858159E-02  0.
    29 -1.22000003E+00  0.00000000E+00  0.00000000E+00  0.00000000E+00  1.59580686E-02  0.
    30 -1.20000005E+00  0.00000000E+00  0.00000000E+00  0.00000000E+00  1.47502707E-02  0.
    31 -1.17999995E+00  0.00000000E+00  0.00000000E+00  0.00000000E+00  1.35624168E-02  0.
    32 -1.15999997E+00  0.00000000E+00  0.00000000E+00  0.00000000E+00  1.23945319E-02  0.
    33 -1.13999999E+00  0.00000000E+00  0.00000000E+00  0.00000000E+00  1.12466109E-02  0.
    34 -1.12000000E+00  0.00000000E+00  0.00000000E+00  0.00000000E+00  1.01186664E-02  0.
    35 -1.10000002E+00  0.00000000E+00  0.00000000E+00  0.00000000E+00  9.01070655E-03  0.
    36 -1.08000004E+00  0.00000000E+00  0.00000000E+00  0.00000000E+00  7.92274019E-03  0.
    37 -1.05999994E+00  0.00000000E+00  0.00000000E+00  0.00000000E+00  6.85477360E-03  0.
    38 -1.03999996E+00  0.00000000E+00  0.00000000E+00  0.00000000E+00  5.80683322E-03  0.
    39 -1.01999998E+00  0.00000000E+00  0.00000000E+00  0.00000000E+00  4.77893131E-03  0.
    40 -1.00000000E+00  0.00000000E+00  0.00000000E+00  0.00000000E+00  3.77108675E-03  0.
    41 -9.80000019E-01  0.00000000E+00  0.00000000E+00  0.00000000E+00  2.78334024E-03  0.
    42 -9.59999979E-01  0.00000000E+00  0.00000000E+00  0.00000000E+00  1.81570206E-03  0.
    43 -9.39999998E-01  0.00000000E+00  0.00000000E+00  0.00000000E+00  8.50406804E-04  0.
    44 -9.20000017E-01  0.00000000E+00  0.00000000E+00  0.00000000E+00  5.53262698E-05  0.
    45 -8.99999976E-01  7.20815880E+00  0.00000000E+00  3.78704929E-05 -6.86491314E-08  2.
    46 -8.79999995E-01  5.62485463E+00  0.00000000E+00  7.62628257E-05 -5.35700441E-08  2.
    47 -8.60000014E-01  6.15190254E+00  0.00000000E+00  1.11964819E-04 -5.85895480E-08  2.
    48 -8.39999974E-01  5.99285473E+00  0.00000000E+00  1.45097482E-04 -5.70748070E-08  2.
    49 -8.19999993E-01  6.04477078E+00  0.00000000E+00  1.75713434E-04 -5.75692455E-08  2.
    50 -8.00000012E-01  6.02652767E+00  0.00000000E+00  2.03876151E-04 -5.73955016E-08  2.
    51 -7.79999971E-01  6.03127235E+00  0.00000000E+00  2.29646239E-04 -5.74406890E-08  2.
    52 -7.59999990E-01  6.03443436E+00  0.00000000E+00  2.53085963E-04 -5.74708034E-08  2.
    53 -7.40000010E-01  6.02780265E+00  0.00000000E+00  2.74267398E-04 -5.74076443E-08  2.
    54 -7.20000029E-01  6.03581965E+00  0.00000000E+00  2.93196336E-04 -5.74839967E-08  2.
    55 -6.99999988E-01  6.03039954E+00  0.00000000E+00  3.09965846E-04 -5.74323765E-08  2.
    56 -6.80000007E-01  6.03442741E+00  0.00000000E+00  3.24605317E-04 -5.74707372E-08  2.
    57 -6.60000026E-01  6.03327120E+00  0.00000000E+00  3.37221078E-04 -5.74597257E-08  2.
    58 -6.39999986E-01  6.03460579E+00  0.00000000E+00  3.47832284E-04 -5.74724361E-08  2.
    59 -6.20000005E-01  6.03531503E+00  0.00000000E+00  3.56546278E-04 -5.74791908E-08  2.
    60 -6.00000024E-01  6.03653882E+00  0.00000000E+00  3.63379695E-04 -5.74908459E-08  2.
    61 -5.79999983E-01  6.03631121E+00  0.00000000E+00  3.68396781E-04 -5.74886782E-08  2.
    62 -5.60000002E-01  6.04037515E+00  0.00000000E+00  3.71666883E-04 -5.75273824E-08  2.
    63 -5.40000021E-01  6.03693486E+00  0.00000000E+00  3.73251873E-04 -5.74946177E-08  2.
    64 -5.19999981E-01  6.04408128E+00  0.00000000E+00  3.73215281E-04 -5.75626789E-08  2.
    65 -5.00000000E-01  6.03907092E+00  0.00000000E+00  3.71578773E-04 -5.75149612E-08  2.
    66 -4.79999989E-01  6.04565756E+00  0.00000000E+00  3.68491335E-04 -5.75776910E-08  2.
    67 -4.60000008E-01  6.04632815E+00  0.00000000E+00  3.63929976E-04 -5.75840776E-08  2.
    68 -4.39999998E-01  6.04535619E+00  0.00000000E+00  3.58001448E-04 -5.75748209E-08  2.
    69 -4.19999987E-01  6.05120984E+00  0.00000000E+00  3.50769153E-04 -5.76305699E-08  2.
    70 -4.00000006E-01  6.05226265E+00  0.00000000E+00  3.42209499E-04 -5.76405966E-08  2.
    71 -3.79999995E-01  6.05261607E+00  0.00000000E+00  3.32516435E-04 -5.76439626E-08  2.
    72 -3.60000014E-01  6.05846482E+00  0.00000000E+00  3.21623406E-04 -5.76996650E-08  2.
    73 -3.40000004E-01  6.06160899E+00  0.00000000E+00  3.09681572E-04 -5.77296094E-08  2.
    74 -3.19999993E-01  6.06353400E+00  0.00000000E+00  2.96721773E-04 -5.77479428E-08  2.
    75 -3.00000012E-01  6.06984576E+00  0.00000000E+00  2.82784734E-04 -5.78080548E-08  2.
    76 -2.80000001E-01  6.07399350E+00  0.00000000E+00  2.67991596E-04 -5.78475572E-08  2.
    77 -2.59999990E-01  6.09085314E+00  0.00000000E+00  2.52313448E-04 -5.80081252E-08  2.
    78 -2.39999995E-01  6.07768041E+00  0.00000000E+00  2.35862769E-04 -5.78826705E-08  2.
    79 -2.19999999E-01  6.17343578E+00  0.00000000E+00  2.18693817E-04 -5.87946265E-08  2.
    80 -2.18045025E-01  6.11160323E+00  0.00000000E+00  2.00858213E-04 -5.82057450E-08  2.
    81 -1.80000007E-01  6.08713676E+00  0.00000000E+00  1.82410277E-04 -5.79727310E-08  2.
    82 -1.59999996E-01  6.08249432E+00  0.00000000E+00  1.63455153E-04 -5.79285173E-08  2.
    83 -1.40000001E-01  6.07680552E+00  0.00000000E+00  1.44003922E-04 -5.78743383E-08  2.
    84 -1.19999997E-01  6.07327160E+00  0.00000000E+00  1.24123497E-04 -5.78406819E-08  2.
    85 -1.00000001E-01  6.07045626E+00  0.00000000E+00  1.03913078E-04 -5.78138691E-08  2.
    86 -7.99999982E-02  6.06839181E+00  0.00000000E+00  8.34312003E-05 -5.77942078E-08  2.
    87 -5.99999987E-02  6.06688579E+00  0.00000000E+00  6.26746577E-05 -5.77798647E-08  2.
    88 -3.99999991E-02  6.06587337E+00  0.00000000E+00  4.19388178E-05 -5.77702225E-08  2.
    89 -1.99999996E-02  6.06529461E+00  0.00000000E+00  2.09735541E-05 -5.77647106E-08  2.
    90  0.00000000E+00  6.06506092E+00  0.00000000E+00  2.83599868E-14 -5.77624850E-08  2.
    91  1.99999996E-02  6.06529461E+00  0.00000000E+00  2.09735541E-05 -5.77647106E-08  2.
    92  3.99999991E-02  6.06587336E+00  0.00000000E+00  4.19388178E-05 -5.77702225E-08  2.
    93  5.99999987E-02  6.06688579E+00  0.00000000E+00  6.26746577E-05 -5.77798647E-08  2.
    94  7.99999982E-02  6.06839181E+00  0.00000000E+00  8.34312003E-05 -5.77942077E-08  2.
    95  1.00000001E-01  6.07045626E+00  0.00000000E+00  1.03913078E-04 -5.78138691E-08  2.
    96  1.19999997E-01  6.07327160E+00  0.00000000E+00  1.24123497E-04 -5.78406819E-08  2.
    97  1.40000001E-01  6.07680552E+00  0.00000000E+00  1.44003922E-04 -5.78743383E-08  2.
    98  1.59999996E-01  6.08249432E+00  0.00000000E+00  1.63455153E-04 -5.79285173E-08  2.
    99  1.80000007E-01  6.08713676E+00  0.00000000E+00  1.82410277E-04 -5.79727310E-08  2.
   100  2.00000003E-01  6.11160323E+00  0.00000000E+00  2.00858213E-04 -5.82057450E-08  2.
   101  2.19999999E-01  6.17343579E+00  0.00000000E+00  2.18693817E-04 -5.87946265E-08  2.
   102  2.39999995E-01  6.07768041E+00  0.00000000E+00  2.35862769E-04 -5.78826705E-08  2.
   103  2.59999990E-01  6.09085314E+00  0.00000000E+00  2.52313448E-04 -5.80081252E-08  2.
   104  2.80000001E-01  6.07399350E+00  0.00000000E+00  2.67991596E-04 -5.78475571E-08  2.
   105  3.00000012E-01  6.06984576E+00  0.00000000E+00  2.82784734E-04 -5.78080548E-08  2.
   106  3.19999993E-01  6.06353400E+00  0.00000000E+00  2.96721773E-04 -5.77479428E-08  2.
   107  3.40000004E-01  6.06160899E+00  0.00000000E+00  3.09681572E-04 -5.77296094E-08  2.
   108  3.60000014E-01  6.05846482E+00  0.00000000E+00  3.21623406E-04 -5.76996650E-08  2.
   109  3.79999995E-01  6.05261607E+00  0.00000000E+00  3.32516435E-04 -5.76439626E-08  2.
   110  4.00000006E-01  6.05226265E+00  0.00000000E+00  3.42209499E-04 -5.76405966E-08  2.
   111  4.19999987E-01  6.05120984E+00  0.00000000E+00  3.50769153E-04 -5.76305699E-08  2.
   112  4.39999998E-01  6.04535619E+00  0.00000000E+00  3.58001448E-04 -5.75748208E-08  2.
   113  4.60000008E-01  6.04632815E+00  0.00000000E+00  3.63929976E-04 -5.75840776E-08  2.
   114  4.79999989E-01  6.04565756E+00  0.00000000E+00  3.68491335E-04 -5.75776910E-08  2.
   115  5.00000000E-01  6.03907092E+00  0.00000000E+00  3.71578773E-04 -5.75149612E-08  2.
   116  5.19999981E-01  6.04408128E+00  0.00000000E+00  3.73215281E-04 -5.75626789E-08  2.
   117  5.40000021E-01  6.03693486E+00  0.00000000E+00  3.73251873E-04 -5.74946177E-08  2.
   118  5.60000002E-01  6.04037515E+00  0.00000000E+00  3.71666883E-04 -5.75273824E-08  2.
   119  5.79999983E-01  6.03631121E+00  0.00000000E+00  3.68396781E-04 -5.74886782E-08  2.
   120  6.00000024E-01  6.03653882E+00  0.00000000E+00  3.63379695E-04 -5.74908459E-08  2.
   121  6.20000005E-01  6.03531503E+00  0.00000000E+00  3.56546278E-04 -5.74791908E-08  2.
   122  6.39999986E-01  6.03460579E+00  0.00000000E+00  3.47832284E-04 -5.74724361E-08  2.
   123  6.60000026E-01  6.03327120E+00  0.00000000E+00  3.37221078E-04 -5.74597257E-08  2.
   124  6.80000007E-01  6.03442741E+00  0.00000000E+00  3.24605317E-04 -5.74707372E-08  2.
   125  6.99999988E-01  6.03039953E+00  0.00000000E+00  3.09965846E-04 -5.74323765E-08  2.
   126  7.20000029E-01  6.03581965E+00  0.00000000E+00  2.93196336E-04 -5.74839967E-08  2.
   127  7.40000010E-01  6.02780265E+00  0.00000000E+00  2.74267398E-04 -5.74076443E-08  2.
   128  7.59999990E-01  6.03443436E+00  0.00000000E+00  2.53085963E-04 -5.74708034E-08  2.
   129  7.79999971E-01  6.03127235E+00  0.00000000E+00  2.29646239E-04 -5.74406890E-08  2.
   130  8.00000012E-01  6.02652766E+00  0.00000000E+00  2.03876151E-04 -5.73955016E-08  2.
   131  8.19999993E-01  6.04477078E+00  0.00000000E+00  1.75713434E-04 -5.75692455E-08  2.
   132  8.39999974E-01  5.99285473E+00  0.00000000E+00  1.45097482E-04 -5.70748069E-08  2.
   133  8.60000014E-01  6.15190253E+00  0.00000000E+00  1.11964819E-04 -5.85895479E-08  2.
   134  8.79999995E-01  5.62485463E+00  0.00000000E+00  7.62628257E-05 -5.35700441E-08  2.
   135  8.99999976E-01  7.20815880E+00  0.00000000E+00  3.78704929E-05 -6.86491314E-08  2.
   136  9.20000017E-01  0.00000000E+00  0.00000000E+00  0.00000000E+00  5.53262698E-05  0.
   137  9.39999998E-01  0.00000000E+00  0.00000000E+00  0.00000000E+00  8.50406804E-04  0.
   138  9.59999979E-01  0.00000000E+00  0.00000000E+00  0.00000000E+00  1.81570206E-03  0.
   139  9.80000019E-01  0.00000000E+00  0.00000000E+00  0.00000000E+00  2.78334024E-03  0.
   140  1.00000000E+00  0.00000000E+00  0.00000000E+00  0.00000000E+00  3.77108675E-03  0.
   141  1.01999998E+00  0.00000000E+00  0.00000000E+00  0.00000000E+00  4.77893131E-03  0.
   142  1.03999996E+00  0.00000000E+00  0.00000000E+00  0.00000000E+00  5.80683322E-03  0.
   143  1.05999994E+00  0.00000000E+00  0.00000000E+00  0.00000000E+00  6.85477360E-03  0.
   144  1.08000004E+00  0.00000000E+00  0.00000000E+00  0.00000000E+00  7.92274019E-03  0.
   145  1.10000002E+00  0.00000000E+00  0.00000000E+00  0.00000000E+00  9.01070655E-03  0.
   146  1.12000000E+00  0.00000000E+00  0.00000000E+00  0.00000000E+00  1.01186664E-02  0.
   147  1.13999999E+00  0.00000000E+00  0.00000000E+00  0.00000000E+00  1.12466109E-02  0.
   148  1.15999997E+00  0.00000000E+00  0.00000000E+00  0.00000000E+00  1.23945319E-02  0.
   149  1.17999995E+00  0.00000000E+00  0.00000000E+00  0.00000000E+00  1.35624168E-02  0.
   150  1.20000005E+00  0.00000000E+00  0.00000000E+00  0.00000000E+00  1.47502707E-02  0.
   151  1.22000003E+00  0.00000000E+00  0.00000000E+00  0.00000000E+00  1.59580686E-02  0.
   152  1.24000001E+00  0.00000000E+00  0.00000000E+00  0.00000000E+00  1.71858159E-02  0.
   153  1.25999999E+00  0.00000000E+00  0.00000000E+00  0.00000000E+00  1.84335017E-02  0.
   154  1.27999997E+00  0.00000000E+00  0.00000000E+00  0.00000000E+00  1.97011226E-02  0.
   155  1.29999995E+00  0.00000000E+00  0.00000000E+00  0.00000000E+00  2.09886734E-02  0.
   156  1.32000005E+00  0.00000000E+00  0.00000000E+00  0.00000000E+00  2.22961553E-02  0.
   157  1.34000003E+00  0.00000000E+00  0.00000000E+00  0.00000000E+00  2.36235461E-02  0.
   158  1.36000001E+00  0.00000000E+00  0.00000000E+00  0.00000000E+00  2.49708520E-02  0.
   159  1.38000000E+00  0.00000000E+00  0.00000000E+00  0.00000000E+00  2.63380661E-02  0.
   160  1.39999998E+00  0.00000000E+00  0.00000000E+00  0.00000000E+00  2.77251789E-02  0.
   161  1.41999996E+00  0.00000000E+00  0.00000000E+00  0.00000000E+00  2.91321886E-02  0.
   162  1.44000006E+00  0.00000000E+00  0.00000000E+00  0.00000000E+00  3.05590980E-02  0.
   163  1.46000004E+00  0.00000000E+00  0.00000000E+00  0.00000000E+00  3.20058828E-02  0.
   164  1.48000002E+00  0.00000000E+00  0.00000000E+00  0.00000000E+00  3.34725496E-02  0.
   165  1.50000000E+00  0.00000000E+00  0.00000000E+00  0.00000000E+00  3.49590903E-02  0.
   166  1.51999998E+00  0.00000000E+00  0.00000000E+00  0.00000000E+00  3.64655013E-02  0.
   167  1.53999996E+00  0.00000000E+00  0.00000000E+00  0.00000000E+00  3.79917757E-02  0.
   168  1.55999994E+00  0.00000000E+00  0.00000000E+00  0.00000000E+00  3.95379133E-02  0.
   169  1.58000004E+00  0.00000000E+00  0.00000000E+00  0.00000000E+00  4.11039096E-02  0.
   170  1.60000002E+00  0.00000000E+00  0.00000000E+00  0.00000000E+00  4.26897480E-02  0.
   171  1.62000000E+00  0.00000000E+00  0.00000000E+00  0.00000000E+00  4.42954287E-02  0.
   172  1.63999999E+00  0.00000000E+00  0.00000000E+00  0.00000000E+00  4.59209518E-02  0.
   173  1.65999997E+00  0.00000000E+00  0.00000000E+00  0.00000000E+00  4.75663062E-02  0.
   174  1.67999995E+00  0.00000000E+00  0.00000000E+00  0.00000000E+00  4.92314868E-02  0.
   175  1.70000005E+00  0.00000000E+00  0.00000000E+00  0.00000000E+00  5.09164993E-02  0.
   176  1.72000003E+00  0.00000000E+00  0.00000000E+00  0.00000000E+00  5.26213250E-02  0.
   177  1.74000001E+00  0.00000000E+00  0.00000000E+00  0.00000000E+00  5.43459660E-02  0.
   178  1.75999999E+00  0.00000000E+00  0.00000000E+00  0.00000000E+00  5.60904124E-02  0.
   179  1.77999997E+00  0.00000000E+00  0.00000000E+00  0.00000000E+00  5.78546561E-02  0.
STEP  18 TIME  1.60020000E+04
     1 -1.77999997E+00  0.00000000E+00  0.00000000E+00  0.00000000E+00  5.69187142E-02  0.
     2 -1.75999999E+00  0.00000000E+00  0.00000000E+00  0.00000000E+00  5.51543907E-02  0.
     3 -1.74000001E+00  0.00000000E+00  0.00000000E+00  0.00000000E+00  5.34098677E-02  0.
     4 -1.72000003E+00  0.00000000E+00  0.00000000E+00  0.00000000E+00  5.16851504E-02  0.
     5 -1.70000005E+00  0.00000000E+00  0.00000000E+00  0.00000000E+00  4.99802503E-02  0.
     6 -1.67999995E+00  0.00000000E+00  0.00000000E+00  0.00000000E+00  4.82951647E-02  0.
     7 -1.65999997E+00  0.00000000E+00  0.00000000E+00  0.00000000E+00  4.66299100E-02  0.
     8 -1.63999999E+00  0.00000000E+00  0.00000000E+00  0.00000000E+00  4.49844828E-02  0.
     9 -1.62000000E+00  0.00000000E+00  0.00000000E+00  0.00000000E+00  4.33588881E-02  0.
    10 -1.60000002E+00  0.00000000E+00  0.00000000E+00  0.00000000E+00  4.17531368E-02  0.
    11 -1.58000004E+00  0.00000000E+00  0.00000000E+00  0.00000000E+00  4.01672290E-02  0.
    12 -1.55999994E+00  0.00000000E+00  0.00000000E+00  0.00000000E+00  3.86011646E-02  0.
    13 -1.53999996E+00  0.00000000E+00  0.00000000E+00  0.00000000E+00  3.70549603E-02  0.
    14 -1.51999998E+00  0.00000000E+00  0.00000000E+00  0.00000000E+00  3.55286203E-02  0.
    15 -1.50000000E+00  0.00000000E+00  0.00000000E+00  0.00000000E+00  3.40221451E-02  0.
    16 -1.48000002E+00  0.00000000E+00  0.00000000E+00  0.00000000E+00  3.25355415E-02  0.
    17 -1.46000004E+00  0.00000000E+00  0.00000000E+00  0.00000000E+00  3.10688132E-02  0.
    18 -1.44000006E+00  0.00000000E+00  0.00000000E+00  0.00000000E+00  2.96219683E-02  0.
    19 -1.41999996E+00  0.00000000E+00  0.00000000E+00  0.00000000E+00  2.81950004E-02  0.
    20 -1.39999998E+00  0.00000000E+00  0.00000000E+00  0.00000000E+00  2.67879338E-02  0.
    21 -1.38000000E+00  0.00000000E+00  0.00000000E+00  0.00000000E+00  2.54007654E-02  0.
    22 -1.36000001E+00  0.00000000E+00  0.00000000E+00  0.00000000E+00  2.40334976E-02  0.
    23 -1.34000003E+00  0.00000000E+00  0.00000000E+00  0.00000000E+00  2.26861397E-02  0.
    24 -1.32000005E+00  0.00000000E+00  0.00000000E+00  0.00000000E+00  2.13587015E-02  0.
    25 -1.29999995E+00  0.00000000E+00  0.00000000E+00  0.00000000E+00  2.00511702E-02  0.
    26 -1.27999997E+00  0.00000000E+00  0.00000000E+00  0.00000000E+00  1.87635744E-02  0.
    27 -1.25999999E+00  0.00000000E+00  0.00000000E+00  0.00000000E+00  1.74959107E-02  0.
    28 -1.24000001E+00  0.00000000E+00  0.00000000E+00  0.00000000E+00  1.62481826E-02  0.
    29 -1.22000003E+00  0.00000000E+00  0.00000000E+00  0.00000000E+00  1.50203986E-02  0.
    30 -1.20000005E+00  0.00000000E+00  0.00000000E+00  0.00000000E+00  1.38125648E-02  0.
    31 -1.17999995E+00  0.00000000E+00  0.00000000E+00  0.00000000E+00  1.26246785E-02  0.
    32 -1.15999997E+00  0.00000000E+00  0.00000000E+00  0.00000000E+00  1.14567650E-02  0.
    33 -1.13999999E+00  0.00000000E+00  0.00000000E+00  0.00000000E+00  1.03088197E-02  0.
    34 -1.12000000E+00  0.00000000E+00  0.00000000E+00  0.00000000E+00  9.18085626E-03  0.
    35 -1.10000002E+00  0.00000000E+00  0.00000000E+00  0.00000000E+00  8.07288344E-03  0.
    36 -1.08000004E+00  0.00000000E+00  0.00000000E+00  0.00000000E+00  6.98491191E-03  0.
    37 -1.05999994E+00  0.00000000E+00  0.00000000E+00  0.00000000E+00  5.91694926E-03  0.
    38 -1.03999996E+00  0.00000000E+00  0.00000000E+00  0.00000000E+00  4.86902677E-03  0.
    39 -1.01999998E+00  0.00000000E+00  0.00000000E+00  0.00000000E+00  3.84115759E-03  0.
    40 -1.00000000E+00  0.00000000E+00  0.00000000E+00  0.00000000E+00  2.83337967E-03  0.
    41 -9.80000019E-01  0.00000000E+00  0.00000000E+00  0.00000000E+00  1.84570678E-03  0.
    42 -9.59999979E-01  0.00000000E+00  0.00000000E+00  0.00000000E+00  8.59747279E-04  0.
    43 -9.39999998E-01  0.00000000E+00  0.00000000E+00  0.00000000E+00  4.93953305E-05  0.
    44 -9.20000017E-01  7.01154547E+00  0.00000000E+00  3.99730061E-05 -6.67766235E-08  2.
    45 -8.99999976E-01  5.46975624E+00  0.00000000E+00  8.00756385E-05 -5.20929165E-08  2.
    46 -8.79999995E-01  5.98535738E+00  0.00000000E+00  1.17521299E-04 -5.70034036E-08  2.
    47 -8.60000014E-01  5.82762045E+00  0.00000000E+00  1.52302955E-04 -5.55011471E-08  2.
    48 -8.39999974E-01  5.87842646E+00  0.00000000E+00  1.84505354E-04 -5.59850139E-08  2.
    49 -8.19999993E-01  5.86345945E+00  0.00000000E+00  2.14191400E-04 -5.58424709E-08  2.
    50 -8.00000012E-01  5.86374748E+00  0.00000000E+00  2.41421989E-04 -5.58452141E-08  2.
    51 -7.79999971E-01  5.86997695E+00  0.00000000E+00  2.66261528E-04 -5.59045424E-08  2.
    52 -7.59999990E-01  5.86491828E+00  0.00000000E+00  2.88775793E-04 -5.58563646E-08  2.
    53 -7.40000010E-01  5.86695336E+00  0.00000000E+00  3.09013111E-04 -5.58757463E-08  2.
    54 -7.20000029E-01  5.86948858E+00  0.00000000E+00  3.26986716E-04 -5.58998913E-08  2.
    55 -6.99999988E-01  5.86434143E+00  0.00000000E+00  3.42811853E-04 -5.58508708E-08  2.
    56 -6.80000007E-01  5.87299316E+00  0.00000000E+00  3.56507585E-04 -5.59332681E-08  2.
    57 -6.60000026E-01  5.86448334E+00  0.00000000E+00  3.68179346E-04 -5.58522223E-08  2.
    58 -6.39999986E-01  5.87441446E+00  0.00000000E+00  3.77845298E-04 -5.59468044E-08  2.
    59 -6.20000005E-01  5.86594982E+00  0.00000000E+00  3.85610113E-04 -5.58661888E-08  2.
    60 -6.00000024E-01  5.87558591E+00  0.00000000E+00  3.91498347E-04 -5.59579611E-08  2.
    61 -5.79999983E-01  5.86793855E+00  0.00000000E+00  3.95579223E-04 -5.58851290E-08  2.
    62 -5.60000002E-01  5.87650539E+00  0.00000000E+00  3.97913105E-04 -5.59667180E-08  2.
    63 -5.40000021E-01  5.87182618E+00  0.00000000E+00  3.98559453E-04 -5.59221541E-08  2.
    64 -5.19999981E-01  5.87614327E+00  0.00000000E+00  3.97583464E-04 -5.59632692E-08  2.
    65 -5.00000000E-01  5.87766669E+00  0.00000000E+00  3.95007148E-04 -5.59777780E-08  2.
    66 -4.79999989E-01  5.87558440E+00  0.00000000E+00  3.90979708E-04 -5.59579466E-08  2.
    67 -4.60000008E-01  5.88179918E+00  0.00000000E+00  3.85478156E-04 -5.60171351E-08  2.
    68 -4.39999998E-01  5.88022837E+00  0.00000000E+00  3.78609512E-04 -5.60021750E-08  2.
    69 -4.19999987E-01  5.88262564E+00  0.00000000E+00  3.70437271E-04 -5.60250061E-08  2.
    70 -4.00000006E-01  5.88719831E+00  0.00000000E+00  3.60936763E-04 -5.60685553E-08  2.
    71 -3.79999995E-01  5.88847378E+00  0.00000000E+00  3.50315356E-04 -5.60807026E-08  2.
    72 -3.60000014E-01  5.89078254E+00  0.00000000E+00  3.38489418E-04 -5.61026908E-08  2.
    73 -3.40000004E-01  5.90002549E+00  0.00000000E+00  3.25610190E-04 -5.61907189E-08  2.
    74 -3.19999993E-01  5.89975193E+00  0.00000000E+00  3.11704315E-04 -5.61881136E-08  2.
    75 -3.00000012E-01  5.93582393E+00  0.00000000E+00  2.96850734E-04 -5.65316565E-08  2.
    76 -2.91783264E-01  5.92367548E+00  0.00000000E+00  2.81150339E-04 -5.64159569E-08  2.
    77 -2.59999990E-01  5.90035991E+00  0.00000000E+00  2.64495049E-04 -5.61939039E-08  2.
    78 -2.39999995E-01  5.90075273E+00  0.00000000E+00  2.47106649E-04 -5.61976451E-08  2.
    79 -2.19999999E-01  5.89338531E+00  0.00000000E+00  2.28968646E-04 -5.61274791E-08  2.
    80 -2.00000003E-01  5.89080681E+00  0.00000000E+00  2.10224725E-04 -5.61029220E-08  2.
    81 -1.80000007E-01  5.88787798E+00  0.00000000E+00  1.90854890E-04 -5.60750284E-08  2.
    82 -1.59999996E-01  5.88696911E+00  0.00000000E+00  1.70964704E-04 -5.60663725E-08  2.
    83 -1.40000001E-01  5.88562593E+00  0.00000000E+00  1.50579369E-04 -5.60535803E-08  2.
    84 -1.19999997E-01  5.88457195E+00  0.00000000E+00  1.29761841E-04 -5.60435424E-08  2.
    85 -1.00000001E-01  5.88356863E+00  0.00000000E+00  1.08612628E-04 -5.60339869E-08  2.
    86 -7.99999982E-02  5.88276846E+00  0.00000000E+00  8.71913933E-05 -5.60263663E-08  2.
    87 -5.99999987E-02  5.88212790E+00  0.00000000E+00  6.54950784E-05 -5.60202657E-08  2.
    88 -3.99999991E-02  5.88165600E+00  0.00000000E+00  4.38192267E-05 -5.60157715E-08  2.
    89 -1.99999996E-02  5.88138071E+00  0.00000000E+00  2.19137928E-05 -5.60131496E-08  2.
    90  0.00000000E+00  5.88111191E+00  0.00000000E+00  3.15230767E-14 -5.60105896E-08  2.
    91  1.99999996E-02  5.88138071E+00  0.00000000E+00  2.19137928E-05 -5.60131496E-08  2.
    92  3.99999991E-02  5.88165600E+00  0.00000000E+00  4.38192267E-05 -5.60157715E-08  2.
    93  5.99999987E-02  5.88212790E+00  0.00000000E+00  6.54950784E-05 -5.60202657E-08  2.
    94  7.99999982E-02  5.88276846E+00  0.00000000E+00  8.71913933E-05 -5.60263663E-08  2.
    95  1.00000001E-01  5.88356862E+00  0.00000000E+00  1.08612628E-04 -5.60339869E-08  2.
    96  1.19999997E-01  5.88457195E+00  0.00000000E+00  1.29761841E-04 -5.60435424E-08  2.
    97  1.40000001E-01  5.88562593E+00  0.00000000E+00  1.50579369E-04 -5.60535803E-08  2.
    98  1.59999996E-01  5.88696911E+00  0.00000000E+00  1.70964704E-04 -5.60663725E-08  2.
    99  1.80000007E-01  5.88787798E+00  0.00000000E+00  1.90854890E-04 -5.60750284E-08  2.
   100  2.00000003E-01  5.89080681E+00  0.00000000E+00  2.10224725E-04 -5.61029220E-08  2.
   101  2.19999999E-01  5.89338531E+00  0.00000000E+00  2.28968646E-04 -5.61274791E-08  2.
   102  2.39999995E-01  5.90075273E+00  0.00000000E+00  2.47106649E-04 -5.61976451E-08  2.
   103  2.59999990E-01  5.90035991E+00  0.00000000E+00  2.64495049E-04 -5.61939039E-08  2.
   104  2.80000001E-01  5.92367548E+00  0.00000000E+00  2.81150339E-04 -5.64159569E-08  2.
   105  3.00000012E-01  5.93582393E+00  0.00000000E+00  2.96850734E-04 -5.65316565E-08  2.
   106  3.19999993E-01  5.89975193E+00  0.00000000E+00  3.11704315E-04 -5.61881136E-08  2.
   107  3.40000004E-01  5.90002549E+00  0.00000000E+00  3.25610190E-04 -5.61907189E-08  2.
   108  3.60000014E-01  5.89078254E+00  0.00000000E+00  3.38489418E-04 -5.61026908E-08  2.
   109  3.79999995E-01  5.88847378E+00  0.00000000E+00  3.50315356E-04 -5.60807026E-08  2.
   110  4.00000006E-01  5.88719831E+00  0.00000000E+00  3.60936763E-04 -5.60685553E-08  2.
   111  4.19999987E-01  5.88262564E+00  0.00000000E+00  3.70437271E-04 -5.60250061E-08  2.
   112  4.39999998E-01  5.88022837E+00  0.00000000E+00  3.78609512E-04 -5.60021750E-08  2.
   113  4.60000008E-01  5.88179918E+00  0.00000000E+00  3.85478156E-04 -5.60171351E-08  2.
   114  4.79999989E-01  5.87558439E+00  0.00000000E+00  3.90979708E-04 -5.59579466E-08  2.
   115  5.00000000E-01  5.87766669E+00  0.00000000E+00  3.95007148E-04 -5.59777780E-08  2.
   116  5.19999981E-01  5.87614327E+00  0.00000000E+00  3.97583464E-04 -5.59632692E-08  2.
   117  5.40000021E-01  5.87182618E+00  0.00000000E+00  3.98559453E-04 -5.59221541E-08  2.
   118  5.60000002E-01  5.87650539E+00  0.00000000E+00  3.97913105E-04 -5.59667180E-08  2.
   119  5.79999983E-01  5.86793855E+00  0.00000000E+00  3.95579223E-04 -5.58851290E-08  2.
   120  6.00000024E-01  5.87558591E+00  0.00000000E+00  3.91498347E-04 -5.59579611E-08  2.
   121  6.20000005E-01  5.86594982E+00  0.00000000E+00  3.85610113E-04 -5.58661888E-08  2.
   122  6.39999986E-01  5.87441446E+00  0.00000000E+00  3.77845298E-04 -5.59468044E-08  2.
   123  6.60000026E-01  5.86448334E+00  0.00000000E+00  3.68179346E-04 -5.58522223E-08  2.
   124  6.80000007E-01  5.87299315E+00  0.00000000E+00  3.56507585E-04 -5.59332681E-08  2.
   125  6.99999988E-01  5.86434143E+00  0.00000000E+00  3.42811853E-04 -5.58508708E-08  2.
   126  7.20000029E-01  5.86948858E+00  0.00000000E+00  3.26986716E-04 -5.58998913E-08  2.
   127  7.40000010E-01  5.86695336E+00  0.00000000E+00  3.09013111E-04 -5.58757463E-08  2.
   128  7.59999990E-01  5.86491828E+00  0.00000000E+00  2.88775793E-04 -5.58563646E-08  2.
   129  7.79999971E-01  5.86997695E+00  0.00000000E+00  2.66261528E-04 -5.59045424E-08  2.
   130  8.00000012E-01  5.86374747E+00  0.00000000E+00  2.41421989E-04 -5.58452140E-08  2.
   131  8.19999993E-01  5.86345945E+00  0.00000000E+00  2.14191400E-04 -5.58424709E-08  2.
   132  8.39999974E-01  5.87842646E+00  0.00000000E+00  1.84505354E-04 -5.59850139E-08  2.
   133  8.60000014E-01  5.82762045E+00  0.00000000E+00  1.52302955E-04 -5.55011471E-08  2.
   134  8.79999995E-01  5.98535738E+00  0.00000000E+00  1.17521299E-04 -5.70034036E-08  2.
   135  8.99999976E-01  5.46975624E+00  0.00000000E+00  8.00756385E-05 -5.20929166E-08  2.
   136  9.20000017E-01  7.01154547E+00  0.00000000E+00  3.99730061E-05 -6.67766235E-08  2.
   137  9.39999998E-01  0.00000000E+00  0.00000000E+00  0.00000000E+00  4.93953305E-05  0.
   138  9.59999979E-01  0.00000000E+00  0.00000000E+00  0.00000000E+00  8.59747279E-04  0.
   139  9.80000019E-01  0.00000000E+00  0.00000000E+00  0.00000000E+00  1.84570678E-03  0.
   140  1.00000000E+00  0.00000000E+00  0.00000000E+00  0.00000000E+00  2.83337967E-03  0.
   141  1.01999998E+00  0.00000000E+00  0.00000000E+00  0.00000000E+00  3.84115759E-03  0.
   142  1.03999996E+00  0.00000000E+00  0.00000000E+00  0.00000000E+00  4.86902677E-03  0.
   143  1.05999994E+00  0.00000000E+00  0.00000000E+00  0.00000000E+00  5.91694926E-03  0.
   144  1.08000004E+00  0.00000000E+00  0.00000000E+00  0.00000000E+00  6.98491191E-03  0.
   145  1.10000002E+00  0.00000000E+00  0.00000000E+00  0.00000000E+00  8.07288344E-03  0.
   146  1.12000000E+00  0.00000000E+00  0.00000000E+00  0.00000000E+00  9.18085626E-03  0.
   147  1.13999999E+00  0.00000000E+00  0.00000000E+00  0.00000000E+00  1.03088197E-02  0.
   148  1.15999997E+00  0.00000000E+00  0.00000000E+00  0.00000000E+00  1.14567650E-02  0.
   149  1.17999995E+00  0.00000000E+00  0.00000000E+00  0.00000000E+00  1.26246785E-02  0.
   150  1.20000005E+00  0.00000000E+00  0.00000000E+00  0.00000000E+00  1.38125648E-02  0.
   151  1.22000003E+00  0.00000000E+00  0.00000000E+00  0.00000000E+00  1.50203986E-02  0.
   152  1.24000001E+00  0.00000000E+00  0.00000000E+00  0.00000000E+00  1.62481826E-02  0.
   153  1.25999999E+00  0.00000000E+00  0.00000000E+00  0.00000000E+00  1.74959107E-02  0.
   154  1.27999997E+00  0.00000000E+00  0.00000000E+00  0.00000000E+00  1.87635744E-02  0.
   155  1.29999995E+00  0.00000000E+00  0.00000000E+00  0.00000000E+00  2.00511702E-02  0.
   156  1.32000005E+00  0.00000000E+00  0.00000000E+00  0.00000000E+00  2.13587015E-02  0.
   157  1.34000003E+00  0.00000000E+00  0.00000000E+00  0.00000000E+00  2.26861397E-02  0.
   158  1.36000001E+00  0.00000000E+00  0.00000000E+00  0.00000000E+00  2.40334976E-02  0.
   159  1.38000000E+00  0.00000000E+00  0.00000000E+00  0.00000000E+00  2.54007654E-02  0.
   160  1.39999998E+00  0.00000000E+00  0.00000000E+00  0.00000000E+00  2.67879338E-02  0.
   161  1.41999996E+00  0.00000000E+00  0.00000000E+00  0.00000000E+00  2.81950004E-02  0.
   162  1.44000006E+00  0.00000000E+00  0.00000000E+00  0.00000000E+00  2.96219683E-02  0.
   163  1.46000004E+00  0.00000000E+00  0.00000000E+00  0.00000000E+00  3.10688132E-02  0.
   164  1.48000002E+00  0.00000000E+00  0.00000000E+00  0.00000000E+00  3.25355415E-02  0.
   165  1.50000000E+00  0.00000000E+00  0.00000000E+00  0.00000000E+00  3.40221451E-02  0.
   166  1.51999998E+00  0.00000000E+00  0.00000000E+00  0.00000000E+00  3.55286203E-02  0.
   167  1.53999996E+00  0.00000000E+00  0.00000000E+00  0.00000000E+00  3.70549603E-02  0.
   168  1.55999994E+00  0.00000000E+00  0.00000000E+00  0.00000000E+00  3.86011646E-02  0.
   169  1.58000004E+00  0.00000000E+00  0.00000000E+00  0.00000000E+00  4.01672290E-02  0.
   170  1.60000002E+00  0.00000000E+00  0.00000000E+00  0.00000000E+00  4.17531368E-02  0.
   171  1.62000000E+00  0.00000000E+00  0.00000000E+00  0.00000000E+00  4.33588881E-02  0.
   172  1.63999999E+00  0.00000000E+00  0.00000000E+00  0.00000000E+00  4.49844828E-02  0.
   173  1.65999997E+00  0.00000000E+00  0.00000000E+00  0.00000000E+00  4.66299100E-02  0.
   174  1.67999995E+00  0.00000000E+00  0.00000000E+00  0.00000000E+00  4.82951647E-02  0.
   175  1.70000005E+00  0.00000000E+00  0.00000000E+00  0.00000000E+00  4.99802503E-02  0.
   176  1.72000003E+00  0.00000000E+00  0.00000000E+00  0.00000000E+00  5.16851504E-02  0.
   177  1.74000001E+00  0.00000000E+00  0.00000000E+00  0.00000000E+00  5.34098677E-02  0.
   178  1.75999999E+00  0.00000000E+00  0.00000000E+00  0.00000000E+00  5.51543907E-02  0.
   179  1.77999997E+00  0.00000000E+00  0.00000000E+00  0.00000000E+00  5.69187142E-02  0.
STEP  19 TIME  1.70020000E+04
     1 -1.77999997E+00  0.00000000E+00  0.00000000E+00  0.00000000E+00  5.60024620E-02  0.
     2 -1.75999999E+00  0.00000000E+00  0.00000000E+00  0.00000000E+00  5.42380611E-02  0.
     3 -1.74000001E+00  0.00000000E+00  0.00000000E+00  0.00000000E+00  5.24934663E-02  0.
     4 -1.72000003E+00  0.00000000E+00  0.00000000E+00  0.00000000E+00  5.07686645E-02  0.
     5 -1.70000005E+00  0.00000000E+00  0.00000000E+00  0.00000000E+00  4.90637006E-02  0.
     6 -1.67999995E+00  0.00000000E+00  0.00000000E+00  0.00000000E+00  4.73785419E-02  0.
     7 -1.65999997E+00  0.00000000E+00  0.00000000E+00  0.00000000E+00  4.57132154E-02  0.
     8 -1.63999999E+00  0.00000000E+00  0.00000000E+00  0.00000000E+00  4.40677175E-02  0.
     9 -1.62000000E+00  0.00000000E+00  0.00000000E+00  0.00000000E+00  4.24420533E-02  0.
    10 -1.60000002E+00  0.00000000E+00  0.00000000E+00  0.00000000E+00  4.08362337E-02  0.
    11 -1.58000004E+00  0.00000000E+00  0.00000000E+00  0.00000000E+00  3.92502589E-02  0.
    12 -1.55999994E+00  0.00000000E+00  0.00000000E+00  0.00000000E+00  3.76841285E-02  0.
    13 -1.53999996E+00  0.00000000E+00  0.00000000E+00  0.00000000E+00  3.61378597E-02  0.
    14 -1.51999998E+00  0.00000000E+00  0.00000000E+00  0.00000000E+00  3.46114564E-02  0.
    15 -1.50000000E+00  0.00000000E+00  0.00000000E+00  0.00000000E+00  3.31049193E-02  0.
    16 -1.48000002E+00  0.00000000E+00  0.00000000E+00  0.00000000E+00  3.16182552E-02  0.
    17 -1.46000004E+00  0.00000000E+00  0.00000000E+00  0.00000000E+00  3.01514679E-02  0.
    18 -1.44000006E+00  0.00000000E+00  0.00000000E+00  0.00000000E+00  2.87045654E-02  0.
    19 -1.41999996E+00  0.00000000E+00  0.00000000E+00  0.00000000E+00  2.72775414E-02  0.
    20 -1.39999998E+00  0.00000000E+00  0.00000000E+00  0.00000000E+00  2.58704204E-02  0.
    21 -1.38000000E+00  0.00000000E+00  0.00000000E+00  0.00000000E+00  2.44831992E-02  0.
    22 -1.36000001E+00  0.00000000E+00  0.00000000E+00  0.00000000E+00  2.31158805E-02  0.
    23 -1.34000003E+00  0.00000000E+00  0.00000000E+00  0.00000000E+00  2.17684762E-02  0.
    24 -1.32000005E+00  0.00000000E+00  0.00000000E+00  0.00000000E+00  2.04409896E-02  0.
    25 -1.29999995E+00  0.00000000E+00  0.00000000E+00  0.00000000E+00  1.91334144E-02  0.
    26 -1.27999997E+00  0.00000000E+00  0.00000000E+00  0.00000000E+00  1.78457769E-02  0.
    27 -1.25999999E+00  0.00000000E+00  0.00000000E+00  0.00000000E+00  1.65780721E-02  0.
    28 -1.24000001E+00  0.00000000E+00  0.00000000E+00  0.00000000E+00  1.53303076E-02  0.
    29 -1.22000003E+00  0.00000000E+00  0.00000000E+00  0.00000000E+00  1.41024895E-02  0.
    30 -1.20000005E+00  0.00000000E+00  0.00000000E+00  0.00000000E+00  1.28946243E-02  0.
    31 -1.17999995E+00  0.00000000E+00  0.00000000E+00  0.00000000E+00  1.17067105E-02  0.
    32 -1.15999997E+00  0.00000000E+00  0.00000000E+00  0.00000000E+00  1.05387739E-02  0.
    33 -1.13999999E+00  0.00000000E+00  0.00000000E+00  0.00000000E+00  9.39081075E-03  0.
    34 -1.12000000E+00  0.00000000E+00  0.00000000E+00  0.00000000E+00  8.26283557E-03  0.
    35 -1.10000002E+00  0.00000000E+00  0.00000000E+00  0.00000000E+00  7.15485876E-03  0.
    36 -1.08000004E+00  0.00000000E+00  0.00000000E+00  0.00000000E+00  6.06689232E-03  0.
    37 -1.05999994E+00  0.00000000E+00  0.00000000E+00  0.00000000E+00  4.99894856E-03  0.
    38 -1.03999996E+00  0.00000000E+00  0.00000000E+00  0.00000000E+00  3.95105993E-03  0.
    39 -1.01999998E+00  0.00000000E+00  0.00000000E+00  0.00000000E+00  2.92325795E-03  0.
    40 -1.00000000E+00  0.00000000E+00  0.00000000E+00  0.00000000E+00  1.91555458E-03  0.
    41 -9.80000019E-01  0.00000000E+00  0.00000000E+00  0.00000000E+00  9.09874796E-04  0.
    42 -9.59999979E-01  0.00000000E+00  0.00000000E+00  0.00000000E+00  7.62312628E-05  0.
    43 -9.39999998E-01  6.83907196E+00  0.00000000E+00  4.02373937E-05 -6.51340187E-08  2.
    44 -9.20000017E-01  5.34522828E+00  0.00000000E+00  8.22165158E-05 -5.09069360E-08  2.
    45 -8.99999976E-01  5.84441225E+00  0.00000000E+00  1.21390966E-04 -5.56610691E-08  2.
    46 -8.79999995E-01  5.69244056E+00  0.00000000E+00  1.57936102E-04 -5.42137196E-08  2.
    47 -8.60000014E-01  5.74045555E+00  0.00000000E+00  1.91807007E-04 -5.46710052E-08  2.
    48 -8.39999974E-01  5.72792432E+00  0.00000000E+00  2.23099087E-04 -5.45516602E-08  2.
    49 -8.19999993E-01  5.72750171E+00  0.00000000E+00  2.51872735E-04 -5.45476353E-08  2.
    50 -8.00000012E-01  5.73145793E+00  0.00000000E+00  2.78194052E-04 -5.45853137E-08  2.
    51 -7.79999971E-01  5.73104029E+00  0.00000000E+00  3.02124731E-04 -5.45813361E-08  2.
    52 -7.59999990E-01  5.72740880E+00  0.00000000E+00  3.23712094E-04 -5.45467504E-08  2.
    53 -7.40000010E-01  5.73560144E+00  0.00000000E+00  3.43017083E-04 -5.46247756E-08  2.
    54 -7.20000029E-01  5.72746455E+00  0.00000000E+00  3.60066660E-04 -5.45472815E-08  2.
    55 -6.99999988E-01  5.73473758E+00  0.00000000E+00  3.74967956E-04 -5.46165483E-08  2.
    56 -6.80000007E-01  5.73092208E+00  0.00000000E+00  3.87739278E-04 -5.45802103E-08  2.
    57 -6.60000026E-01  5.73373908E+00  0.00000000E+00  3.98483851E-04 -5.46070389E-08  2.
    58 -6.39999986E-01  5.73327610E+00  0.00000000E+00  4.07221853E-04 -5.46026295E-08  2.
    59 -6.20000005E-01  5.73467417E+00  0.00000000E+00  4.14067269E-04 -5.46159444E-08  2.
    60 -6.00000024E-01  5.73453507E+00  0.00000000E+00  4.19040419E-04 -5.46146197E-08  2.
    61 -5.79999983E-01  5.73739229E+00  0.00000000E+00  4.22202746E-04 -5.46418313E-08  2.
    62 -5.60000002E-01  5.73506004E+00  0.00000000E+00  4.23617269E-04 -5.46196194E-08  2.
    63 -5.40000021E-01  5.74120160E+00  0.00000000E+00  4.23343667E-04 -5.46781105E-08  2.
    64 -5.19999981E-01  5.73574036E+00  0.00000000E+00  4.21447553E-04 -5.46260987E-08  2.
    65 -5.00000000E-01  5.74345378E+00  0.00000000E+00  4.17950932E-04 -5.46995598E-08  2.
    66 -4.79999989E-01  5.74092832E+00  0.00000000E+00  4.13003203E-04 -5.46755079E-08  2.
    67 -4.60000008E-01  5.74351441E+00  0.00000000E+00  4.06581436E-04 -5.47001373E-08  2.
    68 -4.39999998E-01  5.74816567E+00  0.00000000E+00  3.98792895E-04 -5.47444349E-08  2.
    69 -4.19999987E-01  5.74681468E+00  0.00000000E+00  3.89715596E-04 -5.47315684E-08  2.
    70 -4.00000006E-01  5.75404494E+00  0.00000000E+00  3.79301043E-04 -5.48004280E-08  2.
    71 -3.79999995E-01  5.75558331E+00  0.00000000E+00  3.67753976E-04 -5.48150791E-08  2.
    72 -3.60000014E-01  5.77903313E+00  0.00000000E+00  3.55022826E-04 -5.50384108E-08  2.
    73 -3.49306903E-01  5.77694600E+00  0.00000000E+00  3.41281427E-04 -5.50185333E-08  2.
    74 -3.19999993E-01  5.75584673E+00  0.00000000E+00  3.26400942E-04 -5.48175879E-08  2.
    75 -3.00000012E-01  5.75610170E+00  0.00000000E+00  3.10613609E-04 -5.48200162E-08  2.
    76 -2.80000001E-01  5.74910808E+00  0.00000000E+00  2.93971329E-04 -5.47534103E-08  2.
    77 -2.59999990E-01  5.74723666E+00  0.00000000E+00  2.76446180E-04 -5.47355873E-08  2.
    78 -2.39999995E-01  5.74629412E+00  0.00000000E+00  2.58147069E-04 -5.47266106E-08  2.
    79 -2.19999999E-01  5.74494110E+00  0.00000000E+00  2.39094759E-04 -5.47137248E-08  2.
    80 -2.00000003E-01  5.74346187E+00  0.00000000E+00  2.19432857E-04 -5.46996369E-08  2.
    81 -1.80000007E-01  5.74208503E+00  0.00000000E+00  1.99143609E-04 -5.46865241E-08  2.
    82 -1.59999996E-01  5.74068762E+00  0.00000000E+00  1.78332917E-04 -5.46732154E-08  2.
    83 -1.40000001E-01  5.73987008E+00  0.00000000E+00  1.57024735E-04 -5.46654293E-08  2.
    84 -1.19999997E-01  5.73970823E+00  0.00000000E+00  1.35286032E-04 -5.46638879E-08  2.
    85 -1.00000001E-01  5.73926527E+00  0.00000000E+00  1.13216269E-04 -5.46596693E-08  2.
    86 -7.99999982E-02  5.73889804E+00  0.00000000E+00  9.08744328E-05 -5.46561718E-08  2.
    87 -5.99999987E-02  5.73854689E+00  0.00000000E+00  6.82574367E-05 -5.46528275E-08  2.
    88 -3.99999991E-02  5.73825501E+00  0.00000000E+00  4.56608377E-05 -5.46500477E-08  2.
    89 -1.99999996E-02  5.73807696E+00  0.00000000E+00  2.28346103E-05 -5.46483520E-08  2.
    90  0.00000000E+00  5.73782094E+00  0.00000000E+00  3.48514452E-14 -5.46459137E-08  2.
    91  1.99999996E-02  5.73807696E+00  0.00000000E+00  2.28346103E-05 -5.46483520E-08  2.
    92  3.99999991E-02  5.73825501E+00  0.00000000E+00  4.56608377E-05 -5.46500477E-08  2.
    93  5.99999987E-02  5.73854689E+00  0.00000000E+00  6.82574367E-05 -5.46528275E-08  2.
    94  7.99999982E-02  5.73889804E+00  0.00000000E+00  9.08744328E-05 -5.46561718E-08  2.
    95  1.00000001E-01  5.73926527E+00  0.00000000E+00  1.13216269E-04 -5.46596693E-08  2.
    96  1.19999997E-01  5.73970823E+00  0.00000000E+00  1.35286032E-04 -5.46638879E-08  2.
    97  1.40000001E-01  5.73987008E+00  0.00000000E+00  1.57024735E-04 -5.46654293E-08  2.
    98  1.59999996E-01  5.74068762E+00  0.00000000E+00  1.78332917E-04 -5.46732154E-08  2.
    99  1.80000007E-01  5.74208503E+00  0.00000000E+00  1.99143609E-04 -5.46865241E-08  2.
   100  2.00000003E-01  5.74346188E+00  0.00000000E+00  2.19432857E-04 -5.46996369E-08  2.
   101  2.19999999E-01  5.74494110E+00  0.00000000E+00  2.39094759E-04 -5.47137248E-08  2.
   102  2.39999995E-01  5.74629412E+00  0.00000000E+00  2.58147069E-04 -5.47266106E-08  2.
   103  2.59999990E-01  5.74723666E+00  0.00000000E+00  2.76446180E-04 -5.47355873E-08  2.
   104  2.80000001E-01  5.74910808E+00  0.00000000E+00  2.93971329E-04 -5.47534103E-08  2.
   105  3.00000012E-01  5.75610171E+00  0.00000000E+00  3.10613609E-04 -5.48200162E-08  2.
   106  3.19999993E-01  5.75584673E+00  0.00000000E+00  3.26400942E-04 -5.48175879E-08  2.
   107  3.40000004E-01  5.77694600E+00  0.00000000E+00  3.41281427E-04 -5.50185333E-08  2.
   108  3.60000014E-01  5.77903313E+00  0.00000000E+00  3.55022826E-04 -5.50384108E-08  2.
   109  3.79999995E-01  5.75558331E+00  0.00000000E+00  3.67753976E-04 -5.48150791E-08  2.
   110  4.00000006E-01  5.75404494E+00  0.00000000E+00  3.79301043E-04 -5.48004280E-08  2.
   111  4.19999987E-01  5.74681468E+00  0.00000000E+00  3.89715596E-04 -5.47315684E-08  2.
   112  4.39999998E-01  5.74816567E+00  0.00000000E+00  3.98792895E-04 -5.47444349E-08  2.
   113  4.60000008E-01  5.74351441E+00  0.00000000E+00  4.06581436E-04 -5.47001373E-08  2.
   114  4.79999989E-01  5.74092832E+00  0.00000000E+00  4.13003203E-04 -5.46755078E-08  2.
   115  5.00000000E-01  5.74345378E+00  0.00000000E+00  4.17950932E-04 -5.46995598E-08  2.
   116  5.19999981E-01  5.73574036E+00  0.00000000E+00  4.21447553E-04 -5.46260987E-08  2.
   117  5.40000021E-01  5.74120160E+00  0.00000000E+00  4.23343667E-04 -5.46781105E-08  2.
   118  5.60000002E-01  5.73506004E+00  0.00000000E+00  4.23617269E-04 -5.46196194E-08  2.
   119  5.79999983E-01  5.73739229E+00  0.00000000E+00  4.22202746E-04 -5.46418313E-08  2.
   120  6.00000024E-01  5.73453507E+00  0.00000000E+00  4.19040419E-04 -5.46146197E-08  2.
   121  6.20000005E-01  5.73467417E+00  0.00000000E+00  4.14067269E-04 -5.46159445E-08  2.
   122  6.39999986E-01  5.73327610E+00  0.00000000E+00  4.07221853E-04 -5.46026295E-08  2.
   123  6.60000026E-01  5.73373908E+00  0.00000000E+00  3.98483851E-04 -5.46070389E-08  2.
   124  6.80000007E-01  5.73092208E+00  0.00000000E+00  3.87739278E-04 -5.45802103E-08  2.
   125  6.99999988E-01  5.73473758E+00  0.00000000E+00  3.74967956E-04 -5.46165483E-08  2.
   126  7.20000029E-01  5.72746455E+00  0.00000000E+00  3.60066660E-04 -5.45472814E-08  2.
   127  7.40000010E-01  5.73560144E+00  0.00000000E+00  3.43017083E-04 -5.46247756E-08  2.
   128  7.59999990E-01  5.72740880E+00  0.00000000E+00  3.23712094E-04 -5.45467504E-08  2.
   129  7.79999971E-01  5.73104029E+00  0.00000000E+00  3.02124731E-04 -5.45813361E-08  2.
   130  8.00000012E-01  5.73145794E+00  0.00000000E+00  2.78194052E-04 -5.45853137E-08  2.
   131  8.19999993E-01  5.72750171E+00  0.00000000E+00  2.51872735E-04 -5.45476353E-08  2.
   132  8.39999974E-01  5.72792432E+00  0.00000000E+00  2.23099087E-04 -5.45516602E-08  2.
   133  8.60000014E-01  5.74045555E+00  0.00000000E+00  1.91807007E-04 -5.46710052E-08  2.
   134  8.79999995E-01  5.69244056E+00  0.00000000E+00  1.57936102E-04 -5.42137196E-08  2.
   135  8.99999976E-01  5.84441225E+00  0.00000000E+00  1.21390966E-04 -5.56610691E-08  2.
   136  9.20000017E-01  5.34522829E+00  0.00000000E+00  8.22165158E-05 -5.09069361E-08  2.
   137  9.39999998E-01  6.83907196E+00  0.00000000E+00  4.02373937E-05 -6.51340187E-08  2.
   138  9.59999979E-01  0.00000000E+00  0.00000000E+00  0.00000000E+00  7.62312628E-05  0.
   139  9.80000019E-01  0.00000000E+00  0.00000000E+00  0.00000000E+00  9.09874796E-04  0.
   140  1.00000000E+00  0.00000000E+00  0.00000000E+00  0.00000000E+00  1.91555458E-03  0.
   141  1.01999998E+00  0.00000000E+00  0.00000000E+00  0.00000000E+00  2.92325795E-03  0.
   142  1.03999996E+00  0.00000000E+00  0.00000000E+00  0.00000000E+00  3.95105993E-03  0.
   143  1.05999994E+00  0.00000000E+00  0.00000000E+00  0.00000000E+00  4.99894856E-03  0.
   144  1.08000004E+00  0.00000000E+00  0.00000000E+00  0.00000000E+00  6.06689232E-03  0.
   145  1.10000002E+00  0.00000000E+00  0.00000000E+00  0.00000000E+00  7.15485876E-03  0.
   146  1.12000000E+00  0.00000000E+00  0.00000000E+00  0.00000000E+00  8.26283557E-03  0.
   147  1.13999999E+00  0.00000000E+00  0.00000000E+00  0.00000000E+00  9.39081075E-03  0.
   148  1.15999997E+00  0.00000000E+00  0.00000000E+00  0.00000000E+00  1.05387739E-02  0.
   149  1.17999995E+00  0.00000000E+00  0.00000000E+00  0.00000000E+00  1.17067105E-02  0.
   150  1.20000005E+00  0.00000000E+00  0.00000000E+00  0.00000000E+00  1.28946243E-02  0.
   151  1.22000003E+00  0.00000000E+00  0.00000000E+00  0.00000000E+00  1.41024895E-02  0.
   152  1.24000001E+00  0.00000000E+00  0.00000000E+00  0.00000000E+00  1.53303076E-02  0.
   153  1.25999999E+00  0.00000000E+00  0.00000000E+00  0.00000000E+00  1.65780721E-02  0.
   154  1.27999997E+00  0.00000000E+00  0.00000000E+00  0.00000000E+00  1.78457769E-02  0.
   155  1.29999995E+00  0.00000000E+00  0.00000000E+00  0.00000000E+00  1.91334144E-02  0.
   156  1.32000005E+00  0.00000000E+00  0.00000000E+00  0.00000000E+00  2.04409896E-02  0.
   157  1.34000003E+00  0.00000000E+00  0.00000000E+00  0.00000000E+00  2.17684762E-02  0.
   158  1.36000001E+00  0.00000000E+00  0.00000000E+00  0.00000000E+00  2.31158805E-02  0.
   159  1.38000000E+00  0.00000000E+00  0.00000000E+00  0.00000000E+00  2.44831992E-02  0.
   160  1.39999998E+00  0.00000000E+00  0.00000000E+00  0.00000000E+00  2.58704204E-02  0.
   161  1.41999996E+00  0.00000000E+00  0.00000000E+00  0.00000000E+00  2.72775414E-02  0.
   162  1.44000006E+00  0.00000000E+00  0.00000000E+00  0.00000000E+00  2.87045654E-02  0.
   163  1.46000004E+00  0.00000000E+00  0.00000000E+00  0.00000000E+00  3.01514679E-02  0.
   164  1.48000002E+00  0.00000000E+00  0.00000000E+00  0.00000000E+00  3.16182552E-02  0.
   165  1.50000000E+00  0.00000000E+00  0.00000000E+00  0.00000000E+00  3.31049193E-02  0.
   166  1.51999998E+00  0.00000000E+00  0.00000000E+00  0.00000000E+00  3.46114564E-02  0.
   167  1.53999996E+00  0.00000000E+00  0.00000000E+00  0.00000000E+00  3.61378597E-02  0.
   168  1.55999994E+00  0.00000000E+00  0.00000000E+00  0.00000000E+00  3.76841285E-02  0.
   169  1.58000004E+00  0.00000000E+00  0.00000000E+00  0.00000000E+00  3.92502589E-02  0.
   170  1.60000002E+00  0.00000000E+00  0.00000000E+00  0.00000000E+00  4.08362337E-02  0.
   171  1.62000000E+00  0.00000000E+00  0.00000000E+00  0.00000000E+00  4.24420533E-02  0.
   172  1.63999999E+00  0.00000000E+00  0.00000000E+00  0.00000000E+00  4.40677175E-02  0.
   173  1.65999997E+00  0.00000000E+00  0.00000000E+00  0.00000000E+00  4.57132154E-02  0.
   174  1.67999995E+00  0.00000000E+00  0.00000000E+00  0.00000000E+00  4.73785419E-02  0.
   175  1.70000005E+00  0.00000000E+00  0.00000000E+00  0.00000000E+00  4.90637006E-02  0.
   176  1.72000003E+00  0.00000000E+00  0.00000000E+00  0.00000000E+00  5.07686655E-02  0.
   177  1.74000001E+00  0.00000000E+00  0.00000000E+00  0.00000000E+00  5.24934659E-02  0.
   178  1.75999999E+00  0.00000000E+00  0.00000000E+00  0.00000000E+00  5.42380611E-02  0.
   179  1.77999997E+00  0.00000000E+00  0.00000000E+00  0.00000000E+00  5.60024620E-02  0.
STEP  20 TIME  1.80020000E+04
     1 -1.77999997E+00  0.00000000E+00  0.00000000E+00  0.00000000E+00  5.51039639E-02  0.
     2 -1.75999999E+00  0.00000000E+00  0.00000000E+00  0.00000000E+00  5.33394902E-02  0.
     3 -1.74000001E+00  0.00000000E+00  0.00000000E+00  0.00000000E+00  5.15948193E-02  0.
     4 -1.72000003E+00  0.00000000E+00  0.00000000E+00  0.00000000E+00  4.98699570E-02  0.
     5 -1.70000005E+00  0.00000000E+00  0.00000000E+00  0.00000000E+00  4.81649157E-02  0.
     6 -1.67999995E+00  0.00000000E+00  0.00000000E+00  0.00000000E+00  4.64796863E-02  0.
     7 -1.65999997E+00  0.00000000E+00  0.00000000E+00  0.00000000E+00  4.48142904E-02  0.
     8 -1.63999999E+00  0.00000000E+00  0.00000000E+00  0.00000000E+00  4.31687243E-02  0.
     9 -1.62000000E+00  0.00000000E+00  0.00000000E+00  0.00000000E+00  4.15429932E-02  0.
    10 -1.60000002E+00  0.00000000E+00  0.00000000E+00  0.00000000E+00  3.99371078E-02  0.
    11 -1.58000004E+00  0.00000000E+00  0.00000000E+00  0.00000000E+00  3.83510685E-02  0.
    12 -1.55999994E+00  0.00000000E+00  0.00000000E+00  0.00000000E+00  3.67848749E-02  0.
    13 -1.53999996E+00  0.00000000E+00  0.00000000E+00  0.00000000E+00  3.52385444E-02  0.
    14 -1.51999998E+00  0.00000000E+00  0.00000000E+00  0.00000000E+00  3.37120806E-02  0.
    15 -1.50000000E+00  0.00000000E+00  0.00000000E+00  0.00000000E+00  3.22054844E-02  0.
    16 -1.48000002E+00  0.00000000E+00  0.00000000E+00  0.00000000E+00  3.07187628E-02  0.
    17 -1.46000004E+00  0.00000000E+00  0.00000000E+00  0.00000000E+00  2.92519194E-02  0.
    18 -1.44000006E+00  0.00000000E+00  0.00000000E+00  0.00000000E+00  2.78049624E-02  0.
    19 -1.41999996E+00  0.00000000E+00  0.00000000E+00  0.00000000E+00  2.63778856E-02  0.
    20 -1.39999998E+00  0.00000000E+00  0.00000000E+00  0.00000000E+00  2.49707137E-02  0.
    21 -1.38000000E+00  0.00000000E+00  0.00000000E+00  0.00000000E+00  2.35834431E-02  0.
    22 -1.36000001E+00  0.00000000E+00  0.00000000E+00  0.00000000E+00  2.22160776E-02  0.
    23 -1.34000003E+00  0.00000000E+00  0.00000000E+00  0.00000000E+00  2.08686303E-02  0.
    24 -1.32000005E+00  0.00000000E+00  0.00000000E+00  0.00000000E+00  1.95410998E-02  0.
    25 -1.29999995E+00  0.00000000E+00  0.00000000E+00  0.00000000E+00  1.82334851E-02  0.
    26 -1.27999997E+00  0.00000000E+00  0.00000000E+00  0.00000000E+00  1.69458103E-02  0.
    27 -1.25999999E+00  0.00000000E+00  0.00000000E+00  0.00000000E+00  1.56780694E-02  0.
    28 -1.24000001E+00  0.00000000E+00  0.00000000E+00  0.00000000E+00  1.44302747E-02  0.
    29 -1.22000003E+00  0.00000000E+00  0.00000000E+00  0.00000000E+00  1.32024279E-02  0.
    30 -1.20000005E+00  0.00000000E+00  0.00000000E+00  0.00000000E+00  1.19945381E-02  0.
    31 -1.17999995E+00  0.00000000E+00  0.00000000E+00  0.00000000E+00  1.08066042E-02  0.
    32 -1.15999997E+00  0.00000000E+00  0.00000000E+00  0.00000000E+00  9.63865300E-03  0.
    33 -1.13999999E+00  0.00000000E+00  0.00000000E+00  0.00000000E+00  8.49068169E-03  0.
    34 -1.12000000E+00  0.00000000E+00  0.00000000E+00  0.00000000E+00  7.36270643E-03  0.
    35 -1.10000002E+00  0.00000000E+00  0.00000000E+00  0.00000000E+00  6.25473898E-03  0.
    36 -1.08000004E+00  0.00000000E+00  0.00000000E+00  0.00000000E+00  5.16679611E-03  0.
    37 -1.05999994E+00  0.00000000E+00  0.00000000E+00  0.00000000E+00  4.09889112E-03  0.
    38 -1.03999996E+00  0.00000000E+00  0.00000000E+00  0.00000000E+00  3.05107584E-03  0.
    39 -1.01999998E+00  0.00000000E+00  0.00000000E+00  0.00000000E+00  2.02335531E-03  0.
    40 -1.00000000E+00  0.00000000E+00  0.00000000E+00  0.00000000E+00  9.98849415E-04  0.
    41 -9.80000019E-01  0.00000000E+00  0.00000000E+00  0.00000000E+00  1.34316075E-04  0.
    42 -9.59999979E-01  6.73669196E+00  0.00000000E+00  3.86920551E-05 -6.41589711E-08  2.
    43 -9.39999998E-01  5.29166606E+00  0.00000000E+00  8.25700011E-05 -5.03968196E-08  2.
    44 -9.20000017E-01  5.77033187E+00  0.00000000E+00  1.23641235E-04 -5.49555416E-08  2.
    45 -8.99999976E-01  5.62788687E+00  0.00000000E+00  1.61932638E-04 -5.35989225E-08  2.
    46 -8.79999995E-01  5.67250529E+00  0.00000000E+00  1.97585191E-04 -5.40238599E-08  2.
    47 -8.60000014E-01  5.66202783E+00  0.00000000E+00  2.30563746E-04 -5.39240746E-08  2.
    48 -8.39999974E-01  5.66076138E+00  0.00000000E+00  2.60961554E-04 -5.39120131E-08  2.
    49 -8.19999993E-01  5.66330872E+00  0.00000000E+00  2.88845237E-04 -5.39362735E-08  2.
    50 -8.00000012E-01  5.66582360E+00  0.00000000E+00  3.14273604E-04 -5.39602248E-08  2.
    51 -7.79999971E-01  5.66019335E+00  0.00000000E+00  3.37294001E-04 -5.39066033E-08  2.
    52 -7.59999990E-01  5.66706798E+00  0.00000000E+00  3.57969639E-04 -5.39720760E-08  2.
    53 -7.40000010E-01  5.66387156E+00  0.00000000E+00  3.76369081E-04 -5.39416339E-08  2.
    54 -7.20000029E-01  5.66423626E+00  0.00000000E+00  3.92513197E-04 -5.39451072E-08  2.
    55 -6.99999988E-01  5.66832953E+00  0.00000000E+00  4.06508163E-04 -5.39840908E-08  2.
    56 -6.80000007E-01  5.66249316E+00  0.00000000E+00  4.18369200E-04 -5.39285063E-08  2.
    57 -6.60000026E-01  5.67150067E+00  0.00000000E+00  4.28206410E-04 -5.40142921E-08  2.
    58 -6.39999986E-01  5.66324861E+00  0.00000000E+00  4.36045324E-04 -5.39357011E-08  2.
    59 -6.20000005E-01  5.67304162E+00  0.00000000E+00  4.41992116E-04 -5.40289678E-08  2.
    60 -6.00000024E-01  5.66516802E+00  0.00000000E+00  4.46064335E-04 -5.39539812E-08  2.
    61 -5.79999983E-01  5.67417577E+00  0.00000000E+00  4.48324957E-04 -5.40397692E-08  2.
    62 -5.60000002E-01  5.66877056E+00  0.00000000E+00  4.48837430E-04 -5.39882910E-08  2.
    63 -5.40000021E-01  5.67450260E+00  0.00000000E+00  4.47661515E-04 -5.40428819E-08  2.
    64 -5.19999981E-01  5.67441548E+00  0.00000000E+00  4.44862911E-04 -5.40420522E-08  2.
    65 -5.00000000E-01  5.67432711E+00  0.00000000E+00  4.40464153E-04 -5.40412106E-08  2.
    66 -4.79999989E-01  5.68090159E+00  0.00000000E+00  4.34613816E-04 -5.41038246E-08  2.
    67 -4.60000008E-01  5.67716810E+00  0.00000000E+00  4.27307490E-04 -5.40682676E-08  2.
    68 -4.39999998E-01  5.68850784E+00  0.00000000E+00  4.18620232E-04 -5.41762651E-08  2.
    69 -4.19999987E-01  5.68245550E+00  0.00000000E+00  4.08636257E-04 -5.41186238E-08  2.
    70 -4.00000006E-01  5.72415614E+00  0.00000000E+00  3.97385739E-04 -5.45157728E-08  2.
    71 -3.97847111E-01  5.69802252E+00  0.00000000E+00  3.84903133E-04 -5.42668811E-08  2.
    72 -3.60000014E-01  5.68572163E+00  0.00000000E+00  3.71236934E-04 -5.41497298E-08  2.
    73 -3.40000004E-01  5.68189878E+00  0.00000000E+00  3.56549423E-04 -5.41133217E-08  2.
    74 -3.19999993E-01  5.67856573E+00  0.00000000E+00  3.40833741E-04 -5.40815784E-08  2.
    75 -3.00000012E-01  5.67851781E+00  0.00000000E+00  3.24155654E-04 -5.40811220E-08  2.
    76 -2.80000001E-01  5.67662842E+00  0.00000000E+00  3.06616061E-04 -5.40631278E-08  2.
    77 -2.59999990E-01  5.67491424E+00  0.00000000E+00  2.88189882E-04 -5.40468023E-08  2.
    78 -2.39999995E-01  5.67244117E+00  0.00000000E+00  2.68985537E-04 -5.40232492E-08  2.
    79 -2.19999999E-01  5.67297359E+00  0.00000000E+00  2.49028738E-04 -5.40283199E-08  2.
    80 -2.00000003E-01  5.67232733E+00  0.00000000E+00  2.28464189E-04 -5.40221650E-08  2.
    81 -1.80000007E-01  5.67173274E+00  0.00000000E+00  2.07272257E-04 -5.40165023E-08  2.
    82 -1.59999996E-01  5.67098574E+00  0.00000000E+00  1.85558721E-04 -5.40093880E-08  2.
    83 -1.40000001E-01  5.67026700E+00  0.00000000E+00  1.63347567E-04 -5.40025429E-08  2.
    84 -1.19999997E-01  5.66963088E+00  0.00000000E+00  1.40705781E-04 -5.39964845E-08  2.
    85 -1.00000001E-01  5.66905409E+00  0.00000000E+00  1.17732843E-04 -5.39909913E-08  2.
    86 -7.99999982E-02  5.66880778E+00  0.00000000E+00  9.44877657E-05 -5.39886456E-08  2.
    87 -5.99999987E-02  5.66874145E+00  0.00000000E+00  7.09674771E-05 -5.39880139E-08  2.
    88 -3.99999991E-02  5.66858571E+00  0.00000000E+00  4.74675504E-05 -5.39865306E-08  2.
    89 -1.99999996E-02  5.66849619E+00  0.00000000E+00  2.37379728E-05 -5.39856780E-08  2.
    90  0.00000000E+00  5.66835764E+00  0.00000000E+00  3.81740137E-14 -5.39843585E-08  2.
    91  1.99999996E-02  5.66849619E+00  0.00000000E+00  2.37379728E-05 -5.39856780E-08  2.
    92  3.99999991E-02  5.66858571E+00  0.00000000E+00  4.74675504E-05 -5.39865306E-08  2.
    93  5.99999987E-02  5.66874145E+00  0.00000000E+00  7.09674771E-05 -5.39880139E-08  2.
    94  7.99999982E-02  5.66880778E+00  0.00000000E+00  9.44877657E-05 -5.39886455E-08  2.
    95  1.00000001E-01  5.66905409E+00  0.00000000E+00  1.17732843E-04 -5.39909913E-08  2.
    96  1.19999997E-01  5.66963087E+00  0.00000000E+00  1.40705781E-04 -5.39964845E-08  2.
    97  1.40000001E-01  5.67026700E+00  0.00000000E+00  1.63347567E-04 -5.40025429E-08  2.
    98  1.59999996E-01  5.67098574E+00  0.00000000E+00  1.85558721E-04 -5.40093880E-08  2.
    99  1.80000007E-01  5.67173274E+00  0.00000000E+00  2.07272257E-04 -5.40165023E-08  2.
   100  2.00000003E-01  5.67232733E+00  0.00000000E+00  2.28464189E-04 -5.40221650E-08  2.
   101  2.19999999E-01  5.67297359E+00  0.00000000E+00  2.49028738E-04 -5.40283199E-08  2.
   102  2.39999995E-01  5.67244117E+00  0.00000000E+00  2.68985537E-04 -5.40232492E-08  2.
   103  2.59999990E-01  5.67491424E+00  0.00000000E+00  2.88189882E-04 -5.40468023E-08  2.
   104  2.80000001E-01  5.67662841E+00  0.00000000E+00  3.06616061E-04 -5.40631278E-08  2.
   105  3.00000012E-01  5.67851781E+00  0.00000000E+00  3.24155654E-04 -5.40811220E-08  2.
   106  3.19999993E-01  5.67856573E+00  0.00000000E+00  3.40833741E-04 -5.40815784E-08  2.
   107  3.40000004E-01  5.68189878E+00  0.00000000E+00  3.56549423E-04 -5.41133217E-08  2.
   108  3.60000014E-01  5.68572163E+00  0.00000000E+00  3.71236934E-04 -5.41497298E-08  2.
   109  3.79999995E-01  5.69802252E+00  0.00000000E+00  3.84903133E-04 -5.42668811E-08  2.
   110  4.00000006E-01  5.72415614E+00  0.00000000E+00  3.97385739E-04 -5.45157728E-08  2.
   111  4.19999987E-01  5.68245550E+00  0.00000000E+00  4.08636257E-04 -5.41186238E-08  2.
   112  4.39999998E-01  5.68850784E+00  0.00000000E+00  4.18620232E-04 -5.41762651E-08  2.
   113  4.60000008E-01  5.67716810E+00  0.00000000E+00  4.27307490E-04 -5.40682676E-08  2.
   114  4.79999989E-01  5.68090159E+00  0.00000000E+00  4.34613816E-04 -5.41038246E-08  2.
   115  5.00000000E-01  5.67432711E+00  0.00000000E+00  4.40464153E-04 -5.40412106E-08  2.
   116  5.19999981E-01  5.67441548E+00  0.00000000E+00  4.44862911E-04 -5.40420522E-08  2.
   117  5.40000021E-01  5.67450260E+00  0.00000000E+00  4.47661515E-04 -5.40428819E-08  2.
   118  5.60000002E-01  5.66877056E+00  0.00000000E+00  4.48837430E-04 -5.39882910E-08  2.
   119  5.79999983E-01  5.67417577E+00  0.00000000E+00  4.48324957E-04 -5.40397692E-08  2.
   120  6.00000024E-01  5.66516802E+00  0.00000000E+00  4.46064335E-04 -5.39539812E-08  2.
   121  6.20000005E-01  5.67304162E+00  0.00000000E+00  4.41992116E-04 -5.40289678E-08  2.
   122  6.39999986E-01  5.66324861E+00  0.00000000E+00  4.36045324E-04 -5.39357011E-08  2.
   123  6.60000026E-01  5.67150067E+00  0.00000000E+00  4.28206410E-04 -5.40142921E-08  2.
   124  6.80000007E-01  5.66249316E+00  0.00000000E+00  4.18369200E-04 -5.39285063E-08  2.
   125  6.99999988E-01  5.66832953E+00  0.00000000E+00  4.06508163E-04 -5.39840908E-08  2.
   126  7.20000029E-01  5.66423626E+00  0.00000000E+00  3.92513197E-04 -5.39451072E-08  2.
   127  7.40000010E-01  5.66387156E+00  0.00000000E+00  3.76369081E-04 -5.39416339E-08  2.
   128  7.59999990E-01  5.66706798E+00  0.00000000E+00  3.57969639E-04 -5.39720760E-08  2.
   129  7.79999971E-01  5.66019335E+00  0.00000000E+00  3.37294001E-04 -5.39066034E-08  2.
   130  8.00000012E-01  5.66582360E+00  0.00000000E+00  3.14273604E-04 -5.39602248E-08  2.
   131  8.19999993E-01  5.66330872E+00  0.00000000E+00  2.88845237E-04 -5.39362735E-08  2.
   132  8.39999974E-01  5.66076138E+00  0.00000000E+00  2.60961554E-04 -5.39120131E-08  2.
   133  8.60000014E-01  5.66202782E+00  0.00000000E+00  2.30563746E-04 -5.39240745E-08  2.
   134  8.79999995E-01  5.67250530E+00  0.00000000E+00  1.97585191E-04 -5.40238600E-08  2.
   135  8.99999976E-01  5.62788686E+00  0.00000000E+00  1.61932638E-04 -5.35989225E-08  2.
   136  9.20000017E-01  5.77033187E+00  0.00000000E+00  1.23641235E-04 -5.49555416E-08  2.
   137  9.39999998E-01  5.29166606E+00  0.00000000E+00  8.25700011E-05 -5.03968196E-08  2.
   138  9.59999979E-01  6.73669196E+00  0.00000000E+00  3.86920551E-05 -6.41589711E-08  2.
   139  9.80000019E-01  0.00000000E+00  0.00000000E+00  0.00000000E+00  1.34316075E-04  0.
   140  1.00000000E+00  0.00000000E+00  0.00000000E+00  0.00000000E+00  9.98849415E-04  0.
   141  1.01999998E+00  0.00000000E+00  0.00000000E+00  0.00000000E+00  2.02335531E-03  0.
   142  1.03999996E+00  0.00000000E+00  0.00000000E+00  0.00000000E+00  3.05107584E-03  0.
   143  1.05999994E+00  0.00000000E+00  0.00000000E+00  0.00000000E+00  4.09889112E-03  0.
   144  1.08000004E+00  0.00000000E+00  0.00000000E+00  0.00000000E+00  5.16679611E-03  0.
   145  1.10000002E+00  0.00000000E+00  0.00000000E+00  0.00000000E+00  6.25473898E-03  0.
   146  1.12000000E+00  0.00000000E+00  0.00000000E+00  0.00000000E+00  7.36270643E-03  0.
   147  1.13999999E+00  0.00000000E+00  0.00000000E+00  0.00000000E+00  8.49068169E-03  0.
   148  1.15999997E+00  0.00000000E+00  0.00000000E+00  0.00000000E+00  9.63865300E-03  0.
   149  1.17999995E+00  0.00000000E+00  0.00000000E+00  0.00000000E+00  1.08066042E-02  0.
   150  1.20000005E+00  0.00000000E+00  0.00000000E+00  0.00000000E+00  1.19945381E-02  0.
   151  1.22000003E+00  0.00000000E+00  0.00000000E+00  0.00000000E+00  1.32024279E-02  0.
   152  1.24000001E+00  0.00000000E+00  0.00000000E+00  0.00000000E+00  1.44302747E-02  0.
   153  1.25999999E+00  0.00000000E+00  0.00000000E+00  0.00000000E+00  1.56780694E-02  0.
   154  1.27999997E+00  0.00000000E+00  0.00000000E+00  0.00000000E+00  1.69458103E-02  0.
   155  1.29999995E+00  0.00000000E+00  0.00000000E+00  0.00000000E+00  1.82334851E-02  0.
   156  1.32000005E+00  0.00000000E+00  0.00000000E+00  0.00000000E+00  1.95410998E-02  0.
   157  1.34000003E+00  0.00000000E+00  0.00000000E+00  0.00000000E+00  2.08686303E-02  0.
   158  1.36000001E+00  0.00000000E+00  0.00000000E+00  0.00000000E+00  2.22160776E-02  0.
   159  1.38000000E+00  0.00000000E+00  0.00000000E+00  0.00000000E+00  2.35834431E-02  0.
   160  1.39999998E+00  0.00000000E+00  0.00000000E+00  0.00000000E+00  2.49707137E-02  0.
   161  1.41999996E+00  0.00000000E+00  0.00000000E+00  0.00000000E+00  2.63778856E-02  0.
   162  1.44000006E+00  0.00000000E+00  0.00000000E+00  0.00000000E+00  2.78049624E-02  0.
   163  1.46000004E+00  0.00000000E+00  0.00000000E+00  0.00000000E+00  2.92519194E-02  0.
   164  1.48000002E+00  0.00000000E+00  0.00000000E+00  0.00000000E+00  3.07187628E-02  0.
   165  1.50000000E+00  0.00000000E+00  0.00000000E+00  0.00000000E+00  3.22054844E-02  0.
   166  1.51999998E+00  0.00000000E+00  0.00000000E+00  0.00000000E+00  3.37120806E-02  0.
   167  1.53999996E+00  0.00000000E+00  0.00000000E+00  0.00000000E+00  3.52385444E-02  0.
   168  1.55999994E+00  0.00000000E+00  0.00000000E+00  0.00000000E+00  3.67848749E-02  0.
   169  1.58000004E+00  0.00000000E+00  0.00000000E+00  0.00000000E+00  3.83510685E-02  0.
   170  1.60000002E+00  0.00000000E+00  0.00000000E+00  0.00000000E+00  3.99371078E-02  0.
   171  1.62000000E+00  0.00000000E+00  0.00000000E+00  0.00000000E+00  4.15429932E-02  0.
   172  1.63999999E+00  0.00000000E+00  0.00000000E+00  0.00000000E+00  4.31687243E-02  0.
   173  1.65999997E+00  0.00000000E+00  0.00000000E+00  0.00000000E+00  4.48142904E-02  0.
   174  1.67999995E+00  0.00000000E+00  0.00000000E+00  0.00000000E+00  4.64796863E-02  0.
   175  1.70000005E+00  0.00000000E+00  0.00000000E+00  0.00000000E+00  4.81649157E-02  0.
   176  1.72000003E+00  0.00000000E+00  0.00000000E+00  0.00000000E+00  4.98699570E-02  0.
   177  1.74000001E+00  0.00000000E+00  0.00000000E+00  0.00000000E+00  5.15948193E-02  0.
   178  1.75999999E+00  0.00000000E+00  0.00000000E+00  0.00000000E+00  5.33394902E-02  0.
   179  1.77999997E+00  0.00000000E+00  0.00000000E+00  0.00000000E+00  5.51039639E-02  0.
STEP  21 TIME  1.90020000E+04
     1 -1.77999997E+00  0.00000000E+00  0.00000000E+00  0.00000000E+00  5.42224123E-02  0.
     2 -1.75999999E+00  0.00000000E+00  0.00000000E+00  0.00000000E+00  5.24578662E-02  0.
     3 -1.74000001E+00  0.00000000E+00  0.00000000E+00  0.00000000E+00  5.07131228E-02  0.
     4 -1.72000003E+00  0.00000000E+00  0.00000000E+00  0.00000000E+00  4.89881916E-02  0.
     5 -1.70000005E+00  0.00000000E+00  0.00000000E+00  0.00000000E+00  4.72830795E-02  0.
     6 -1.67999995E+00  0.00000000E+00  0.00000000E+00  0.00000000E+00  4.55977803E-02  0.
     7 -1.65999997E+00  0.00000000E+00  0.00000000E+00  0.00000000E+00  4.39323159E-02  0.
     8 -1.63999999E+00  0.00000000E+00  0.00000000E+00  0.00000000E+00  4.22866825E-02  0.
     9 -1.62000000E+00  0.00000000E+00  0.00000000E+00  0.00000000E+00  4.06608853E-02  0.
    10 -1.60000002E+00  0.00000000E+00  0.00000000E+00  0.00000000E+00  3.90549349E-02  0.
    11 -1.58000004E+00  0.00000000E+00  0.00000000E+00  0.00000000E+00  3.74688319E-02  0.
    12 -1.55999994E+00  0.00000000E+00  0.00000000E+00  0.00000000E+00  3.59025757E-02  0.
    13 -1.53999996E+00  0.00000000E+00  0.00000000E+00  0.00000000E+00  3.43561842E-02  0.
    14 -1.51999998E+00  0.00000000E+00  0.00000000E+00  0.00000000E+00  3.28296605E-02  0.
    15 -1.50000000E+00  0.00000000E+00  0.00000000E+00  0.00000000E+00  3.13230060E-02  0.
    16 -1.48000002E+00  0.00000000E+00  0.00000000E+00  0.00000000E+00  2.98362273E-02  0.
    17 -1.46000004E+00  0.00000000E+00  0.00000000E+00  0.00000000E+00  2.83693285E-02  0.
    18 -1.44000006E+00  0.00000000E+00  0.00000000E+00  0.00000000E+00  2.69223175E-02  0.
    19 -1.41999996E+00  0.00000000E+00  0.00000000E+00  0.00000000E+00  2.54951884E-02  0.
    20 -1.39999998E+00  0.00000000E+00  0.00000000E+00  0.00000000E+00  2.40879659E-02  0.
    21 -1.38000000E+00  0.00000000E+00  0.00000000E+00  0.00000000E+00  2.27006464E-02  0.
    22 -1.36000001E+00  0.00000000E+00  0.00000000E+00  0.00000000E+00  2.13332369E-02  0.
    23 -1.34000003E+00  0.00000000E+00  0.00000000E+00  0.00000000E+00  1.99857435E-02  0.
    24 -1.32000005E+00  0.00000000E+00  0.00000000E+00  0.00000000E+00  1.86581715E-02  0.
    25 -1.29999995E+00  0.00000000E+00  0.00000000E+00  0.00000000E+00  1.73505176E-02  0.
    26 -1.27999997E+00  0.00000000E+00  0.00000000E+00  0.00000000E+00  1.60628042E-02  0.
    27 -1.25999999E+00  0.00000000E+00  0.00000000E+00  0.00000000E+00  1.47950307E-02  0.
    28 -1.24000001E+00  0.00000000E+00  0.00000000E+00  0.00000000E+00  1.35472044E-02  0.
    29 -1.22000003E+00  0.00000000E+00  0.00000000E+00  0.00000000E+00  1.23193296E-02  0.
    30 -1.20000005E+00  0.00000000E+00  0.00000000E+00  0.00000000E+00  1.11114162E-02  0.
    31 -1.17999995E+00  0.00000000E+00  0.00000000E+00  0.00000000E+00  9.92346374E-03  0.
    32 -1.15999997E+00  0.00000000E+00  0.00000000E+00  0.00000000E+00  8.75549985E-03  0.
    33 -1.13999999E+00  0.00000000E+00  0.00000000E+00  0.00000000E+00  7.60752334E-03  0.
    34 -1.12000000E+00  0.00000000E+00  0.00000000E+00  0.00000000E+00  6.47955170E-03  0.
    35 -1.10000002E+00  0.00000000E+00  0.00000000E+00  0.00000000E+00  5.37160111E-03  0.
    36 -1.08000004E+00  0.00000000E+00  0.00000000E+00  0.00000000E+00  4.28368878E-03  0.
    37 -1.05999994E+00  0.00000000E+00  0.00000000E+00  0.00000000E+00  3.21584822E-03  0.
    38 -1.03999996E+00  0.00000000E+00  0.00000000E+00  0.00000000E+00  2.16810350E-03  0.
    39 -1.01999998E+00  0.00000000E+00  0.00000000E+00  0.00000000E+00  1.12557782E-03  0.
    40 -1.00000000E+00  0.00000000E+00  0.00000000E+00  0.00000000E+00  2.23120654E-04  0.
    41 -9.80000019E-01  6.53664001E+00  0.00000000E+00  3.52399882E-05 -6.22537144E-08  2.
    42 -9.59999979E-01  5.19110629E+00  0.00000000E+00  8.11031434E-05 -4.94391076E-08  2.
    43 -9.39999998E-01  5.63493457E+00  0.00000000E+00  1.24095105E-04 -5.36660435E-08  2.
    44 -9.20000017E-01  5.51046302E+00  0.00000000E+00  1.64298690E-04 -5.24806002E-08  2.
    45 -8.99999976E-01  5.55084334E+00  0.00000000E+00  2.01714476E-04 -5.28651746E-08  2.
    46 -8.79999995E-01  5.54263111E+00  0.00000000E+00  2.36491179E-04 -5.27869629E-08  2.
    47 -8.60000014E-01  5.54103643E+00  0.00000000E+00  2.68592080E-04 -5.27717755E-08  2.
    48 -8.39999974E-01  5.54240781E+00  0.00000000E+00  2.98117119E-04 -5.27848363E-08  2.
    49 -8.19999993E-01  5.54577143E+00  0.00000000E+00  3.25122676E-04 -5.28168707E-08  2.
    50 -8.00000012E-01  5.53883437E+00  0.00000000E+00  3.49656253E-04 -5.27508035E-08  2.
    51 -7.79999971E-01  5.54188345E+00  0.00000000E+00  3.71783086E-04 -5.27798424E-08  2.
    52 -7.59999990E-01  5.54151850E+00  0.00000000E+00  3.91570027E-04 -5.27763667E-08  2.
    53 -7.40000010E-01  5.53443692E+00  0.00000000E+00  4.09080577E-04 -5.27089230E-08  2.
    54 -7.20000029E-01  5.54117237E+00  0.00000000E+00  4.24334470E-04 -5.27730702E-08  2.
    55 -6.99999988E-01  5.52945459E+00  0.00000000E+00  4.37435895E-04 -5.26614722E-08  2.
    56 -6.80000007E-01  5.53349160E+00  0.00000000E+00  4.48409387E-04 -5.26999200E-08  2.
    57 -6.60000026E-01  5.52316334E+00  0.00000000E+00  4.57365984E-04 -5.26015556E-08  2.
    58 -6.39999986E-01  5.52158686E+00  0.00000000E+00  4.64321732E-04 -5.25865416E-08  2.
    59 -6.20000005E-01  5.50938398E+00  0.00000000E+00  4.69384127E-04 -5.24703236E-08  2.
    60 -6.00000024E-01  5.50242922E+00  0.00000000E+00  4.72571326E-04 -5.24040878E-08  2.
    61 -5.79999983E-01  5.48157368E+00  0.00000000E+00  4.73946677E-04 -5.22054636E-08  2.
    62 -5.60000002E-01  5.46515799E+00  0.00000000E+00  4.73573777E-04 -5.20491237E-08  2.
    63 -5.40000021E-01  5.42611499E+00  0.00000000E+00  4.71512576E-04 -5.16772856E-08  2.
    64 -5.19999981E-01  5.37782180E+00  0.00000000E+00  4.67828082E-04 -5.12173505E-08  2.
    65 -5.00000000E-01  5.32801075E+00  0.00000000E+00  4.62558847E-04 -5.07429595E-08  2.
    66 -4.79999989E-01  5.17537445E+00  0.00000000E+00  4.55832032E-04 -4.92892804E-08  2.
    67 -4.60000008E-01  5.16891789E+00  0.00000000E+00  4.47632739E-04 -4.92277894E-08  2.
    68 -4.40185518E-01  4.95561793E+00  0.00000000E+00  4.38162526E-04 -4.71963613E-08  2.
    69 -4.19999987E-01  4.94973311E+00  0.00000000E+00  4.27207258E-04 -4.71403154E-08  2.
    70 -4.00000006E-01  5.16646754E+00  0.00000000E+00  4.15012489E-04 -4.92044527E-08  2.
    71 -3.79999995E-01  5.17379649E+00  0.00000000E+00  4.01692168E-04 -4.92742523E-08  2.
    72 -3.60000014E-01  5.33024374E+00  0.00000000E+00  3.87176030E-04 -5.07642261E-08  2.
    73 -3.40000004E-01  5.37352750E+00  0.00000000E+00  3.71611007E-04 -5.11764524E-08  2.
    74 -3.19999993E-01  5.42952701E+00  0.00000000E+00  3.55012415E-04 -5.17097811E-08  2.
    75 -3.00000012E-01  5.45911040E+00  0.00000000E+00  3.37445774E-04 -5.19915276E-08  2.
    76 -2.80000001E-01  5.48416821E+00  0.00000000E+00  3.19020170E-04 -5.22301734E-08  2.
    77 -2.59999990E-01  5.49987821E+00  0.00000000E+00  2.99708997E-04 -5.23797925E-08  2.
    78 -2.39999995E-01  5.51099736E+00  0.00000000E+00  2.79619304E-04 -5.24856891E-08  2.
    79 -2.19999999E-01  5.51836201E+00  0.00000000E+00  2.58777004E-04 -5.25558287E-08  2.
    80 -2.00000003E-01  5.52439267E+00  0.00000000E+00  2.37326723E-04 -5.26132635E-08  2.
    81 -1.80000007E-01  5.52984822E+00  0.00000000E+00  2.15248889E-04 -5.26652212E-08  2.
    82 -1.59999996E-01  5.53346954E+00  0.00000000E+00  1.92649315E-04 -5.26997099E-08  2.
    83 -1.40000001E-01  5.53621762E+00  0.00000000E+00  1.69552016E-04 -5.27258821E-08  2.
    84 -1.19999997E-01  5.53820217E+00  0.00000000E+00  1.46024007E-04 -5.27447825E-08  2.
    85 -1.00000001E-01  5.53967055E+00  0.00000000E+00  1.22164781E-04 -5.27587672E-08  2.
    86 -7.99999982E-02  5.54074357E+00  0.00000000E+00  9.80333680E-05 -5.27689864E-08  2.
    87 -5.99999987E-02  5.54151324E+00  0.00000000E+00  7.36267084E-05 -5.27763166E-08  2.
    88 -3.99999991E-02  5.54202727E+00  0.00000000E+00  4.92403852E-05 -5.27812121E-08  2.
    89 -1.99999996E-02  5.54233519E+00  0.00000000E+00  2.46243949E-05 -5.27841447E-08  2.
    90  0.00000000E+00  5.54235894E+00  0.00000000E+00  4.17044107E-14 -5.27843708E-08  2.
    91  1.99999996E-02  5.54233519E+00  0.00000000E+00  2.46243949E-05 -5.27841447E-08  2.
    92  3.99999991E-02  5.54202728E+00  0.00000000E+00  4.92403852E-05 -5.27812121E-08  2.
    93  5.99999987E-02  5.54151324E+00  0.00000000E+00  7.36267084E-05 -5.27763166E-08  2.
    94  7.99999982E-02  5.54074357E+00  0.00000000E+00  9.80333680E-05 -5.27689864E-08  2.
    95  1.00000001E-01  5.53967055E+00  0.00000000E+00  1.22164781E-04 -5.27587672E-08  2.
    96  1.19999997E-01  5.53820217E+00  0.00000000E+00  1.46024007E-04 -5.27447825E-08  2.
    97  1.40000001E-01  5.53621762E+00  0.00000000E+00  1.69552016E-04 -5.27258821E-08  2.
    98  1.59999996E-01  5.53346954E+00  0.00000000E+00  1.92649315E-04 -5.26997099E-08  2.
    99  1.80000007E-01  5.52984822E+00  0.00000000E+00  2.15248889E-04 -5.26652212E-08  2.
   100  2.00000003E-01  5.52439267E+00  0.00000000E+00  2.37326723E-04 -5.26132635E-08  2.
   101  2.19999999E-01  5.51836201E+00  0.00000000E+00  2.58777004E-04 -5.25558287E-08  2.
   102  2.39999995E-01  5.51099736E+00  0.00000000E+00  2.79619304E-04 -5.24856892E-08  2.
   103  2.59999990E-01  5.49987821E+00  0.00000000E+00  2.99708997E-04 -5.23797925E-08  2.
   104  2.80000001E-01  5.48416821E+00  0.00000000E+00  3.19020170E-04 -5.22301734E-08  2.
   105  3.00000012E-01  5.45911040E+00  0.00000000E+00  3.37445774E-04 -5.19915276E-08  2.
   106  3.19999993E-01  5.42952701E+00  0.00000000E+00  3.55012415E-04 -5.17097811E-08  2.
   107  3.40000004E-01  5.37352750E+00  0.00000000E+00  3.71611007E-04 -5.11764524E-08  2.
   108  3.60000014E-01  5.33024374E+00  0.00000000E+00  3.87176030E-04 -5.07642261E-08  2.
   109  3.79999995E-01  5.17379649E+00  0.00000000E+00  4.01692168E-04 -4.92742523E-08  2.
   110  4.00000006E-01  5.16646754E+00  0.00000000E+00  4.15012489E-04 -4.92044527E-08  2.
   111  4.19999987E-01  4.94973311E+00  0.00000000E+00  4.27207258E-04 -4.71403154E-08  2.
   112  4.39999998E-01  4.95561793E+00  0.00000000E+00  4.38162526E-04 -4.71963613E-08  2.
   113  4.60000008E-01  5.16891789E+00  0.00000000E+00  4.47632739E-04 -4.92277894E-08  2.
   114  4.79999989E-01  5.17537445E+00  0.00000000E+00  4.55832032E-04 -4.92892804E-08  2.
   115  5.00000000E-01  5.32801075E+00  0.00000000E+00  4.62558847E-04 -5.07429595E-08  2.
   116  5.19999981E-01  5.37782180E+00  0.00000000E+00  4.67828082E-04 -5.12173505E-08  2.
   117  5.40000021E-01  5.42611499E+00  0.00000000E+00  4.71512576E-04 -5.16772856E-08  2.
   118  5.60000002E-01  5.46515799E+00  0.00000000E+00  4.73573777E-04 -5.20491237E-08  2.
   119  5.79999983E-01  5.48157368E+00  0.00000000E+00  4.73946677E-04 -5.22054636E-08  2.
   120  6.00000024E-01  5.50242922E+00  0.00000000E+00  4.72571326E-04 -5.24040878E-08  2.
   121  6.20000005E-01  5.50938398E+00  0.00000000E+00  4.69384127E-04 -5.24703236E-08  2.
   122  6.39999986E-01  5.52158687E+00  0.00000000E+00  4.64321732E-04 -5.25865416E-08  2.
   123  6.60000026E-01  5.52316334E+00  0.00000000E+00  4.57365984E-04 -5.26015556E-08  2.
   124  6.80000007E-01  5.53349160E+00  0.00000000E+00  4.48409387E-04 -5.26999200E-08  2.
   125  6.99999988E-01  5.52945458E+00  0.00000000E+00  4.37435895E-04 -5.26614722E-08  2.
   126  7.20000029E-01  5.54117237E+00  0.00000000E+00  4.24334470E-04 -5.27730702E-08  2.
   127  7.40000010E-01  5.53443691E+00  0.00000000E+00  4.09080577E-04 -5.27089230E-08  2.
   128  7.59999990E-01  5.54151850E+00  0.00000000E+00  3.91570027E-04 -5.27763667E-08  2.
   129  7.79999971E-01  5.54188345E+00  0.00000000E+00  3.71783086E-04 -5.27798424E-08  2.
   130  8.00000012E-01  5.53883437E+00  0.00000000E+00  3.49656253E-04 -5.27508035E-08  2.
   131  8.19999993E-01  5.54577143E+00  0.00000000E+00  3.25122676E-04 -5.28168707E-08  2.
   132  8.39999974E-01  5.54240781E+00  0.00000000E+00  2.98117119E-04 -5.27848363E-08  2.
   133  8.60000014E-01  5.54103643E+00  0.00000000E+00  2.68592080E-04 -5.27717755E-08  2.
   134  8.79999995E-01  5.54263111E+00  0.00000000E+00  2.36491179E-04 -5.27869629E-08  2.
   135  8.99999976E-01  5.55084333E+00  0.00000000E+00  2.01714476E-04 -5.28651746E-08  2.
   136  9.20000017E-01  5.51046302E+00  0.00000000E+00  1.64298690E-04 -5.24806002E-08  2.
   137  9.39999998E-01  5.63493457E+00  0.00000000E+00  1.24095105E-04 -5.36660435E-08  2.
   138  9.59999979E-01  5.19110629E+00  0.00000000E+00  8.11031434E-05 -4.94391076E-08  2.
   139  9.80000019E-01  6.53664001E+00  0.00000000E+00  3.52399882E-05 -6.22537144E-08  2.
   140  1.00000000E+00  0.00000000E+00  0.00000000E+00  0.00000000E+00  2.23120654E-04  0.
   141  1.01999998E+00  0.00000000E+00  0.00000000E+00  0.00000000E+00  1.12557782E-03  0.
   142  1.03999996E+00  0.00000000E+00  0.00000000E+00  0.00000000E+00  2.16810350E-03  0.
   143  1.05999994E+00  0.00000000E+00  0.00000000E+00  0.00000000E+00  3.21584822E-03  0.
   144  1.08000004E+00  0.00000000E+00  0.00000000E+00  0.00000000E+00  4.28368878E-03  0.
   145  1.10000002E+00  0.00000000E+00  0.00000000E+00  0.00000000E+00  5.37160111E-03  0.
   146  1.12000000E+00  0.00000000E+00  0.00000000E+00  0.00000000E+00  6.47955170E-03  0.
   147  1.13999999E+00  0.00000000E+00  0.00000000E+00  0.00000000E+00  7.60752334E-03  0.
   148  1.15999997E+00  0.00000000E+00  0.00000000E+00  0.00000000E+00  8.75549985E-03  0.
   149  1.17999995E+00  0.00000000E+00  0.00000000E+00  0.00000000E+00  9.92346374E-03  0.
   150  1.20000005E+00  0.00000000E+00  0.00000000E+00  0.00000000E+00  1.11114162E-02  0.
   151  1.22000003E+00  0.00000000E+00  0.00000000E+00  0.00000000E+00  1.23193296E-02  0.
   152  1.24000001E+00  0.00000000E+00  0.00000000E+00  0.00000000E+00  1.35472044E-02  0.
   153  1.25999999E+00  0.00000000E+00  0.00000000E+00  0.00000000E+00  1.47950307E-02  0.
   154  1.27999997E+00  0.00000000E+00  0.00000000E+00  0.00000000E+00  1.60628042E-02  0.
   155  1.29999995E+00  0.00000000E+00  0.00000000E+00  0.00000000E+00  1.73505176E-02  0.
   156  1.32000005E+00  0.00000000E+00  0.00000000E+00  0.00000000E+00  1.86581715E-02  0.
   157  1.34000003E+00  0.00000000E+00  0.00000000E+00  0.00000000E+00  1.99857435E-02  0.
   158  1.36000001E+00  0.00000000E+00  0.00000000E+00  0.00000000E+00  2.13332369E-02  0.
   159  1.38000000E+00  0.00000000E+00  0.00000000E+00  0.00000000E+00  2.27006464E-02  0.
   160  1.39999998E+00  0.00000000E+00  0.00000000E+00  0.00000000E+00  2.40879659E-02  0.
   161  1.41999996E+00  0.00000000E+00  0.00000000E+00  0.00000000E+00  2.54951884E-02  0.
   162  1.44000006E+00  0.00000000E+00  0.00000000E+00  0.00000000E+00  2.69223175E-02  0.
   163  1.46000004E+00  0.00000000E+00  0.00000000E+00  0.00000000E+00  2.83693285E-02  0.
   164  1.48000002E+00  0.00000000E+00  0.00000000E+00  0.00000000E+00  2.98362273E-02  0.
   165  1.50000000E+00  0.00000000E+00  0.00000000E+00  0.00000000E+00  3.13230060E-02  0.
   166  1.51999998E+00  0.00000000E+00  0.00000000E+00  0.00000000E+00  3.28296605E-02  0.
   167  1.53999996E+00  0.00000000E+00  0.00000000E+00  0.00000000E+00  3.43561842E-02  0.
   168  1.55999994E+00  0.00000000E+00  0.00000000E+00  0.00000000E+00  3.59025757E-02  0.
   169  1.58000004E+00  0.00000000E+00  0.00000000E+00  0.00000000E+00  3.74688319E-02  0.
   170  1.60000002E+00  0.00000000E+00  0.00000000E+00  0.00000000E+00  3.90549349E-02  0.
   171  1.62000000E+00  0.00000000E+00  0.00000000E+00  0.00000000E+00  4.06608853E-02  0.
   172  1.63999999E+00  0.00000000E+00  0.00000000E+00  0.00000000E+00  4.22866825E-02  0.
   173  1.65999997E+00  0.00000000E+00  0.00000000E+00  0.00000000E+00  4.39323159E-02  0.
   174  1.67999995E+00  0.00000000E+00  0.00000000E+00  0.00000000E+00  4.55977803E-02  0.
   175  1.70000005E+00  0.00000000E+00  0.00000000E+00  0.00000000E+00  4.72830795E-02  0.
   176  1.72000003E+00  0.00000000E+00  0.00000000E+00  0.00000000E+00  4.89881916E-02  0.
   177  1.74000001E+00  0.00000000E+00  0.00000000E+00  0.00000000E+00  5.07131228E-02  0.
   178  1.75999999E+00  0.00000000E+00  0.00000000E+00  0.00000000E+00  5.24578662E-02  0.
   179  1.77999997E+00  0.00000000E+00  0.00000000E+00  0.00000000E+00  5.42224123E-02  0.
STEP  22 TIME  2.00020000E+04
     1 -1.77999997E+00  0.00000000E+00  0.00000000E+00  0.00000000E+00  5.33570139E-02  0.
     2 -1.75999999E+00  0.00000000E+00  0.00000000E+00  0.00000000E+00  5.15923790E-02  0.
     3 -1.74000001E+00  0.00000000E+00  0.00000000E+00  0.00000000E+00  4.98475805E-02  0.
     4 -1.72000003E+00  0.00000000E+00  0.00000000E+00  0.00000000E+00  4.81225793E-02  0.
     5 -1.70000005E+00  0.00000000E+00  0.00000000E+00  0.00000000E+00  4.64173983E-02  0.
     6 -1.67999995E+00  0.00000000E+00  0.00000000E+00  0.00000000E+00  4.47320313E-02  0.
     7 -1.65999997E+00  0.00000000E+00  0.00000000E+00  0.00000000E+00  4.30665002E-02  0.
     8 -1.63999999E+00  0.00000000E+00  0.00000000E+00  0.00000000E+00  4.14208013E-02  0.
     9 -1.62000000E+00  0.00000000E+00  0.00000000E+00  0.00000000E+00  3.97949399E-02  0.
    10 -1.60000002E+00  0.00000000E+00  0.00000000E+00  0.00000000E+00  3.81889264E-02  0.
    11 -1.58000004E+00  0.00000000E+00  0.00000000E+00  0.00000000E+00  3.66027617E-02  0.
    12 -1.55999994E+00  0.00000000E+00  0.00000000E+00  0.00000000E+00  3.50364450E-02  0.
    13 -1.53999996E+00  0.00000000E+00  0.00000000E+00  0.00000000E+00  3.34899944E-02  0.
    14 -1.51999998E+00  0.00000000E+00  0.00000000E+00  0.00000000E+00  3.19634129E-02  0.
    15 -1.50000000E+00  0.00000000E+00  0.00000000E+00  0.00000000E+00  3.04567020E-02  0.
    16 -1.48000002E+00  0.00000000E+00  0.00000000E+00  0.00000000E+00  2.89698685E-02  0.
    17 -1.46000004E+00  0.00000000E+00  0.00000000E+00  0.00000000E+00  2.75029165E-02  0.
    18 -1.44000006E+00  0.00000000E+00  0.00000000E+00  0.00000000E+00  2.60558538E-02  0.
    19 -1.41999996E+00  0.00000000E+00  0.00000000E+00  0.00000000E+00  2.46286747E-02  0.
    20 -1.39999998E+00  0.00000000E+00  0.00000000E+00  0.00000000E+00  2.32214042E-02  0.
    21 -1.38000000E+00  0.00000000E+00  0.00000000E+00  0.00000000E+00  2.18340391E-02  0.
    22 -1.36000001E+00  0.00000000E+00  0.00000000E+00  0.00000000E+00  2.04665874E-02  0.
    23 -1.34000003E+00  0.00000000E+00  0.00000000E+00  0.00000000E+00  1.91190516E-02  0.
    24 -1.32000005E+00  0.00000000E+00  0.00000000E+00  0.00000000E+00  1.77914412E-02  0.
    25 -1.29999995E+00  0.00000000E+00  0.00000000E+00  0.00000000E+00  1.64837507E-02  0.
    26 -1.27999997E+00  0.00000000E+00  0.00000000E+00  0.00000000E+00  1.51960033E-02  0.
    27 -1.25999999E+00  0.00000000E+00  0.00000000E+00  0.00000000E+00  1.39282005E-02  0.
    28 -1.24000001E+00  0.00000000E+00  0.00000000E+00  0.00000000E+00  1.26803470E-02  0.
    29 -1.22000003E+00  0.00000000E+00  0.00000000E+00  0.00000000E+00  1.14524493E-02  0.
    30 -1.20000005E+00  0.00000000E+00  0.00000000E+00  0.00000000E+00  1.02445181E-02  0.
    31 -1.17999995E+00  0.00000000E+00  0.00000000E+00  0.00000000E+00  9.05655378E-03  0.
    32 -1.15999997E+00  0.00000000E+00  0.00000000E+00  0.00000000E+00  7.88858552E-03  0.
    33 -1.13999999E+00  0.00000000E+00  0.00000000E+00  0.00000000E+00  6.74061341E-03  0.
    34 -1.12000000E+00  0.00000000E+00  0.00000000E+00  0.00000000E+00  5.61265941E-03  0.
    35 -1.10000002E+00  0.00000000E+00  0.00000000E+00  0.00000000E+00  4.50473962E-03  0.
    36 -1.08000004E+00  0.00000000E+00  0.00000000E+00  0.00000000E+00  3.41689267E-03  0.
    37 -1.05999994E+00  0.00000000E+00  0.00000000E+00  0.00000000E+00  2.34912351E-03  0.
    38 -1.03999996E+00  0.00000000E+00  0.00000000E+00  0.00000000E+00  1.28932629E-03  0.
    39 -1.01999998E+00  0.00000000E+00  0.00000000E+00  0.00000000E+00  3.42690163E-04  0.
    40 -1.00000000E+00  6.35179403E+00  0.00000000E+00  2.97756875E-05 -6.04932764E-08  2.
    41 -9.80000019E-01  5.13446469E+00  0.00000000E+00  7.77382720E-05 -4.88996638E-08  2.
    42 -9.59999979E-01  5.51862255E+00  0.00000000E+00  1.22740613E-04 -5.25583100E-08  2.
    43 -9.39999998E-01  5.41557939E+00  0.00000000E+00  1.64879460E-04 -5.15769466E-08  2.
    44 -9.20000017E-01  5.44747427E+00  0.00000000E+00  2.04224380E-04 -5.18807074E-08  2.
    45 -8.99999976E-01  5.44090041E+00  0.00000000E+00  2.40780555E-04 -5.18180992E-08  2.
    46 -8.79999995E-01  5.43874420E+00  0.00000000E+00  2.74696050E-04 -5.17975638E-08  2.
    47 -8.60000014E-01  5.44046840E+00  0.00000000E+00  3.05940807E-04 -5.18139847E-08  2.
    48 -8.39999974E-01  5.44421488E+00  0.00000000E+00  3.34603170E-04 -5.18496656E-08  2.
    49 -8.19999993E-01  5.43976808E+00  0.00000000E+00  3.60730145E-04 -5.18073150E-08  2.
    50 -8.00000012E-01  5.44156816E+00  0.00000000E+00  3.84387606E-04 -5.18244587E-08  2.
    51 -7.79999971E-01  5.44557317E+00  0.00000000E+00  4.05642348E-04 -5.18626016E-08  2.
    52 -7.59999990E-01  5.43910094E+00  0.00000000E+00  4.24556813E-04 -5.18009613E-08  2.
    53 -7.40000010E-01  5.44644897E+00  0.00000000E+00  4.41192734E-04 -5.18709425E-08  2.
    54 -7.20000029E-01  5.44282864E+00  0.00000000E+00  4.55570717E-04 -5.18364633E-08  2.
    55 -6.99999988E-01  5.44443668E+00  0.00000000E+00  4.67803132E-04 -5.18517779E-08  2.
    56 -6.80000007E-01  5.44669625E+00  0.00000000E+00  4.77912370E-04 -5.18732976E-08  2.
    57 -6.60000026E-01  5.44389309E+00  0.00000000E+00  4.86001564E-04 -5.18466009E-08  2.
    58 -6.39999986E-01  5.44968203E+00  0.00000000E+00  4.92089066E-04 -5.19017336E-08  2.
    59 -6.20000005E-01  5.44516275E+00  0.00000000E+00  4.96282874E-04 -5.18586929E-08  2.
    60 -6.00000024E-01  5.45154416E+00  0.00000000E+00  4.98601130E-04 -5.19194682E-08  2.
    61 -5.79999983E-01  5.44852425E+00  0.00000000E+00  4.99107827E-04 -5.18907071E-08  2.
    62 -5.60000002E-01  5.45292732E+00  0.00000000E+00  4.97864717E-04 -5.19326411E-08  2.
    63 -5.40000021E-01  5.45362660E+00  0.00000000E+00  4.94944442E-04 -5.19393009E-08  2.
    64 -5.19999981E-01  5.45748357E+00  0.00000000E+00  4.90404618E-04 -5.19760340E-08  2.
    65 -5.00000000E-01  5.45671015E+00  0.00000000E+00  4.84262559E-04 -5.19686681E-08  2.
    66 -4.79999989E-01  5.48609007E+00  0.00000000E+00  4.76746798E-04 -5.22484768E-08  2.
    67 -4.78121885E-01  5.46753167E+00  0.00000000E+00  4.67630826E-04 -5.20717302E-08  2.
    68 -4.39999998E-01  5.45790560E+00  0.00000000E+00  4.57176113E-04 -5.19800533E-08  2.
    69 -4.19999987E-01  5.45265012E+00  0.00000000E+00  4.45450915E-04 -5.19300012E-08  2.
    70 -4.00000006E-01  5.45415233E+00  0.00000000E+00  4.32403835E-04 -5.19443079E-08  2.
    71 -3.79999995E-01  5.45224667E+00  0.00000000E+00  4.18220377E-04 -5.19261587E-08  2.
    72 -3.60000014E-01  5.44801951E+00  0.00000000E+00  4.02833820E-04 -5.18859001E-08  2.
    73 -3.40000004E-01  5.44973389E+00  0.00000000E+00  3.86397182E-04 -5.19022276E-08  2.
    74 -3.19999993E-01  5.44885653E+00  0.00000000E+00  3.68929877E-04 -5.18938717E-08  2.
    75 -3.00000012E-01  5.44779848E+00  0.00000000E+00  3.50494353E-04 -5.18837951E-08  2.
    76 -2.80000001E-01  5.44520608E+00  0.00000000E+00  3.31199684E-04 -5.18591055E-08  2.
    77 -2.59999990E-01  5.44649738E+00  0.00000000E+00  3.11019138E-04 -5.18714036E-08  2.
    78 -2.39999995E-01  5.44613637E+00  0.00000000E+00  2.90059831E-04 -5.18679654E-08  2.
    79 -2.19999999E-01  5.44566107E+00  0.00000000E+00  2.68347845E-04 -5.18634388E-08  2.
    80 -2.00000003E-01  5.44490939E+00  0.00000000E+00  2.46027759E-04 -5.18562799E-08  2.
    81 -1.80000007E-01  5.44394163E+00  0.00000000E+00  2.23080025E-04 -5.18470632E-08  2.
    82 -1.59999996E-01  5.44353469E+00  0.00000000E+00  1.99610471E-04 -5.18431875E-08  2.
    83 -1.40000001E-01  5.44383169E+00  0.00000000E+00  1.75643132E-04 -5.18460161E-08  2.
    84 -1.19999997E-01  5.44367383E+00  0.00000000E+00  1.51245039E-04 -5.18445127E-08  2.
    85 -1.00000001E-01  5.44352159E+00  0.00000000E+00  1.26515688E-04 -5.18430627E-08  2.
    86 -7.99999982E-02  5.44330961E+00  0.00000000E+00  1.01514125E-04 -5.18410439E-08  2.
    87 -5.99999987E-02  5.44310902E+00  0.00000000E+00  7.62372931E-05 -5.18391336E-08  2.
    88 -3.99999991E-02  5.44291881E+00  0.00000000E+00  5.09807834E-05 -5.18373220E-08  2.
    89 -1.99999996E-02  5.44280394E+00  0.00000000E+00  2.54945971E-05 -5.18362280E-08  2.
    90  0.00000000E+00  5.44259900E+00  0.00000000E+00  4.54216750E-14 -5.18342762E-08  2.
    91  1.99999996E-02  5.44280394E+00  0.00000000E+00  2.54945971E-05 -5.18362280E-08  2.
    92  3.99999991E-02  5.44291881E+00  0.00000000E+00  5.09807834E-05 -5.18373220E-08  2.
    93  5.99999987E-02  5.44310902E+00  0.00000000E+00  7.62372931E-05 -5.18391336E-08  2.
    94  7.99999982E-02  5.44330961E+00  0.00000000E+00  1.01514125E-04 -5.18410439E-08  2.
    95  1.00000001E-01  5.44352159E+00  0.00000000E+00  1.26515688E-04 -5.18430627E-08  2.
    96  1.19999997E-01  5.44367383E+00  0.00000000E+00  1.51245039E-04 -5.18445127E-08  2.
    97  1.40000001E-01  5.44383170E+00  0.00000000E+00  1.75643132E-04 -5.18460161E-08  2.
    98  1.59999996E-01  5.44353469E+00  0.00000000E+00  1.99610471E-04 -5.18431875E-08  2.
    99  1.80000007E-01  5.44394163E+00  0.00000000E+00  2.23080025E-04 -5.18470632E-08  2.
   100  2.00000003E-01  5.44490939E+00  0.00000000E+00  2.46027759E-04 -5.18562799E-08  2.
   101  2.19999999E-01  5.44566107E+00  0.00000000E+00  2.68347845E-04 -5.18634388E-08  2.
   102  2.39999995E-01  5.44613637E+00  0.00000000E+00  2.90059831E-04 -5.18679654E-08  2.
   103  2.59999990E-01  5.44649738E+00  0.00000000E+00  3.11019138E-04 -5.18714036E-08  2.
   104  2.80000001E-01  5.44520608E+00  0.00000000E+00  3.31199684E-04 -5.18591055E-08  2.
   105  3.00000012E-01  5.44779848E+00  0.00000000E+00  3.50494353E-04 -5.18837951E-08  2.
   106  3.19999993E-01  5.44885653E+00  0.00000000E+00  3.68929877E-04 -5.18938717E-08  2.
   107  3.40000004E-01  5.44973389E+00  0.00000000E+00  3.86397182E-04 -5.19022276E-08  2.
   108  3.60000014E-01  5.44801951E+00  0.00000000E+00  4.02833820E-04 -5.18859001E-08  2.
   109  3.79999995E-01  5.45224666E+00  0.00000000E+00  4.18220377E-04 -5.19261587E-08  2.
   110  4.00000006E-01  5.45415233E+00  0.00000000E+00  4.32403835E-04 -5.19443079E-08  2.
   111  4.19999987E-01  5.45265012E+00  0.00000000E+00  4.45450915E-04 -5.19300012E-08  2.
   112  4.39999998E-01  5.45790559E+00  0.00000000E+00  4.57176113E-04 -5.19800533E-08  2.
   113  4.60000008E-01  5.46753167E+00  0.00000000E+00  4.67630826E-04 -5.20717302E-08  2.
   114  4.79999989E-01  5.48609007E+00  0.00000000E+00  4.76746798E-04 -5.22484768E-08  2.
   115  5.00000000E-01  5.45671015E+00  0.00000000E+00  4.84262559E-04 -5.19686681E-08  2.
   116  5.19999981E-01  5.45748357E+00  0.00000000E+00  4.90404618E-04 -5.19760340E-08  2.
   117  5.40000021E-01  5.45362660E+00  0.00000000E+00  4.94944442E-04 -5.19393009E-08  2.
   118  5.60000002E-01  5.45292732E+00  0.00000000E+00  4.97864717E-04 -5.19326411E-08  2.
   119  5.79999983E-01  5.44852425E+00  0.00000000E+00  4.99107827E-04 -5.18907071E-08  2.
   120  6.00000024E-01  5.45154416E+00  0.00000000E+00  4.98601130E-04 -5.19194682E-08  2.
   121  6.20000005E-01  5.44516275E+00  0.00000000E+00  4.96282874E-04 -5.18586929E-08  2.
   122  6.39999986E-01  5.44968203E+00  0.00000000E+00  4.92089066E-04 -5.19017336E-08  2.
   123  6.60000026E-01  5.44389310E+00  0.00000000E+00  4.86001564E-04 -5.18466009E-08  2.
   124  6.80000007E-01  5.44669625E+00  0.00000000E+00  4.77912370E-04 -5.18732976E-08  2.
   125  6.99999988E-01  5.44443668E+00  0.00000000E+00  4.67803132E-04 -5.18517779E-08  2.
   126  7.20000029E-01  5.44282864E+00  0.00000000E+00  4.55570717E-04 -5.18364632E-08  2.
   127  7.40000010E-01  5.44644897E+00  0.00000000E+00  4.41192734E-04 -5.18709425E-08  2.
   128  7.59999990E-01  5.43910094E+00  0.00000000E+00  4.24556813E-04 -5.18009613E-08  2.
   129  7.79999971E-01  5.44557317E+00  0.00000000E+00  4.05642348E-04 -5.18626016E-08  2.
   130  8.00000012E-01  5.44156816E+00  0.00000000E+00  3.84387606E-04 -5.18244587E-08  2.
   131  8.19999993E-01  5.43976808E+00  0.00000000E+00  3.60730145E-04 -5.18073150E-08  2.
   132  8.39999974E-01  5.44421488E+00  0.00000000E+00  3.34603170E-04 -5.18496656E-08  2.
   133  8.60000014E-01  5.44046839E+00  0.00000000E+00  3.05940807E-04 -5.18139847E-08  2.
   134  8.79999995E-01  5.43874420E+00  0.00000000E+00  2.74696050E-04 -5.17975638E-08  2.
   135  8.99999976E-01  5.44090042E+00  0.00000000E+00  2.40780555E-04 -5.18180992E-08  2.
   136  9.20000017E-01  5.44747427E+00  0.00000000E+00  2.04224380E-04 -5.18807073E-08  2.
   137  9.39999998E-01  5.41557939E+00  0.00000000E+00  1.64879460E-04 -5.15769466E-08  2.
   138  9.59999979E-01  5.51862255E+00  0.00000000E+00  1.22740613E-04 -5.25583100E-08  2.
   139  9.80000019E-01  5.13446469E+00  0.00000000E+00  7.77382720E-05 -4.88996638E-08  2.
   140  1.00000000E+00  6.35179403E+00  0.00000000E+00  2.97756875E-05 -6.04932764E-08  2.
   141  1.01999998E+00  0.00000000E+00  0.00000000E+00  0.00000000E+00  3.42690163E-04  0.
   142  1.03999996E+00  0.00000000E+00  0.00000000E+00  0.00000000E+00  1.28932629E-03  0.
   143  1.05999994E+00  0.00000000E+00  0.00000000E+00  0.00000000E+00  2.34912351E-03  0.
   144  1.08000004E+00  0.00000000E+00  0.00000000E+00  0.00000000E+00  3.41689267E-03  0.
   145  1.10000002E+00  0.00000000E+00  0.00000000E+00  0.00000000E+00  4.50473962E-03  0.
   146  1.12000000E+00  0.00000000E+00  0.00000000E+00  0.00000000E+00  5.61265941E-03  0.
   147  1.13999999E+00  0.00000000E+00  0.00000000E+00  0.00000000E+00  6.74061341E-03  0.
   148  1.15999997E+00  0.00000000E+00  0.00000000E+00  0.00000000E+00  7.88858552E-03  0.
   149  1.17999995E+00  0.00000000E+00  0.00000000E+00  0.00000000E+00  9.05655378E-03  0.
   150  1.20000005E+00  0.00000000E+00  0.00000000E+00  0.00000000E+00  1.02445181E-02  0.
   151  1.22000003E+00  0.00000000E+00  0.00000000E+00  0.00000000E+00  1.14524493E-02  0.
   152  1.24000001E+00  0.00000000E+00  0.00000000E+00  0.00000000E+00  1.26803470E-02  0.
   153  1.25999999E+00  0.00000000E+00  0.00000000E+00  0.00000000E+00  1.39282005E-02  0.
   154  1.27999997E+00  0.00000000E+00  0.00000000E+00  0.00000000E+00  1.51960033E-02  0.
   155  1.29999995E+00  0.00000000E+00  0.00000000E+00  0.00000000E+00  1.64837507E-02  0.
   156  1.32000005E+00  0.00000000E+00  0.00000000E+00  0.00000000E+00  1.77914412E-02  0.
   157  1.34000003E+00  0.00000000E+00  0.00000000E+00  0.00000000E+00  1.91190516E-02  0.
   158  1.36000001E+00  0.00000000E+00  0.00000000E+00  0.00000000E+00  2.04665874E-02  0.
   159  1.38000000E+00  0.00000000E+00  0.00000000E+00  0.00000000E+00  2.18340391E-02  0.
   160  1.39999998E+00  0.00000000E+00  0.00000000E+00  0.00000000E+00  2.32214042E-02  0.
   161  1.41999996E+00  0.00000000E+00  0.00000000E+00  0.00000000E+00  2.46286747E-02  0.
   162  1.44000006E+00  0.00000000E+00  0.00000000E+00  0.00000000E+00  2.60558538E-02  0.
   163  1.46000004E+00  0.00000000E+00  0.00000000E+00  0.00000000E+00  2.75029165E-02  0.
   164  1.48000002E+00  0.00000000E+00  0.00000000E+00  0.00000000E+00  2.89698685E-02  0.
   165  1.50000000E+00  0.00000000E+00  0.00000000E+00  0.00000000E+00  3.04567020E-02  0.
   166  1.51999998E+00  0.00000000E+00  0.00000000E+00  0.00000000E+00  3.19634129E-02  0.
   167  1.53999996E+00  0.00000000E+00  0.00000000E+00  0.00000000E+00  3.34899944E-02  0.
   168  1.55999994E+00  0.00000000E+00  0.00000000E+00  0.00000000E+00  3.50364450E-02  0.
   169  1.58000004E+00  0.00000000E+00  0.00000000E+00  0.00000000E+00  3.66027617E-02  0.
   170  1.60000002E+00  0.00000000E+00  0.00000000E+00  0.00000000E+00  3.81889264E-02  0.
   171  1.62000000E+00  0.00000000E+00  0.00000000E+00  0.00000000E+00  3.97949399E-02  0.
   172  1.63999999E+00  0.00000000E+00  0.00000000E+00  0.00000000E+00  4.14208013E-02  0.
   173  1.65999997E+00  0.00000000E+00  0.00000000E+00  0.00000000E+00  4.30665002E-02  0.
   174  1.67999995E+00  0.00000000E+00  0.00000000E+00  0.00000000E+00  4.47320313E-02  0.
   175  1.70000005E+00  0.00000000E+00  0.00000000E+00  0.00000000E+00  4.64173983E-02  0.
   176  1.72000003E+00  0.00000000E+00  0.00000000E+00  0.00000000E+00  4.81225793E-02  0.
   177  1.74000001E+00  0.00000000E+00  0.00000000E+00  0.00000000E+00  4.98475805E-02  0.
   178  1.75999999E+00  0.00000000E+00  0.00000000E+00  0.00000000E+00  5.15923906E-02  0.
   179  1.77999997E+00  0.00000000E+00  0.00000000E+00  0.00000000E+00  5.33570093E-02  0.
STEP  23 TIME  2.10020000E+04
     1 -1.77999997E+00  0.00000000E+00  0.00000000E+00  0.00000000E+00  5.25061169E-02  0.
     2 -1.75999999E+00  0.00000000E+00  0.00000000E+00  0.00000000E+00  5.07414298E-02  0.
     3 -1.74000001E+00  0.00000000E+00  0.00000000E+00  0.00000000E+00  4.89965509E-02  0.
     4 -1.72000003E+00  0.00000000E+00  0.00000000E+00  0.00000000E+00  4.72714809E-02  0.
     5 -1.70000005E+00  0.00000000E+00  0.00000000E+00  0.00000000E+00  4.55662320E-02  0.
     6 -1.67999995E+00  0.00000000E+00  0.00000000E+00  0.00000000E+00  4.38807982E-02  0.
     7 -1.65999997E+00  0.00000000E+00  0.00000000E+00  0.00000000E+00  4.22152015E-02  0.
     8 -1.63999999E+00  0.00000000E+00  0.00000000E+00  0.00000000E+00  4.05694383E-02  0.
     9 -1.62000000E+00  0.00000000E+00  0.00000000E+00  0.00000000E+00  3.89435137E-02  0.
    10 -1.60000002E+00  0.00000000E+00  0.00000000E+00  0.00000000E+00  3.73374382E-02  0.
    11 -1.58000004E+00  0.00000000E+00  0.00000000E+00  0.00000000E+00  3.57512127E-02  0.
    12 -1.55999994E+00  0.00000000E+00  0.00000000E+00  0.00000000E+00  3.41848364E-02  0.
    13 -1.53999996E+00  0.00000000E+00  0.00000000E+00  0.00000000E+00  3.26383277E-02  0.
    14 -1.51999998E+00  0.00000000E+00  0.00000000E+00  0.00000000E+00  3.11116895E-02  0.
    15 -1.50000000E+00  0.00000000E+00  0.00000000E+00  0.00000000E+00  2.96049232E-02  0.
    16 -1.48000002E+00  0.00000000E+00  0.00000000E+00  0.00000000E+00  2.81180358E-02  0.
    17 -1.46000004E+00  0.00000000E+00  0.00000000E+00  0.00000000E+00  2.66510315E-02  0.
    18 -1.44000006E+00  0.00000000E+00  0.00000000E+00  0.00000000E+00  2.52039181E-02  0.
    19 -1.41999996E+00  0.00000000E+00  0.00000000E+00  0.00000000E+00  2.37766901E-02  0.
    20 -1.39999998E+00  0.00000000E+00  0.00000000E+00  0.00000000E+00  2.23693726E-02  0.
    21 -1.38000000E+00  0.00000000E+00  0.00000000E+00  0.00000000E+00  2.09819652E-02  0.
    22 -1.36000001E+00  0.00000000E+00  0.00000000E+00  0.00000000E+00  1.96144692E-02  0.
    23 -1.34000003E+00  0.00000000E+00  0.00000000E+00  0.00000000E+00  1.82668939E-02  0.
    24 -1.32000005E+00  0.00000000E+00  0.00000000E+00  0.00000000E+00  1.69392462E-02  0.
    25 -1.29999995E+00  0.00000000E+00  0.00000000E+00  0.00000000E+00  1.56315191E-02  0.
    26 -1.27999997E+00  0.00000000E+00  0.00000000E+00  0.00000000E+00  1.43437415E-02  0.
    27 -1.25999999E+00  0.00000000E+00  0.00000000E+00  0.00000000E+00  1.30759096E-02  0.
    28 -1.24000001E+00  0.00000000E+00  0.00000000E+00  0.00000000E+00  1.18280310E-02  0.
    29 -1.22000003E+00  0.00000000E+00  0.00000000E+00  0.00000000E+00  1.06001131E-02  0.
    30 -1.20000005E+00  0.00000000E+00  0.00000000E+00  0.00000000E+00  9.39216721E-03  0.
    31 -1.17999995E+00  0.00000000E+00  0.00000000E+00  0.00000000E+00  8.20419531E-03  0.
    32 -1.15999997E+00  0.00000000E+00  0.00000000E+00  0.00000000E+00  7.03622776E-03  0.
    33 -1.13999999E+00  0.00000000E+00  0.00000000E+00  0.00000000E+00  5.88826886E-03  0.
    34 -1.12000000E+00  0.00000000E+00  0.00000000E+00  0.00000000E+00  4.76034031E-03  0.
    35 -1.10000002E+00  0.00000000E+00  0.00000000E+00  0.00000000E+00  3.65247948E-03  0.
    36 -1.08000004E+00  0.00000000E+00  0.00000000E+00  0.00000000E+00  2.56469678E-03  0.
    37 -1.05999994E+00  0.00000000E+00  0.00000000E+00  0.00000000E+00  1.48825531E-03  0.
    38 -1.03999996E+00  0.00000000E+00  0.00000000E+00  0.00000000E+00  4.92286204E-04  0.
    39 -1.01999998E+00  6.10654092E+00  0.00000000E+00  2.23294450E-05 -5.81575325E-08  2.
    40 -1.00000000E+00  5.05923066E+00  0.00000000E+00  7.24026526E-05 -4.81831492E-08  2.
    41 -9.80000019E-01  5.36337783E+00  0.00000000E+00  1.19530936E-04 -5.10797889E-08  2.
    42 -9.59999979E-01  5.28894132E+00  0.00000000E+00  1.63692061E-04 -5.03708697E-08  2.
    43 -9.39999998E-01  5.31035294E+00  0.00000000E+00  2.04987551E-04 -5.05747899E-08  2.
    44 -9.20000017E-01  5.30693472E+00  0.00000000E+00  2.43487109E-04 -5.05422354E-08  2.
    45 -8.99999976E-01  5.30373977E+00  0.00000000E+00  2.79196509E-04 -5.05118073E-08  2.
    46 -8.79999995E-01  5.30623016E+00  0.00000000E+00  3.12269999E-04 -5.05355254E-08  2.
    47 -8.60000014E-01  5.30924271E+00  0.00000000E+00  3.42666199E-04 -5.05642163E-08  2.
    48 -8.39999974E-01  5.30578549E+00  0.00000000E+00  3.70464385E-04 -5.05312903E-08  2.
    49 -8.19999993E-01  5.30622559E+00  0.00000000E+00  3.95730060E-04 -5.05354819E-08  2.
    50 -8.00000012E-01  5.31143409E+00  0.00000000E+00  4.18529891E-04 -5.05850866E-08  2.
    51 -7.79999971E-01  5.30510662E+00  0.00000000E+00  4.38926556E-04 -5.05248249E-08  2.
    52 -7.59999990E-01  5.30975172E+00  0.00000000E+00  4.56980302E-04 -5.05690640E-08  2.
    53 -7.40000010E-01  5.31027568E+00  0.00000000E+00  4.72755964E-04 -5.05740541E-08  2.
    54 -7.20000029E-01  5.30696315E+00  0.00000000E+00  4.86280508E-04 -5.05425062E-08  2.
    55 -6.99999988E-01  5.31491610E+00  0.00000000E+00  4.97662377E-04 -5.06182486E-08  2.
    56 -6.80000007E-01  5.30674587E+00  0.00000000E+00  5.06918473E-04 -5.05404369E-08  2.
    57 -6.60000026E-01  5.31692864E+00  0.00000000E+00  5.14153762E-04 -5.06374156E-08  2.
    58 -6.39999986E-01  5.30849176E+00  0.00000000E+00  5.19387035E-04 -5.05570644E-08  2.
    59 -6.20000005E-01  5.31857890E+00  0.00000000E+00  5.22726382E-04 -5.06531324E-08  2.
    60 -6.00000024E-01  5.31115527E+00  0.00000000E+00  5.24190223E-04 -5.05824312E-08  2.
    61 -5.79999983E-01  5.32081185E+00  0.00000000E+00  5.23842861E-04 -5.06743986E-08  2.
    62 -5.60000002E-01  5.31650690E+00  0.00000000E+00  5.21764762E-04 -5.06333990E-08  2.
    63 -5.40000021E-01  5.32213354E+00  0.00000000E+00  5.17989688E-04 -5.06869861E-08  2.
    64 -5.19999981E-01  5.33823204E+00  0.00000000E+00  5.12628686E-04 -5.08403052E-08  2.
    65 -5.12601236E-01  5.33168891E+00  0.00000000E+00  5.05678277E-04 -5.07779896E-08  2.
    66 -4.79999989E-01  5.32193351E+00  0.00000000E+00  4.97165431E-04 -5.06850810E-08  2.
    67 -4.60000008E-01  5.31682943E+00  0.00000000E+00  4.87255721E-04 -5.06364708E-08  2.
    68 -4.39999998E-01  5.31858527E+00  0.00000000E+00  4.75987033E-04 -5.06531931E-08  2.
    69 -4.19999987E-01  5.31647817E+00  0.00000000E+00  4.63412292E-04 -5.06331254E-08  2.
    70 -4.00000006E-01  5.31240828E+00  0.00000000E+00  4.49507973E-04 -5.05943645E-08  2.
    71 -3.79999995E-01  5.31486809E+00  0.00000000E+00  4.34469523E-04 -5.06177913E-08  2.
    72 -3.60000014E-01  5.31366698E+00  0.00000000E+00  4.18229280E-04 -5.06063522E-08  2.
    73 -3.40000004E-01  5.31053957E+00  0.00000000E+00  4.00938697E-04 -5.05765674E-08  2.
    74 -3.19999993E-01  5.31167947E+00  0.00000000E+00  3.82617009E-04 -5.05874235E-08  2.
    75 -3.00000012E-01  5.31171624E+00  0.00000000E+00  3.63326821E-04 -5.05877737E-08  2.
    76 -2.80000001E-01  5.31103560E+00  0.00000000E+00  3.43177305E-04 -5.05812914E-08  2.
    77 -2.59999990E-01  5.30933576E+00  0.00000000E+00  3.22141665E-04 -5.05651025E-08  2.
    78 -2.39999995E-01  5.30903395E+00  0.00000000E+00  3.00327059E-04 -5.05622281E-08  2.
    79 -2.19999999E-01  5.30972959E+00  0.00000000E+00  2.77759735E-04 -5.05688532E-08  2.
    80 -2.00000003E-01  5.30947009E+00  0.00000000E+00  2.54584224E-04 -5.05663819E-08  2.
    81 -1.80000007E-01  5.30913476E+00  0.00000000E+00  2.30780993E-04 -5.05631882E-08  2.
    82 -1.59999996E-01  5.30863059E+00  0.00000000E+00  2.06455888E-04 -5.05583866E-08  2.
    83 -1.40000001E-01  5.30816130E+00  0.00000000E+00  1.81632955E-04 -5.05539171E-08  2.
    84 -1.19999997E-01  5.30762752E+00  0.00000000E+00  1.56379231E-04 -5.05488335E-08  2.
    85 -1.00000001E-01  5.30759152E+00  0.00000000E+00  1.30794219E-04 -5.05484907E-08  2.
    86 -7.99999982E-02  5.30764844E+00  0.00000000E+00  1.04936974E-04 -5.05490328E-08  2.
    87 -5.99999987E-02  5.30756770E+00  0.00000000E+00  7.88044438E-05 -5.05482639E-08  2.
    88 -3.99999991E-02  5.30747443E+00  0.00000000E+00  5.26922238E-05 -5.05473755E-08  2.
    89 -1.99999996E-02  5.30739876E+00  0.00000000E+00  2.63503197E-05 -5.05466549E-08  2.
    90  0.00000000E+00  5.30724891E+00  0.00000000E+00  4.91667127E-14 -5.05452277E-08  2.
    91  1.99999996E-02  5.30739876E+00  0.00000000E+00  2.63503197E-05 -5.05466549E-08  2.
    92  3.99999991E-02  5.30747443E+00  0.00000000E+00  5.26922238E-05 -5.05473755E-08  2.
    93  5.99999987E-02  5.30756770E+00  0.00000000E+00  7.88044438E-05 -5.05482639E-08  2.
    94  7.99999982E-02  5.30764844E+00  0.00000000E+00  1.04936974E-04 -5.05490328E-08  2.
    95  1.00000001E-01  5.30759152E+00  0.00000000E+00  1.30794219E-04 -5.05484907E-08  2.
    96  1.19999997E-01  5.30762752E+00  0.00000000E+00  1.56379231E-04 -5.05488335E-08  2.
    97  1.40000001E-01  5.30816129E+00  0.00000000E+00  1.81632955E-04 -5.05539171E-08  2.
    98  1.59999996E-01  5.30863059E+00  0.00000000E+00  2.06455888E-04 -5.05583866E-08  2.
    99  1.80000007E-01  5.30913476E+00  0.00000000E+00  2.30780993E-04 -5.05631882E-08  2.
   100  2.00000003E-01  5.30947010E+00  0.00000000E+00  2.54584224E-04 -5.05663819E-08  2.
   101  2.19999999E-01  5.30972959E+00  0.00000000E+00  2.77759735E-04 -5.05688532E-08  2.
   102  2.39999995E-01  5.30903395E+00  0.00000000E+00  3.00327059E-04 -5.05622281E-08  2.
   103  2.59999990E-01  5.30933576E+00  0.00000000E+00  3.22141665E-04 -5.05651025E-08  2.
   104  2.80000001E-01  5.31103560E+00  0.00000000E+00  3.43177305E-04 -5.05812914E-08  2.
   105  3.00000012E-01  5.31171624E+00  0.00000000E+00  3.63326821E-04 -5.05877737E-08  2.
   106  3.19999993E-01  5.31167947E+00  0.00000000E+00  3.82617009E-04 -5.05874235E-08  2.
   107  3.40000004E-01  5.31053957E+00  0.00000000E+00  4.00938697E-04 -5.05765674E-08  2.
   108  3.60000014E-01  5.31366698E+00  0.00000000E+00  4.18229280E-04 -5.06063522E-08  2.
   109  3.79999995E-01  5.31486809E+00  0.00000000E+00  4.34469523E-04 -5.06177913E-08  2.
   110  4.00000006E-01  5.31240828E+00  0.00000000E+00  4.49507973E-04 -5.05943645E-08  2.
   111  4.19999987E-01  5.31647817E+00  0.00000000E+00  4.63412292E-04 -5.06331254E-08  2.
   112  4.39999998E-01  5.31858527E+00  0.00000000E+00  4.75987033E-04 -5.06531931E-08  2.
   113  4.60000008E-01  5.31682943E+00  0.00000000E+00  4.87255721E-04 -5.06364708E-08  2.
   114  4.79999989E-01  5.32193351E+00  0.00000000E+00  4.97165431E-04 -5.06850810E-08  2.
   115  5.00000000E-01  5.33168891E+00  0.00000000E+00  5.05678277E-04 -5.07779896E-08  2.
   116  5.19999981E-01  5.33823204E+00  0.00000000E+00  5.12628686E-04 -5.08403052E-08  2.
   117  5.40000021E-01  5.32213354E+00  0.00000000E+00  5.17989688E-04 -5.06869861E-08  2.
   118  5.60000002E-01  5.31650690E+00  0.00000000E+00  5.21764762E-04 -5.06333990E-08  2.
   119  5.79999983E-01  5.32081185E+00  0.00000000E+00  5.23842861E-04 -5.06743986E-08  2.
   120  6.00000024E-01  5.31115527E+00  0.00000000E+00  5.24190223E-04 -5.05824312E-08  2.
   121  6.20000005E-01  5.31857890E+00  0.00000000E+00  5.22726382E-04 -5.06531324E-08  2.
   122  6.39999986E-01  5.30849176E+00  0.00000000E+00  5.19387035E-04 -5.05570644E-08  2.
   123  6.60000026E-01  5.31692864E+00  0.00000000E+00  5.14153762E-04 -5.06374156E-08  2.
   124  6.80000007E-01  5.30674587E+00  0.00000000E+00  5.06918473E-04 -5.05404369E-08  2.
   125  6.99999988E-01  5.31491610E+00  0.00000000E+00  4.97662377E-04 -5.06182486E-08  2.
   126  7.20000029E-01  5.30696315E+00  0.00000000E+00  4.86280508E-04 -5.05425062E-08  2.
   127  7.40000010E-01  5.31027568E+00  0.00000000E+00  4.72755964E-04 -5.05740541E-08  2.
   128  7.59999990E-01  5.30975173E+00  0.00000000E+00  4.56980302E-04 -5.05690640E-08  2.
   129  7.79999971E-01  5.30510662E+00  0.00000000E+00  4.38926556E-04 -5.05248249E-08  2.
   130  8.00000012E-01  5.31143410E+00  0.00000000E+00  4.18529891E-04 -5.05850866E-08  2.
   131  8.19999993E-01  5.30622559E+00  0.00000000E+00  3.95730060E-04 -5.05354818E-08  2.
   132  8.39999974E-01  5.30578549E+00  0.00000000E+00  3.70464385E-04 -5.05312904E-08  2.
   133  8.60000014E-01  5.30924271E+00  0.00000000E+00  3.42666199E-04 -5.05642163E-08  2.
   134  8.79999995E-01  5.30623016E+00  0.00000000E+00  3.12269999E-04 -5.05355253E-08  2.
   135  8.99999976E-01  5.30373977E+00  0.00000000E+00  2.79196509E-04 -5.05118073E-08  2.
   136  9.20000017E-01  5.30693472E+00  0.00000000E+00  2.43487109E-04 -5.05422354E-08  2.
   137  9.39999998E-01  5.31035294E+00  0.00000000E+00  2.04987551E-04 -5.05747899E-08  2.
   138  9.59999979E-01  5.28894132E+00  0.00000000E+00  1.63692061E-04 -5.03708697E-08  2.
   139  9.80000019E-01  5.36337783E+00  0.00000000E+00  1.19530936E-04 -5.10797888E-08  2.
   140  1.00000000E+00  5.05923066E+00  0.00000000E+00  7.24026526E-05 -4.81831492E-08  2.
   141  1.01999998E+00  6.10654092E+00  0.00000000E+00  2.23294450E-05 -5.81575326E-08  2.
   142  1.03999996E+00  0.00000000E+00  0.00000000E+00  0.00000000E+00  4.92286204E-04  0.
   143  1.05999994E+00  0.00000000E+00  0.00000000E+00  0.00000000E+00  1.48825531E-03  0.
   144  1.08000004E+00  0.00000000E+00  0.00000000E+00  0.00000000E+00  2.56469678E-03  0.
   145  1.10000002E+00  0.00000000E+00  0.00000000E+00  0.00000000E+00  3.65247948E-03  0.
   146  1.12000000E+00  0.00000000E+00  0.00000000E+00  0.00000000E+00  4.76034031E-03  0.
   147  1.13999999E+00  0.00000000E+00  0.00000000E+00  0.00000000E+00  5.88826886E-03  0.
   148  1.15999997E+00  0.00000000E+00  0.00000000E+00  0.00000000E+00  7.03622776E-03  0.
   149  1.17999995E+00  0.00000000E+00  0.00000000E+00  0.00000000E+00  8.20419531E-03  0.
   150  1.20000005E+00  0.00000000E+00  0.00000000E+00  0.00000000E+00  9.39216721E-03  0.
   151  1.22000003E+00  0.00000000E+00  0.00000000E+00  0.00000000E+00  1.06001131E-02  0.
   152  1.24000001E+00  0.00000000E+00  0.00000000E+00  0.00000000E+00  1.18280310E-02  0.
   153  1.25999999E+00  0.00000000E+00  0.00000000E+00  0.00000000E+00  1.30759096E-02  0.
   154  1.27999997E+00  0.00000000E+00  0.00000000E+00  0.00000000E+00  1.43437415E-02  0.
   155  1.29999995E+00  0.00000000E+00  0.00000000E+00  0.00000000E+00  1.56315191E-02  0.
   156  1.32000005E+00  0.00000000E+00  0.00000000E+00  0.00000000E+00  1.69392462E-02  0.
   157  1.34000003E+00  0.00000000E+00  0.00000000E+00  0.00000000E+00  1.82668939E-02  0.
   158  1.36000001E+00  0.00000000E+00  0.00000000E+00  0.00000000E+00  1.96144692E-02  0.
   159  1.38000000E+00  0.00000000E+00  0.00000000E+00  0.00000000E+00  2.09819652E-02  0.
   160  1.39999998E+00  0.00000000E+00  0.00000000E+00  0.00000000E+00  2.23693726E-02  0.
   161  1.41999996E+00  0.00000000E+00  0.00000000E+00  0.00000000E+00  2.37766901E-02  0.
   162  1.44000006E+00  0.00000000E+00  0.00000000E+00  0.00000000E+00  2.52039181E-02  0.
   163  1.46000004E+00  0.00000000E+00  0.00000000E+00  0.00000000E+00  2.66510315E-02  0.
   164  1.48000002E+00  0.00000000E+00  0.00000000E+00  0.00000000E+00  2.81180358E-02  0.
   165  1.50000000E+00  0.00000000E+00  0.00000000E+00  0.00000000E+00  2.96049232E-02  0.
   166  1.51999998E+00  0.00000000E+00  0.00000000E+00  0.00000000E+00  3.11116895E-02  0.
   167  1.53999996E+00  0.00000000E+00  0.00000000E+00  0.00000000E+00  3.26383277E-02  0.
   168  1.55999994E+00  0.00000000E+00  0.00000000E+00  0.00000000E+00  3.41848364E-02  0.
   169  1.58000004E+00  0.00000000E+00  0.00000000E+00  0.00000000E+00  3.57512127E-02  0.
   170  1.60000002E+00  0.00000000E+00  0.00000000E+00  0.00000000E+00  3.73374382E-02  0.
   171  1.62000000E+00  0.00000000E+00  0.00000000E+00  0.00000000E+00  3.89435137E-02  0.
   172  1.63999999E+00  0.00000000E+00  0.00000000E+00  0.00000000E+00  4.05694383E-02  0.
   173  1.65999997E+00  0.00000000E+00  0.00000000E+00  0.00000000E+00  4.22152015E-02  0.
   174  1.67999995E+00  0.00000000E+00  0.00000000E+00  0.00000000E+00  4.38807982E-02  0.
   175  1.70000005E+00  0.00000000E+00  0.00000000E+00  0.00000000E+00  4.55662320E-02  0.
   176  1.72000003E+00  0.00000000E+00  0.00000000E+00  0.00000000E+00  4.72714809E-02  0.
   177  1.74000001E+00  0.00000000E+00  0.00000000E+00  0.00000000E+00  4.89965509E-02  0.
   178  1.75999999E+00  0.00000000E+00  0.00000000E+00  0.00000000E+00  5.07414298E-02  0.
   179  1.77999997E+00  0.00000000E+00  0.00000000E+00  0.00000000E+00  5.25061169E-02  0.
STEP  24 TIME  2.20020000E+04
     1 -1.77999997E+00  0.00000000E+00  0.00000000E+00  0.00000000E+00  5.16672022E-02  0.
     2 -1.75999999E+00  0.00000000E+00  0.00000000E+00  0.00000000E+00  4.99024561E-02  0.
     3 -1.74000001E+00  0.00000000E+00  0.00000000E+00  0.00000000E+00  4.81575084E-02  0.
     4 -1.72000003E+00  0.00000000E+00  0.00000000E+00  0.00000000E+00  4.64323708E-02  0.
     5 -1.70000005E+00  0.00000000E+00  0.00000000E+00  0.00000000E+00  4.47270552E-02  0.
     6 -1.67999995E+00  0.00000000E+00  0.00000000E+00  0.00000000E+00  4.30415558E-02  0.
     7 -1.65999997E+00  0.00000000E+00  0.00000000E+00  0.00000000E+00  4.13758948E-02  0.
     8 -1.63999999E+00  0.00000000E+00  0.00000000E+00  0.00000000E+00  3.97300685E-02  0.
     9 -1.62000000E+00  0.00000000E+00  0.00000000E+00  0.00000000E+00  3.81040820E-02  0.
    10 -1.60000002E+00  0.00000000E+00  0.00000000E+00  0.00000000E+00  3.64979457E-02  0.
    11 -1.58000004E+00  0.00000000E+00  0.00000000E+00  0.00000000E+00  3.49116607E-02  0.
    12 -1.55999994E+00  0.00000000E+00  0.00000000E+00  0.00000000E+00  3.33452262E-02  0.
    13 -1.53999996E+00  0.00000000E+00  0.00000000E+00  0.00000000E+00  3.17986608E-02  0.
    14 -1.51999998E+00  0.00000000E+00  0.00000000E+00  0.00000000E+00  3.02719671E-02  0.
    15 -1.50000000E+00  0.00000000E+00  0.00000000E+00  0.00000000E+00  2.87651469E-02  0.
    16 -1.48000002E+00  0.00000000E+00  0.00000000E+00  0.00000000E+00  2.72782070E-02  0.
    17 -1.46000004E+00  0.00000000E+00  0.00000000E+00  0.00000000E+00  2.58111519E-02  0.
    18 -1.44000006E+00  0.00000000E+00  0.00000000E+00  0.00000000E+00  2.43639894E-02  0.
    19 -1.41999996E+00  0.00000000E+00  0.00000000E+00  0.00000000E+00  2.29367140E-02  0.
    20 -1.39999998E+00  0.00000000E+00  0.00000000E+00  0.00000000E+00  2.15293518E-02  0.
    21 -1.38000000E+00  0.00000000E+00  0.00000000E+00  0.00000000E+00  2.01419029E-02  0.
    22 -1.36000001E+00  0.00000000E+00  0.00000000E+00  0.00000000E+00  1.87743654E-02  0.
    23 -1.34000003E+00  0.00000000E+00  0.00000000E+00  0.00000000E+00  1.74267526E-02  0.
    24 -1.32000005E+00  0.00000000E+00  0.00000000E+00  0.00000000E+00  1.60990688E-02  0.
    25 -1.29999995E+00  0.00000000E+00  0.00000000E+00  0.00000000E+00  1.47913094E-02  0.
    26 -1.27999997E+00  0.00000000E+00  0.00000000E+00  0.00000000E+00  1.35035031E-02  0.
    27 -1.25999999E+00  0.00000000E+00  0.00000000E+00  0.00000000E+00  1.22356453E-02  0.
    28 -1.24000001E+00  0.00000000E+00  0.00000000E+00  0.00000000E+00  1.09877455E-02  0.
    29 -1.22000003E+00  0.00000000E+00  0.00000000E+00  0.00000000E+00  9.75981180E-03  0.
    30 -1.20000005E+00  0.00000000E+00  0.00000000E+00  0.00000000E+00  8.55185694E-03  0.
    31 -1.17999995E+00  0.00000000E+00  0.00000000E+00  0.00000000E+00  7.36388415E-03  0.
    32 -1.15999997E+00  0.00000000E+00  0.00000000E+00  0.00000000E+00  6.19592777E-03  0.
    33 -1.13999999E+00  0.00000000E+00  0.00000000E+00  0.00000000E+00  5.04799192E-03  0.
    34 -1.12000000E+00  0.00000000E+00  0.00000000E+00  0.00000000E+00  3.92011835E-03  0.
    35 -1.10000002E+00  0.00000000E+00  0.00000000E+00  0.00000000E+00  2.81231888E-03  0.
    36 -1.08000004E+00  0.00000000E+00  0.00000000E+00  0.00000000E+00  1.71979437E-03  0.
    37 -1.05999994E+00  0.00000000E+00  0.00000000E+00  0.00000000E+00  6.70384774E-04  0.
    38 -1.03999996E+00  5.86649829E+00  0.00000000E+00  1.28711720E-05 -5.58714123E-08  2.
    39 -1.01999998E+00  4.95252914E+00  0.00000000E+00  6.51847444E-05 -4.71669442E-08  2.
    40 -1.00000000E+00  5.21003381E+00  0.00000000E+00  1.14450390E-04 -4.96193696E-08  2.
    41 -9.80000019E-01  5.15402005E+00  0.00000000E+00  1.60746867E-04 -4.90859052E-08  2.
    42 -9.59999979E-01  5.16776695E+00  0.00000000E+00  2.04077717E-04 -4.92168281E-08  2.
    43 -9.39999998E-01  5.16653117E+00  0.00000000E+00  2.44539903E-04 -4.92050588E-08  2.
    44 -9.20000017E-01  5.16281240E+00  0.00000000E+00  2.82204823E-04 -4.91696419E-08  2.
    45 -8.99999976E-01  5.16617632E+00  0.00000000E+00  3.17083715E-04 -4.92016792E-08  2.
    46 -8.79999995E-01  5.16818963E+00  0.00000000E+00  3.49321085E-04 -4.92208536E-08  2.
    47 -8.60000014E-01  5.16504505E+00  0.00000000E+00  3.78865828E-04 -4.91909053E-08  2.
    48 -8.39999974E-01  5.16534792E+00  0.00000000E+00  4.05814771E-04 -4.91937897E-08  2.
    49 -8.19999993E-01  5.17029267E+00  0.00000000E+00  4.30234934E-04 -4.92408825E-08  2.
    50 -8.00000012E-01  5.16535920E+00  0.00000000E+00  4.52188738E-04 -4.91938972E-08  2.
    51 -7.79999971E-01  5.16765181E+00  0.00000000E+00  4.71736431E-04 -4.92157316E-08  2.
    52 -7.59999990E-01  5.17110311E+00  0.00000000E+00  4.88942867E-04 -4.92486010E-08  2.
    53 -7.40000010E-01  5.16489393E+00  0.00000000E+00  5.03878013E-04 -4.91894660E-08  2.
    54 -7.20000029E-01  5.17378160E+00  0.00000000E+00  5.16563525E-04 -4.92741104E-08  2.
    55 -6.99999988E-01  5.16728209E+00  0.00000000E+00  5.27104175E-04 -4.92122104E-08  2.
    56 -6.80000007E-01  5.17303347E+00  0.00000000E+00  5.35518351E-04 -4.92669854E-08  2.
    57 -6.60000026E-01  5.17075932E+00  0.00000000E+00  5.41911467E-04 -4.92453268E-08  2.
    58 -6.39999986E-01  5.17364987E+00  0.00000000E+00  5.46302535E-04 -4.92728559E-08  2.
    59 -6.20000005E-01  5.17350366E+00  0.00000000E+00  5.48798618E-04 -4.92714634E-08  2.
    60 -6.00000024E-01  5.17697846E+00  0.00000000E+00  5.49429050E-04 -4.93045568E-08  2.
    61 -5.79999983E-01  5.17689430E+00  0.00000000E+00  5.48254525E-04 -4.93037552E-08  2.
    62 -5.60000002E-01  5.18492961E+00  0.00000000E+00  5.45331621E-04 -4.93802820E-08  2.
    63 -5.44529692E-01  5.19284760E+00  0.00000000E+00  5.40829062E-04 -4.94556914E-08  2.
    64 -5.19999981E-01  5.17992064E+00  0.00000000E+00  5.34491833E-04 -4.93325775E-08  2.
    65 -5.00000000E-01  5.17587664E+00  0.00000000E+00  5.26662060E-04 -4.92940632E-08  2.
    66 -4.79999989E-01  5.17641592E+00  0.00000000E+00  5.17393194E-04 -4.92991992E-08  2.
    67 -4.60000008E-01  5.17558773E+00  0.00000000E+00  5.06650246E-04 -4.92913117E-08  2.
    68 -4.39999998E-01  5.17063088E+00  0.00000000E+00  4.94536816E-04 -4.92441036E-08  2.
    69 -4.19999987E-01  5.17389849E+00  0.00000000E+00  4.81119487E-04 -4.92752237E-08  2.
    70 -4.00000006E-01  5.17220250E+00  0.00000000E+00  4.66373800E-04 -4.92590714E-08  2.
    71 -3.79999995E-01  5.16876620E+00  0.00000000E+00  4.50493634E-04 -4.92263448E-08  2.
    72 -3.60000014E-01  5.17144590E+00  0.00000000E+00  4.33411159E-04 -4.92518657E-08  2.
    73 -3.40000004E-01  5.17066749E+00  0.00000000E+00  4.15278044E-04 -4.92444523E-08  2.
    74 -3.19999993E-01  5.16859581E+00  0.00000000E+00  3.96113562E-04 -4.92247220E-08  2.
    75 -3.00000012E-01  5.16831202E+00  0.00000000E+00  3.75980369E-04 -4.92220193E-08  2.
    76 -2.80000001E-01  5.16941453E+00  0.00000000E+00  3.54987742E-04 -4.92325194E-08  2.
    77 -2.59999990E-01  5.16889741E+00  0.00000000E+00  3.33108802E-04 -4.92275944E-08  2.
    78 -2.39999995E-01  5.16831863E+00  0.00000000E+00  3.10450753E-04 -4.92220822E-08  2.
    79 -2.19999999E-01  5.16685681E+00  0.00000000E+00  2.87039982E-04 -4.92081601E-08  2.
    80 -2.00000003E-01  5.16738771E+00  0.00000000E+00  2.63020953E-04 -4.92132162E-08  2.
    81 -1.80000007E-01  5.16759389E+00  0.00000000E+00  2.38374160E-04 -4.92151799E-08  2.
    82 -1.59999996E-01  5.16751523E+00  0.00000000E+00  2.13205452E-04 -4.92144308E-08  2.
    83 -1.40000001E-01  5.16731234E+00  0.00000000E+00  1.87538882E-04 -4.92124985E-08  2.
    84 -1.19999997E-01  5.16704473E+00  0.00000000E+00  1.61441499E-04 -4.92099498E-08  2.
    85 -1.00000001E-01  5.16677994E+00  0.00000000E+00  1.35012806E-04 -4.92074280E-08  2.
    86 -7.99999982E-02  5.16655108E+00  0.00000000E+00  1.08311862E-04 -4.92052484E-08  2.
    87 -5.99999987E-02  5.16637640E+00  0.00000000E+00  8.13356212E-05 -4.92035848E-08  2.
    88 -3.99999991E-02  5.16625576E+00  0.00000000E+00  5.43796808E-05 -4.92024358E-08  2.
    89 -1.99999996E-02  5.16619578E+00  0.00000000E+00  2.71940502E-05 -4.92018646E-08  2.
    90  0.00000000E+00  5.16613524E+00  0.00000000E+00  5.31623672E-14 -4.92012880E-08  2.
    91  1.99999996E-02  5.16619578E+00  0.00000000E+00  2.71940502E-05 -4.92018646E-08  2.
    92  3.99999991E-02  5.16625576E+00  0.00000000E+00  5.43796808E-05 -4.92024358E-08  2.
    93  5.99999987E-02  5.16637640E+00  0.00000000E+00  8.13356212E-05 -4.92035848E-08  2.
    94  7.99999982E-02  5.16655108E+00  0.00000000E+00  1.08311862E-04 -4.92052484E-08  2.
    95  1.00000001E-01  5.16677994E+00  0.00000000E+00  1.35012806E-04 -4.92074280E-08  2.
    96  1.19999997E-01  5.16704473E+00  0.00000000E+00  1.61441499E-04 -4.92099498E-08  2.
    97  1.40000001E-01  5.16731234E+00  0.00000000E+00  1.87538882E-04 -4.92124985E-08  2.
    98  1.59999996E-01  5.16751523E+00  0.00000000E+00  2.13205452E-04 -4.92144308E-08  2.
    99  1.80000007E-01  5.16759389E+00  0.00000000E+00  2.38374160E-04 -4.92151799E-08  2.
   100  2.00000003E-01  5.16738771E+00  0.00000000E+00  2.63020953E-04 -4.92132163E-08  2.
   101  2.19999999E-01  5.16685682E+00  0.00000000E+00  2.87039982E-04 -4.92081602E-08  2.
   102  2.39999995E-01  5.16831863E+00  0.00000000E+00  3.10450753E-04 -4.92220822E-08  2.
   103  2.59999990E-01  5.16889741E+00  0.00000000E+00  3.33108802E-04 -4.92275944E-08  2.
   104  2.80000001E-01  5.16941453E+00  0.00000000E+00  3.54987742E-04 -4.92325193E-08  2.
   105  3.00000012E-01  5.16831202E+00  0.00000000E+00  3.75980369E-04 -4.92220193E-08  2.
   106  3.19999993E-01  5.16859581E+00  0.00000000E+00  3.96113562E-04 -4.92247220E-08  2.
   107  3.40000004E-01  5.17066749E+00  0.00000000E+00  4.15278044E-04 -4.92444523E-08  2.
   108  3.60000014E-01  5.17144590E+00  0.00000000E+00  4.33411159E-04 -4.92518657E-08  2.
   109  3.79999995E-01  5.16876620E+00  0.00000000E+00  4.50493634E-04 -4.92263448E-08  2.
   110  4.00000006E-01  5.17220250E+00  0.00000000E+00  4.66373800E-04 -4.92590714E-08  2.
   111  4.19999987E-01  5.17389849E+00  0.00000000E+00  4.81119487E-04 -4.92752237E-08  2.
   112  4.39999998E-01  5.17063088E+00  0.00000000E+00  4.94536816E-04 -4.92441036E-08  2.
   113  4.60000008E-01  5.17558772E+00  0.00000000E+00  5.06650246E-04 -4.92913117E-08  2.
   114  4.79999989E-01  5.17641592E+00  0.00000000E+00  5.17393194E-04 -4.92991992E-08  2.
   115  5.00000000E-01  5.17587664E+00  0.00000000E+00  5.26662060E-04 -4.92940632E-08  2.
   116  5.19999981E-01  5.17992064E+00  0.00000000E+00  5.34491833E-04 -4.93325775E-08  2.
   117  5.40000021E-01  5.19284760E+00  0.00000000E+00  5.40829062E-04 -4.94556914E-08  2.
   118  5.60000002E-01  5.18492961E+00  0.00000000E+00  5.45331621E-04 -4.93802820E-08  2.
   119  5.79999983E-01  5.17689430E+00  0.00000000E+00  5.48254525E-04 -4.93037552E-08  2.
   120  6.00000024E-01  5.17697846E+00  0.00000000E+00  5.49429050E-04 -4.93045568E-08  2.
   121  6.20000005E-01  5.17350366E+00  0.00000000E+00  5.48798618E-04 -4.92714634E-08  2.
   122  6.39999986E-01  5.17364987E+00  0.00000000E+00  5.46302535E-04 -4.92728559E-08  2.
   123  6.60000026E-01  5.17075932E+00  0.00000000E+00  5.41911467E-04 -4.92453268E-08  2.
   124  6.80000007E-01  5.17303347E+00  0.00000000E+00  5.35518351E-04 -4.92669854E-08  2.
   125  6.99999988E-01  5.16728209E+00  0.00000000E+00  5.27104175E-04 -4.92122104E-08  2.
   126  7.20000029E-01  5.17378160E+00  0.00000000E+00  5.16563525E-04 -4.92741104E-08  2.
   127  7.40000010E-01  5.16489393E+00  0.00000000E+00  5.03878013E-04 -4.91894660E-08  2.
   128  7.59999990E-01  5.17110311E+00  0.00000000E+00  4.88942867E-04 -4.92486010E-08  2.
   129  7.79999971E-01  5.16765181E+00  0.00000000E+00  4.71736431E-04 -4.92157316E-08  2.
   130  8.00000012E-01  5.16535920E+00  0.00000000E+00  4.52188738E-04 -4.91938972E-08  2.
   131  8.19999993E-01  5.17029267E+00  0.00000000E+00  4.30234934E-04 -4.92408825E-08  2.
   132  8.39999974E-01  5.16534792E+00  0.00000000E+00  4.05814771E-04 -4.91937897E-08  2.
   133  8.60000014E-01  5.16504505E+00  0.00000000E+00  3.78865828E-04 -4.91909053E-08  2.
   134  8.79999995E-01  5.16818963E+00  0.00000000E+00  3.49321085E-04 -4.92208536E-08  2.
   135  8.99999976E-01  5.16617632E+00  0.00000000E+00  3.17083715E-04 -4.92016792E-08  2.
   136  9.20000017E-01  5.16281240E+00  0.00000000E+00  2.82204823E-04 -4.91696419E-08  2.
   137  9.39999998E-01  5.16653117E+00  0.00000000E+00  2.44539903E-04 -4.92050588E-08  2.
   138  9.59999979E-01  5.16776695E+00  0.00000000E+00  2.04077717E-04 -4.92168281E-08  2.
   139  9.80000019E-01  5.15402005E+00  0.00000000E+00  1.60746867E-04 -4.90859052E-08  2.
   140  1.00000000E+00  5.21003381E+00  0.00000000E+00  1.14450390E-04 -4.96193696E-08  2.
   141  1.01999998E+00  4.95252914E+00  0.00000000E+00  6.51847444E-05 -4.71669442E-08  2.
   142  1.03999996E+00  5.86649829E+00  0.00000000E+00  1.28711720E-05 -5.58714123E-08  2.
   143  1.05999994E+00  0.00000000E+00  0.00000000E+00  0.00000000E+00  6.70384774E-04  0.
   144  1.08000004E+00  0.00000000E+00  0.00000000E+00  0.00000000E+00  1.71979437E-03  0.
   145  1.10000002E+00  0.00000000E+00  0.00000000E+00  0.00000000E+00  2.81231888E-03  0.
   146  1.12000000E+00  0.00000000E+00  0.00000000E+00  0.00000000E+00  3.92011835E-03  0.
   147  1.13999999E+00  0.00000000E+00  0.00000000E+00  0.00000000E+00  5.04799192E-03  0.
   148  1.15999997E+00  0.00000000E+00  0.00000000E+00  0.00000000E+00  6.19592777E-03  0.
   149  1.17999995E+00  0.00000000E+00  0.00000000E+00  0.00000000E+00  7.36388415E-03  0.
   150  1.20000005E+00  0.00000000E+00  0.00000000E+00  0.00000000E+00  8.55185694E-03  0.
   151  1.22000003E+00  0.00000000E+00  0.00000000E+00  0.00000000E+00  9.75981180E-03  0.
   152  1.24000001E+00  0.00000000E+00  0.00000000E+00  0.00000000E+00  1.09877455E-02  0.
   153  1.25999999E+00  0.00000000E+00  0.00000000E+00  0.00000000E+00  1.22356453E-02  0.
   154  1.27999997E+00  0.00000000E+00  0.00000000E+00  0.00000000E+00  1.35035031E-02  0.
   155  1.29999995E+00  0.00000000E+00  0.00000000E+00  0.00000000E+00  1.47913094E-02  0.
   156  1.32000005E+00  0.00000000E+00  0.00000000E+00  0.00000000E+00  1.60990688E-02  0.
   157  1.34000003E+00  0.00000000E+00  0.00000000E+00  0.00000000E+00  1.74267526E-02  0.
   158  1.36000001E+00  0.00000000E+00  0.00000000E+00  0.00000000E+00  1.87743654E-02  0.
   159  1.38000000E+00  0.00000000E+00  0.00000000E+00  0.00000000E+00  2.01419029E-02  0.
   160  1.39999998E+00  0.00000000E+00  0.00000000E+00  0.00000000E+00  2.15293518E-02  0.
   161  1.41999996E+00  0.00000000E+00  0.00000000E+00  0.00000000E+00  2.29367140E-02  0.
   162  1.44000006E+00  0.00000000E+00  0.00000000E+00  0.00000000E+00  2.43639894E-02  0.
   163  1.46000004E+00  0.00000000E+00  0.00000000E+00  0.00000000E+00  2.58111519E-02  0.
   164  1.48000002E+00  0.00000000E+00  0.00000000E+00  0.00000000E+00  2.72782070E-02  0.
   165  1.50000000E+00  0.00000000E+00  0.00000000E+00  0.00000000E+00  2.87651469E-02  0.
   166  1.51999998E+00  0.00000000E+00  0.00000000E+00  0.00000000E+00  3.02719671E-02  0.
   167  1.53999996E+00  0.00000000E+00  0.00000000E+00  0.00000000E+00  3.17986608E-02  0.
   168  1.55999994E+00  0.00000000E+00  0.00000000E+00  0.00000000E+00  3.33452262E-02  0.
   169  1.58000004E+00  0.00000000E+00  0.00000000E+00  0.00000000E+00  3.49116607E-02  0.
   170  1.60000002E+00  0.00000000E+00  0.00000000E+00  0.00000000E+00  3.64979457E-02  0.
   171  1.62000000E+00  0.00000000E+00  0.00000000E+00  0.00000000E+00  3.81040820E-02  0.
   172  1.63999999E+00  0.00000000E+00  0.00000000E+00  0.00000000E+00  3.97300685E-02  0.
   173  1.65999997E+00  0.00000000E+00  0.00000000E+00  0.00000000E+00  4.13758948E-02  0.
   174  1.67999995E+00  0.00000000E+00  0.00000000E+00  0.00000000E+00  4.30415558E-02  0.
   175  1.70000005E+00  0.00000000E+00  0.00000000E+00  0.00000000E+00  4.47270552E-02  0.
   176  1.72000003E+00  0.00000000E+00  0.00000000E+00  0.00000000E+00  4.64323708E-02  0.
   177  1.74000001E+00  0.00000000E+00  0.00000000E+00  0.00000000E+00  4.81575084E-02  0.
   178  1.75999999E+00  0.00000000E+00  0.00000000E+00  0.00000000E+00  4.99024561E-02  0.
   179  1.77999997E+00  0.00000000E+00  0.00000000E+00  0.00000000E+00  5.16672046E-02  0.
STEP  25 TIME  2.30020000E+04
     1 -1.77999997E+00  0.00000000E+00  0.00000000E+00  0.00000000E+00  5.08405198E-02  0.
     2 -1.75999999E+00  0.00000000E+00  0.00000000E+00  0.00000000E+00  4.90756983E-02  0.
     3 -1.74000001E+00  0.00000000E+00  0.00000000E+00  0.00000000E+00  4.73306829E-02  0.
     4 -1.72000003E+00  0.00000000E+00  0.00000000E+00  0.00000000E+00  4.56054786E-02  0.
     5 -1.70000005E+00  0.00000000E+00  0.00000000E+00  0.00000000E+00  4.39000974E-02  0.
     6 -1.67999995E+00  0.00000000E+00  0.00000000E+00  0.00000000E+00  4.22145334E-02  0.
     7 -1.65999997E+00  0.00000000E+00  0.00000000E+00  0.00000000E+00  4.05488090E-02  0.
     8 -1.63999999E+00  0.00000000E+00  0.00000000E+00  0.00000000E+00  3.89029205E-02  0.
     9 -1.62000000E+00  0.00000000E+00  0.00000000E+00  0.00000000E+00  3.72768732E-02  0.
    10 -1.60000002E+00  0.00000000E+00  0.00000000E+00  0.00000000E+00  3.56706771E-02  0.
    11 -1.58000004E+00  0.00000000E+00  0.00000000E+00  0.00000000E+00  3.40843336E-02  0.
    12 -1.55999994E+00  0.00000000E+00  0.00000000E+00  0.00000000E+00  3.25178418E-02  0.
    13 -1.53999996E+00  0.00000000E+00  0.00000000E+00  0.00000000E+00  3.09712208E-02  0.
    14 -1.51999998E+00  0.00000000E+00  0.00000000E+00  0.00000000E+00  2.94444727E-02  0.
    15 -1.50000000E+00  0.00000000E+00  0.00000000E+00  0.00000000E+00  2.79375996E-02  0.
    16 -1.48000002E+00  0.00000000E+00  0.00000000E+00  0.00000000E+00  2.64506084E-02  0.
    17 -1.46000004E+00  0.00000000E+00  0.00000000E+00  0.00000000E+00  2.49835037E-02  0.
    18 -1.44000006E+00  0.00000000E+00  0.00000000E+00  0.00000000E+00  2.35362933E-02  0.
    19 -1.41999996E+00  0.00000000E+00  0.00000000E+00  0.00000000E+00  2.21089718E-02  0.
    20 -1.39999998E+00  0.00000000E+00  0.00000000E+00  0.00000000E+00  2.07015688E-02  0.
    21 -1.38000000E+00  0.00000000E+00  0.00000000E+00  0.00000000E+00  1.93140767E-02  0.
    22 -1.36000001E+00  0.00000000E+00  0.00000000E+00  0.00000000E+00  1.79465010E-02  0.
    23 -1.34000003E+00  0.00000000E+00  0.00000000E+00  0.00000000E+00  1.65988526E-02  0.
    24 -1.32000005E+00  0.00000000E+00  0.00000000E+00  0.00000000E+00  1.52711339E-02  0.
    25 -1.29999995E+00  0.00000000E+00  0.00000000E+00  0.00000000E+00  1.39633461E-02  0.
    26 -1.27999997E+00  0.00000000E+00  0.00000000E+00  0.00000000E+00  1.26755130E-02  0.
    27 -1.25999999E+00  0.00000000E+00  0.00000000E+00  0.00000000E+00  1.14076330E-02  0.
    28 -1.24000001E+00  0.00000000E+00  0.00000000E+00  0.00000000E+00  1.01597163E-02  0.
    29 -1.22000003E+00  0.00000000E+00  0.00000000E+00  0.00000000E+00  8.93177244E-03  0.
    30 -1.20000005E+00  0.00000000E+00  0.00000000E+00  0.00000000E+00  7.72381536E-03  0.
    31 -1.17999995E+00  0.00000000E+00  0.00000000E+00  0.00000000E+00  6.53585223E-03  0.
    32 -1.15999997E+00  0.00000000E+00  0.00000000E+00  0.00000000E+00  5.36791731E-03  0.
    33 -1.13999999E+00  0.00000000E+00  0.00000000E+00  0.00000000E+00  4.22003343E-03  0.
    34 -1.12000000E+00  0.00000000E+00  0.00000000E+00  0.00000000E+00  3.09222045E-03  0.
    35 -1.10000002E+00  0.00000000E+00  0.00000000E+00  0.00000000E+00  1.98419976E-03  0.
    36 -1.08000004E+00  0.00000000E+00  0.00000000E+00  0.00000000E+00  8.77274321E-04  0.
    37 -1.05999994E+00  5.69430496E+00  0.00000000E+00  1.33276968E-06 -5.42314758E-08  2.
    38 -1.03999996E+00  4.85861106E+00  0.00000000E+00  5.59149767E-05 -4.62724863E-08  2.
    39 -1.01999998E+00  5.05702022E+00  0.00000000E+00  1.07448128E-04 -4.81620973E-08  2.
    40 -1.00000000E+00  5.02880825E+00  0.00000000E+00  1.55892761E-04 -4.78934119E-08  2.
    41 -9.80000019E-01  5.02936424E+00  0.00000000E+00  2.01372219E-04 -4.78987070E-08  2.
    42 -9.59999979E-01  5.03786296E+00  0.00000000E+00  2.43882176E-04 -4.79796473E-08  2.
    43 -9.39999998E-01  5.03717183E+00  0.00000000E+00  2.83522320E-04 -4.79730650E-08  2.
    44 -9.20000017E-01  5.04759825E+00  0.00000000E+00  3.20368352E-04 -4.80723643E-08  2.
    45 -8.99999976E-01  5.05389697E+00  0.00000000E+00  3.54424583E-04 -4.81323521E-08  2.
    46 -8.79999995E-01  5.05692169E+00  0.00000000E+00  3.85824344E-04 -4.81611590E-08  2.
    47 -8.60000014E-01  5.06446524E+00  0.00000000E+00  4.14532094E-04 -4.82330023E-08  2.
    48 -8.39999974E-01  5.07500436E+00  0.00000000E+00  4.40648207E-04 -4.83333749E-08  2.
    49 -8.19999993E-01  5.07713935E+00  0.00000000E+00  4.64235050E-04 -4.83537081E-08  2.
    50 -8.00000012E-01  5.08422664E+00  0.00000000E+00  4.85352417E-04 -4.84212061E-08  2.
    51 -7.79999971E-01  5.09484432E+00  0.00000000E+00  5.04065961E-04 -4.85223268E-08  2.
    52 -7.59999990E-01  5.09356143E+00  0.00000000E+00  5.20444968E-04 -4.85101089E-08  2.
    53 -7.40000010E-01  5.10568256E+00  0.00000000E+00  5.34553072E-04 -4.86255482E-08  2.
    54 -7.20000029E-01  5.10781766E+00  0.00000000E+00  5.46409832E-04 -4.86458824E-08  2.
    55 -6.99999988E-01  5.11312658E+00  0.00000000E+00  5.56121007E-04 -4.86964437E-08  2.
    56 -6.80000007E-01  5.12083664E+00  0.00000000E+00  5.63705527E-04 -4.87698728E-08  2.
    57 -6.60000026E-01  5.12113187E+00  0.00000000E+00  5.69268805E-04 -4.87726845E-08  2.
    58 -6.39999986E-01  5.13159285E+00  0.00000000E+00  5.72829414E-04 -4.88723129E-08  2.
    59 -6.20000005E-01  5.13166646E+00  0.00000000E+00  5.74512619E-04 -4.88730139E-08  2.
    60 -6.00000024E-01  5.13927922E+00  0.00000000E+00  5.74318349E-04 -4.89455163E-08  2.
    61 -5.79999983E-01  5.15467875E+00  0.00000000E+00  5.72361657E-04 -4.90921785E-08  2.
    62 -5.74273034E-01  5.15463947E+00  0.00000000E+00  5.68631088E-04 -4.90918044E-08  2.
    63 -5.40000021E-01  5.14475779E+00  0.00000000E+00  5.63126465E-04 -4.89976932E-08  2.
    64 -5.19999981E-01  5.14598395E+00  0.00000000E+00  5.56077118E-04 -4.90093709E-08  2.
    65 -5.00000000E-01  5.14998756E+00  0.00000000E+00  5.47432571E-04 -4.90475006E-08  2.
    66 -4.79999989E-01  5.14548885E+00  0.00000000E+00  5.37331889E-04 -4.90046557E-08  2.
    67 -4.60000008E-01  5.15131819E+00  0.00000000E+00  5.25757115E-04 -4.90601733E-08  2.
    68 -4.39999998E-01  5.15130261E+00  0.00000000E+00  5.12814380E-04 -4.90600249E-08  2.
    69 -4.19999987E-01  5.14947367E+00  0.00000000E+00  4.98567593E-04 -4.90426064E-08  2.
    70 -4.00000006E-01  5.15395928E+00  0.00000000E+00  4.82992023E-04 -4.90853265E-08  2.
    71 -3.79999995E-01  5.15426699E+00  0.00000000E+00  4.66281815E-04 -4.90882571E-08  2.
    72 -3.60000014E-01  5.15223154E+00  0.00000000E+00  4.48369143E-04 -4.90688718E-08  2.
    73 -3.40000004E-01  5.15591600E+00  0.00000000E+00  4.29405713E-04 -4.91039619E-08  2.
    74 -3.19999993E-01  5.15648366E+00  0.00000000E+00  4.09410880E-04 -4.91093682E-08  2.
    75 -3.00000012E-01  5.15673518E+00  0.00000000E+00  3.88447331E-04 -4.91117637E-08  2.
    76 -2.80000001E-01  5.15553121E+00  0.00000000E+00  3.66624425E-04 -4.91002972E-08  2.
    77 -2.59999990E-01  5.15804851E+00  0.00000000E+00  3.43915179E-04 -4.91242716E-08  2.
    78 -2.39999995E-01  5.15859778E+00  0.00000000E+00  3.20426897E-04 -4.91295027E-08  2.
    79 -2.19999999E-01  5.15897549E+00  0.00000000E+00  2.96186147E-04 -4.91330999E-08  2.
    80 -2.00000003E-01  5.15899261E+00  0.00000000E+00  2.71337452E-04 -4.91332630E-08  2.
    81 -1.80000007E-01  5.15863509E+00  0.00000000E+00  2.45862427E-04 -4.91298580E-08  2.
    82 -1.59999996E-01  5.15911676E+00  0.00000000E+00  2.19865966E-04 -4.91344453E-08  2.
    83 -1.40000001E-01  5.15985437E+00  0.00000000E+00  1.93369476E-04 -4.91414702E-08  2.
    84 -1.19999997E-01  5.16014056E+00  0.00000000E+00  1.66440413E-04 -4.91441958E-08  2.
    85 -1.00000001E-01  5.16034835E+00  0.00000000E+00  1.39179351E-04 -4.91461747E-08  2.
    86 -7.99999982E-02  5.16043308E+00  0.00000000E+00  1.11645559E-04 -4.91469817E-08  2.
    87 -5.99999987E-02  5.16046241E+00  0.00000000E+00  8.38361403E-05 -4.91472611E-08  2.
    88 -3.99999991E-02  5.16043563E+00  0.00000000E+00  5.60468051E-05 -4.91470060E-08  2.
    89 -1.99999996E-02  5.16041535E+00  0.00000000E+00  2.80276427E-05 -4.91468129E-08  2.
    90  0.00000000E+00  5.16025792E+00  0.00000000E+00  5.72556286E-14 -4.91453135E-08  2.
    91  1.99999996E-02  5.16041535E+00  0.00000000E+00  2.80276427E-05 -4.91468129E-08  2.
    92  3.99999991E-02  5.16043563E+00  0.00000000E+00  5.60468051E-05 -4.91470060E-08  2.
    93  5.99999987E-02  5.16046241E+00  0.00000000E+00  8.38361403E-05 -4.91472611E-08  2.
    94  7.99999982E-02  5.16043308E+00  0.00000000E+00  1.11645559E-04 -4.91469817E-08  2.
    95  1.00000001E-01  5.16034835E+00  0.00000000E+00  1.39179351E-04 -4.91461747E-08  2.
    96  1.19999997E-01  5.16014056E+00  0.00000000E+00  1.66440413E-04 -4.91441958E-08  2.
    97  1.40000001E-01  5.15985437E+00  0.00000000E+00  1.93369476E-04 -4.91414702E-08  2.
    98  1.59999996E-01  5.15911676E+00  0.00000000E+00  2.19865966E-04 -4.91344453E-08  2.
    99  1.80000007E-01  5.15863509E+00  0.00000000E+00  2.45862427E-04 -4.91298580E-08  2.
   100  2.00000003E-01  5.15899261E+00  0.00000000E+00  2.71337452E-04 -4.91332630E-08  2.
   101  2.19999999E-01  5.15897549E+00  0.00000000E+00  2.96186147E-04 -4.91330999E-08  2.
   102  2.39999995E-01  5.15859778E+00  0.00000000E+00  3.20426897E-04 -4.91295027E-08  2.
   103  2.59999990E-01  5.15804851E+00  0.00000000E+00  3.43915179E-04 -4.91242716E-08  2.
   104  2.80000001E-01  5.15553121E+00  0.00000000E+00  3.66624425E-04 -4.91002972E-08  2.
   105  3.00000012E-01  5.15673518E+00  0.00000000E+00  3.88447331E-04 -4.91117636E-08  2.
   106  3.19999993E-01  5.15648366E+00  0.00000000E+00  4.09410880E-04 -4.91093682E-08  2.
   107  3.40000004E-01  5.15591600E+00  0.00000000E+00  4.29405713E-04 -4.91039619E-08  2.
   108  3.60000014E-01  5.15223154E+00  0.00000000E+00  4.48369143E-04 -4.90688718E-08  2.
   109  3.79999995E-01  5.15426700E+00  0.00000000E+00  4.66281815E-04 -4.90882571E-08  2.
   110  4.00000006E-01  5.15395928E+00  0.00000000E+00  4.82992023E-04 -4.90853265E-08  2.
   111  4.19999987E-01  5.14947367E+00  0.00000000E+00  4.98567593E-04 -4.90426064E-08  2.
   112  4.39999998E-01  5.15130261E+00  0.00000000E+00  5.12814380E-04 -4.90600249E-08  2.
   113  4.60000008E-01  5.15131819E+00  0.00000000E+00  5.25757115E-04 -4.90601733E-08  2.
   114  4.79999989E-01  5.14548885E+00  0.00000000E+00  5.37331889E-04 -4.90046557E-08  2.
   115  5.00000000E-01  5.14998756E+00  0.00000000E+00  5.47432571E-04 -4.90475006E-08  2.
   116  5.19999981E-01  5.14598395E+00  0.00000000E+00  5.56077118E-04 -4.90093709E-08  2.
   117  5.40000021E-01  5.14475779E+00  0.00000000E+00  5.63126465E-04 -4.89976933E-08  2.
   118  5.60000002E-01  5.15463947E+00  0.00000000E+00  5.68631088E-04 -4.90918044E-08  2.
   119  5.79999983E-01  5.15467875E+00  0.00000000E+00  5.72361657E-04 -4.90921785E-08  2.
   120  6.00000024E-01  5.13927922E+00  0.00000000E+00  5.74318349E-04 -4.89455164E-08  2.
   121  6.20000005E-01  5.13166646E+00  0.00000000E+00  5.74512619E-04 -4.88730139E-08  2.
   122  6.39999986E-01  5.13159285E+00  0.00000000E+00  5.72829414E-04 -4.88723129E-08  2.
   123  6.60000026E-01  5.12113187E+00  0.00000000E+00  5.69268805E-04 -4.87726845E-08  2.
   124  6.80000007E-01  5.12083664E+00  0.00000000E+00  5.63705527E-04 -4.87698728E-08  2.
   125  6.99999988E-01  5.11312658E+00  0.00000000E+00  5.56121007E-04 -4.86964436E-08  2.
   126  7.20000029E-01  5.10781766E+00  0.00000000E+00  5.46409832E-04 -4.86458825E-08  2.
   127  7.40000010E-01  5.10568256E+00  0.00000000E+00  5.34553072E-04 -4.86255482E-08  2.
   128  7.59999990E-01  5.09356143E+00  0.00000000E+00  5.20444968E-04 -4.85101089E-08  2.
   129  7.79999971E-01  5.09484432E+00  0.00000000E+00  5.04065961E-04 -4.85223268E-08  2.
   130  8.00000012E-01  5.08422665E+00  0.00000000E+00  4.85352417E-04 -4.84212061E-08  2.
   131  8.19999993E-01  5.07713935E+00  0.00000000E+00  4.64235050E-04 -4.83537081E-08  2.
   132  8.39999974E-01  5.07500436E+00  0.00000000E+00  4.40648207E-04 -4.83333749E-08  2.
   133  8.60000014E-01  5.06446525E+00  0.00000000E+00  4.14532094E-04 -4.82330023E-08  2.
   134  8.79999995E-01  5.05692170E+00  0.00000000E+00  3.85824344E-04 -4.81611590E-08  2.
   135  8.99999976E-01  5.05389697E+00  0.00000000E+00  3.54424583E-04 -4.81323521E-08  2.
   136  9.20000017E-01  5.04759825E+00  0.00000000E+00  3.20368352E-04 -4.80723643E-08  2.
   137  9.39999998E-01  5.03717183E+00  0.00000000E+00  2.83522320E-04 -4.79730650E-08  2.
   138  9.59999979E-01  5.03786296E+00  0.00000000E+00  2.43882176E-04 -4.79796472E-08  2.
   139  9.80000019E-01  5.02936424E+00  0.00000000E+00  2.01372219E-04 -4.78987070E-08  2.
   140  1.00000000E+00  5.02880825E+00  0.00000000E+00  1.55892761E-04 -4.78934119E-08  2.
   141  1.01999998E+00  5.05702022E+00  0.00000000E+00  1.07448128E-04 -4.81620974E-08  2.
   142  1.03999996E+00  4.85861106E+00  0.00000000E+00  5.59149767E-05 -4.62724863E-08  2.
   143  1.05999994E+00  5.69430496E+00  0.00000000E+00  1.33276968E-06 -5.42314758E-08  2.
   144  1.08000004E+00  0.00000000E+00  0.00000000E+00  0.00000000E+00  8.77274321E-04  0.
   145  1.10000002E+00  0.00000000E+00  0.00000000E+00  0.00000000E+00  1.98419976E-03  0.
   146  1.12000000E+00  0.00000000E+00  0.00000000E+00  0.00000000E+00  3.09222045E-03  0.
   147  1.13999999E+00  0.00000000E+00  0.00000000E+00  0.00000000E+00  4.22003343E-03  0.
   148  1.15999997E+00  0.00000000E+00  0.00000000E+00  0.00000000E+00  5.36791731E-03  0.
   149  1.17999995E+00  0.00000000E+00  0.00000000E+00  0.00000000E+00  6.53585223E-03  0.
   150  1.20000005E+00  0.00000000E+00  0.00000000E+00  0.00000000E+00  7.72381536E-03  0.
   151  1.22000003E+00  0.00000000E+00  0.00000000E+00  0.00000000E+00  8.93177244E-03  0.
   152  1.24000001E+00  0.00000000E+00  0.00000000E+00  0.00000000E+00  1.01597163E-02  0.
   153  1.25999999E+00  0.00000000E+00  0.00000000E+00  0.00000000E+00  1.14076330E-02  0.
   154  1.27999997E+00  0.00000000E+00  0.00000000E+00  0.00000000E+00  1.26755130E-02  0.
   155  1.29999995E+00  0.00000000E+00  0.00000000E+00  0.00000000E+00  1.39633461E-02  0.
   156  1.32000005E+00  0.00000000E+00  0.00000000E+00  0.00000000E+00  1.52711339E-02  0.
   157  1.34000003E+00  0.00000000E+00  0.00000000E+00  0.00000000E+00  1.65988526E-02  0.
   158  1.36000001E+00  0.00000000E+00  0.00000000E+00  0.00000000E+00  1.79465010E-02  0.
   159  1.38000000E+00  0.00000000E+00  0.00000000E+00  0.00000000E+00  1.93140767E-02  0.
   160  1.39999998E+00  0.00000000E+00  0.00000000E+00  0.00000000E+00  2.07015688E-02  0.
   161  1.41999996E+00  0.00000000E+00  0.00000000E+00  0.00000000E+00  2.21089718E-02  0.
   162  1.44000006E+00  0.00000000E+00  0.00000000E+00  0.00000000E+00  2.35362933E-02  0.
   163  1.46000004E+00  0.00000000E+00  0.00000000E+00  0.00000000E+00  2.49835037E-02  0.
   164  1.48000002E+00  0.00000000E+00  0.00000000E+00  0.00000000E+00  2.64506084E-02  0.
   165  1.50000000E+00  0.00000000E+00  0.00000000E+00  0.00000000E+00  2.79375996E-02  0.
   166  1.51999998E+00  0.00000000E+00  0.00000000E+00  0.00000000E+00  2.94444727E-02  0.
   167  1.53999996E+00  0.00000000E+00  0.00000000E+00  0.00000000E+00  3.09712208E-02  0.
   168  1.55999994E+00  0.00000000E+00  0.00000000E+00  0.00000000E+00  3.25178418E-02  0.
   169  1.58000004E+00  0.00000000E+00  0.00000000E+00  0.00000000E+00  3.40843336E-02  0.
   170  1.60000002E+00  0.00000000E+00  0.00000000E+00  0.00000000E+00  3.56706771E-02  0.
   171  1.62000000E+00  0.00000000E+00  0.00000000E+00  0.00000000E+00  3.72768732E-02  0.
   172  1.63999999E+00  0.00000000E+00  0.00000000E+00  0.00000000E+00  3.89029205E-02  0.
   173  1.65999997E+00  0.00000000E+00  0.00000000E+00  0.00000000E+00  4.05488090E-02  0.
   174  1.67999995E+00  0.00000000E+00  0.00000000E+00  0.00000000E+00  4.22145334E-02  0.
   175  1.70000005E+00  0.00000000E+00  0.00000000E+00  0.00000000E+00  4.39000974E-02  0.
   176  1.72000003E+00  0.00000000E+00  0.00000000E+00  0.00000000E+00  4.56054786E-02  0.
   177  1.74000001E+00  0.00000000E+00  0.00000000E+00  0.00000000E+00  4.73306829E-02  0.
   178  1.75999999E+00  0.00000000E+00  0.00000000E+00  0.00000000E+00  4.90756983E-02  0.
   179  1.77999997E+00  0.00000000E+00  0.00000000E+00  0.00000000E+00  5.08405198E-02  0.
STEP  26 TIME  2.40020000E+04
     1 -1.77999997E+00  0.00000000E+00  0.00000000E+00  0.00000000E+00  5.00275421E-02  0.
     2 -1.75999999E+00  0.00000000E+00  0.00000000E+00  0.00000000E+00  4.82626493E-02  0.
     3 -1.74000001E+00  0.00000000E+00  0.00000000E+00  0.00000000E+00  4.65175632E-02  0.
     4 -1.72000003E+00  0.00000000E+00  0.00000000E+00  0.00000000E+00  4.47922892E-02  0.
     5 -1.70000005E+00  0.00000000E+00  0.00000000E+00  0.00000000E+00  4.30868392E-02  0.
     6 -1.67999995E+00  0.00000000E+00  0.00000000E+00  0.00000000E+00  4.14012071E-02  0.
     7 -1.65999997E+00  0.00000000E+00  0.00000000E+00  0.00000000E+00  3.97354155E-02  0.
     8 -1.63999999E+00  0.00000000E+00  0.00000000E+00  0.00000000E+00  3.80894607E-02  0.
     9 -1.62000000E+00  0.00000000E+00  0.00000000E+00  0.00000000E+00  3.64633480E-02  0.
    10 -1.60000002E+00  0.00000000E+00  0.00000000E+00  0.00000000E+00  3.48570872E-02  0.
    11 -1.58000004E+00  0.00000000E+00  0.00000000E+00  0.00000000E+00  3.32706801E-02  0.
    12 -1.55999994E+00  0.00000000E+00  0.00000000E+00  0.00000000E+00  3.17041253E-02  0.
    13 -1.53999996E+00  0.00000000E+00  0.00000000E+00  0.00000000E+00  3.01574423E-02  0.
    14 -1.51999998E+00  0.00000000E+00  0.00000000E+00  0.00000000E+00  2.86306330E-02  0.
    15 -1.50000000E+00  0.00000000E+00  0.00000000E+00  0.00000000E+00  2.71236997E-02  0.
    16 -1.48000002E+00  0.00000000E+00  0.00000000E+00  0.00000000E+00  2.56366491E-02  0.
    17 -1.46000004E+00  0.00000000E+00  0.00000000E+00  0.00000000E+00  2.41694860E-02  0.
    18 -1.44000006E+00  0.00000000E+00  0.00000000E+00  0.00000000E+00  2.27222179E-02  0.
    19 -1.41999996E+00  0.00000000E+00  0.00000000E+00  0.00000000E+00  2.12948398E-02  0.
    20 -1.39999998E+00  0.00000000E+00  0.00000000E+00  0.00000000E+00  1.98873840E-02  0.
    21 -1.38000000E+00  0.00000000E+00  0.00000000E+00  0.00000000E+00  1.84998365E-02  0.
    22 -1.36000001E+00  0.00000000E+00  0.00000000E+00  0.00000000E+00  1.71322081E-02  0.
    23 -1.34000003E+00  0.00000000E+00  0.00000000E+00  0.00000000E+00  1.57845066E-02  0.
    24 -1.32000005E+00  0.00000000E+00  0.00000000E+00  0.00000000E+00  1.44567369E-02  0.
    25 -1.29999995E+00  0.00000000E+00  0.00000000E+00  0.00000000E+00  1.31488988E-02  0.
    26 -1.27999997E+00  0.00000000E+00  0.00000000E+00  0.00000000E+00  1.18610156E-02  0.
    27 -1.25999999E+00  0.00000000E+00  0.00000000E+00  0.00000000E+00  1.05930864E-02  0.
    28 -1.24000001E+00  0.00000000E+00  0.00000000E+00  0.00000000E+00  9.34512184E-03  0.
    29 -1.22000003E+00  0.00000000E+00  0.00000000E+00  0.00000000E+00  8.11713119E-03  0.
    30 -1.20000005E+00  0.00000000E+00  0.00000000E+00  0.00000000E+00  6.90912863E-03  0.
    31 -1.17999995E+00  0.00000000E+00  0.00000000E+00  0.00000000E+00  5.72112152E-03  0.
    32 -1.15999997E+00  0.00000000E+00  0.00000000E+00  0.00000000E+00  4.55314396E-03  0.
    33 -1.13999999E+00  0.00000000E+00  0.00000000E+00  0.00000000E+00  3.40522140E-03  0.
    34 -1.12000000E+00  0.00000000E+00  0.00000000E+00  0.00000000E+00  2.27736821E-03  0.
    35 -1.10000002E+00  0.00000000E+00  0.00000000E+00  0.00000000E+00  1.15210602E-03  0.
    36 -1.08000004E+00  0.00000000E+00  0.00000000E+00  0.00000000E+00  1.89649605E-04  0.
    37 -1.05999994E+00  5.98626164E+00  0.00000000E+00  4.44429165E-05 -5.70120156E-08  2.
    38 -1.03999996E+00  4.72525015E+00  0.00000000E+00  9.82796681E-05 -4.50023824E-08  2.
    39 -1.01999998E+00  5.14410215E+00  0.00000000E+00  1.49000279E-04 -4.89914490E-08  2.
    40 -1.00000000E+00  5.02685440E+00  0.00000000E+00  1.96640622E-04 -4.78748038E-08  2.
    41 -9.80000019E-01  5.05782751E+00  0.00000000E+00  2.41311248E-04 -4.81697858E-08  2.
    42 -9.59999979E-01  5.04965443E+00  0.00000000E+00  2.83011838E-04 -4.80919469E-08  2.
    43 -9.39999998E-01  5.05417977E+00  0.00000000E+00  3.21845227E-04 -4.81350454E-08  2.
    44 -9.20000017E-01  5.05422587E+00  0.00000000E+00  3.57882515E-04 -4.81354845E-08  2.
    45 -8.99999976E-01  5.05039490E+00  0.00000000E+00  3.91115466E-04 -4.80989990E-08  2.
    46 -8.79999995E-01  5.05310856E+00  0.00000000E+00  4.21690084E-04 -4.81248434E-08  2.
    47 -8.60000014E-01  5.05597390E+00  0.00000000E+00  4.49577787E-04 -4.81521324E-08  2.
    48 -8.39999974E-01  5.05211034E+00  0.00000000E+00  4.74873435E-04 -4.81153365E-08  2.
    49 -8.19999993E-01  5.05300844E+00  0.00000000E+00  4.97636682E-04 -4.81238899E-08  2.
    50 -8.00000012E-01  5.05796684E+00  0.00000000E+00  5.17933622E-04 -4.81711128E-08  2.
    51 -7.79999971E-01  5.05146625E+00  0.00000000E+00  5.35833602E-04 -4.81092024E-08  2.
    52 -7.59999990E-01  5.05652080E+00  0.00000000E+00  5.51399034E-04 -4.81573409E-08  2.
    53 -7.40000010E-01  5.05665894E+00  0.00000000E+00  5.64692056E-04 -4.81586566E-08  2.
    54 -7.20000029E-01  5.05395116E+00  0.00000000E+00  5.75733279E-04 -4.81328682E-08  2.
    55 -6.99999988E-01  5.06176545E+00  0.00000000E+00  5.84628830E-04 -4.82072900E-08  2.
    56 -6.80000007E-01  5.05431747E+00  0.00000000E+00  5.91397460E-04 -4.81363569E-08  2.
    57 -6.60000026E-01  5.06438044E+00  0.00000000E+00  5.96146874E-04 -4.82321946E-08  2.
    58 -6.39999986E-01  5.05950634E+00  0.00000000E+00  5.98912109E-04 -4.81857747E-08  2.
    59 -6.20000005E-01  5.06378748E+00  0.00000000E+00  5.99777852E-04 -4.82265475E-08  2.
    60 -6.02055426E-01  5.07986578E+00  0.00000000E+00  5.98897012E-04 -4.83796741E-08  2.
    61 -5.79999983E-01  5.06414718E+00  0.00000000E+00  5.95961019E-04 -4.82299731E-08  2.
    62 -5.60000002E-01  5.06059941E+00  0.00000000E+00  5.91400207E-04 -4.81961849E-08  2.
    63 -5.40000021E-01  5.06354530E+00  0.00000000E+00  5.85165092E-04 -4.82242409E-08  2.
    64 -5.19999981E-01  5.05890252E+00  0.00000000E+00  5.77305434E-04 -4.81800240E-08  2.
    65 -5.00000000E-01  5.05939962E+00  0.00000000E+00  5.67843152E-04 -4.81847583E-08  2.
    66 -4.79999989E-01  5.06117430E+00  0.00000000E+00  5.56929187E-04 -4.82016600E-08  2.
    67 -4.60000008E-01  5.05590949E+00  0.00000000E+00  5.44540625E-04 -4.81515189E-08  2.
    68 -4.39999998E-01  5.06032345E+00  0.00000000E+00  5.30783560E-04 -4.81935567E-08  2.
    69 -4.19999987E-01  5.05933936E+00  0.00000000E+00  5.15721978E-04 -4.81841844E-08  2.
    70 -4.00000006E-01  5.05631112E+00  0.00000000E+00  4.99331317E-04 -4.81553440E-08  2.
    71 -3.79999995E-01  5.05982216E+00  0.00000000E+00  4.81805770E-04 -4.81887825E-08  2.
    72 -3.60000014E-01  5.05954060E+00  0.00000000E+00  4.63077657E-04 -4.81861009E-08  2.
    73 -3.40000004E-01  5.05728437E+00  0.00000000E+00  4.43298749E-04 -4.81646130E-08  2.
    74 -3.19999993E-01  5.05900877E+00  0.00000000E+00  4.22488446E-04 -4.81810359E-08  2.
    75 -3.00000012E-01  5.05986430E+00  0.00000000E+00  4.00709589E-04 -4.81891838E-08  2.
    76 -2.80000001E-01  5.05981748E+00  0.00000000E+00  3.78071770E-04 -4.81887379E-08  2.
    77 -2.59999990E-01  5.05883467E+00  0.00000000E+00  3.54549213E-04 -4.81793778E-08  2.
    78 -2.39999995E-01  5.05893511E+00  0.00000000E+00  3.30248746E-04 -4.81803344E-08  2.
    79 -2.19999999E-01  5.06024818E+00  0.00000000E+00  3.05193179E-04 -4.81928398E-08  2.
    80 -2.00000003E-01  5.06047206E+00  0.00000000E+00  2.79526453E-04 -4.81949720E-08  2.
    81 -1.80000007E-01  5.06060451E+00  0.00000000E+00  2.53230913E-04 -4.81962334E-08  2.
    82 -1.59999996E-01  5.06051453E+00  0.00000000E+00  2.26412723E-04 -4.81953765E-08  2.
    83 -1.40000001E-01  5.06040913E+00  0.00000000E+00  1.99096118E-04 -4.81943726E-08  2.
    84 -1.19999997E-01  5.06020541E+00  0.00000000E+00  1.71348298E-04 -4.81924325E-08  2.
    85 -1.00000001E-01  5.06037984E+00  0.00000000E+00  1.43268871E-04 -4.81940937E-08  2.
    86 -7.99999982E-02  5.06068778E+00  0.00000000E+00  1.14916963E-04 -4.81970264E-08  2.
    87 -5.99999987E-02  5.06077790E+00  0.00000000E+00  8.62895852E-05 -4.81978847E-08  2.
    88 -3.99999991E-02  5.06081217E+00  0.00000000E+00  5.76823875E-05 -4.81982111E-08  2.
    89 -1.99999996E-02  5.06080841E+00  0.00000000E+00  2.88454204E-05 -4.81981753E-08  2.
    90  0.00000000E+00  5.06069336E+00  0.00000000E+00  6.16217809E-14 -4.81970797E-08  2.
    91  1.99999996E-02  5.06080841E+00  0.00000000E+00  2.88454204E-05 -4.81981753E-08  2.
    92  3.99999991E-02  5.06081217E+00  0.00000000E+00  5.76823875E-05 -4.81982111E-08  2.
    93  5.99999987E-02  5.06077790E+00  0.00000000E+00  8.62895852E-05 -4.81978847E-08  2.
    94  7.99999982E-02  5.06068778E+00  0.00000000E+00  1.14916963E-04 -4.81970264E-08  2.
    95  1.00000001E-01  5.06037984E+00  0.00000000E+00  1.43268871E-04 -4.81940937E-08  2.
    96  1.19999997E-01  5.06020541E+00  0.00000000E+00  1.71348298E-04 -4.81924325E-08  2.
    97  1.40000001E-01  5.06040913E+00  0.00000000E+00  1.99096118E-04 -4.81943726E-08  2.
    98  1.59999996E-01  5.06051453E+00  0.00000000E+00  2.26412723E-04 -4.81953765E-08  2.
    99  1.80000007E-01  5.06060451E+00  0.00000000E+00  2.53230913E-04 -4.81962334E-08  2.
   100  2.00000003E-01  5.06047206E+00  0.00000000E+00  2.79526453E-04 -4.81949720E-08  2.
   101  2.19999999E-01  5.06024818E+00  0.00000000E+00  3.05193179E-04 -4.81928398E-08  2.
   102  2.39999995E-01  5.05893511E+00  0.00000000E+00  3.30248746E-04 -4.81803344E-08  2.
   103  2.59999990E-01  5.05883467E+00  0.00000000E+00  3.54549213E-04 -4.81793778E-08  2.
   104  2.80000001E-01  5.05981748E+00  0.00000000E+00  3.78071770E-04 -4.81887379E-08  2.
   105  3.00000012E-01  5.05986430E+00  0.00000000E+00  4.00709589E-04 -4.81891838E-08  2.
   106  3.19999993E-01  5.05900877E+00  0.00000000E+00  4.22488446E-04 -4.81810359E-08  2.
   107  3.40000004E-01  5.05728437E+00  0.00000000E+00  4.43298749E-04 -4.81646130E-08  2.
   108  3.60000014E-01  5.05954060E+00  0.00000000E+00  4.63077657E-04 -4.81861009E-08  2.
   109  3.79999995E-01  5.05982216E+00  0.00000000E+00  4.81805770E-04 -4.81887825E-08  2.
   110  4.00000006E-01  5.05631112E+00  0.00000000E+00  4.99331317E-04 -4.81553440E-08  2.
   111  4.19999987E-01  5.05933936E+00  0.00000000E+00  5.15721978E-04 -4.81841844E-08  2.
   112  4.39999998E-01  5.06032345E+00  0.00000000E+00  5.30783560E-04 -4.81935567E-08  2.
   113  4.60000008E-01  5.05590949E+00  0.00000000E+00  5.44540625E-04 -4.81515189E-08  2.
   114  4.79999989E-01  5.06117431E+00  0.00000000E+00  5.56929187E-04 -4.82016601E-08  2.
   115  5.00000000E-01  5.05939962E+00  0.00000000E+00  5.67843152E-04 -4.81847583E-08  2.
   116  5.19999981E-01  5.05890252E+00  0.00000000E+00  5.77305434E-04 -4.81800240E-08  2.
   117  5.40000021E-01  5.06354530E+00  0.00000000E+00  5.85165092E-04 -4.82242409E-08  2.
   118  5.60000002E-01  5.06059942E+00  0.00000000E+00  5.91400207E-04 -4.81961849E-08  2.
   119  5.79999983E-01  5.06414718E+00  0.00000000E+00  5.95961019E-04 -4.82299731E-08  2.
   120  6.00000024E-01  5.07986578E+00  0.00000000E+00  5.98897012E-04 -4.83796741E-08  2.
   121  6.20000005E-01  5.06378748E+00  0.00000000E+00  5.99777852E-04 -4.82265475E-08  2.
   122  6.39999986E-01  5.05950634E+00  0.00000000E+00  5.98912109E-04 -4.81857747E-08  2.
   123  6.60000026E-01  5.06438044E+00  0.00000000E+00  5.96146874E-04 -4.82321946E-08  2.
   124  6.80000007E-01  5.05431747E+00  0.00000000E+00  5.91397460E-04 -4.81363569E-08  2.
   125  6.99999988E-01  5.06176545E+00  0.00000000E+00  5.84628830E-04 -4.82072900E-08  2.
   126  7.20000029E-01  5.05395116E+00  0.00000000E+00  5.75733279E-04 -4.81328682E-08  2.
   127  7.40000010E-01  5.05665894E+00  0.00000000E+00  5.64692056E-04 -4.81586565E-08  2.
   128  7.59999990E-01  5.05652080E+00  0.00000000E+00  5.51399034E-04 -4.81573409E-08  2.
   129  7.79999971E-01  5.05146625E+00  0.00000000E+00  5.35833602E-04 -4.81092024E-08  2.
   130  8.00000012E-01  5.05796685E+00  0.00000000E+00  5.17933622E-04 -4.81711128E-08  2.
   131  8.19999993E-01  5.05300844E+00  0.00000000E+00  4.97636682E-04 -4.81238899E-08  2.
   132  8.39999974E-01  5.05211034E+00  0.00000000E+00  4.74873435E-04 -4.81153365E-08  2.
   133  8.60000014E-01  5.05597390E+00  0.00000000E+00  4.49577787E-04 -4.81521324E-08  2.
   134  8.79999995E-01  5.05310856E+00  0.00000000E+00  4.21690084E-04 -4.81248434E-08  2.
   135  8.99999976E-01  5.05039490E+00  0.00000000E+00  3.91115466E-04 -4.80989990E-08  2.
   136  9.20000017E-01  5.05422587E+00  0.00000000E+00  3.57882515E-04 -4.81354845E-08  2.
   137  9.39999998E-01  5.05417977E+00  0.00000000E+00  3.21845227E-04 -4.81350454E-08  2.
   138  9.59999979E-01  5.04965443E+00  0.00000000E+00  2.83011838E-04 -4.80919469E-08  2.
   139  9.80000019E-01  5.05782751E+00  0.00000000E+00  2.41311248E-04 -4.81697858E-08  2.
   140  1.00000000E+00  5.02685440E+00  0.00000000E+00  1.96640622E-04 -4.78748038E-08  2.
   141  1.01999998E+00  5.14410215E+00  0.00000000E+00  1.49000279E-04 -4.89914490E-08  2.
   142  1.03999996E+00  4.72525014E+00  0.00000000E+00  9.82796681E-05 -4.50023823E-08  2.
   143  1.05999994E+00  5.98626164E+00  0.00000000E+00  4.44429165E-05 -5.70120156E-08  2.
   144  1.08000004E+00  0.00000000E+00  0.00000000E+00  0.00000000E+00  1.89649605E-04  0.
   145  1.10000002E+00  0.00000000E+00  0.00000000E+00  0.00000000E+00  1.15210602E-03  0.
   146  1.12000000E+00  0.00000000E+00  0.00000000E+00  0.00000000E+00  2.27736821E-03  0.
   147  1.13999999E+00  0.00000000E+00  0.00000000E+00  0.00000000E+00  3.40522140E-03  0.
   148  1.15999997E+00  0.00000000E+00  0.00000000E+00  0.00000000E+00  4.55314396E-03  0.
   149  1.17999995E+00  0.00000000E+00  0.00000000E+00  0.00000000E+00  5.72112152E-03  0.
   150  1.20000005E+00  0.00000000E+00  0.00000000E+00  0.00000000E+00  6.90912863E-03  0.
   151  1.22000003E+00  0.00000000E+00  0.00000000E+00  0.00000000E+00  8.11713119E-03  0.
   152  1.24000001E+00  0.00000000E+00  0.00000000E+00  0.00000000E+00  9.34512184E-03  0.
   153  1.25999999E+00  0.00000000E+00  0.00000000E+00  0.00000000E+00  1.05930864E-02  0.
   154  1.27999997E+00  0.00000000E+00  0.00000000E+00  0.00000000E+00  1.18610156E-02  0.
   155  1.29999995E+00  0.00000000E+00  0.00000000E+00  0.00000000E+00  1.31488988E-02  0.
   156  1.32000005E+00  0.00000000E+00  0.00000000E+00  0.00000000E+00  1.44567369E-02  0.
   157  1.34000003E+00  0.00000000E+00  0.00000000E+00  0.00000000E+00  1.57845066E-02  0.
   158  1.36000001E+00  0.00000000E+00  0.00000000E+00  0.00000000E+00  1.71322081E-02  0.
   159  1.38000000E+00  0.00000000E+00  0.00000000E+00  0.00000000E+00  1.84998365E-02  0.
   160  1.39999998E+00  0.00000000E+00  0.00000000E+00  0.00000000E+00  1.98873840E-02  0.
   161  1.41999996E+00  0.00000000E+00  0.00000000E+00  0.00000000E+00  2.12948398E-02  0.
   162  1.44000006E+00  0.00000000E+00  0.00000000E+00  0.00000000E+00  2.27222179E-02  0.
   163  1.46000004E+00  0.00000000E+00  0.00000000E+00  0.00000000E+00  2.41694860E-02  0.
   164  1.48000002E+00  0.00000000E+00  0.00000000E+00  0.00000000E+00  2.56366491E-02  0.
   165  1.50000000E+00  0.00000000E+00  0.00000000E+00  0.00000000E+00  2.71236997E-02  0.
   166  1.51999998E+00  0.00000000E+00  0.00000000E+00  0.00000000E+00  2.86306330E-02  0.
   167  1.53999996E+00  0.00000000E+00  0.00000000E+00  0.00000000E+00  3.01574423E-02  0.
   168  1.55999994E+00  0.00000000E+00  0.00000000E+00  0.00000000E+00  3.17041253E-02  0.
   169  1.58000004E+00  0.00000000E+00  0.00000000E+00  0.00000000E+00  3.32706801E-02  0.
   170  1.60000002E+00  0.00000000E+00  0.00000000E+00  0.00000000E+00  3.48570872E-02  0.
   171  1.62000000E+00  0.00000000E+00  0.00000000E+00  0.00000000E+00  3.64633480E-02  0.
   172  1.63999999E+00  0.00000000E+00  0.00000000E+00  0.00000000E+00  3.80894607E-02  0.
   173  1.65999997E+00  0.00000000E+00  0.00000000E+00  0.00000000E+00  3.97354155E-02  0.
   174  1.67999995E+00  0.00000000E+00  0.00000000E+00  0.00000000E+00  4.14012071E-02  0.
   175  1.70000005E+00  0.00000000E+00  0.00000000E+00  0.00000000E+00  4.30868392E-02  0.
   176  1.72000003E+00  0.00000000E+00  0.00000000E+00  0.00000000E+00  4.47922892E-02  0.
   177  1.74000001E+00  0.00000000E+00  0.00000000E+00  0.00000000E+00  4.65175632E-02  0.
   178  1.75999999E+00  0.00000000E+00  0.00000000E+00  0.00000000E+00  4.82626493E-02  0.
   179  1.77999997E+00  0.00000000E+00  0.00000000E+00  0.00000000E+00  5.00275421E-02  0.
STEP  27 TIME  2.50020000E+04
     1 -1.77999997E+00  0.00000000E+00  0.00000000E+00  0.00000000E+00  4.92273400E-02  0.
     2 -1.75999999E+00  0.00000000E+00  0.00000000E+00  0.00000000E+00  4.74623816E-02  0.
     3 -1.74000001E+00  0.00000000E+00  0.00000000E+00  0.00000000E+00  4.57172310E-02  0.
     4 -1.72000003E+00  0.00000000E+00  0.00000000E+00  0.00000000E+00  4.39918938E-02  0.
     5 -1.70000005E+00  0.00000000E+00  0.00000000E+00  0.00000000E+00  4.22863814E-02  0.
     6 -1.67999995E+00  0.00000000E+00  0.00000000E+00  0.00000000E+00  4.06006882E-02  0.
     7 -1.65999997E+00  0.00000000E+00  0.00000000E+00  0.00000000E+00  3.89348366E-02  0.
     8 -1.63999999E+00  0.00000000E+00  0.00000000E+00  0.00000000E+00  3.72888232E-02  0.
     9 -1.62000000E+00  0.00000000E+00  0.00000000E+00  0.00000000E+00  3.56626531E-02  0.
    10 -1.60000002E+00  0.00000000E+00  0.00000000E+00  0.00000000E+00  3.40563361E-02  0.
    11 -1.58000004E+00  0.00000000E+00  0.00000000E+00  0.00000000E+00  3.24698741E-02  0.
    12 -1.55999994E+00  0.00000000E+00  0.00000000E+00  0.00000000E+00  3.09032659E-02  0.
    13 -1.53999996E+00  0.00000000E+00  0.00000000E+00  0.00000000E+00  2.93565311E-02  0.
    14 -1.51999998E+00  0.00000000E+00  0.00000000E+00  0.00000000E+00  2.78296713E-02  0.
    15 -1.50000000E+00  0.00000000E+00  0.00000000E+00  0.00000000E+00  2.63226892E-02  0.
    16 -1.48000002E+00  0.00000000E+00  0.00000000E+00  0.00000000E+00  2.48355915E-02  0.
    17 -1.46000004E+00  0.00000000E+00  0.00000000E+00  0.00000000E+00  2.33683831E-02  0.
    18 -1.44000006E+00  0.00000000E+00  0.00000000E+00  0.00000000E+00  2.19210716E-02  0.
    19 -1.41999996E+00  0.00000000E+00  0.00000000E+00  0.00000000E+00  2.04936523E-02  0.
    20 -1.39999998E+00  0.00000000E+00  0.00000000E+00  0.00000000E+00  1.90861603E-02  0.
    21 -1.38000000E+00  0.00000000E+00  0.00000000E+00  0.00000000E+00  1.76985764E-02  0.
    22 -1.36000001E+00  0.00000000E+00  0.00000000E+00  0.00000000E+00  1.63309153E-02  0.
    23 -1.34000003E+00  0.00000000E+00  0.00000000E+00  0.00000000E+00  1.49831820E-02  0.
    24 -1.32000005E+00  0.00000000E+00  0.00000000E+00  0.00000000E+00  1.36553874E-02  0.
    25 -1.29999995E+00  0.00000000E+00  0.00000000E+00  0.00000000E+00  1.23475258E-02  0.
    26 -1.27999997E+00  0.00000000E+00  0.00000000E+00  0.00000000E+00  1.10596239E-02  0.
    27 -1.25999999E+00  0.00000000E+00  0.00000000E+00  0.00000000E+00  9.79168163E-03  0.
    28 -1.24000001E+00  0.00000000E+00  0.00000000E+00  0.00000000E+00  8.54371089E-03  0.
    29 -1.22000003E+00  0.00000000E+00  0.00000000E+00  0.00000000E+00  7.31572230E-03  0.
    30 -1.20000005E+00  0.00000000E+00  0.00000000E+00  0.00000000E+00  6.10773405E-03  0.
    31 -1.17999995E+00  0.00000000E+00  0.00000000E+00  0.00000000E+00  4.91975330E-03  0.
    32 -1.15999997E+00  0.00000000E+00  0.00000000E+00  0.00000000E+00  3.75183419E-03  0.
    33 -1.13999999E+00  0.00000000E+00  0.00000000E+00  0.00000000E+00  2.60397621E-03  0.
    34 -1.12000000E+00  0.00000000E+00  0.00000000E+00  0.00000000E+00  1.46473423E-03  0.
    35 -1.10000002E+00  0.00000000E+00  0.00000000E+00  0.00000000E+00  4.29823130E-04  0.
    36 -1.08000004E+00  5.77110310E+00  0.00000000E+00  3.07593262E-05 -5.49628867E-08  2.
    37 -1.05999994E+00  4.73868336E+00  0.00000000E+00  8.69696393E-05 -4.51303177E-08  2.
    38 -1.03999996E+00  5.04878994E+00  0.00000000E+00  1.40004269E-04 -4.80837137E-08  2.
    39 -1.01999998E+00  4.97630244E+00  0.00000000E+00  1.89937441E-04 -4.73933565E-08  2.
    40 -1.00000000E+00  4.99373516E+00  0.00000000E+00  2.36783511E-04 -4.75593825E-08  2.
    41 -9.80000019E-01  4.99248035E+00  0.00000000E+00  2.80659334E-04 -4.75474319E-08  2.
    42 -9.59999979E-01  4.99353900E+00  0.00000000E+00  3.21566120E-04 -4.75575143E-08  2.
    43 -9.39999998E-01  4.99345387E+00  0.00000000E+00  3.59606268E-04 -4.75567035E-08  2.
    44 -9.20000017E-01  4.99032945E+00  0.00000000E+00  3.94837107E-04 -4.75269472E-08  2.
    45 -8.99999976E-01  4.99416917E+00  0.00000000E+00  4.27258192E-04 -4.75635159E-08  2.
    46 -8.79999995E-01  4.99586921E+00  0.00000000E+00  4.57027159E-04 -4.75797067E-08  2.
    47 -8.60000014E-01  4.99176477E+00  0.00000000E+00  4.84108660E-04 -4.75406168E-08  2.
    48 -8.39999974E-01  4.99398021E+00  0.00000000E+00  5.08595002E-04 -4.75617162E-08  2.
    49 -8.19999993E-01  4.99816110E+00  0.00000000E+00  5.30551893E-04 -4.76015343E-08  2.
    50 -8.00000012E-01  4.99252586E+00  0.00000000E+00  5.50048218E-04 -4.75478653E-08  2.
    51 -7.79999971E-01  4.99661257E+00  0.00000000E+00  5.67147482E-04 -4.75867864E-08  2.
    52 -7.59999990E-01  4.99855883E+00  0.00000000E+00  5.81910617E-04 -4.76053222E-08  2.
    53 -7.40000010E-01  4.99350981E+00  0.00000000E+00  5.94400716E-04 -4.75572363E-08  2.
    54 -7.20000029E-01  5.00315766E+00  0.00000000E+00  6.04638946E-04 -4.76491206E-08  2.
    55 -6.99999988E-01  4.99555941E+00  0.00000000E+00  6.12730668E-04 -4.75767563E-08  2.
    56 -6.80000007E-01  5.00416563E+00  0.00000000E+00  6.18701189E-04 -4.76587203E-08  2.
    57 -6.60000026E-01  5.00063369E+00  0.00000000E+00  6.22665784E-04 -4.76250828E-08  2.
    58 -6.39999986E-01  5.01074217E+00  0.00000000E+00  6.24636399E-04 -4.77213540E-08  2.
    59 -6.28189985E-01  5.01554543E+00  0.00000000E+00  6.24805251E-04 -4.77670993E-08  2.
    60 -6.00000024E-01  5.00261171E+00  0.00000000E+00  6.22888673E-04 -4.76439211E-08  2.
    61 -5.79999983E-01  5.00065053E+00  0.00000000E+00  6.19278469E-04 -4.76252432E-08  2.
    62 -5.60000002E-01  5.00290610E+00  0.00000000E+00  6.13930714E-04 -4.76467247E-08  2.
    63 -5.40000021E-01  4.99559625E+00  0.00000000E+00  6.06888897E-04 -4.75771072E-08  2.
    64 -5.19999981E-01  5.00137607E+00  0.00000000E+00  5.98225039E-04 -4.76321531E-08  2.
    65 -5.00000000E-01  4.99524313E+00  0.00000000E+00  5.87960183E-04 -4.75737441E-08  2.
    66 -4.79999989E-01  4.99762399E+00  0.00000000E+00  5.76243284E-04 -4.75964190E-08  2.
    67 -4.60000008E-01  4.99806437E+00  0.00000000E+00  5.63051448E-04 -4.76006131E-08  2.
    68 -4.39999998E-01  4.99328516E+00  0.00000000E+00  5.48490992E-04 -4.75550967E-08  2.
    69 -4.19999987E-01  4.99705461E+00  0.00000000E+00  5.32625856E-04 -4.75909963E-08  2.
    70 -4.00000006E-01  4.99618680E+00  0.00000000E+00  5.15431650E-04 -4.75827314E-08  2.
    71 -3.79999995E-01  4.99269427E+00  0.00000000E+00  4.97102660E-04 -4.75494692E-08  2.
    72 -3.60000014E-01  4.99556502E+00  0.00000000E+00  4.77571257E-04 -4.75768097E-08  2.
    73 -3.40000004E-01  4.99513843E+00  0.00000000E+00  4.56989481E-04 -4.75727470E-08  2.
    74 -3.19999993E-01  4.99374451E+00  0.00000000E+00  4.35377988E-04 -4.75594715E-08  2.
    75 -3.00000012E-01  4.99272627E+00  0.00000000E+00  4.12799833E-04 -4.75497740E-08  2.
    76 -2.80000001E-01  4.99432976E+00  0.00000000E+00  3.89359860E-04 -4.75650454E-08  2.
    77 -2.59999990E-01  4.99397514E+00  0.00000000E+00  3.65029440E-04 -4.75616680E-08  2.
    78 -2.39999995E-01  4.99356227E+00  0.00000000E+00  3.39918414E-04 -4.75577359E-08  2.
    79 -2.19999999E-01  4.99236490E+00  0.00000000E+00  3.14053950E-04 -4.75463323E-08  2.
    80 -2.00000003E-01  4.99235976E+00  0.00000000E+00  2.87580505E-04 -4.75462834E-08  2.
    81 -1.80000007E-01  4.99294535E+00  0.00000000E+00  2.60478802E-04 -4.75518605E-08  2.
    82 -1.59999996E-01  4.99290230E+00  0.00000000E+00  2.32854798E-04 -4.75514504E-08  2.
    83 -1.40000001E-01  4.99280154E+00  0.00000000E+00  2.04732609E-04 -4.75504908E-08  2.
    84 -1.19999997E-01  4.99258944E+00  0.00000000E+00  1.76179364E-04 -4.75484709E-08  2.
    85 -1.00000001E-01  4.99237023E+00  0.00000000E+00  1.47294624E-04 -4.75463831E-08  2.
    86 -7.99999982E-02  4.99216904E+00  0.00000000E+00  1.18137483E-04 -4.75444670E-08  2.
    87 -5.99999987E-02  4.99200988E+00  0.00000000E+00  8.87049285E-05 -4.75429513E-08  2.
    88 -3.99999991E-02  4.99189178E+00  0.00000000E+00  5.92925957E-05 -4.75418265E-08  2.
    89 -1.99999996E-02  4.99183022E+00  0.00000000E+00  2.96505186E-05 -4.75412402E-08  2.
    90  0.00000000E+00  4.99175295E+00  0.00000000E+00  6.61119637E-14 -4.75405043E-08  2.
    91  1.99999996E-02  4.99183022E+00  0.00000000E+00  2.96505186E-05 -4.75412402E-08  2.
    92  3.99999991E-02  4.99189178E+00  0.00000000E+00  5.92925957E-05 -4.75418265E-08  2.
    93  5.99999987E-02  4.99200988E+00  0.00000000E+00  8.87049285E-05 -4.75429513E-08  2.
    94  7.99999982E-02  4.99216903E+00  0.00000000E+00  1.18137483E-04 -4.75444670E-08  2.
    95  1.00000001E-01  4.99237023E+00  0.00000000E+00  1.47294624E-04 -4.75463831E-08  2.
    96  1.19999997E-01  4.99258944E+00  0.00000000E+00  1.76179364E-04 -4.75484709E-08  2.
    97  1.40000001E-01  4.99280153E+00  0.00000000E+00  2.04732609E-04 -4.75504908E-08  2.
    98  1.59999996E-01  4.99290230E+00  0.00000000E+00  2.32854798E-04 -4.75514504E-08  2.
    99  1.80000007E-01  4.99294535E+00  0.00000000E+00  2.60478802E-04 -4.75518604E-08  2.
   100  2.00000003E-01  4.99235976E+00  0.00000000E+00  2.87580505E-04 -4.75462834E-08  2.
   101  2.19999999E-01  4.99236490E+00  0.00000000E+00  3.14053950E-04 -4.75463323E-08  2.
   102  2.39999995E-01  4.99356227E+00  0.00000000E+00  3.39918414E-04 -4.75577359E-08  2.
   103  2.59999990E-01  4.99397514E+00  0.00000000E+00  3.65029440E-04 -4.75616680E-08  2.
   104  2.80000001E-01  4.99432976E+00  0.00000000E+00  3.89359860E-04 -4.75650454E-08  2.
   105  3.00000012E-01  4.99272628E+00  0.00000000E+00  4.12799833E-04 -4.75497741E-08  2.
   106  3.19999993E-01  4.99374451E+00  0.00000000E+00  4.35377988E-04 -4.75594715E-08  2.
   107  3.40000004E-01  4.99513843E+00  0.00000000E+00  4.56989481E-04 -4.75727470E-08  2.
   108  3.60000014E-01  4.99556502E+00  0.00000000E+00  4.77571257E-04 -4.75768097E-08  2.
   109  3.79999995E-01  4.99269427E+00  0.00000000E+00  4.97102660E-04 -4.75494692E-08  2.
   110  4.00000006E-01  4.99618679E+00  0.00000000E+00  5.15431650E-04 -4.75827314E-08  2.
   111  4.19999987E-01  4.99705461E+00  0.00000000E+00  5.32625856E-04 -4.75909963E-08  2.
   112  4.39999998E-01  4.99328516E+00  0.00000000E+00  5.48490992E-04 -4.75550967E-08  2.
   113  4.60000008E-01  4.99806437E+00  0.00000000E+00  5.63051448E-04 -4.76006131E-08  2.
   114  4.79999989E-01  4.99762399E+00  0.00000000E+00  5.76243284E-04 -4.75964190E-08  2.
   115  5.00000000E-01  4.99524313E+00  0.00000000E+00  5.87960183E-04 -4.75737441E-08  2.
   116  5.19999981E-01  5.00137607E+00  0.00000000E+00  5.98225039E-04 -4.76321531E-08  2.
   117  5.40000021E-01  4.99559625E+00  0.00000000E+00  6.06888897E-04 -4.75771072E-08  2.
   118  5.60000002E-01  5.00290610E+00  0.00000000E+00  6.13930714E-04 -4.76467247E-08  2.
   119  5.79999983E-01  5.00065053E+00  0.00000000E+00  6.19278469E-04 -4.76252431E-08  2.
   120  6.00000024E-01  5.00261171E+00  0.00000000E+00  6.22888673E-04 -4.76439210E-08  2.
   121  6.20000005E-01  5.01554543E+00  0.00000000E+00  6.24805251E-04 -4.77670993E-08  2.
   122  6.39999986E-01  5.01074217E+00  0.00000000E+00  6.24636399E-04 -4.77213540E-08  2.
   123  6.60000026E-01  5.00063369E+00  0.00000000E+00  6.22665784E-04 -4.76250828E-08  2.
   124  6.80000007E-01  5.00416563E+00  0.00000000E+00  6.18701189E-04 -4.76587203E-08  2.
   125  6.99999988E-01  4.99555941E+00  0.00000000E+00  6.12730668E-04 -4.75767563E-08  2.
   126  7.20000029E-01  5.00315766E+00  0.00000000E+00  6.04638946E-04 -4.76491206E-08  2.
   127  7.40000010E-01  4.99350981E+00  0.00000000E+00  5.94400716E-04 -4.75572363E-08  2.
   128  7.59999990E-01  4.99855883E+00  0.00000000E+00  5.81910617E-04 -4.76053222E-08  2.
   129  7.79999971E-01  4.99661257E+00  0.00000000E+00  5.67147482E-04 -4.75867864E-08  2.
   130  8.00000012E-01  4.99252586E+00  0.00000000E+00  5.50048218E-04 -4.75478653E-08  2.
   131  8.19999993E-01  4.99816110E+00  0.00000000E+00  5.30551893E-04 -4.76015343E-08  2.
   132  8.39999974E-01  4.99398021E+00  0.00000000E+00  5.08595002E-04 -4.75617162E-08  2.
   133  8.60000014E-01  4.99176477E+00  0.00000000E+00  4.84108660E-04 -4.75406168E-08  2.
   134  8.79999995E-01  4.99586921E+00  0.00000000E+00  4.57027159E-04 -4.75797067E-08  2.
   135  8.99999976E-01  4.99416918E+00  0.00000000E+00  4.27258192E-04 -4.75635160E-08  2.
   136  9.20000017E-01  4.99032945E+00  0.00000000E+00  3.94837107E-04 -4.75269472E-08  2.
   137  9.39999998E-01  4.99345387E+00  0.00000000E+00  3.59606268E-04 -4.75567035E-08  2.
   138  9.59999979E-01  4.99353900E+00  0.00000000E+00  3.21566120E-04 -4.75575143E-08  2.
   139  9.80000019E-01  4.99248035E+00  0.00000000E+00  2.80659334E-04 -4.75474319E-08  2.
   140  1.00000000E+00  4.99373516E+00  0.00000000E+00  2.36783511E-04 -4.75593825E-08  2.
   141  1.01999998E+00  4.97630244E+00  0.00000000E+00  1.89937441E-04 -4.73933566E-08  2.
   142  1.03999996E+00  5.04878994E+00  0.00000000E+00  1.40004269E-04 -4.80837138E-08  2.
   143  1.05999994E+00  4.73868336E+00  0.00000000E+00  8.69696393E-05 -4.51303177E-08  2.
   144  1.08000004E+00  5.77110311E+00  0.00000000E+00  3.07593262E-05 -5.49628867E-08  2.
   145  1.10000002E+00  0.00000000E+00  0.00000000E+00  0.00000000E+00  4.29823130E-04  0.
   146  1.12000000E+00  0.00000000E+00  0.00000000E+00  0.00000000E+00  1.46473423E-03  0.
   147  1.13999999E+00  0.00000000E+00  0.00000000E+00  0.00000000E+00  2.60397621E-03  0.
   148  1.15999997E+00  0.00000000E+00  0.00000000E+00  0.00000000E+00  3.75183419E-03  0.
   149  1.17999995E+00  0.00000000E+00  0.00000000E+00  0.00000000E+00  4.91975330E-03  0.
   150  1.20000005E+00  0.00000000E+00  0.00000000E+00  0.00000000E+00  6.10773405E-03  0.
   151  1.22000003E+00  0.00000000E+00  0.00000000E+00  0.00000000E+00  7.31572230E-03  0.
   152  1.24000001E+00  0.00000000E+00  0.00000000E+00  0.00000000E+00  8.54371089E-03  0.
   153  1.25999999E+00  0.00000000E+00  0.00000000E+00  0.00000000E+00  9.79168163E-03  0.
   154  1.27999997E+00  0.00000000E+00  0.00000000E+00  0.00000000E+00  1.10596239E-02  0.
   155  1.29999995E+00  0.00000000E+00  0.00000000E+00  0.00000000E+00  1.23475258E-02  0.
   156  1.32000005E+00  0.00000000E+00  0.00000000E+00  0.00000000E+00  1.36553874E-02  0.
   157  1.34000003E+00  0.00000000E+00  0.00000000E+00  0.00000000E+00  1.49831820E-02  0.
   158  1.36000001E+00  0.00000000E+00  0.00000000E+00  0.00000000E+00  1.63309153E-02  0.
   159  1.38000000E+00  0.00000000E+00  0.00000000E+00  0.00000000E+00  1.76985764E-02  0.
   160  1.39999998E+00  0.00000000E+00  0.00000000E+00  0.00000000E+00  1.90861603E-02  0.
   161  1.41999996E+00  0.00000000E+00  0.00000000E+00  0.00000000E+00  2.04936523E-02  0.
   162  1.44000006E+00  0.00000000E+00  0.00000000E+00  0.00000000E+00  2.19210716E-02  0.
   163  1.46000004E+00  0.00000000E+00  0.00000000E+00  0.00000000E+00  2.33683831E-02  0.
   164  1.48000002E+00  0.00000000E+00  0.00000000E+00  0.00000000E+00  2.48355915E-02  0.
   165  1.50000000E+00  0.00000000E+00  0.00000000E+00  0.00000000E+00  2.63226892E-02  0.
   166  1.51999998E+00  0.00000000E+00  0.00000000E+00  0.00000000E+00  2.78296713E-02  0.
   167  1.53999996E+00  0.00000000E+00  0.00000000E+00  0.00000000E+00  2.93565311E-02  0.
   168  1.55999994E+00  0.00000000E+00  0.00000000E+00  0.00000000E+00  3.09032659E-02  0.
   169  1.58000004E+00  0.00000000E+00  0.00000000E+00  0.00000000E+00  3.24698741E-02  0.
   170  1.60000002E+00  0.00000000E+00  0.00000000E+00  0.00000000E+00  3.40563361E-02  0.
   171  1.62000000E+00  0.00000000E+00  0.00000000E+00  0.00000000E+00  3.56626531E-02  0.
   172  1.63999999E+00  0.00000000E+00  0.00000000E+00  0.00000000E+00  3.72888232E-02  0.
   173  1.65999997E+00  0.00000000E+00  0.00000000E+00  0.00000000E+00  3.89348366E-02  0.
   174  1.67999995E+00  0.00000000E+00  0.00000000E+00  0.00000000E+00  4.06006882E-02  0.
   175  1.70000005E+00  0.00000000E+00  0.00000000E+00  0.00000000E+00  4.22863814E-02  0.
   176  1.72000003E+00  0.00000000E+00  0.00000000E+00  0.00000000E+00  4.39918938E-02  0.
   177  1.74000001E+00  0.00000000E+00  0.00000000E+00  0.00000000E+00  4.57172310E-02  0.
   178  1.75999999E+00  0.00000000E+00  0.00000000E+00  0.00000000E+00  4.74623816E-02  0.
   179  1.77999997E+00  0.00000000E+00  0.00000000E+00  0.00000000E+00  4.92273399E-02  0.
STEP  28 TIME  2.60020000E+04
     1 -1.77999997E+00  0.00000000E+00  0.00000000E+00  0.00000000E+00  4.84355707E-02  0.
     2 -1.75999999E+00  0.00000000E+00  0.00000000E+00  0.00000000E+00  4.66705478E-02  0.
     3 -1.74000001E+00  0.00000000E+00  0.00000000E+00  0.00000000E+00  4.49253336E-02  0.
     4 -1.72000003E+00  0.00000000E+00  0.00000000E+00  0.00000000E+00  4.31999339E-02  0.
     5 -1.70000005E+00  0.00000000E+00  0.00000000E+00  0.00000000E+00  4.14943603E-02  0.
     6 -1.67999995E+00  0.00000000E+00  0.00000000E+00  0.00000000E+00  3.98086068E-02  0.
     7 -1.65999997E+00  0.00000000E+00  0.00000000E+00  0.00000000E+00  3.81426963E-02  0.
     8 -1.63999999E+00  0.00000000E+00  0.00000000E+00  0.00000000E+00  3.64966251E-02  0.
     9 -1.62000000E+00  0.00000000E+00  0.00000000E+00  0.00000000E+00  3.48703986E-02  0.
    10 -1.60000002E+00  0.00000000E+00  0.00000000E+00  0.00000000E+00  3.32640265E-02  0.
    11 -1.58000004E+00  0.00000000E+00  0.00000000E+00  0.00000000E+00  3.16775108E-02  0.
    12 -1.55999994E+00  0.00000000E+00  0.00000000E+00  0.00000000E+00  3.01108501E-02  0.
    13 -1.53999996E+00  0.00000000E+00  0.00000000E+00  0.00000000E+00  2.85640645E-02  0.
    14 -1.51999998E+00  0.00000000E+00  0.00000000E+00  0.00000000E+00  2.70371555E-02  0.
    15 -1.50000000E+00  0.00000000E+00  0.00000000E+00  0.00000000E+00  2.55301258E-02  0.
    16 -1.48000002E+00  0.00000000E+00  0.00000000E+00  0.00000000E+00  2.40429823E-02  0.
    17 -1.46000004E+00  0.00000000E+00  0.00000000E+00  0.00000000E+00  2.25757300E-02  0.
    18 -1.44000006E+00  0.00000000E+00  0.00000000E+00  0.00000000E+00  2.11283767E-02  0.
    19 -1.41999996E+00  0.00000000E+00  0.00000000E+00  0.00000000E+00  1.97009210E-02  0.
    20 -1.39999998E+00  0.00000000E+00  0.00000000E+00  0.00000000E+00  1.82933910E-02  0.
    21 -1.38000000E+00  0.00000000E+00  0.00000000E+00  0.00000000E+00  1.69057739E-02  0.
    22 -1.36000001E+00  0.00000000E+00  0.00000000E+00  0.00000000E+00  1.55380811E-02  0.
    23 -1.34000003E+00  0.00000000E+00  0.00000000E+00  0.00000000E+00  1.41903211E-02  0.
    24 -1.32000005E+00  0.00000000E+00  0.00000000E+00  0.00000000E+00  1.28625029E-02  0.
    25 -1.29999995E+00  0.00000000E+00  0.00000000E+00  0.00000000E+00  1.15546215E-02  0.
    26 -1.27999997E+00  0.00000000E+00  0.00000000E+00  0.00000000E+00  1.02667053E-02  0.
    27 -1.25999999E+00  0.00000000E+00  0.00000000E+00  0.00000000E+00  8.99875557E-03  0.
    28 -1.24000001E+00  0.00000000E+00  0.00000000E+00  0.00000000E+00  7.75078542E-03  0.
    29 -1.22000003E+00  0.00000000E+00  0.00000000E+00  0.00000000E+00  6.52280936E-03  0.
    30 -1.20000005E+00  0.00000000E+00  0.00000000E+00  0.00000000E+00  5.31484554E-03  0.
    31 -1.17999995E+00  0.00000000E+00  0.00000000E+00  0.00000000E+00  4.12691950E-03  0.
    32 -1.15999997E+00  0.00000000E+00  0.00000000E+00  0.00000000E+00  2.95906389E-03  0.
    33 -1.13999999E+00  0.00000000E+00  0.00000000E+00  0.00000000E+00  1.80601061E-03  0.
    34 -1.12000000E+00  0.00000000E+00  0.00000000E+00  0.00000000E+00  6.98604131E-04  0.
    35 -1.10000002E+00  5.54837463E+00  0.00000000E+00  1.49322276E-05 -5.28416632E-08  2.
    36 -1.08000004E+00  4.75200662E+00  0.00000000E+00  7.36089349E-05 -4.52572059E-08  2.
    37 -1.05999994E+00  4.95624458E+00  0.00000000E+00  1.29049574E-04 -4.72023294E-08  2.
    38 -1.03999996E+00  4.91625337E+00  0.00000000E+00  1.81301116E-04 -4.68214607E-08  2.
    39 -1.01999998E+00  4.92768515E+00  0.00000000E+00  2.30450405E-04 -4.69303348E-08  2.
    40 -1.00000000E+00  4.92568245E+00  0.00000000E+00  2.76510155E-04 -4.69112614E-08  2.
    41 -9.80000019E-01  4.92719522E+00  0.00000000E+00  3.19599459E-04 -4.69256688E-08  2.
    42 -9.59999979E-01  4.92394132E+00  0.00000000E+00  3.59723637E-04 -4.68946792E-08  2.
    43 -9.39999998E-01  4.92479328E+00  0.00000000E+00  3.96968963E-04 -4.69027931E-08  2.
    44 -9.20000017E-01  4.92771307E+00  0.00000000E+00  4.31394788E-04 -4.69306007E-08  2.
    45 -8.99999976E-01  4.92838802E+00  0.00000000E+00  4.63018667E-04 -4.69370287E-08  2.
    46 -8.79999995E-01  4.92450374E+00  0.00000000E+00  4.91990039E-04 -4.69000356E-08  2.
    47 -8.60000014E-01  4.92784746E+00  0.00000000E+00  5.18271073E-04 -4.69318806E-08  2.
    48 -8.39999974E-01  4.93092521E+00  0.00000000E+00  5.41959128E-04 -4.69611925E-08  2.
    49 -8.19999993E-01  4.92554667E+00  0.00000000E+00  5.63123573E-04 -4.69099683E-08  2.
    50 -8.00000012E-01  4.92964509E+00  0.00000000E+00  5.81827743E-04 -4.69490009E-08  2.
    51 -7.79999971E-01  4.93199118E+00  0.00000000E+00  5.98133207E-04 -4.69713446E-08  2.
    52 -7.59999990E-01  4.92668459E+00  0.00000000E+00  6.12102004E-04 -4.69208057E-08  2.
    53 -7.40000010E-01  4.93541722E+00  0.00000000E+00  6.23797438E-04 -4.70039735E-08  2.
    54 -7.20000029E-01  4.93004048E+00  0.00000000E+00  6.33240423E-04 -4.69527665E-08  2.
    55 -6.99999988E-01  4.93575116E+00  0.00000000E+00  6.40545827E-04 -4.70071539E-08  2.
    56 -6.80000007E-01  4.93406270E+00  0.00000000E+00  6.45737564E-04 -4.69910733E-08  2.
    57 -6.60000026E-01  4.94659642E+00  0.00000000E+00  6.48946193E-04 -4.71104421E-08  2.
    58 -6.53063603E-01  4.94858455E+00  0.00000000E+00  6.50158230E-04 -4.71293767E-08  2.
    59 -6.20000005E-01  4.93196827E+00  0.00000000E+00  6.49347046E-04 -4.69711264E-08  2.
    60 -6.00000024E-01  4.93615767E+00  0.00000000E+00  6.46761953E-04 -4.70110255E-08  2.
    61 -5.79999983E-01  4.93159165E+00  0.00000000E+00  6.42365395E-04 -4.69675395E-08  2.
    62 -5.60000002E-01  4.93159328E+00  0.00000000E+00  6.36218814E-04 -4.69675550E-08  2.
    63 -5.40000021E-01  4.93239468E+00  0.00000000E+00  6.28383364E-04 -4.69751874E-08  2.
    64 -5.19999981E-01  4.92786512E+00  0.00000000E+00  6.18925563E-04 -4.69320488E-08  2.
    65 -5.00000000E-01  4.93261980E+00  0.00000000E+00  6.07866385E-04 -4.69773314E-08  2.
    66 -4.79999989E-01  4.92672430E+00  0.00000000E+00  5.95354868E-04 -4.69211838E-08  2.
    67 -4.60000008E-01  4.92982381E+00  0.00000000E+00  5.81368231E-04 -4.69507029E-08  2.
    68 -4.39999998E-01  4.92997196E+00  0.00000000E+00  5.66012943E-04 -4.69521139E-08  2.
    69 -4.19999987E-01  4.92564852E+00  0.00000000E+00  5.49353087E-04 -4.69109383E-08  2.
    70 -4.00000006E-01  4.92908664E+00  0.00000000E+00  5.31364315E-04 -4.69436823E-08  2.
    71 -3.79999995E-01  4.92862216E+00  0.00000000E+00  5.12241307E-04 -4.69392587E-08  2.
    72 -3.60000014E-01  4.92569002E+00  0.00000000E+00  4.91919149E-04 -4.69113335E-08  2.
    73 -3.40000004E-01  4.92729770E+00  0.00000000E+00  4.70546439E-04 -4.69266447E-08  2.
    74 -3.19999993E-01  4.92769173E+00  0.00000000E+00  4.48137350E-04 -4.69303975E-08  2.
    75 -3.00000012E-01  4.92721116E+00  0.00000000E+00  4.24756724E-04 -4.69258206E-08  2.
    76 -2.80000001E-01  4.92513165E+00  0.00000000E+00  4.00515524E-04 -4.69060157E-08  2.
    77 -2.59999990E-01  4.92632582E+00  0.00000000E+00  3.75386747E-04 -4.69173888E-08  2.
    78 -2.39999995E-01  4.92662444E+00  0.00000000E+00  3.49477967E-04 -4.69202327E-08  2.
    79 -2.19999999E-01  4.92648366E+00  0.00000000E+00  3.22816219E-04 -4.69188920E-08  2.
    80 -2.00000003E-01  4.92602712E+00  0.00000000E+00  2.95545760E-04 -4.69145440E-08  2.
    81 -1.80000007E-01  4.92550729E+00  0.00000000E+00  2.67647215E-04 -4.69095932E-08  2.
    82 -1.59999996E-01  4.92478161E+00  0.00000000E+00  2.39226490E-04 -4.69026820E-08  2.
    83 -1.40000001E-01  4.92537745E+00  0.00000000E+00  2.10307677E-04 -4.69083566E-08  2.
    84 -1.19999997E-01  4.92536774E+00  0.00000000E+00  1.80957888E-04 -4.69082642E-08  2.
    85 -1.00000001E-01  4.92536202E+00  0.00000000E+00  1.51276655E-04 -4.69082098E-08  2.
    86 -7.99999982E-02  4.92525608E+00  0.00000000E+00  1.21323063E-04 -4.69072008E-08  2.
    87 -5.99999987E-02  4.92513380E+00  0.00000000E+00  9.10940896E-05 -4.69060362E-08  2.
    88 -3.99999991E-02  4.92499234E+00  0.00000000E+00  6.08853588E-05 -4.69046890E-08  2.
    89 -1.99999996E-02  4.92489809E+00  0.00000000E+00  3.04468974E-05 -4.69037913E-08  2.
    90  0.00000000E+00  4.92471777E+00  0.00000000E+00  7.06952886E-14 -4.69020740E-08  2.
    91  1.99999996E-02  4.92489809E+00  0.00000000E+00  3.04468974E-05 -4.69037913E-08  2.
    92  3.99999991E-02  4.92499234E+00  0.00000000E+00  6.08853588E-05 -4.69046890E-08  2.
    93  5.99999987E-02  4.92513380E+00  0.00000000E+00  9.10940896E-05 -4.69060362E-08  2.
    94  7.99999982E-02  4.92525608E+00  0.00000000E+00  1.21323063E-04 -4.69072008E-08  2.
    95  1.00000001E-01  4.92536202E+00  0.00000000E+00  1.51276655E-04 -4.69082097E-08  2.
    96  1.19999997E-01  4.92536774E+00  0.00000000E+00  1.80957888E-04 -4.69082642E-08  2.
    97  1.40000001E-01  4.92537744E+00  0.00000000E+00  2.10307677E-04 -4.69083566E-08  2.
    98  1.59999996E-01  4.92478161E+00  0.00000000E+00  2.39226490E-04 -4.69026820E-08  2.
    99  1.80000007E-01  4.92550729E+00  0.00000000E+00  2.67647215E-04 -4.69095932E-08  2.
   100  2.00000003E-01  4.92602712E+00  0.00000000E+00  2.95545760E-04 -4.69145440E-08  2.
   101  2.19999999E-01  4.92648366E+00  0.00000000E+00  3.22816219E-04 -4.69188920E-08  2.
   102  2.39999995E-01  4.92662444E+00  0.00000000E+00  3.49477967E-04 -4.69202328E-08  2.
   103  2.59999990E-01  4.92632582E+00  0.00000000E+00  3.75386747E-04 -4.69173888E-08  2.
   104  2.80000001E-01  4.92513165E+00  0.00000000E+00  4.00515524E-04 -4.69060157E-08  2.
   105  3.00000012E-01  4.92721116E+00  0.00000000E+00  4.24756724E-04 -4.69258206E-08  2.
   106  3.19999993E-01  4.92769174E+00  0.00000000E+00  4.48137350E-04 -4.69303975E-08  2.
   107  3.40000004E-01  4.92729770E+00  0.00000000E+00  4.70546439E-04 -4.69266447E-08  2.
   108  3.60000014E-01  4.92569002E+00  0.00000000E+00  4.91919149E-04 -4.69113335E-08  2.
   109  3.79999995E-01  4.92862216E+00  0.00000000E+00  5.12241307E-04 -4.69392587E-08  2.
   110  4.00000006E-01  4.92908664E+00  0.00000000E+00  5.31364315E-04 -4.69436823E-08  2.
   111  4.19999987E-01  4.92564852E+00  0.00000000E+00  5.49353087E-04 -4.69109383E-08  2.
   112  4.39999998E-01  4.92997196E+00  0.00000000E+00  5.66012943E-04 -4.69521139E-08  2.
   113  4.60000008E-01  4.92982380E+00  0.00000000E+00  5.81368231E-04 -4.69507029E-08  2.
   114  4.79999989E-01  4.92672430E+00  0.00000000E+00  5.95354868E-04 -4.69211838E-08  2.
   115  5.00000000E-01  4.93261980E+00  0.00000000E+00  6.07866385E-04 -4.69773314E-08  2.
   116  5.19999981E-01  4.92786512E+00  0.00000000E+00  6.18925563E-04 -4.69320488E-08  2.
   117  5.40000021E-01  4.93239468E+00  0.00000000E+00  6.28383364E-04 -4.69751874E-08  2.
   118  5.60000002E-01  4.93159328E+00  0.00000000E+00  6.36218814E-04 -4.69675550E-08  2.
   119  5.79999983E-01  4.93159165E+00  0.00000000E+00  6.42365395E-04 -4.69675396E-08  2.
   120  6.00000024E-01  4.93615767E+00  0.00000000E+00  6.46761953E-04 -4.70110255E-08  2.
   121  6.20000005E-01  4.93196827E+00  0.00000000E+00  6.49347046E-04 -4.69711264E-08  2.
   122  6.39999986E-01  4.94858455E+00  0.00000000E+00  6.50158230E-04 -4.71293767E-08  2.
   123  6.60000026E-01  4.94659642E+00  0.00000000E+00  6.48946193E-04 -4.71104421E-08  2.
   124  6.80000007E-01  4.93406270E+00  0.00000000E+00  6.45737564E-04 -4.69910733E-08  2.
   125  6.99999988E-01  4.93575116E+00  0.00000000E+00  6.40545827E-04 -4.70071539E-08  2.
   126  7.20000029E-01  4.93004048E+00  0.00000000E+00  6.33240423E-04 -4.69527665E-08  2.
   127  7.40000010E-01  4.93541721E+00  0.00000000E+00  6.23797438E-04 -4.70039735E-08  2.
   128  7.59999990E-01  4.92668460E+00  0.00000000E+00  6.12102004E-04 -4.69208057E-08  2.
   129  7.79999971E-01  4.93199118E+00  0.00000000E+00  5.98133207E-04 -4.69713446E-08  2.
   130  8.00000012E-01  4.92964509E+00  0.00000000E+00  5.81827743E-04 -4.69490009E-08  2.
   131  8.19999993E-01  4.92554667E+00  0.00000000E+00  5.63123573E-04 -4.69099683E-08  2.
   132  8.39999974E-01  4.93092521E+00  0.00000000E+00  5.41959128E-04 -4.69611925E-08  2.
   133  8.60000014E-01  4.92784746E+00  0.00000000E+00  5.18271073E-04 -4.69318806E-08  2.
   134  8.79999995E-01  4.92450374E+00  0.00000000E+00  4.91990039E-04 -4.69000356E-08  2.
   135  8.99999976E-01  4.92838802E+00  0.00000000E+00  4.63018667E-04 -4.69370287E-08  2.
   136  9.20000017E-01  4.92771307E+00  0.00000000E+00  4.31394788E-04 -4.69306007E-08  2.
   137  9.39999998E-01  4.92479328E+00  0.00000000E+00  3.96968963E-04 -4.69027931E-08  2.
   138  9.59999979E-01  4.92394132E+00  0.00000000E+00  3.59723637E-04 -4.68946792E-08  2.
   139  9.80000019E-01  4.92719522E+00  0.00000000E+00  3.19599459E-04 -4.69256687E-08  2.
   140  1.00000000E+00  4.92568244E+00  0.00000000E+00  2.76510155E-04 -4.69112614E-08  2.
   141  1.01999998E+00  4.92768515E+00  0.00000000E+00  2.30450405E-04 -4.69303348E-08  2.
   142  1.03999996E+00  4.91625337E+00  0.00000000E+00  1.81301116E-04 -4.68214607E-08  2.
   143  1.05999994E+00  4.95624458E+00  0.00000000E+00  1.29049574E-04 -4.72023293E-08  2.
   144  1.08000004E+00  4.75200662E+00  0.00000000E+00  7.36089349E-05 -4.52572059E-08  2.
   145  1.10000002E+00  5.54837464E+00  0.00000000E+00  1.49322276E-05 -5.28416632E-08  2.
   146  1.12000000E+00  0.00000000E+00  0.00000000E+00  0.00000000E+00  6.98604131E-04  0.
   147  1.13999999E+00  0.00000000E+00  0.00000000E+00  0.00000000E+00  1.80601061E-03  0.
   148  1.15999997E+00  0.00000000E+00  0.00000000E+00  0.00000000E+00  2.95906389E-03  0.
   149  1.17999995E+00  0.00000000E+00  0.00000000E+00  0.00000000E+00  4.12691950E-03  0.
   150  1.20000005E+00  0.00000000E+00  0.00000000E+00  0.00000000E+00  5.31484554E-03  0.
   151  1.22000003E+00  0.00000000E+00  0.00000000E+00  0.00000000E+00  6.52280936E-03  0.
   152  1.24000001E+00  0.00000000E+00  0.00000000E+00  0.00000000E+00  7.75078542E-03  0.
   153  1.25999999E+00  0.00000000E+00  0.00000000E+00  0.00000000E+00  8.99875557E-03  0.
   154  1.27999997E+00  0.00000000E+00  0.00000000E+00  0.00000000E+00  1.02667053E-02  0.
   155  1.29999995E+00  0.00000000E+00  0.00000000E+00  0.00000000E+00  1.15546215E-02  0.
   156  1.32000005E+00  0.00000000E+00  0.00000000E+00  0.00000000E+00  1.28625029E-02  0.
   157  1.34000003E+00  0.00000000E+00  0.00000000E+00  0.00000000E+00  1.41903211E-02  0.
   158  1.36000001E+00  0.00000000E+00  0.00000000E+00  0.00000000E+00  1.55380811E-02  0.
   159  1.38000000E+00  0.00000000E+00  0.00000000E+00  0.00000000E+00  1.69057739E-02  0.
   160  1.39999998E+00  0.00000000E+00  0.00000000E+00  0.00000000E+00  1.82933910E-02  0.
   161  1.41999996E+00  0.00000000E+00  0.00000000E+00  0.00000000E+00  1.97009210E-02  0.
   162  1.44000006E+00  0.00000000E+00  0.00000000E+00  0.00000000E+00  2.11283767E-02  0.
   163  1.46000004E+00  0.00000000E+00  0.00000000E+00  0.00000000E+00  2.25757300E-02  0.
   164  1.48000002E+00  0.00000000E+00  0.00000000E+00  0.00000000E+00  2.40429823E-02  0.
   165  1.50000000E+00  0.00000000E+00  0.00000000E+00  0.00000000E+00  2.55301258E-02  0.
   166  1.51999998E+00  0.00000000E+00  0.00000000E+00  0.00000000E+00  2.70371555E-02  0.
   167  1.53999996E+00  0.00000000E+00  0.00000000E+00  0.00000000E+00  2.85640645E-02  0.
   168  1.55999994E+00  0.00000000E+00  0.00000000E+00  0.00000000E+00  3.01108501E-02  0.
   169  1.58000004E+00  0.00000000E+00  0.00000000E+00  0.00000000E+00  3.16775108E-02  0.
   170  1.60000002E+00  0.00000000E+00  0.00000000E+00  0.00000000E+00  3.32640265E-02  0.
   171  1.62000000E+00  0.00000000E+00  0.00000000E+00  0.00000000E+00  3.48703986E-02  0.
   172  1.63999999E+00  0.00000000E+00  0.00000000E+00  0.00000000E+00  3.64966251E-02  0.
   173  1.65999997E+00  0.00000000E+00  0.00000000E+00  0.00000000E+00  3.81426963E-02  0.
   174  1.67999995E+00  0.00000000E+00  0.00000000E+00  0.00000000E+00  3.98086068E-02  0.
   175  1.70000005E+00  0.00000000E+00  0.00000000E+00  0.00000000E+00  4.14943603E-02  0.
   176  1.72000003E+00  0.00000000E+00  0.00000000E+00  0.00000000E+00  4.31999339E-02  0.
   177  1.74000001E+00  0.00000000E+00  0.00000000E+00  0.00000000E+00  4.49253336E-02  0.
   178  1.75999999E+00  0.00000000E+00  0.00000000E+00  0.00000000E+00  4.66705478E-02  0.
   179  1.77999997E+00  0.00000000E+00  0.00000000E+00  0.00000000E+00  4.84355706E-02  0.
STEP  29 TIME  2.70020000E+04
     1 -1.77999997E+00  0.00000000E+00  0.00000000E+00  0.00000000E+00  4.76521474E-02  0.
     2 -1.75999999E+00  0.00000000E+00  0.00000000E+00  0.00000000E+00  4.58870556E-02  0.
     3 -1.74000001E+00  0.00000000E+00  0.00000000E+00  0.00000000E+00  4.41417729E-02  0.
     4 -1.72000003E+00  0.00000000E+00  0.00000000E+00  0.00000000E+00  4.24163056E-02  0.
     5 -1.70000005E+00  0.00000000E+00  0.00000000E+00  0.00000000E+00  4.07106650E-02  0.
     6 -1.67999995E+00  0.00000000E+00  0.00000000E+00  0.00000000E+00  3.90248453E-02  0.
     7 -1.65999997E+00  0.00000000E+00  0.00000000E+00  0.00000000E+00  3.73588696E-02  0.
     8 -1.63999999E+00  0.00000000E+00  0.00000000E+00  0.00000000E+00  3.57127340E-02  0.
     9 -1.62000000E+00  0.00000000E+00  0.00000000E+00  0.00000000E+00  3.40864438E-02  0.
    10 -1.60000002E+00  0.00000000E+00  0.00000000E+00  0.00000000E+00  3.24800088E-02  0.
    11 -1.58000004E+00  0.00000000E+00  0.00000000E+00  0.00000000E+00  3.08934310E-02  0.
    12 -1.55999994E+00  0.00000000E+00  0.00000000E+00  0.00000000E+00  2.93267090E-02  0.
    13 -1.53999996E+00  0.00000000E+00  0.00000000E+00  0.00000000E+00  2.77798631E-02  0.
    14 -1.51999998E+00  0.00000000E+00  0.00000000E+00  0.00000000E+00  2.62528944E-02  0.
    15 -1.50000000E+00  0.00000000E+00  0.00000000E+00  0.00000000E+00  2.47458059E-02  0.
    16 -1.48000002E+00  0.00000000E+00  0.00000000E+00  0.00000000E+00  2.32586044E-02  0.
    17 -1.46000004E+00  0.00000000E+00  0.00000000E+00  0.00000000E+00  2.17912951E-02  0.
    18 -1.44000006E+00  0.00000000E+00  0.00000000E+00  0.00000000E+00  2.03438880E-02  0.
    19 -1.41999996E+00  0.00000000E+00  0.00000000E+00  0.00000000E+00  1.89163766E-02  0.
    20 -1.39999998E+00  0.00000000E+00  0.00000000E+00  0.00000000E+00  1.75087928E-02  0.
    21 -1.38000000E+00  0.00000000E+00  0.00000000E+00  0.00000000E+00  1.61211233E-02  0.
    22 -1.36000001E+00  0.00000000E+00  0.00000000E+00  0.00000000E+00  1.47533765E-02  0.
    23 -1.34000003E+00  0.00000000E+00  0.00000000E+00  0.00000000E+00  1.34055670E-02  0.
    24 -1.32000005E+00  0.00000000E+00  0.00000000E+00  0.00000000E+00  1.20776977E-02  0.
    25 -1.29999995E+00  0.00000000E+00  0.00000000E+00  0.00000000E+00  1.07697661E-02  0.
    26 -1.27999997E+00  0.00000000E+00  0.00000000E+00  0.00000000E+00  9.48180079E-03  0.
    27 -1.25999999E+00  0.00000000E+00  0.00000000E+00  0.00000000E+00  8.21380315E-03  0.
    28 -1.24000001E+00  0.00000000E+00  0.00000000E+00  0.00000000E+00  6.96578626E-03  0.
    29 -1.22000003E+00  0.00000000E+00  0.00000000E+00  0.00000000E+00  5.73776491E-03  0.
    30 -1.20000005E+00  0.00000000E+00  0.00000000E+00  0.00000000E+00  4.52975715E-03  0.
    31 -1.17999995E+00  0.00000000E+00  0.00000000E+00  0.00000000E+00  3.34179117E-03  0.
    32 -1.15999997E+00  0.00000000E+00  0.00000000E+00  0.00000000E+00  2.17389416E-03  0.
    33 -1.13999999E+00  0.00000000E+00  0.00000000E+00  0.00000000E+00  1.00343930E-03  0.
    34 -1.12000000E+00  0.00000000E+00  0.00000000E+00  0.00000000E+00  4.45622085E-05  0.
    35 -1.10000002E+00  5.91260397E+00  0.00000000E+00  5.80502457E-05 -5.63105140E-08  2.
    36 -1.08000004E+00  4.59431090E+00  0.00000000E+00  1.16003800E-04 -4.37553419E-08  2.
    37 -1.05999994E+00  5.03870055E+00  0.00000000E+00  1.70660519E-04 -4.79876243E-08  2.
    38 -1.03999996E+00  4.90635807E+00  0.00000000E+00  2.22137925E-04 -4.67272197E-08  2.
    39 -1.01999998E+00  4.94856068E+00  0.00000000E+00  2.70507515E-04 -4.71291493E-08  2.
    40 -1.00000000E+00  4.93498584E+00  0.00000000E+00  3.15787340E-04 -4.69998652E-08  2.
    41 -9.80000019E-01  4.93678961E+00  0.00000000E+00  3.58103293E-04 -4.70170439E-08  2.
    42 -9.59999979E-01  4.93915333E+00  0.00000000E+00  3.97441820E-04 -4.70395555E-08  2.
    43 -9.39999998E-01  4.94028213E+00  0.00000000E+00  4.33887897E-04 -4.70503060E-08  2.
    44 -9.20000017E-01  4.94007119E+00  0.00000000E+00  4.67523623E-04 -4.70482970E-08  2.
    45 -8.99999976E-01  4.93689336E+00  0.00000000E+00  4.98357420E-04 -4.70180320E-08  2.
    46 -8.79999995E-01  4.94129293E+00  0.00000000E+00  5.26536243E-04 -4.70599327E-08  2.
    47 -8.60000014E-01  4.94252698E+00  0.00000000E+00  5.52026386E-04 -4.70716855E-08  2.
    48 -8.39999974E-01  4.93824431E+00  0.00000000E+00  5.74929734E-04 -4.70308982E-08  2.
    49 -8.19999993E-01  4.94242632E+00  0.00000000E+00  5.95310750E-04 -4.70707269E-08  2.
    50 -8.00000012E-01  4.94446355E+00  0.00000000E+00  6.13229762E-04 -4.70901290E-08  2.
    51 -7.79999971E-01  4.93953242E+00  0.00000000E+00  6.28749793E-04 -4.70431659E-08  2.
    52 -7.59999990E-01  4.94739959E+00  0.00000000E+00  6.41932616E-04 -4.71180914E-08  2.
    53 -7.40000010E-01  4.94375991E+00  0.00000000E+00  6.52842145E-04 -4.70834277E-08  2.
    54 -7.20000029E-01  4.94750784E+00  0.00000000E+00  6.61510348E-04 -4.71191223E-08  2.
    55 -6.99999988E-01  4.94804130E+00  0.00000000E+00  6.68044430E-04 -4.71242029E-08  2.
    56 -6.80000007E-01  4.96079496E+00  0.00000000E+00  6.72530952E-04 -4.72456663E-08  2.
    57 -6.76773575E-01  4.96136436E+00  0.00000000E+00  6.74881993E-04 -4.72510891E-08  2.
    58 -6.39999986E-01  4.94187538E+00  0.00000000E+00  6.75216502E-04 -4.70654798E-08  2.
    59 -6.20000005E-01  4.95111268E+00  0.00000000E+00  6.73725969E-04 -4.71534541E-08  2.
    60 -6.00000024E-01  4.94062387E+00  0.00000000E+00  6.70356448E-04 -4.70535607E-08  2.
    61 -5.79999983E-01  4.94782275E+00  0.00000000E+00  6.65173027E-04 -4.71221215E-08  2.
    62 -5.60000002E-01  4.94069700E+00  0.00000000E+00  6.58243010E-04 -4.70542571E-08  2.
    63 -5.40000021E-01  4.94436386E+00  0.00000000E+00  6.49623162E-04 -4.70891796E-08  2.
    64 -5.19999981E-01  4.94252454E+00  0.00000000E+00  6.39380712E-04 -4.70716623E-08  2.
    65 -5.00000000E-01  4.94020896E+00  0.00000000E+00  6.27536589E-04 -4.70496091E-08  2.
    66 -4.79999989E-01  4.94399447E+00  0.00000000E+00  6.14239967E-04 -4.70856617E-08  2.
    67 -4.60000008E-01  4.93867617E+00  0.00000000E+00  5.99468315E-04 -4.70350111E-08  2.
    68 -4.39999998E-01  4.94162456E+00  0.00000000E+00  5.83328190E-04 -4.70630910E-08  2.
    69 -4.19999987E-01  4.94195590E+00  0.00000000E+00  5.65884031E-04 -4.70662467E-08  2.
    70 -4.00000006E-01  4.93799313E+00  0.00000000E+00  5.47114929E-04 -4.70285060E-08  2.
    71 -3.79999995E-01  4.94076907E+00  0.00000000E+00  5.27210703E-04 -4.70549435E-08  2.
    72 -3.60000014E-01  4.94077599E+00  0.00000000E+00  5.06097725E-04 -4.70550094E-08  2.
    73 -3.40000004E-01  4.93907794E+00  0.00000000E+00  4.83931268E-04 -4.70388375E-08  2.
    74 -3.19999993E-01  4.93833497E+00  0.00000000E+00  4.60731931E-04 -4.70317616E-08  2.
    75 -3.00000012E-01  4.94002081E+00  0.00000000E+00  4.36562731E-04 -4.70478172E-08  2.
    76 -2.80000001E-01  4.93955774E+00  0.00000000E+00  4.11533585E-04 -4.70434071E-08  2.
    77 -2.59999990E-01  4.93903219E+00  0.00000000E+00  3.85617150E-04 -4.70384018E-08  2.
    78 -2.39999995E-01  4.93741979E+00  0.00000000E+00  3.58920876E-04 -4.70230456E-08  2.
    79 -2.19999999E-01  4.93871418E+00  0.00000000E+00  3.31471867E-04 -4.70353732E-08  2.
    80 -2.00000003E-01  4.93874579E+00  0.00000000E+00  3.03414280E-04 -4.70356742E-08  2.
    81 -1.80000007E-01  4.93871391E+00  0.00000000E+00  2.74728694E-04 -4.70353706E-08  2.
    82 -1.59999996E-01  4.93844189E+00  0.00000000E+00  2.45521005E-04 -4.70327799E-08  2.
    83 -1.40000001E-01  4.93812121E+00  0.00000000E+00  2.15815282E-04 -4.70297258E-08  2.
    84 -1.19999997E-01  4.93780847E+00  0.00000000E+00  1.85678624E-04 -4.70267473E-08  2.
    85 -1.00000001E-01  4.93751840E+00  0.00000000E+00  1.55210554E-04 -4.70239848E-08  2.
    86 -7.99999982E-02  4.93742865E+00  0.00000000E+00  1.24470153E-04 -4.70231300E-08  2.
    87 -5.99999987E-02  4.93753825E+00  0.00000000E+00  9.34543900E-05 -4.70241738E-08  2.
    88 -3.99999991E-02  4.93749124E+00  0.00000000E+00  6.24588854E-05 -4.70237261E-08  2.
    89 -1.99999996E-02  4.93746303E+00  0.00000000E+00  3.12336584E-05 -4.70234575E-08  2.
    90  0.00000000E+00  4.93736813E+00  0.00000000E+00  7.55093470E-14 -4.70225537E-08  2.
    91  1.99999996E-02  4.93746303E+00  0.00000000E+00  3.12336584E-05 -4.70234575E-08  2.
    92  3.99999991E-02  4.93749124E+00  0.00000000E+00  6.24588854E-05 -4.70237261E-08  2.
    93  5.99999987E-02  4.93753825E+00  0.00000000E+00  9.34543900E-05 -4.70241738E-08  2.
    94  7.99999982E-02  4.93742864E+00  0.00000000E+00  1.24470153E-04 -4.70231299E-08  2.
    95  1.00000001E-01  4.93751840E+00  0.00000000E+00  1.55210554E-04 -4.70239848E-08  2.
    96  1.19999997E-01  4.93780847E+00  0.00000000E+00  1.85678624E-04 -4.70267473E-08  2.
    97  1.40000001E-01  4.93812121E+00  0.00000000E+00  2.15815282E-04 -4.70297258E-08  2.
    98  1.59999996E-01  4.93844189E+00  0.00000000E+00  2.45521005E-04 -4.70327799E-08  2.
    99  1.80000007E-01  4.93871391E+00  0.00000000E+00  2.74728694E-04 -4.70353706E-08  2.
   100  2.00000003E-01  4.93874579E+00  0.00000000E+00  3.03414280E-04 -4.70356742E-08  2.
   101  2.19999999E-01  4.93871418E+00  0.00000000E+00  3.31471867E-04 -4.70353732E-08  2.
   102  2.39999995E-01  4.93741979E+00  0.00000000E+00  3.58920876E-04 -4.70230456E-08  2.
   103  2.59999990E-01  4.93903219E+00  0.00000000E+00  3.85617150E-04 -4.70384018E-08  2.
   104  2.80000001E-01  4.93955775E+00  0.00000000E+00  4.11533585E-04 -4.70434071E-08  2.
   105  3.00000012E-01  4.94002081E+00  0.00000000E+00  4.36562731E-04 -4.70478172E-08  2.
   106  3.19999993E-01  4.93833497E+00  0.00000000E+00  4.60731931E-04 -4.70317616E-08  2.
   107  3.40000004E-01  4.93907794E+00  0.00000000E+00  4.83931268E-04 -4.70388375E-08  2.
   108  3.60000014E-01  4.94077599E+00  0.00000000E+00  5.06097725E-04 -4.70550094E-08  2.
   109  3.79999995E-01  4.94076907E+00  0.00000000E+00  5.27210703E-04 -4.70549435E-08  2.
   110  4.00000006E-01  4.93799313E+00  0.00000000E+00  5.47114929E-04 -4.70285060E-08  2.
   111  4.19999987E-01  4.94195590E+00  0.00000000E+00  5.65884031E-04 -4.70662467E-08  2.
   112  4.39999998E-01  4.94162456E+00  0.00000000E+00  5.83328190E-04 -4.70630910E-08  2.
   113  4.60000008E-01  4.93867617E+00  0.00000000E+00  5.99468315E-04 -4.70350111E-08  2.
   114  4.79999989E-01  4.94399447E+00  0.00000000E+00  6.14239967E-04 -4.70856617E-08  2.
   115  5.00000000E-01  4.94020896E+00  0.00000000E+00  6.27536589E-04 -4.70496091E-08  2.
   116  5.19999981E-01  4.94252454E+00  0.00000000E+00  6.39380712E-04 -4.70716623E-08  2.
   117  5.40000021E-01  4.94436386E+00  0.00000000E+00  6.49623162E-04 -4.70891796E-08  2.
   118  5.60000002E-01  4.94069700E+00  0.00000000E+00  6.58243010E-04 -4.70542571E-08  2.
   119  5.79999983E-01  4.94782275E+00  0.00000000E+00  6.65173027E-04 -4.71221214E-08  2.
   120  6.00000024E-01  4.94062387E+00  0.00000000E+00  6.70356448E-04 -4.70535607E-08  2.
   121  6.20000005E-01  4.95111268E+00  0.00000000E+00  6.73725969E-04 -4.71534541E-08  2.
   122  6.39999986E-01  4.94187538E+00  0.00000000E+00  6.75216502E-04 -4.70654798E-08  2.
   123  6.60000026E-01  4.96136436E+00  0.00000000E+00  6.74881993E-04 -4.72510891E-08  2.
   124  6.80000007E-01  4.96079496E+00  0.00000000E+00  6.72530952E-04 -4.72456663E-08  2.
   125  6.99999988E-01  4.94804130E+00  0.00000000E+00  6.68044430E-04 -4.71242029E-08  2.
   126  7.20000029E-01  4.94750784E+00  0.00000000E+00  6.61510348E-04 -4.71191223E-08  2.
   127  7.40000010E-01  4.94375991E+00  0.00000000E+00  6.52842145E-04 -4.70834277E-08  2.
   128  7.59999990E-01  4.94739959E+00  0.00000000E+00  6.41932616E-04 -4.71180914E-08  2.
   129  7.79999971E-01  4.93953242E+00  0.00000000E+00  6.28749793E-04 -4.70431659E-08  2.
   130  8.00000012E-01  4.94446355E+00  0.00000000E+00  6.13229762E-04 -4.70901290E-08  2.
   131  8.19999993E-01  4.94242632E+00  0.00000000E+00  5.95310750E-04 -4.70707269E-08  2.
   132  8.39999974E-01  4.93824431E+00  0.00000000E+00  5.74929734E-04 -4.70308982E-08  2.
   133  8.60000014E-01  4.94252698E+00  0.00000000E+00  5.52026386E-04 -4.70716855E-08  2.
   134  8.79999995E-01  4.94129294E+00  0.00000000E+00  5.26536243E-04 -4.70599327E-08  2.
   135  8.99999976E-01  4.93689336E+00  0.00000000E+00  4.98357420E-04 -4.70180320E-08  2.
   136  9.20000017E-01  4.94007118E+00  0.00000000E+00  4.67523623E-04 -4.70482970E-08  2.
   137  9.39999998E-01  4.94028213E+00  0.00000000E+00  4.33887897E-04 -4.70503060E-08  2.
   138  9.59999979E-01  4.93915333E+00  0.00000000E+00  3.97441820E-04 -4.70395555E-08  2.
   139  9.80000019E-01  4.93678961E+00  0.00000000E+00  3.58103293E-04 -4.70170439E-08  2.
   140  1.00000000E+00  4.93498584E+00  0.00000000E+00  3.15787340E-04 -4.69998652E-08  2.
   141  1.01999998E+00  4.94856068E+00  0.00000000E+00  2.70507515E-04 -4.71291493E-08  2.
   142  1.03999996E+00  4.90635807E+00  0.00000000E+00  2.22137925E-04 -4.67272197E-08  2.
   143  1.05999994E+00  5.03870055E+00  0.00000000E+00  1.70660519E-04 -4.79876243E-08  2.
   144  1.08000004E+00  4.59431090E+00  0.00000000E+00  1.16003800E-04 -4.37553419E-08  2.
   145  1.10000002E+00  5.91260397E+00  0.00000000E+00  5.80502457E-05 -5.63105140E-08  2.
   146  1.12000000E+00  0.00000000E+00  0.00000000E+00  0.00000000E+00  4.45622085E-05  0.
   147  1.13999999E+00  0.00000000E+00  0.00000000E+00  0.00000000E+00  1.00343930E-03  0.
   148  1.15999997E+00  0.00000000E+00  0.00000000E+00  0.00000000E+00  2.17389416E-03  0.
   149  1.17999995E+00  0.00000000E+00  0.00000000E+00  0.00000000E+00  3.34179117E-03  0.
   150  1.20000005E+00  0.00000000E+00  0.00000000E+00  0.00000000E+00  4.52975715E-03  0.
   151  1.22000003E+00  0.00000000E+00  0.00000000E+00  0.00000000E+00  5.73776491E-03  0.
   152  1.24000001E+00  0.00000000E+00  0.00000000E+00  0.00000000E+00  6.96578626E-03  0.
   153  1.25999999E+00  0.00000000E+00  0.00000000E+00  0.00000000E+00  8.21380315E-03  0.
   154  1.27999997E+00  0.00000000E+00  0.00000000E+00  0.00000000E+00  9.48180079E-03  0.
   155  1.29999995E+00  0.00000000E+00  0.00000000E+00  0.00000000E+00  1.07697661E-02  0.
   156  1.32000005E+00  0.00000000E+00  0.00000000E+00  0.00000000E+00  1.20776977E-02  0.
   157  1.34000003E+00  0.00000000E+00  0.00000000E+00  0.00000000E+00  1.34055670E-02  0.
   158  1.36000001E+00  0.00000000E+00  0.00000000E+00  0.00000000E+00  1.47533765E-02  0.
   159  1.38000000E+00  0.00000000E+00  0.00000000E+00  0.00000000E+00  1.61211233E-02  0.
   160  1.39999998E+00  0.00000000E+00  0.00000000E+00  0.00000000E+00  1.75087928E-02  0.
   161  1.41999996E+00  0.00000000E+00  0.00000000E+00  0.00000000E+00  1.89163766E-02  0.
   162  1.44000006E+00  0.00000000E+00  0.00000000E+00  0.00000000E+00  2.03438880E-02  0.
   163  1.46000004E+00  0.00000000E+00  0.00000000E+00  0.00000000E+00  2.17912951E-02  0.
   164  1.48000002E+00  0.00000000E+00  0.00000000E+00  0.00000000E+00  2.32586044E-02  0.
   165  1.50000000E+00  0.00000000E+00  0.00000000E+00  0.00000000E+00  2.47458059E-02  0.
   166  1.51999998E+00  0.00000000E+00  0.00000000E+00  0.00000000E+00  2.62528944E-02  0.
   167  1.53999996E+00  0.00000000E+00  0.00000000E+00  0.00000000E+00  2.77798631E-02  0.
   168  1.55999994E+00  0.00000000E+00  0.00000000E+00  0.00000000E+00  2.93267090E-02  0.
   169  1.58000004E+00  0.00000000E+00  0.00000000E+00  0.00000000E+00  3.08934310E-02  0.
   170  1.60000002E+00  0.00000000E+00  0.00000000E+00  0.00000000E+00  3.24800088E-02  0.
   171  1.62000000E+00  0.00000000E+00  0.00000000E+00  0.00000000E+00  3.40864438E-02  0.
   172  1.63999999E+00  0.00000000E+00  0.00000000E+00  0.00000000E+00  3.57127340E-02  0.
   173  1.65999997E+00  0.00000000E+00  0.00000000E+00  0.00000000E+00  3.73588696E-02  0.
   174  1.67999995E+00  0.00000000E+00  0.00000000E+00  0.00000000E+00  3.90248453E-02  0.
   175  1.70000005E+00  0.00000000E+00  0.00000000E+00  0.00000000E+00  4.07106650E-02  0.
   176  1.72000003E+00  0.00000000E+00  0.00000000E+00  0.00000000E+00  4.24163056E-02  0.
   177  1.74000001E+00  0.00000000E+00  0.00000000E+00  0.00000000E+00  4.41417729E-02  0.
   178  1.75999999E+00  0.00000000E+00  0.00000000E+00  0.00000000E+00  4.58870556E-02  0.
   179  1.77999997E+00  0.00000000E+00  0.00000000E+00  0.00000000E+00  4.76521474E-02  0.
STEP  30 TIME  2.80020000E+04
     1 -1.77999997E+00  0.00000000E+00  0.00000000E+00  0.00000000E+00  4.68820439E-02  0.
     2 -1.75999999E+00  0.00000000E+00  0.00000000E+00  0.00000000E+00  4.51168899E-02  0.
     3 -1.74000001E+00  0.00000000E+00  0.00000000E+00  0.00000000E+00  4.33715456E-02  0.
     4 -1.72000003E+00  0.00000000E+00  0.00000000E+00  0.00000000E+00  4.16460180E-02  0.
     5 -1.70000005E+00  0.00000000E+00  0.00000000E+00  0.00000000E+00  3.99403182E-02  0.
     6 -1.67999995E+00  0.00000000E+00  0.00000000E+00  0.00000000E+00  3.82544403E-02  0.
     7 -1.65999997E+00  0.00000000E+00  0.00000000E+00  0.00000000E+00  3.65884076E-02  0.
     8 -1.63999999E+00  0.00000000E+00  0.00000000E+00  0.00000000E+00  3.49422164E-02  0.
     9 -1.62000000E+00  0.00000000E+00  0.00000000E+00  0.00000000E+00  3.33158720E-02  0.
    10 -1.60000002E+00  0.00000000E+00  0.00000000E+00  0.00000000E+00  3.17093839E-02  0.
    11 -1.58000004E+00  0.00000000E+00  0.00000000E+00  0.00000000E+00  3.01227545E-02  0.
    12 -1.55999994E+00  0.00000000E+00  0.00000000E+00  0.00000000E+00  2.85559822E-02  0.
    13 -1.53999996E+00  0.00000000E+00  0.00000000E+00  0.00000000E+00  2.70090878E-02  0.
    14 -1.51999998E+00  0.00000000E+00  0.00000000E+00  0.00000000E+00  2.54820720E-02  0.
    15 -1.50000000E+00  0.00000000E+00  0.00000000E+00  0.00000000E+00  2.39749383E-02  0.
    16 -1.48000002E+00  0.00000000E+00  0.00000000E+00  0.00000000E+00  2.24876934E-02  0.
    17 -1.46000004E+00  0.00000000E+00  0.00000000E+00  0.00000000E+00  2.10203443E-02  0.
    18 -1.44000006E+00  0.00000000E+00  0.00000000E+00  0.00000000E+00  1.95728989E-02  0.
    19 -1.41999996E+00  0.00000000E+00  0.00000000E+00  0.00000000E+00  1.81453506E-02  0.
    20 -1.39999998E+00  0.00000000E+00  0.00000000E+00  0.00000000E+00  1.67377336E-02  0.
    21 -1.38000000E+00  0.00000000E+00  0.00000000E+00  0.00000000E+00  1.53500327E-02  0.
    22 -1.36000001E+00  0.00000000E+00  0.00000000E+00  0.00000000E+00  1.39822594E-02  0.
    23 -1.34000003E+00  0.00000000E+00  0.00000000E+00  0.00000000E+00  1.26344263E-02  0.
    24 -1.32000005E+00  0.00000000E+00  0.00000000E+00  0.00000000E+00  1.13065371E-02  0.
    25 -1.29999995E+00  0.00000000E+00  0.00000000E+00  0.00000000E+00  9.99859095E-03  0.
    26 -1.27999997E+00  0.00000000E+00  0.00000000E+00  0.00000000E+00  8.71061788E-03  0.
    27 -1.25999999E+00  0.00000000E+00  0.00000000E+00  0.00000000E+00  7.44262032E-03  0.
    28 -1.24000001E+00  0.00000000E+00  0.00000000E+00  0.00000000E+00  6.19461531E-03  0.
    29 -1.22000003E+00  0.00000000E+00  0.00000000E+00  0.00000000E+00  4.96661734E-03  0.
    30 -1.20000005E+00  0.00000000E+00  0.00000000E+00  0.00000000E+00  3.75866395E-03  0.
    31 -1.17999995E+00  0.00000000E+00  0.00000000E+00  0.00000000E+00  2.57075806E-03  0.
    32 -1.15999997E+00  0.00000000E+00  0.00000000E+00  0.00000000E+00  1.38832397E-03  0.
    33 -1.13999999E+00  0.00000000E+00  0.00000000E+00  0.00000000E+00  3.39011279E-04  0.
    34 -1.12000000E+00  5.68741217E+00  0.00000000E+00  4.00931327E-05 -5.41658302E-08  2.
    35 -1.10000002E+00  4.57992143E+00  0.00000000E+00  1.00539732E-04 -4.36182993E-08  2.
    36 -1.08000004E+00  4.93035632E+00  0.00000000E+00  1.57707415E-04 -4.69557744E-08  2.
    37 -1.05999994E+00  4.84615920E+00  0.00000000E+00  2.11609901E-04 -4.61538971E-08  2.
    38 -1.03999996E+00  4.86650450E+00  0.00000000E+00  2.62321474E-04 -4.63476619E-08  2.
    39 -1.01999998E+00  4.85960988E+00  0.00000000E+00  3.09926305E-04 -4.62819989E-08  2.
    40 -1.00000000E+00  4.86354946E+00  0.00000000E+00  3.54446085E-04 -4.63195187E-08  2.
    41 -9.80000019E-01  4.86372110E+00  0.00000000E+00  3.95991623E-04 -4.63211533E-08  2.
    42 -9.59999979E-01  4.86536649E+00  0.00000000E+00  4.34547195E-04 -4.63368238E-08  2.
    43 -9.39999998E-01  4.86212128E+00  0.00000000E+00  4.70217421E-04 -4.63059170E-08  2.
    44 -9.20000017E-01  4.86312492E+00  0.00000000E+00  5.03077839E-04 -4.63154754E-08  2.
    45 -8.99999976E-01  4.86643619E+00  0.00000000E+00  5.33134166E-04 -4.63470114E-08  2.
    46 -8.79999995E-01  4.86643250E+00  0.00000000E+00  5.60536007E-04 -4.63469762E-08  2.
    47 -8.60000014E-01  4.86285391E+00  0.00000000E+00  5.85254319E-04 -4.63128944E-08  2.
    48 -8.39999974E-01  4.86756795E+00  0.00000000E+00  6.07387911E-04 -4.63577900E-08  2.
    49 -8.19999993E-01  4.86835816E+00  0.00000000E+00  6.26997019E-04 -4.63653158E-08  2.
    50 -8.00000012E-01  4.86423426E+00  0.00000000E+00  6.44143818E-04 -4.63260406E-08  2.
    51 -7.79999971E-01  4.87172356E+00  0.00000000E+00  6.58890683E-04 -4.63973672E-08  2.
    52 -7.59999990E-01  4.86859859E+00  0.00000000E+00  6.71301078E-04 -4.63676056E-08  2.
    53 -7.40000010E-01  4.87149030E+00  0.00000000E+00  6.81449175E-04 -4.63951457E-08  2.
    54 -7.20000029E-01  4.87272211E+00  0.00000000E+00  6.89357447E-04 -4.64068772E-08  2.
    55 -6.99999988E-01  4.88631049E+00  0.00000000E+00  6.95242127E-04 -4.65362904E-08  2.
    56 -6.99319207E-01  4.88218250E+00  0.00000000E+00  6.98759843E-04 -4.64969761E-08  2.
    57 -6.60000026E-01  4.86657391E+00  0.00000000E+00  7.00360130E-04 -4.63483230E-08  2.
    58 -6.39999986E-01  4.87469739E+00  0.00000000E+00  6.99994029E-04 -4.64256894E-08  2.
    59 -6.20000005E-01  4.86523560E+00  0.00000000E+00  6.97725902E-04 -4.63355771E-08  2.
    60 -6.00000024E-01  4.87254174E+00  0.00000000E+00  6.93583298E-04 -4.64051594E-08  2.
    61 -5.79999983E-01  4.86352959E+00  0.00000000E+00  6.87628623E-04 -4.63193294E-08  2.
    62 -5.60000002E-01  4.87109955E+00  0.00000000E+00  6.79926323E-04 -4.63914243E-08  2.
    63 -5.40000021E-01  4.86305810E+00  0.00000000E+00  6.70534087E-04 -4.63148391E-08  2.
    64 -5.19999981E-01  4.86873865E+00  0.00000000E+00  6.59518887E-04 -4.63689395E-08  2.
    65 -5.00000000E-01  4.86556412E+00  0.00000000E+00  6.46902102E-04 -4.63387059E-08  2.
    66 -4.79999989E-01  4.86434597E+00  0.00000000E+00  6.32832936E-04 -4.63271044E-08  2.
    67 -4.60000008E-01  4.86758381E+00  0.00000000E+00  6.17289160E-04 -4.63579410E-08  2.
    68 -4.39999998E-01  4.86311242E+00  0.00000000E+00  6.00380590E-04 -4.63153564E-08  2.
    69 -4.19999987E-01  4.86515607E+00  0.00000000E+00  5.82167840E-04 -4.63348198E-08  2.
    70 -4.00000006E-01  4.86601427E+00  0.00000000E+00  5.62619994E-04 -4.63429931E-08  2.
    71 -3.79999995E-01  4.86309554E+00  0.00000000E+00  5.41933817E-04 -4.63151956E-08  2.
    72 -3.60000014E-01  4.86390543E+00  0.00000000E+00  5.20043258E-04 -4.63229089E-08  2.
    73 -3.40000004E-01  4.86496080E+00  0.00000000E+00  4.97100668E-04 -4.63329600E-08  2.
    74 -3.19999993E-01  4.86442775E+00  0.00000000E+00  4.73125756E-04 -4.63278834E-08  2.
    75 -3.00000012E-01  4.86202569E+00  0.00000000E+00  4.48181303E-04 -4.63050066E-08  2.
    76 -2.80000001E-01  4.86380485E+00  0.00000000E+00  4.22377160E-04 -4.63219510E-08  2.
    77 -2.59999990E-01  4.86393089E+00  0.00000000E+00  3.95685836E-04 -4.63231513E-08  2.
    78 -2.39999995E-01  4.86369049E+00  0.00000000E+00  3.68214746E-04 -4.63208618E-08  2.
    79 -2.19999999E-01  4.86317762E+00  0.00000000E+00  3.39991075E-04 -4.63159773E-08  2.
    80 -2.00000003E-01  4.86201507E+00  0.00000000E+00  3.11158873E-04 -4.63049055E-08  2.
    81 -1.80000007E-01  4.86270032E+00  0.00000000E+00  2.81698722E-04 -4.63114316E-08  2.
    82 -1.59999996E-01  4.86287300E+00  0.00000000E+00  2.51716512E-04 -4.63130762E-08  2.
    83 -1.40000001E-01  4.86289247E+00  0.00000000E+00  2.21236298E-04 -4.63132616E-08  2.
    84 -1.19999997E-01  4.86278432E+00  0.00000000E+00  1.90325174E-04 -4.63122316E-08  2.
    85 -1.00000001E-01  4.86262303E+00  0.00000000E+00  1.59082655E-04 -4.63106955E-08  2.
    86 -7.99999982E-02  4.86245365E+00  0.00000000E+00  1.27567820E-04 -4.63090824E-08  2.
    87 -5.99999987E-02  4.86230079E+00  0.00000000E+00  9.57776319E-05 -4.63076265E-08  2.
    88 -3.99999991E-02  4.86216685E+00  0.00000000E+00  6.40077095E-05 -4.63063510E-08  2.
    89 -1.99999996E-02  4.86208750E+00  0.00000000E+00  3.20080698E-05 -4.63055952E-08  2.
    90  0.00000000E+00  4.86196095E+00  0.00000000E+00  8.10645119E-14 -4.63043900E-08  2.
    91  1.99999996E-02  4.86208750E+00  0.00000000E+00  3.20080698E-05 -4.63055952E-08  2.
    92  3.99999991E-02  4.86216686E+00  0.00000000E+00  6.40077095E-05 -4.63063510E-08  2.
    93  5.99999987E-02  4.86230079E+00  0.00000000E+00  9.57776319E-05 -4.63076265E-08  2.
    94  7.99999982E-02  4.86245365E+00  0.00000000E+00  1.27567820E-04 -4.63090824E-08  2.
    95  1.00000001E-01  4.86262303E+00  0.00000000E+00  1.59082655E-04 -4.63106956E-08  2.
    96  1.19999997E-01  4.86278432E+00  0.00000000E+00  1.90325174E-04 -4.63122316E-08  2.
    97  1.40000001E-01  4.86289247E+00  0.00000000E+00  2.21236298E-04 -4.63132616E-08  2.
    98  1.59999996E-01  4.86287300E+00  0.00000000E+00  2.51716512E-04 -4.63130762E-08  2.
    99  1.80000007E-01  4.86270032E+00  0.00000000E+00  2.81698722E-04 -4.63114317E-08  2.
   100  2.00000003E-01  4.86201507E+00  0.00000000E+00  3.11158873E-04 -4.63049055E-08  2.
   101  2.19999999E-01  4.86317762E+00  0.00000000E+00  3.39991075E-04 -4.63159773E-08  2.
   102  2.39999995E-01  4.86369049E+00  0.00000000E+00  3.68214746E-04 -4.63208618E-08  2.
   103  2.59999990E-01  4.86393089E+00  0.00000000E+00  3.95685836E-04 -4.63231513E-08  2.
   104  2.80000001E-01  4.86380485E+00  0.00000000E+00  4.22377160E-04 -4.63219510E-08  2.
   105  3.00000012E-01  4.86202569E+00  0.00000000E+00  4.48181303E-04 -4.63050066E-08  2.
   106  3.19999993E-01  4.86442775E+00  0.00000000E+00  4.73125756E-04 -4.63278834E-08  2.
   107  3.40000004E-01  4.86496080E+00  0.00000000E+00  4.97100668E-04 -4.63329600E-08  2.
   108  3.60000014E-01  4.86390544E+00  0.00000000E+00  5.20043258E-04 -4.63229089E-08  2.
   109  3.79999995E-01  4.86309554E+00  0.00000000E+00  5.41933817E-04 -4.63151956E-08  2.
   110  4.00000006E-01  4.86601427E+00  0.00000000E+00  5.62619994E-04 -4.63429931E-08  2.
   111  4.19999987E-01  4.86515607E+00  0.00000000E+00  5.82167840E-04 -4.63348198E-08  2.
   112  4.39999998E-01  4.86311242E+00  0.00000000E+00  6.00380590E-04 -4.63153564E-08  2.
   113  4.60000008E-01  4.86758381E+00  0.00000000E+00  6.17289160E-04 -4.63579410E-08  2.
   114  4.79999989E-01  4.86434597E+00  0.00000000E+00  6.32832936E-04 -4.63271044E-08  2.
   115  5.00000000E-01  4.86556411E+00  0.00000000E+00  6.46902102E-04 -4.63387059E-08  2.
   116  5.19999981E-01  4.86873865E+00  0.00000000E+00  6.59518887E-04 -4.63689395E-08  2.
   117  5.40000021E-01  4.86305810E+00  0.00000000E+00  6.70534087E-04 -4.63148391E-08  2.
   118  5.60000002E-01  4.87109955E+00  0.00000000E+00  6.79926323E-04 -4.63914243E-08  2.
   119  5.79999983E-01  4.86352959E+00  0.00000000E+00  6.87628623E-04 -4.63193294E-08  2.
   120  6.00000024E-01  4.87254174E+00  0.00000000E+00  6.93583298E-04 -4.64051594E-08  2.
   121  6.20000005E-01  4.86523560E+00  0.00000000E+00  6.97725902E-04 -4.63355771E-08  2.
   122  6.39999986E-01  4.87469738E+00  0.00000000E+00  6.99994029E-04 -4.64256894E-08  2.
   123  6.60000026E-01  4.86657391E+00  0.00000000E+00  7.00360130E-04 -4.63483230E-08  2.
   124  6.80000007E-01  4.88218250E+00  0.00000000E+00  6.98759843E-04 -4.64969762E-08  2.
   125  6.99999988E-01  4.88631049E+00  0.00000000E+00  6.95242127E-04 -4.65362903E-08  2.
   126  7.20000029E-01  4.87272211E+00  0.00000000E+00  6.89357447E-04 -4.64068772E-08  2.
   127  7.40000010E-01  4.87149030E+00  0.00000000E+00  6.81449175E-04 -4.63951457E-08  2.
   128  7.59999990E-01  4.86859859E+00  0.00000000E+00  6.71301078E-04 -4.63676056E-08  2.
   129  7.79999971E-01  4.87172356E+00  0.00000000E+00  6.58890683E-04 -4.63973672E-08  2.
   130  8.00000012E-01  4.86423427E+00  0.00000000E+00  6.44143818E-04 -4.63260406E-08  2.
   131  8.19999993E-01  4.86835816E+00  0.00000000E+00  6.26997019E-04 -4.63653158E-08  2.
   132  8.39999974E-01  4.86756795E+00  0.00000000E+00  6.07387911E-04 -4.63577900E-08  2.
   133  8.60000014E-01  4.86285391E+00  0.00000000E+00  5.85254319E-04 -4.63128944E-08  2.
   134  8.79999995E-01  4.86643250E+00  0.00000000E+00  5.60536007E-04 -4.63469762E-08  2.
   135  8.99999976E-01  4.86643619E+00  0.00000000E+00  5.33134166E-04 -4.63470114E-08  2.
   136  9.20000017E-01  4.86312491E+00  0.00000000E+00  5.03077839E-04 -4.63154754E-08  2.
   137  9.39999998E-01  4.86212128E+00  0.00000000E+00  4.70217421E-04 -4.63059170E-08  2.
   138  9.59999979E-01  4.86536649E+00  0.00000000E+00  4.34547195E-04 -4.63368237E-08  2.
   139  9.80000019E-01  4.86372109E+00  0.00000000E+00  3.95991623E-04 -4.63211533E-08  2.
   140  1.00000000E+00  4.86354946E+00  0.00000000E+00  3.54446085E-04 -4.63195187E-08  2.
   141  1.01999998E+00  4.85960988E+00  0.00000000E+00  3.09926305E-04 -4.62819989E-08  2.
   142  1.03999996E+00  4.86650449E+00  0.00000000E+00  2.62321474E-04 -4.63476618E-08  2.
   143  1.05999994E+00  4.84615920E+00  0.00000000E+00  2.11609901E-04 -4.61538971E-08  2.
   144  1.08000004E+00  4.93035632E+00  0.00000000E+00  1.57707415E-04 -4.69557744E-08  2.
   145  1.10000002E+00  4.57992143E+00  0.00000000E+00  1.00539732E-04 -4.36182993E-08  2.
   146  1.12000000E+00  5.68741217E+00  0.00000000E+00  4.00931327E-05 -5.41658302E-08  2.
   147  1.13999999E+00  0.00000000E+00  0.00000000E+00  0.00000000E+00  3.39011279E-04  0.
   148  1.15999997E+00  0.00000000E+00  0.00000000E+00  0.00000000E+00  1.38832397E-03  0.
   149  1.17999995E+00  0.00000000E+00  0.00000000E+00  0.00000000E+00  2.57075806E-03  0.
   150  1.20000005E+00  0.00000000E+00  0.00000000E+00  0.00000000E+00  3.75866395E-03  0.
   151  1.22000003E+00  0.00000000E+00  0.00000000E+00  0.00000000E+00  4.96661734E-03  0.
   152  1.24000001E+00  0.00000000E+00  0.00000000E+00  0.00000000E+00  6.19461531E-03  0.
   153  1.25999999E+00  0.00000000E+00  0.00000000E+00  0.00000000E+00  7.44262032E-03  0.
   154  1.27999997E+00  0.00000000E+00  0.00000000E+00  0.00000000E+00  8.71061788E-03  0.
   155  1.29999995E+00  0.00000000E+00  0.00000000E+00  0.00000000E+00  9.99859095E-03  0.
   156  1.32000005E+00  0.00000000E+00  0.00000000E+00  0.00000000E+00  1.13065371E-02  0.
   157  1.34000003E+00  0.00000000E+00  0.00000000E+00  0.00000000E+00  1.26344263E-02  0.
   158  1.36000001E+00  0.00000000E+00  0.00000000E+00  0.00000000E+00  1.39822594E-02  0.
   159  1.38000000E+00  0.00000000E+00  0.00000000E+00  0.00000000E+00  1.53500327E-02  0.
   160  1.39999998E+00  0.00000000E+00  0.00000000E+00  0.00000000E+00  1.67377336E-02  0.
   161  1.41999996E+00  0.00000000E+00  0.00000000E+00  0.00000000E+00  1.81453506E-02  0.
   162  1.44000006E+00  0.00000000E+00  0.00000000E+00  0.00000000E+00  1.95728989E-02  0.
   163  1.46000004E+00  0.00000000E+00  0.00000000E+00  0.00000000E+00  2.10203443E-02  0.
   164  1.48000002E+00  0.00000000E+00  0.00000000E+00  0.00000000E+00  2.24876934E-02  0.
   165  1.50000000E+00  0.00000000E+00  0.00000000E+00  0.00000000E+00  2.39749383E-02  0.
   166  1.51999998E+00  0.00000000E+00  0.00000000E+00  0.00000000E+00  2.54820720E-02  0.
   167  1.53999996E+00  0.00000000E+00  0.00000000E+00  0.00000000E+00  2.70090878E-02  0.
   168  1.55999994E+00  0.00000000E+00  0.00000000E+00  0.00000000E+00  2.85559822E-02  0.
   169  1.58000004E+00  0.00000000E+00  0.00000000E+00  0.00000000E+00  3.01227545E-02  0.
   170  1.60000002E+00  0.00000000E+00  0.00000000E+00  0.00000000E+00  3.17093839E-02  0.
   171  1.62000000E+00  0.00000000E+00  0.00000000E+00  0.00000000E+00  3.33158720E-02  0.
   172  1.63999999E+00  0.00000000E+00  0.00000000E+00  0.00000000E+00  3.49422164E-02  0.
   173  1.65999997E+00  0.00000000E+00  0.00000000E+00  0.00000000E+00  3.65884076E-02  0.
   174  1.67999995E+00  0.00000000E+00  0.00000000E+00  0.00000000E+00  3.82544403E-02  0.
   175  1.70000005E+00  0.00000000E+00  0.00000000E+00  0.00000000E+00  3.99403182E-02  0.
   176  1.72000003E+00  0.00000000E+00  0.00000000E+00  0.00000000E+00  4.16460180E-02  0.
   177  1.74000001E+00  0.00000000E+00  0.00000000E+00  0.00000000E+00  4.33715456E-02  0.
   178  1.75999999E+00  0.00000000E+00  0.00000000E+00  0.00000000E+00  4.51168899E-02  0.
   179  1.77999997E+00  0.00000000E+00  0.00000000E+00  0.00000000E+00  4.68820438E-02  0.
STEP  31 TIME  2.90020000E+04
     1 -1.77999997E+00  0.00000000E+00  0.00000000E+00  0.00000000E+00  4.61198924E-02  0.
     2 -1.75999999E+00  0.00000000E+00  0.00000000E+00  0.00000000E+00  4.43546770E-02  0.
     3 -1.74000001E+00  0.00000000E+00  0.00000000E+00  0.00000000E+00  4.26092718E-02  0.
     4 -1.72000003E+00  0.00000000E+00  0.00000000E+00  0.00000000E+00  4.08836845E-02  0.
     5 -1.70000005E+00  0.00000000E+00  0.00000000E+00  0.00000000E+00  3.91779259E-02  0.
     6 -1.67999995E+00  0.00000000E+00  0.00000000E+00  0.00000000E+00  3.74919905E-02  0.
     7 -1.65999997E+00  0.00000000E+00  0.00000000E+00  0.00000000E+00  3.58259015E-02  0.
     8 -1.63999999E+00  0.00000000E+00  0.00000000E+00  0.00000000E+00  3.41796551E-02  0.
     9 -1.62000000E+00  0.00000000E+00  0.00000000E+00  0.00000000E+00  3.25532569E-02  0.
    10 -1.60000002E+00  0.00000000E+00  0.00000000E+00  0.00000000E+00  3.09467162E-02  0.
    11 -1.58000004E+00  0.00000000E+00  0.00000000E+00  0.00000000E+00  2.93600357E-02  0.
    12 -1.55999994E+00  0.00000000E+00  0.00000000E+00  0.00000000E+00  2.77932136E-02  0.
    13 -1.53999996E+00  0.00000000E+00  0.00000000E+00  0.00000000E+00  2.62462711E-02  0.
    14 -1.51999998E+00  0.00000000E+00  0.00000000E+00  0.00000000E+00  2.47192088E-02  0.
    15 -1.50000000E+00  0.00000000E+00  0.00000000E+00  0.00000000E+00  2.32120302E-02  0.
    16 -1.48000002E+00  0.00000000E+00  0.00000000E+00  0.00000000E+00  2.17247428E-02  0.
    17 -1.46000004E+00  0.00000000E+00  0.00000000E+00  0.00000000E+00  2.02573552E-02  0.
    18 -1.44000006E+00  0.00000000E+00  0.00000000E+00  0.00000000E+00  1.88098700E-02  0.
    19 -1.41999996E+00  0.00000000E+00  0.00000000E+00  0.00000000E+00  1.73822866E-02  0.
    20 -1.39999998E+00  0.00000000E+00  0.00000000E+00  0.00000000E+00  1.59746371E-02  0.
    21 -1.38000000E+00  0.00000000E+00  0.00000000E+00  0.00000000E+00  1.45869044E-02  0.
    22 -1.36000001E+00  0.00000000E+00  0.00000000E+00  0.00000000E+00  1.32191062E-02  0.
    23 -1.34000003E+00  0.00000000E+00  0.00000000E+00  0.00000000E+00  1.18712497E-02  0.
    24 -1.32000005E+00  0.00000000E+00  0.00000000E+00  0.00000000E+00  1.05433420E-02  0.
    25 -1.29999995E+00  0.00000000E+00  0.00000000E+00  0.00000000E+00  9.23538332E-03  0.
    26 -1.27999997E+00  0.00000000E+00  0.00000000E+00  0.00000000E+00  7.94740484E-03  0.
    27 -1.25999999E+00  0.00000000E+00  0.00000000E+00  0.00000000E+00  6.67941250E-03  0.
    28 -1.24000001E+00  0.00000000E+00  0.00000000E+00  0.00000000E+00  5.43142308E-03  0.
    29 -1.22000003E+00  0.00000000E+00  0.00000000E+00  0.00000000E+00  4.20346807E-03  0.
    30 -1.20000005E+00  0.00000000E+00  0.00000000E+00  0.00000000E+00  2.99556464E-03  0.
    31 -1.17999995E+00  0.00000000E+00  0.00000000E+00  0.00000000E+00  1.80091389E-03  0.
    32 -1.15999997E+00  0.00000000E+00  0.00000000E+00  0.00000000E+00  6.64907346E-04  0.
    33 -1.13999999E+00  5.28001195E+00  0.00000000E+00  1.98987226E-05 -5.02858281E-08  2.
    34 -1.12000000E+00  4.54797095E+00  0.00000000E+00  8.28824449E-05 -4.33140090E-08  2.
    35 -1.10000002E+00  4.71630252E+00  0.00000000E+00  1.42575003E-04 -4.49171669E-08  2.
    36 -1.08000004E+00  4.69393273E+00  0.00000000E+00  1.98990418E-04 -4.47041212E-08  2.
    37 -1.05999994E+00  4.69428633E+00  0.00000000E+00  2.52138387E-04 -4.47074888E-08  2.
    38 -1.03999996E+00  4.69669144E+00  0.00000000E+00  3.02092568E-04 -4.47303947E-08  2.
    39 -1.01999998E+00  4.69511820E+00  0.00000000E+00  3.48942833E-04 -4.47154115E-08  2.
    40 -1.00000000E+00  4.69528193E+00  0.00000000E+00  3.92702956E-04 -4.47169708E-08  2.
    41 -9.80000019E-01  4.69379700E+00  0.00000000E+00  4.33476427E-04 -4.47028286E-08  2.
    42 -9.59999979E-01  4.69010300E+00  0.00000000E+00  4.71261015E-04 -4.46676477E-08  2.
    43 -9.39999998E-01  4.69245266E+00  0.00000000E+00  5.06163212E-04 -4.46900253E-08  2.
    44 -9.20000017E-01  4.69210068E+00  0.00000000E+00  5.38254023E-04 -4.46866731E-08  2.
    45 -8.99999976E-01  4.68954029E+00  0.00000000E+00  5.67539919E-04 -4.46622885E-08  2.
    46 -8.79999995E-01  4.68582565E+00  0.00000000E+00  5.94176342E-04 -4.46269109E-08  2.
    47 -8.60000014E-01  4.68996455E+00  0.00000000E+00  6.18132881E-04 -4.46663291E-08  2.
    48 -8.39999974E-01  4.68778172E+00  0.00000000E+00  6.39502258E-04 -4.46455402E-08  2.
    49 -8.19999993E-01  4.68309742E+00  0.00000000E+00  6.58346636E-04 -4.46009278E-08  2.
    50 -8.00000012E-01  4.68949635E+00  0.00000000E+00  6.74728193E-04 -4.46618700E-08  2.
    51 -7.79999971E-01  4.68566918E+00  0.00000000E+00  6.88709422E-04 -4.46254208E-08  2.
    52 -7.59999990E-01  4.68672527E+00  0.00000000E+00  7.00367811E-04 -4.46354787E-08  2.
    53 -7.40000010E-01  4.68992969E+00  0.00000000E+00  7.09760011E-04 -4.46659971E-08  2.
    54 -7.20853363E-01  4.69659181E+00  0.00000000E+00  7.17048929E-04 -4.47294458E-08  2.
    55 -6.99999988E-01  4.69008434E+00  0.00000000E+00  7.21901013E-04 -4.46674699E-08  2.
    56 -6.80000007E-01  4.68743127E+00  0.00000000E+00  7.24775831E-04 -4.46422026E-08  2.
    57 -6.60000026E-01  4.68994248E+00  0.00000000E+00  7.25645982E-04 -4.46661189E-08  2.
    58 -6.39999986E-01  4.68750892E+00  0.00000000E+00  7.24509371E-04 -4.46429421E-08  2.
    59 -6.20000005E-01  4.69122534E+00  0.00000000E+00  7.21478550E-04 -4.46783366E-08  2.
    60 -6.00000024E-01  4.68934232E+00  0.00000000E+00  7.16573488E-04 -4.46604031E-08  2.
    61 -5.79999983E-01  4.69503915E+00  0.00000000E+00  7.09855219E-04 -4.47146585E-08  2.
    62 -5.60000002E-01  4.69153963E+00  0.00000000E+00  7.01389090E-04 -4.46813298E-08  2.
    63 -5.40000021E-01  4.69984080E+00  0.00000000E+00  6.91232515E-04 -4.47603886E-08  2.
    64 -5.19999981E-01  4.69492584E+00  0.00000000E+00  6.79453068E-04 -4.47135795E-08  2.
    65 -5.00000000E-01  4.70312628E+00  0.00000000E+00  6.66072163E-04 -4.47916789E-08  2.
    66 -4.79999989E-01  4.70250503E+00  0.00000000E+00  6.51241168E-04 -4.47857622E-08  2.
    67 -4.60000008E-01  4.70385157E+00  0.00000000E+00  6.34937518E-04 -4.47985864E-08  2.
    68 -4.39999998E-01  4.70939306E+00  0.00000000E+00  6.17260973E-04 -4.48513625E-08  2.
    69 -4.19999987E-01  4.70823508E+00  0.00000000E+00  5.98274192E-04 -4.48403341E-08  2.
    70 -4.00000006E-01  4.71119563E+00  0.00000000E+00  5.77955958E-04 -4.48685298E-08  2.
    71 -3.79999995E-01  4.71490624E+00  0.00000000E+00  5.56501505E-04 -4.49038690E-08  2.
    72 -3.60000014E-01  4.71553563E+00  0.00000000E+00  5.33843229E-04 -4.49098632E-08  2.
    73 -3.40000004E-01  4.71588260E+00  0.00000000E+00  5.10133202E-04 -4.49131677E-08  2.
    74 -3.19999993E-01  4.71997676E+00  0.00000000E+00  4.85391035E-04 -4.49521596E-08  2.
    75 -3.00000012E-01  4.72123582E+00  0.00000000E+00  4.59679475E-04 -4.49641506E-08  2.
    76 -2.80000001E-01  4.72218278E+00  0.00000000E+00  4.33108343E-04 -4.49731693E-08  2.
    77 -2.59999990E-01  4.72213392E+00  0.00000000E+00  4.05649966E-04 -4.49727040E-08  2.
    78 -2.39999995E-01  4.72508006E+00  0.00000000E+00  3.77411779E-04 -4.50007625E-08  2.
    79 -2.19999999E-01  4.72626306E+00  0.00000000E+00  3.48421061E-04 -4.50120291E-08  2.
    80 -2.00000003E-01  4.72728684E+00  0.00000000E+00  3.18821745E-04 -4.50217794E-08  2.
    81 -1.80000007E-01  4.72787243E+00  0.00000000E+00  2.88594359E-04 -4.50273565E-08  2.
    82 -1.59999996E-01  4.72837387E+00  0.00000000E+00  2.57844672E-04 -4.50321320E-08  2.
    83 -1.40000001E-01  4.72851943E+00  0.00000000E+00  2.26596225E-04 -4.50335184E-08  2.
    84 -1.19999997E-01  4.72967284E+00  0.00000000E+00  1.94917202E-04 -4.50445033E-08  2.
    85 -1.00000001E-01  4.73023772E+00  0.00000000E+00  1.62908173E-04 -4.50498830E-08  2.
    86 -7.99999982E-02  4.73070283E+00  0.00000000E+00  1.30627560E-04 -4.50543127E-08  2.
    87 -5.99999987E-02  4.73098220E+00  0.00000000E+00  9.80720687E-05 -4.50569734E-08  2.
    88 -3.99999991E-02  4.73112717E+00  0.00000000E+00  6.55371678E-05 -4.50583540E-08  2.
    89 -1.99999996E-02  4.73119612E+00  0.00000000E+00  3.27727515E-05 -4.50590106E-08  2.
    90  0.00000000E+00  4.73107964E+00  0.00000000E+00  8.67543183E-14 -4.50579013E-08  2.
    91  1.99999996E-02  4.73119612E+00  0.00000000E+00  3.27727515E-05 -4.50590106E-08  2.
    92  3.99999991E-02  4.73112717E+00  0.00000000E+00  6.55371678E-05 -4.50583540E-08  2.
    93  5.99999987E-02  4.73098220E+00  0.00000000E+00  9.80720687E-05 -4.50569734E-08  2.
    94  7.99999982E-02  4.73070283E+00  0.00000000E+00  1.30627560E-04 -4.50543127E-08  2.
    95  1.00000001E-01  4.73023772E+00  0.00000000E+00  1.62908173E-04 -4.50498831E-08  2.
    96  1.19999997E-01  4.72967284E+00  0.00000000E+00  1.94917202E-04 -4.50445033E-08  2.
    97  1.40000001E-01  4.72851943E+00  0.00000000E+00  2.26596225E-04 -4.50335184E-08  2.
    98  1.59999996E-01  4.72837387E+00  0.00000000E+00  2.57844672E-04 -4.50321321E-08  2.
    99  1.80000007E-01  4.72787243E+00  0.00000000E+00  2.88594359E-04 -4.50273565E-08  2.
   100  2.00000003E-01  4.72728684E+00  0.00000000E+00  3.18821745E-04 -4.50217794E-08  2.
   101  2.19999999E-01  4.72626306E+00  0.00000000E+00  3.48421061E-04 -4.50120291E-08  2.
   102  2.39999995E-01  4.72508006E+00  0.00000000E+00  3.77411779E-04 -4.50007625E-08  2.
   103  2.59999990E-01  4.72213392E+00  0.00000000E+00  4.05649966E-04 -4.49727040E-08  2.
   104  2.80000001E-01  4.72218278E+00  0.00000000E+00  4.33108343E-04 -4.49731694E-08  2.
   105  3.00000012E-01  4.72123582E+00  0.00000000E+00  4.59679475E-04 -4.49641506E-08  2.
   106  3.19999993E-01  4.71997676E+00  0.00000000E+00  4.85391035E-04 -4.49521596E-08  2.
   107  3.40000004E-01  4.71588261E+00  0.00000000E+00  5.10133202E-04 -4.49131677E-08  2.
   108  3.60000014E-01  4.71553563E+00  0.00000000E+00  5.33843229E-04 -4.49098632E-08  2.
   109  3.79999995E-01  4.71490625E+00  0.00000000E+00  5.56501505E-04 -4.49038690E-08  2.
   110  4.00000006E-01  4.71119563E+00  0.00000000E+00  5.77955958E-04 -4.48685298E-08  2.
   111  4.19999987E-01  4.70823508E+00  0.00000000E+00  5.98274192E-04 -4.48403341E-08  2.
   112  4.39999998E-01  4.70939306E+00  0.00000000E+00  6.17260973E-04 -4.48513625E-08  2.
   113  4.60000008E-01  4.70385157E+00  0.00000000E+00  6.34937518E-04 -4.47985864E-08  2.
   114  4.79999989E-01  4.70250503E+00  0.00000000E+00  6.51241168E-04 -4.47857622E-08  2.
   115  5.00000000E-01  4.70312628E+00  0.00000000E+00  6.66072163E-04 -4.47916789E-08  2.
   116  5.19999981E-01  4.69492584E+00  0.00000000E+00  6.79453068E-04 -4.47135795E-08  2.
   117  5.40000021E-01  4.69984080E+00  0.00000000E+00  6.91232515E-04 -4.47603886E-08  2.
   118  5.60000002E-01  4.69153962E+00  0.00000000E+00  7.01389090E-04 -4.46813298E-08  2.
   119  5.79999983E-01  4.69503915E+00  0.00000000E+00  7.09855219E-04 -4.47146585E-08  2.
   120  6.00000024E-01  4.68934232E+00  0.00000000E+00  7.16573488E-04 -4.46604031E-08  2.
   121  6.20000005E-01  4.69122534E+00  0.00000000E+00  7.21478550E-04 -4.46783366E-08  2.
   122  6.39999986E-01  4.68750892E+00  0.00000000E+00  7.24509371E-04 -4.46429421E-08  2.
   123  6.60000026E-01  4.68994248E+00  0.00000000E+00  7.25645982E-04 -4.46661189E-08  2.
   124  6.80000007E-01  4.68743127E+00  0.00000000E+00  7.24775831E-04 -4.46422026E-08  2.
   125  6.99999988E-01  4.69008435E+00  0.00000000E+00  7.21901013E-04 -4.46674700E-08  2.
   126  7.20000029E-01  4.69659181E+00  0.00000000E+00  7.17048929E-04 -4.47294459E-08  2.
   127  7.40000010E-01  4.68992970E+00  0.00000000E+00  7.09760011E-04 -4.46659971E-08  2.
   128  7.59999990E-01  4.68672527E+00  0.00000000E+00  7.00367811E-04 -4.46354787E-08  2.
   129  7.79999971E-01  4.68566918E+00  0.00000000E+00  6.88709422E-04 -4.46254208E-08  2.
   130  8.00000012E-01  4.68949636E+00  0.00000000E+00  6.74728193E-04 -4.46618701E-08  2.
   131  8.19999993E-01  4.68309742E+00  0.00000000E+00  6.58346636E-04 -4.46009278E-08  2.
   132  8.39999974E-01  4.68778172E+00  0.00000000E+00  6.39502258E-04 -4.46455402E-08  2.
   133  8.60000014E-01  4.68996455E+00  0.00000000E+00  6.18132881E-04 -4.46663290E-08  2.
   134  8.79999995E-01  4.68582565E+00  0.00000000E+00  5.94176342E-04 -4.46269109E-08  2.
   135  8.99999976E-01  4.68954029E+00  0.00000000E+00  5.67539919E-04 -4.46622885E-08  2.
   136  9.20000017E-01  4.69210068E+00  0.00000000E+00  5.38254023E-04 -4.46866731E-08  2.
   137  9.39999998E-01  4.69245266E+00  0.00000000E+00  5.06163212E-04 -4.46900253E-08  2.
   138  9.59999979E-01  4.69010300E+00  0.00000000E+00  4.71261015E-04 -4.46676477E-08  2.
   139  9.80000019E-01  4.69379700E+00  0.00000000E+00  4.33476427E-04 -4.47028286E-08  2.
   140  1.00000000E+00  4.69528193E+00  0.00000000E+00  3.92702956E-04 -4.47169708E-08  2.
   141  1.01999998E+00  4.69511820E+00  0.00000000E+00  3.48942833E-04 -4.47154115E-08  2.
   142  1.03999996E+00  4.69669144E+00  0.00000000E+00  3.02092568E-04 -4.47303947E-08  2.
   143  1.05999994E+00  4.69428632E+00  0.00000000E+00  2.52138387E-04 -4.47074888E-08  2.
   144  1.08000004E+00  4.69393273E+00  0.00000000E+00  1.98990418E-04 -4.47041213E-08  2.
   145  1.10000002E+00  4.71630252E+00  0.00000000E+00  1.42575003E-04 -4.49171669E-08  2.
   146  1.12000000E+00  4.54797095E+00  0.00000000E+00  8.28824449E-05 -4.33140090E-08  2.
   147  1.13999999E+00  5.28001195E+00  0.00000000E+00  1.98987226E-05 -5.02858281E-08  2.
   148  1.15999997E+00  0.00000000E+00  0.00000000E+00  0.00000000E+00  6.64907346E-04  0.
   149  1.17999995E+00  0.00000000E+00  0.00000000E+00  0.00000000E+00  1.80091389E-03  0.
   150  1.20000005E+00  0.00000000E+00  0.00000000E+00  0.00000000E+00  2.99556464E-03  0.
   151  1.22000003E+00  0.00000000E+00  0.00000000E+00  0.00000000E+00  4.20346807E-03  0.
   152  1.24000001E+00  0.00000000E+00  0.00000000E+00  0.00000000E+00  5.43142308E-03  0.
   153  1.25999999E+00  0.00000000E+00  0.00000000E+00  0.00000000E+00  6.67941250E-03  0.
   154  1.27999997E+00  0.00000000E+00  0.00000000E+00  0.00000000E+00  7.94740484E-03  0.
   155  1.29999995E+00  0.00000000E+00  0.00000000E+00  0.00000000E+00  9.23538332E-03  0.
   156  1.32000005E+00  0.00000000E+00  0.00000000E+00  0.00000000E+00  1.05433420E-02  0.
   157  1.34000003E+00  0.00000000E+00  0.00000000E+00  0.00000000E+00  1.18712497E-02  0.
   158  1.36000001E+00  0.00000000E+00  0.00000000E+00  0.00000000E+00  1.32191062E-02  0.
   159  1.38000000E+00  0.00000000E+00  0.00000000E+00  0.00000000E+00  1.45869044E-02  0.
   160  1.39999998E+00  0.00000000E+00  0.00000000E+00  0.00000000E+00  1.59746371E-02  0.
   161  1.41999996E+00  0.00000000E+00  0.00000000E+00  0.00000000E+00  1.73822866E-02  0.
   162  1.44000006E+00  0.00000000E+00  0.00000000E+00  0.00000000E+00  1.88098700E-02  0.
   163  1.46000004E+00  0.00000000E+00  0.00000000E+00  0.00000000E+00  2.02573552E-02  0.
   164  1.48000002E+00  0.00000000E+00  0.00000000E+00  0.00000000E+00  2.17247428E-02  0.
   165  1.50000000E+00  0.00000000E+00  0.00000000E+00  0.00000000E+00  2.32120302E-02  0.
   166  1.51999998E+00  0.00000000E+00  0.00000000E+00  0.00000000E+00  2.47192088E-02  0.
   167  1.53999996E+00  0.00000000E+00  0.00000000E+00  0.00000000E+00  2.62462711E-02  0.
   168  1.55999994E+00  0.00000000E+00  0.00000000E+00  0.00000000E+00  2.77932136E-02  0.
   169  1.58000004E+00  0.00000000E+00  0.00000000E+00  0.00000000E+00  2.93600357E-02  0.
   170  1.60000002E+00  0.00000000E+00  0.00000000E+00  0.00000000E+00  3.09467162E-02  0.
   171  1.62000000E+00  0.00000000E+00  0.00000000E+00  0.00000000E+00  3.25532569E-02  0.
   172  1.63999999E+00  0.00000000E+00  0.00000000E+00  0.00000000E+00  3.41796551E-02  0.
   173  1.65999997E+00  0.00000000E+00  0.00000000E+00  0.00000000E+00  3.58259015E-02  0.
   174  1.67999995E+00  0.00000000E+00  0.00000000E+00  0.00000000E+00  3.74919905E-02  0.
   175  1.70000005E+00  0.00000000E+00  0.00000000E+00  0.00000000E+00  3.91779259E-02  0.
   176  1.72000003E+00  0.00000000E+00  0.00000000E+00  0.00000000E+00  4.08836845E-02  0.
   177  1.74000001E+00  0.00000000E+00  0.00000000E+00  0.00000000E+00  4.26092718E-02  0.
   178  1.75999999E+00  0.00000000E+00  0.00000000E+00  0.00000000E+00  4.43546770E-02  0.
   179  1.77999997E+00  0.00000000E+00  0.00000000E+00  0.00000000E+00  4.61198923E-02  0.
STEP  32 TIME  3.00020000E+04
     1 -1.77999997E+00  0.00000000E+00  0.00000000E+00  0.00000000E+00  4.53646374E-02  0.
     2 -1.75999999E+00  0.00000000E+00  0.00000000E+00  0.00000000E+00  4.35993565E-02  0.
     3 -1.74000001E+00  0.00000000E+00  0.00000000E+00  0.00000000E+00  4.18538855E-02  0.
     4 -1.72000003E+00  0.00000000E+00  0.00000000E+00  0.00000000E+00  4.01282333E-02  0.
     5 -1.70000005E+00  0.00000000E+00  0.00000000E+00  0.00000000E+00  3.84224105E-02  0.
     6 -1.67999995E+00  0.00000000E+00  0.00000000E+00  0.00000000E+00  3.67364115E-02  0.
     7 -1.65999997E+00  0.00000000E+00  0.00000000E+00  0.00000000E+00  3.50702598E-02  0.
     8 -1.63999999E+00  0.00000000E+00  0.00000000E+00  0.00000000E+00  3.34239517E-02  0.
     9 -1.62000000E+00  0.00000000E+00  0.00000000E+00  0.00000000E+00  3.17974925E-02  0.
    10 -1.60000002E+00  0.00000000E+00  0.00000000E+00  0.00000000E+00  3.01908915E-02  0.
    11 -1.58000004E+00  0.00000000E+00  0.00000000E+00  0.00000000E+00  2.86041515E-02  0.
    12 -1.55999994E+00  0.00000000E+00  0.00000000E+00  0.00000000E+00  2.70372708E-02  0.
    13 -1.53999996E+00  0.00000000E+00  0.00000000E+00  0.00000000E+00  2.54902705E-02  0.
    14 -1.51999998E+00  0.00000000E+00  0.00000000E+00  0.00000000E+00  2.39631511E-02  0.
    15 -1.50000000E+00  0.00000000E+00  0.00000000E+00  0.00000000E+00  2.24559163E-02  0.
    16 -1.48000002E+00  0.00000000E+00  0.00000000E+00  0.00000000E+00  2.09685767E-02  0.
    17 -1.46000004E+00  0.00000000E+00  0.00000000E+00  0.00000000E+00  1.95011333E-02  0.
    18 -1.44000006E+00  0.00000000E+00  0.00000000E+00  0.00000000E+00  1.80535944E-02  0.
    19 -1.41999996E+00  0.00000000E+00  0.00000000E+00  0.00000000E+00  1.66259595E-02  0.
    20 -1.39999998E+00  0.00000000E+00  0.00000000E+00  0.00000000E+00  1.52182583E-02  0.
    21 -1.38000000E+00  0.00000000E+00  0.00000000E+00  0.00000000E+00  1.38304759E-02  0.
    22 -1.36000001E+00  0.00000000E+00  0.00000000E+00  0.00000000E+00  1.24626282E-02  0.
    23 -1.34000003E+00  0.00000000E+00  0.00000000E+00  0.00000000E+00  1.11147223E-02  0.
    24 -1.32000005E+00  0.00000000E+00  0.00000000E+00  0.00000000E+00  9.78676619E-03  0.
    25 -1.29999995E+00  0.00000000E+00  0.00000000E+00  0.00000000E+00  8.47876013E-03  0.
    26 -1.27999997E+00  0.00000000E+00  0.00000000E+00  0.00000000E+00  7.19073550E-03  0.
    27 -1.25999999E+00  0.00000000E+00  0.00000000E+00  0.00000000E+00  5.92269841E-03  0.
    28 -1.24000001E+00  0.00000000E+00  0.00000000E+00  0.00000000E+00  4.67466547E-03  0.
    29 -1.22000003E+00  0.00000000E+00  0.00000000E+00  0.00000000E+00  3.44667063E-03  0.
    30 -1.20000005E+00  0.00000000E+00  0.00000000E+00  0.00000000E+00  2.23872597E-03  0.
    31 -1.17999995E+00  0.00000000E+00  0.00000000E+00  0.00000000E+00  1.02704080E-03  0.
    32 -1.15999997E+00  0.00000000E+00  0.00000000E+00  0.00000000E+00  3.72310411E-05  0.
    33 -1.13999999E+00  5.63461186E+00  0.00000000E+00  6.29883231E-05 -5.36629701E-08  2.
    34 -1.12000000E+00  4.36688486E+00  0.00000000E+00  1.25270708E-04 -4.15893796E-08  2.
    35 -1.10000002E+00  4.78997779E+00  0.00000000E+00  1.84205545E-04 -4.56188361E-08  2.
    36 -1.08000004E+00  4.66669314E+00  0.00000000E+00  2.39874634E-04 -4.44446966E-08  2.
    37 -1.05999994E+00  4.70418225E+00  0.00000000E+00  2.92271916E-04 -4.48017357E-08  2.
    38 -1.03999996E+00  4.69335842E+00  0.00000000E+00  3.41475938E-04 -4.46986517E-08  2.
    39 -1.01999998E+00  4.69674150E+00  0.00000000E+00  3.87576955E-04 -4.47308714E-08  2.
    40 -1.00000000E+00  4.69333004E+00  0.00000000E+00  4.30575400E-04 -4.46983814E-08  2.
    41 -9.80000019E-01  4.69607348E+00  0.00000000E+00  4.70581608E-04 -4.47245093E-08  2.
    42 -9.59999979E-01  4.69699298E+00  0.00000000E+00  5.07604624E-04 -4.47332664E-08  2.
    43 -9.39999998E-01  4.69831109E+00  0.00000000E+00  5.41744542E-04 -4.47458199E-08  2.
    44 -9.20000017E-01  4.69454103E+00  0.00000000E+00  5.73070465E-04 -4.47099146E-08  2.
    45 -8.99999976E-01  4.69712551E+00  0.00000000E+00  6.01597012E-04 -4.47345287E-08  2.
    46 -8.79999995E-01  4.70015724E+00  0.00000000E+00  6.27479260E-04 -4.47634023E-08  2.
    47 -8.60000014E-01  4.69858352E+00  0.00000000E+00  6.50679009E-04 -4.47484144E-08  2.
    48 -8.39999974E-01  4.69684035E+00  0.00000000E+00  6.71291107E-04 -4.47318129E-08  2.
    49 -8.19999993E-01  4.70364687E+00  0.00000000E+00  6.89377920E-04 -4.47966368E-08  2.
    50 -8.00000012E-01  4.70033650E+00  0.00000000E+00  7.05001154E-04 -4.47651095E-08  2.
    51 -7.79999971E-01  4.70258723E+00  0.00000000E+00  7.18238633E-04 -4.47865451E-08  2.
    52 -7.59999990E-01  4.70609426E+00  0.00000000E+00  7.29148270E-04 -4.48199453E-08  2.
    53 -7.41593310E-01  4.71268586E+00  0.00000000E+00  7.37935893E-04 -4.48827225E-08  2.
    54 -7.20000029E-01  4.70544947E+00  0.00000000E+00  7.44173850E-04 -4.48138045E-08  2.
    55 -6.99999988E-01  4.70428951E+00  0.00000000E+00  7.48421841E-04 -4.48027573E-08  2.
    56 -6.80000007E-01  4.70321414E+00  0.00000000E+00  7.50555519E-04 -4.47925156E-08  2.
    57 -6.60000026E-01  4.70361650E+00  0.00000000E+00  7.50664951E-04 -4.47963476E-08  2.
    58 -6.39999986E-01  4.70177420E+00  0.00000000E+00  7.48772780E-04 -4.47788019E-08  2.
    59 -6.20000005E-01  4.70379469E+00  0.00000000E+00  7.44986148E-04 -4.47980446E-08  2.
    60 -6.00000024E-01  4.70198366E+00  0.00000000E+00  7.39324715E-04 -4.47807967E-08  2.
    61 -5.79999983E-01  4.70296102E+00  0.00000000E+00  7.31849809E-04 -4.47901049E-08  2.
    62 -5.60000002E-01  4.70401364E+00  0.00000000E+00  7.22626950E-04 -4.48001299E-08  2.
    63 -5.40000021E-01  4.70140755E+00  0.00000000E+00  7.11713783E-04 -4.47753100E-08  2.
    64 -5.19999981E-01  4.70658802E+00  0.00000000E+00  6.99178131E-04 -4.48246478E-08  2.
    65 -5.00000000E-01  4.70061127E+00  0.00000000E+00  6.85046222E-04 -4.47677264E-08  2.
    66 -4.79999989E-01  4.70651177E+00  0.00000000E+00  6.69460387E-04 -4.48239216E-08  2.
    67 -4.60000008E-01  4.70471051E+00  0.00000000E+00  6.52390737E-04 -4.48067668E-08  2.
    68 -4.39999998E-01  4.70358778E+00  0.00000000E+00  6.33949656E-04 -4.47960741E-08  2.
    69 -4.19999987E-01  4.70729393E+00  0.00000000E+00  6.14201980E-04 -4.48313708E-08  2.
    70 -4.00000006E-01  4.70575524E+00  0.00000000E+00  5.93123547E-04 -4.48167166E-08  2.
    71 -3.79999995E-01  4.70506011E+00  0.00000000E+00  5.70909231E-04 -4.48100963E-08  2.
    72 -3.60000014E-01  4.70796846E+00  0.00000000E+00  5.47491304E-04 -4.48377949E-08  2.
    73 -3.40000004E-01  4.70799075E+00  0.00000000E+00  5.23021790E-04 -4.48380071E-08  2.
    74 -3.19999993E-01  4.70614314E+00  0.00000000E+00  4.97520145E-04 -4.48204109E-08  2.
    75 -3.00000012E-01  4.70813023E+00  0.00000000E+00  4.71049042E-04 -4.48393355E-08  2.
    76 -2.80000001E-01  4.70909060E+00  0.00000000E+00  4.43718324E-04 -4.48484819E-08  2.
    77 -2.59999990E-01  4.70923761E+00  0.00000000E+00  4.15500061E-04 -4.48498820E-08  2.
    78 -2.39999995E-01  4.70902368E+00  0.00000000E+00  3.86501389E-04 -4.48478446E-08  2.
    79 -2.19999999E-01  4.70831449E+00  0.00000000E+00  3.56749179E-04 -4.48410904E-08  2.
    80 -2.00000003E-01  4.70985829E+00  0.00000000E+00  3.26389123E-04 -4.48557933E-08  2.
    81 -1.80000007E-01  4.71022437E+00  0.00000000E+00  2.95403169E-04 -4.48592797E-08  2.
    82 -1.59999996E-01  4.71054468E+00  0.00000000E+00  2.63896230E-04 -4.48623303E-08  2.
    83 -1.40000001E-01  4.71063257E+00  0.00000000E+00  2.31892088E-04 -4.48631673E-08  2.
    84 -1.19999997E-01  4.71065582E+00  0.00000000E+00  1.99457657E-04 -4.48633888E-08  2.
    85 -1.00000001E-01  4.71064289E+00  0.00000000E+00  1.66692332E-04 -4.48632656E-08  2.
    86 -7.99999982E-02  4.71063498E+00  0.00000000E+00  1.33655096E-04 -4.48631903E-08  2.
    87 -5.99999987E-02  4.71064327E+00  0.00000000E+00  1.00342820E-04 -4.48632692E-08  2.
    88 -3.99999991E-02  4.71066739E+00  0.00000000E+00  6.70510420E-05 -4.48634989E-08  2.
    89 -1.99999996E-02  4.71069850E+00  0.00000000E+00  3.35296998E-05 -4.48637952E-08  2.
    90  0.00000000E+00  4.71070938E+00  0.00000000E+00  9.25800754E-14 -4.48638988E-08  2.
    91  1.99999996E-02  4.71069850E+00  0.00000000E+00  3.35296998E-05 -4.48637952E-08  2.
    92  3.99999991E-02  4.71066739E+00  0.00000000E+00  6.70510420E-05 -4.48634989E-08  2.
    93  5.99999987E-02  4.71064327E+00  0.00000000E+00  1.00342820E-04 -4.48632692E-08  2.
    94  7.99999982E-02  4.71063498E+00  0.00000000E+00  1.33655096E-04 -4.48631903E-08  2.
    95  1.00000001E-01  4.71064289E+00  0.00000000E+00  1.66692332E-04 -4.48632656E-08  2.
    96  1.19999997E-01  4.71065582E+00  0.00000000E+00  1.99457657E-04 -4.48633888E-08  2.
    97  1.40000001E-01  4.71063257E+00  0.00000000E+00  2.31892088E-04 -4.48631673E-08  2.
    98  1.59999996E-01  4.71054468E+00  0.00000000E+00  2.63896230E-04 -4.48623303E-08  2.
    99  1.80000007E-01  4.71022437E+00  0.00000000E+00  2.95403169E-04 -4.48592797E-08  2.
   100  2.00000003E-01  4.70985829E+00  0.00000000E+00  3.26389123E-04 -4.48557933E-08  2.
   101  2.19999999E-01  4.70831449E+00  0.00000000E+00  3.56749179E-04 -4.48410904E-08  2.
   102  2.39999995E-01  4.70902368E+00  0.00000000E+00  3.86501389E-04 -4.48478446E-08  2.
   103  2.59999990E-01  4.70923761E+00  0.00000000E+00  4.15500061E-04 -4.48498820E-08  2.
   104  2.80000001E-01  4.70909060E+00  0.00000000E+00  4.43718324E-04 -4.48484819E-08  2.
   105  3.00000012E-01  4.70813023E+00  0.00000000E+00  4.71049042E-04 -4.48393355E-08  2.
   106  3.19999993E-01  4.70614314E+00  0.00000000E+00  4.97520145E-04 -4.48204109E-08  2.
   107  3.40000004E-01  4.70799075E+00  0.00000000E+00  5.23021790E-04 -4.48380071E-08  2.
   108  3.60000014E-01  4.70796846E+00  0.00000000E+00  5.47491304E-04 -4.48377949E-08  2.
   109  3.79999995E-01  4.70506011E+00  0.00000000E+00  5.70909231E-04 -4.48100963E-08  2.
   110  4.00000006E-01  4.70575524E+00  0.00000000E+00  5.93123547E-04 -4.48167166E-08  2.
   111  4.19999987E-01  4.70729393E+00  0.00000000E+00  6.14201980E-04 -4.48313708E-08  2.
   112  4.39999998E-01  4.70358778E+00  0.00000000E+00  6.33949656E-04 -4.47960741E-08  2.
   113  4.60000008E-01  4.70471051E+00  0.00000000E+00  6.52390737E-04 -4.48067668E-08  2.
   114  4.79999989E-01  4.70651177E+00  0.00000000E+00  6.69460387E-04 -4.48239216E-08  2.
   115  5.00000000E-01  4.70061127E+00  0.00000000E+00  6.85046222E-04 -4.47677264E-08  2.
   116  5.19999981E-01  4.70658802E+00  0.00000000E+00  6.99178131E-04 -4.48246478E-08  2.
   117  5.40000021E-01  4.70140755E+00  0.00000000E+00  7.11713783E-04 -4.47753100E-08  2.
   118  5.60000002E-01  4.70401364E+00  0.00000000E+00  7.22626950E-04 -4.48001299E-08  2.
   119  5.79999983E-01  4.70296102E+00  0.00000000E+00  7.31849809E-04 -4.47901050E-08  2.
   120  6.00000024E-01  4.70198365E+00  0.00000000E+00  7.39324715E-04 -4.47807967E-08  2.
   121  6.20000005E-01  4.70379469E+00  0.00000000E+00  7.44986148E-04 -4.47980446E-08  2.
   122  6.39999986E-01  4.70177420E+00  0.00000000E+00  7.48772780E-04 -4.47788019E-08  2.
   123  6.60000026E-01  4.70361650E+00  0.00000000E+00  7.50664951E-04 -4.47963476E-08  2.
   124  6.80000007E-01  4.70321414E+00  0.00000000E+00  7.50555519E-04 -4.47925156E-08  2.
   125  6.99999988E-01  4.70428951E+00  0.00000000E+00  7.48421841E-04 -4.48027573E-08  2.
   126  7.20000029E-01  4.70544947E+00  0.00000000E+00  7.44173850E-04 -4.48138045E-08  2.
   127  7.40000010E-01  4.71268586E+00  0.00000000E+00  7.37935893E-04 -4.48827225E-08  2.
   128  7.59999990E-01  4.70609426E+00  0.00000000E+00  7.29148270E-04 -4.48199453E-08  2.
   129  7.79999971E-01  4.70258723E+00  0.00000000E+00  7.18238633E-04 -4.47865451E-08  2.
   130  8.00000012E-01  4.70033650E+00  0.00000000E+00  7.05001154E-04 -4.47651095E-08  2.
   131  8.19999993E-01  4.70364687E+00  0.00000000E+00  6.89377920E-04 -4.47966368E-08  2.
   132  8.39999974E-01  4.69684035E+00  0.00000000E+00  6.71291107E-04 -4.47318129E-08  2.
   133  8.60000014E-01  4.69858351E+00  0.00000000E+00  6.50679009E-04 -4.47484144E-08  2.
   134  8.79999995E-01  4.70015724E+00  0.00000000E+00  6.27479260E-04 -4.47634022E-08  2.
   135  8.99999976E-01  4.69712551E+00  0.00000000E+00  6.01597012E-04 -4.47345287E-08  2.
   136  9.20000017E-01  4.69454103E+00  0.00000000E+00  5.73070465E-04 -4.47099146E-08  2.
   137  9.39999998E-01  4.69831109E+00  0.00000000E+00  5.41744542E-04 -4.47458199E-08  2.
   138  9.59999979E-01  4.69699298E+00  0.00000000E+00  5.07604624E-04 -4.47332664E-08  2.
   139  9.80000019E-01  4.69607348E+00  0.00000000E+00  4.70581608E-04 -4.47245093E-08  2.
   140  1.00000000E+00  4.69333004E+00  0.00000000E+00  4.30575400E-04 -4.46983814E-08  2.
   141  1.01999998E+00  4.69674149E+00  0.00000000E+00  3.87576955E-04 -4.47308714E-08  2.
   142  1.03999996E+00  4.69335842E+00  0.00000000E+00  3.41475938E-04 -4.46986517E-08  2.
   143  1.05999994E+00  4.70418225E+00  0.00000000E+00  2.92271916E-04 -4.48017357E-08  2.
   144  1.08000004E+00  4.66669314E+00  0.00000000E+00  2.39874634E-04 -4.44446966E-08  2.
   145  1.10000002E+00  4.78997779E+00  0.00000000E+00  1.84205545E-04 -4.56188361E-08  2.
   146  1.12000000E+00  4.36688486E+00  0.00000000E+00  1.25270708E-04 -4.15893796E-08  2.
   147  1.13999999E+00  5.63461186E+00  0.00000000E+00  6.29883231E-05 -5.36629701E-08  2.
   148  1.15999997E+00  0.00000000E+00  0.00000000E+00  0.00000000E+00  3.72310411E-05  0.
   149  1.17999995E+00  0.00000000E+00  0.00000000E+00  0.00000000E+00  1.02704080E-03  0.
   150  1.20000005E+00  0.00000000E+00  0.00000000E+00  0.00000000E+00  2.23872597E-03  0.
   151  1.22000003E+00  0.00000000E+00  0.00000000E+00  0.00000000E+00  3.44667063E-03  0.
   152  1.24000001E+00  0.00000000E+00  0.00000000E+00  0.00000000E+00  4.67466547E-03  0.
   153  1.25999999E+00  0.00000000E+00  0.00000000E+00  0.00000000E+00  5.92269841E-03  0.
   154  1.27999997E+00  0.00000000E+00  0.00000000E+00  0.00000000E+00  7.19073550E-03  0.
   155  1.29999995E+00  0.00000000E+00  0.00000000E+00  0.00000000E+00  8.47876013E-03  0.
   156  1.32000005E+00  0.00000000E+00  0.00000000E+00  0.00000000E+00  9.78676619E-03  0.
   157  1.34000003E+00  0.00000000E+00  0.00000000E+00  0.00000000E+00  1.11147223E-02  0.
   158  1.36000001E+00  0.00000000E+00  0.00000000E+00  0.00000000E+00  1.24626282E-02  0.
   159  1.38000000E+00  0.00000000E+00  0.00000000E+00  0.00000000E+00  1.38304759E-02  0.
   160  1.39999998E+00  0.00000000E+00  0.00000000E+00  0.00000000E+00  1.52182583E-02  0.
   161  1.41999996E+00  0.00000000E+00  0.00000000E+00  0.00000000E+00  1.66259595E-02  0.
   162  1.44000006E+00  0.00000000E+00  0.00000000E+00  0.00000000E+00  1.80535944E-02  0.
   163  1.46000004E+00  0.00000000E+00  0.00000000E+00  0.00000000E+00  1.95011333E-02  0.
   164  1.48000002E+00  0.00000000E+00  0.00000000E+00  0.00000000E+00  2.09685767E-02  0.
   165  1.50000000E+00  0.00000000E+00  0.00000000E+00  0.00000000E+00  2.24559163E-02  0.
   166  1.51999998E+00  0.00000000E+00  0.00000000E+00  0.00000000E+00  2.39631511E-02  0.
   167  1.53999996E+00  0.00000000E+00  0.00000000E+00  0.00000000E+00  2.54902705E-02  0.
   168  1.55999994E+00  0.00000000E+00  0.00000000E+00  0.00000000E+00  2.70372708E-02  0.
   169  1.58000004E+00  0.00000000E+00  0.00000000E+00  0.00000000E+00  2.86041515E-02  0.
   170  1.60000002E+00  0.00000000E+00  0.00000000E+00  0.00000000E+00  3.01908915E-02  0.
   171  1.62000000E+00  0.00000000E+00  0.00000000E+00  0.00000000E+00  3.17974925E-02  0.
   172  1.63999999E+00  0.00000000E+00  0.00000000E+00  0.00000000E+00  3.34239517E-02  0.
   173  1.65999997E+00  0.00000000E+00  0.00000000E+00  0.00000000E+00  3.50702598E-02  0.
   174  1.67999995E+00  0.00000000E+00  0.00000000E+00  0.00000000E+00  3.67364115E-02  0.
   175  1.70000005E+00  0.00000000E+00  0.00000000E+00  0.00000000E+00  3.84224105E-02  0.
   176  1.72000003E+00  0.00000000E+00  0.00000000E+00  0.00000000E+00  4.01282333E-02  0.
   177  1.74000001E+00  0.00000000E+00  0.00000000E+00  0.00000000E+00  4.18538855E-02  0.
   178  1.75999999E+00  0.00000000E+00  0.00000000E+00  0.00000000E+00  4.35993565E-02  0.
   179  1.77999997E+00  0.00000000E+00  0.00000000E+00  0.00000000E+00  4.53646373E-02  0.
STEP  33 TIME  3.10020000E+04
     1 -1.77999997E+00  0.00000000E+00  0.00000000E+00  0.00000000E+00  4.46216862E-02  0.
     2 -1.75999999E+00  0.00000000E+00  0.00000000E+00  0.00000000E+00  4.28563469E-02  0.
     3 -1.74000001E+00  0.00000000E+00  0.00000000E+00  0.00000000E+00  4.11108173E-02  0.
     4 -1.72000003E+00  0.00000000E+00  0.00000000E+00  0.00000000E+00  3.93851078E-02  0.
     5 -1.70000005E+00  0.00000000E+00  0.00000000E+00  0.00000000E+00  3.76792287E-02  0.
     6 -1.67999995E+00  0.00000000E+00  0.00000000E+00  0.00000000E+00  3.59931746E-02  0.
     7 -1.65999997E+00  0.00000000E+00  0.00000000E+00  0.00000000E+00  3.43269691E-02  0.
     8 -1.63999999E+00  0.00000000E+00  0.00000000E+00  0.00000000E+00  3.26806084E-02  0.
     9 -1.62000000E+00  0.00000000E+00  0.00000000E+00  0.00000000E+00  3.10540980E-02  0.
    10 -1.60000002E+00  0.00000000E+00  0.00000000E+00  0.00000000E+00  2.94474473E-02  0.
    11 -1.58000004E+00  0.00000000E+00  0.00000000E+00  0.00000000E+00  2.78606590E-02  0.
    12 -1.55999994E+00  0.00000000E+00  0.00000000E+00  0.00000000E+00  2.62937313E-02  0.
    13 -1.53999996E+00  0.00000000E+00  0.00000000E+00  0.00000000E+00  2.47466861E-02  0.
    14 -1.51999998E+00  0.00000000E+00  0.00000000E+00  0.00000000E+00  2.32195233E-02  0.
    15 -1.50000000E+00  0.00000000E+00  0.00000000E+00  0.00000000E+00  2.17122496E-02  0.
    16 -1.48000002E+00  0.00000000E+00  0.00000000E+00  0.00000000E+00  2.02248704E-02  0.
    17 -1.46000004E+00  0.00000000E+00  0.00000000E+00  0.00000000E+00  1.87573897E-02  0.
    18 -1.44000006E+00  0.00000000E+00  0.00000000E+00  0.00000000E+00  1.73098171E-02  0.
    19 -1.41999996E+00  0.00000000E+00  0.00000000E+00  0.00000000E+00  1.58821518E-02  0.
    20 -1.39999998E+00  0.00000000E+00  0.00000000E+00  0.00000000E+00  1.44744212E-02  0.
    21 -1.38000000E+00  0.00000000E+00  0.00000000E+00  0.00000000E+00  1.30866164E-02  0.
    22 -1.36000001E+00  0.00000000E+00  0.00000000E+00  0.00000000E+00  1.17187478E-02  0.
    23 -1.34000003E+00  0.00000000E+00  0.00000000E+00  0.00000000E+00  1.03708261E-02  0.
    24 -1.32000005E+00  0.00000000E+00  0.00000000E+00  0.00000000E+00  9.04286052E-03  0.
    25 -1.29999995E+00  0.00000000E+00  0.00000000E+00  0.00000000E+00  7.73485238E-03  0.
    26 -1.27999997E+00  0.00000000E+00  0.00000000E+00  0.00000000E+00  6.44683690E-03  0.
    27 -1.25999999E+00  0.00000000E+00  0.00000000E+00  0.00000000E+00  5.17881979E-03  0.
    28 -1.24000001E+00  0.00000000E+00  0.00000000E+00  0.00000000E+00  3.93083562E-03  0.
    29 -1.22000003E+00  0.00000000E+00  0.00000000E+00  0.00000000E+00  2.70289581E-03  0.
    30 -1.20000005E+00  0.00000000E+00  0.00000000E+00  0.00000000E+00  1.48088281E-03  0.
    31 -1.17999995E+00  0.00000000E+00  0.00000000E+00  0.00000000E+00  3.86092337E-04  0.
    32 -1.15999997E+00  5.37090104E+00  0.00000000E+00  4.04993668E-05 -5.11514384E-08  2.
    33 -1.13999999E+00  4.35756800E+00  0.00000000E+00  1.05472846E-04 -4.15006476E-08  2.
    34 -1.12000000E+00  4.67448765E+00  0.00000000E+00  1.66995797E-04 -4.45189300E-08  2.
    35 -1.10000002E+00  4.60275732E+00  0.00000000E+00  2.25200698E-04 -4.38357840E-08  2.
    36 -1.08000004E+00  4.61993574E+00  0.00000000E+00  2.80130655E-04 -4.39993880E-08  2.
    37 -1.05999994E+00  4.61453950E+00  0.00000000E+00  3.31790841E-04 -4.39479953E-08  2.
    38 -1.03999996E+00  4.61444798E+00  0.00000000E+00  3.80261659E-04 -4.39471236E-08  2.
    39 -1.01999998E+00  4.61650844E+00  0.00000000E+00  4.25618238E-04 -4.39667470E-08  2.
    40 -1.00000000E+00  4.61690512E+00  0.00000000E+00  4.67861077E-04 -4.39705250E-08  2.
    41 -9.80000019E-01  4.61788009E+00  0.00000000E+00  5.07119390E-04 -4.39798104E-08  2.
    42 -9.59999979E-01  4.61686627E+00  0.00000000E+00  5.43394120E-04 -4.39701549E-08  2.
    43 -9.39999998E-01  4.61499170E+00  0.00000000E+00  5.76782124E-04 -4.39523019E-08  2.
    44 -9.20000017E-01  4.61917450E+00  0.00000000E+00  6.07361241E-04 -4.39921381E-08  2.
    45 -8.99999976E-01  4.62035909E+00  0.00000000E+00  6.35146207E-04 -4.40034200E-08  2.
    46 -8.79999995E-01  4.61704140E+00  0.00000000E+00  6.60283929E-04 -4.39718228E-08  2.
    47 -8.60000014E-01  4.61908047E+00  0.00000000E+00  6.82738537E-04 -4.39912426E-08  2.
    48 -8.39999974E-01  4.62372057E+00  0.00000000E+00  7.02605066E-04 -4.40354340E-08  2.
    49 -8.19999993E-01  4.61987947E+00  0.00000000E+00  7.19945541E-04 -4.39988521E-08  2.
    50 -8.00000012E-01  4.62357250E+00  0.00000000E+00  7.34835055E-04 -4.40340238E-08  2.
    51 -7.79999971E-01  4.62576468E+00  0.00000000E+00  7.47336939E-04 -4.40549017E-08  2.
    52 -7.61469602E-01  4.63272997E+00  0.00000000E+00  7.57656394E-04 -4.41212378E-08  2.
    53 -7.40000010E-01  4.62531637E+00  0.00000000E+00  7.65396157E-04 -4.40506321E-08  2.
    54 -7.20000029E-01  4.62534938E+00  0.00000000E+00  7.71044919E-04 -4.40509465E-08  2.
    55 -6.99999988E-01  4.62269258E+00  0.00000000E+00  7.74560779E-04 -4.40256436E-08  2.
    56 -6.80000007E-01  4.62585793E+00  0.00000000E+00  7.75944917E-04 -4.40557898E-08  2.
    57 -6.60000026E-01  4.62047996E+00  0.00000000E+00  7.75310118E-04 -4.40045710E-08  2.
    58 -6.39999986E-01  4.62688244E+00  0.00000000E+00  7.72673185E-04 -4.40655471E-08  2.
    59 -6.20000005E-01  4.62015014E+00  0.00000000E+00  7.68141407E-04 -4.40014299E-08  2.
    60 -6.00000024E-01  4.62692896E+00  0.00000000E+00  7.61734531E-04 -4.40659901E-08  2.
    61 -5.79999983E-01  4.62173655E+00  0.00000000E+00  7.53514243E-04 -4.40165385E-08  2.
    62 -5.60000002E-01  4.62585612E+00  0.00000000E+00  7.43546285E-04 -4.40557726E-08  2.
    63 -5.40000021E-01  4.62478571E+00  0.00000000E+00  7.31890561E-04 -4.40455782E-08  2.
    64 -5.19999981E-01  4.62378260E+00  0.00000000E+00  7.18614442E-04 -4.40360247E-08  2.
    65 -5.00000000E-01  4.62833938E+00  0.00000000E+00  7.03731550E-04 -4.40794227E-08  2.
    66 -4.79999989E-01  4.62300233E+00  0.00000000E+00  6.87389851E-04 -4.40285936E-08  2.
    67 -4.60000008E-01  4.62841308E+00  0.00000000E+00  6.69570259E-04 -4.40801246E-08  2.
    68 -4.39999998E-01  4.62786543E+00  0.00000000E+00  6.50380196E-04 -4.40749089E-08  2.
    69 -4.19999987E-01  4.62549355E+00  0.00000000E+00  6.29883909E-04 -4.40523195E-08  2.
    70 -4.00000006E-01  4.62955886E+00  0.00000000E+00  6.08057066E-04 -4.40910368E-08  2.
    71 -3.79999995E-01  4.62947675E+00  0.00000000E+00  5.85094525E-04 -4.40902547E-08  2.
    72 -3.60000014E-01  4.62707357E+00  0.00000000E+00  5.60928324E-04 -4.40673673E-08  2.
    73 -3.40000004E-01  4.63046464E+00  0.00000000E+00  5.35710392E-04 -4.40996633E-08  2.
    74 -3.19999993E-01  4.63078814E+00  0.00000000E+00  5.09460118E-04 -4.41027441E-08  2.
    75 -3.00000012E-01  4.63081769E+00  0.00000000E+00  4.82239775E-04 -4.41030256E-08  2.
    76 -2.80000001E-01  4.62946770E+00  0.00000000E+00  4.54158477E-04 -4.40901686E-08  2.
    77 -2.59999990E-01  4.63182609E+00  0.00000000E+00  4.25190482E-04 -4.41126294E-08  2.
    78 -2.39999995E-01  4.63226474E+00  0.00000000E+00  3.95445172E-04 -4.41168070E-08  2.
    79 -2.19999999E-01  4.63254505E+00  0.00000000E+00  3.64948842E-04 -4.41194766E-08  2.
    80 -2.00000003E-01  4.63250334E+00  0.00000000E+00  3.33844992E-04 -4.41190794E-08  2.
    81 -1.80000007E-01  4.63206145E+00  0.00000000E+00  3.02114058E-04 -4.41148709E-08  2.
    82 -1.59999996E-01  4.63253653E+00  0.00000000E+00  2.69861778E-04 -4.41193955E-08  2.
    83 -1.40000001E-01  4.63321331E+00  0.00000000E+00  2.37112112E-04 -4.41258411E-08  2.
    84 -1.19999997E-01  4.63349173E+00  0.00000000E+00  2.03932056E-04 -4.41284927E-08  2.
    85 -1.00000001E-01  4.63367994E+00  0.00000000E+00  1.70421044E-04 -4.41302852E-08  2.
    86 -7.99999982E-02  4.63375482E+00  0.00000000E+00  1.36638090E-04 -4.41309983E-08  2.
    87 -5.99999987E-02  4.63377675E+00  0.00000000E+00  1.02580076E-04 -4.41312072E-08  2.
    88 -3.99999991E-02  4.63374232E+00  0.00000000E+00  6.85425508E-05 -4.41308793E-08  2.
    89 -1.99999996E-02  4.63371225E+00  0.00000000E+00  3.42754563E-05 -4.41305929E-08  2.
    90  0.00000000E+00  4.63356354E+00  0.00000000E+00  9.87378957E-14 -4.41291766E-08  2.
    91  1.99999996E-02  4.63371225E+00  0.00000000E+00  3.42754563E-05 -4.41305929E-08  2.
    92  3.99999991E-02  4.63374232E+00  0.00000000E+00  6.85425508E-05 -4.41308793E-08  2.
    93  5.99999987E-02  4.63377675E+00  0.00000000E+00  1.02580076E-04 -4.41312072E-08  2.
    94  7.99999982E-02  4.63375482E+00  0.00000000E+00  1.36638090E-04 -4.41309983E-08  2.
    95  1.00000001E-01  4.63367994E+00  0.00000000E+00  1.70421044E-04 -4.41302852E-08  2.
    96  1.19999997E-01  4.63349173E+00  0.00000000E+00  2.03932056E-04 -4.41284927E-08  2.
    97  1.40000001E-01  4.63321331E+00  0.00000000E+00  2.37112112E-04 -4.41258411E-08  2.
    98  1.59999996E-01  4.63253653E+00  0.00000000E+00  2.69861778E-04 -4.41193955E-08  2.
    99  1.80000007E-01  4.63206145E+00  0.00000000E+00  3.02114058E-04 -4.41148709E-08  2.
   100  2.00000003E-01  4.63250334E+00  0.00000000E+00  3.33844992E-04 -4.41190794E-08  2.
   101  2.19999999E-01  4.63254504E+00  0.00000000E+00  3.64948842E-04 -4.41194766E-08  2.
   102  2.39999995E-01  4.63226474E+00  0.00000000E+00  3.95445172E-04 -4.41168070E-08  2.
   103  2.59999990E-01  4.63182609E+00  0.00000000E+00  4.25190482E-04 -4.41126294E-08  2.
   104  2.80000001E-01  4.62946770E+00  0.00000000E+00  4.54158477E-04 -4.40901686E-08  2.
   105  3.00000012E-01  4.63081769E+00  0.00000000E+00  4.82239775E-04 -4.41030256E-08  2.
   106  3.19999993E-01  4.63078813E+00  0.00000000E+00  5.09460118E-04 -4.41027441E-08  2.
   107  3.40000004E-01  4.63046465E+00  0.00000000E+00  5.35710392E-04 -4.40996633E-08  2.
   108  3.60000014E-01  4.62707357E+00  0.00000000E+00  5.60928324E-04 -4.40673673E-08  2.
   109  3.79999995E-01  4.62947675E+00  0.00000000E+00  5.85094525E-04 -4.40902547E-08  2.
   110  4.00000006E-01  4.62955886E+00  0.00000000E+00  6.08057066E-04 -4.40910368E-08  2.
   111  4.19999987E-01  4.62549355E+00  0.00000000E+00  6.29883909E-04 -4.40523195E-08  2.
   112  4.39999998E-01  4.62786543E+00  0.00000000E+00  6.50380196E-04 -4.40749089E-08  2.
   113  4.60000008E-01  4.62841308E+00  0.00000000E+00  6.69570259E-04 -4.40801246E-08  2.
   114  4.79999989E-01  4.62300233E+00  0.00000000E+00  6.87389851E-04 -4.40285936E-08  2.
   115  5.00000000E-01  4.62833938E+00  0.00000000E+00  7.03731550E-04 -4.40794227E-08  2.
   116  5.19999981E-01  4.62378260E+00  0.00000000E+00  7.18614442E-04 -4.40360247E-08  2.
   117  5.40000021E-01  4.62478571E+00  0.00000000E+00  7.31890561E-04 -4.40455782E-08  2.
   118  5.60000002E-01  4.62585612E+00  0.00000000E+00  7.43546285E-04 -4.40557726E-08  2.
   119  5.79999983E-01  4.62173655E+00  0.00000000E+00  7.53514243E-04 -4.40165385E-08  2.
   120  6.00000024E-01  4.62692896E+00  0.00000000E+00  7.61734531E-04 -4.40659901E-08  2.
   121  6.20000005E-01  4.62015014E+00  0.00000000E+00  7.68141407E-04 -4.40014299E-08  2.
   122  6.39999986E-01  4.62688244E+00  0.00000000E+00  7.72673185E-04 -4.40655471E-08  2.
   123  6.60000026E-01  4.62047996E+00  0.00000000E+00  7.75310118E-04 -4.40045711E-08  2.
   124  6.80000007E-01  4.62585792E+00  0.00000000E+00  7.75944917E-04 -4.40557898E-08  2.
   125  6.99999988E-01  4.62269258E+00  0.00000000E+00  7.74560779E-04 -4.40256436E-08  2.
   126  7.20000029E-01  4.62534938E+00  0.00000000E+00  7.71044919E-04 -4.40509465E-08  2.
   127  7.40000010E-01  4.62531637E+00  0.00000000E+00  7.65396157E-04 -4.40506321E-08  2.
   128  7.59999990E-01  4.63272997E+00  0.00000000E+00  7.57656394E-04 -4.41212378E-08  2.
   129  7.79999971E-01  4.62576468E+00  0.00000000E+00  7.47336939E-04 -4.40549017E-08  2.
   130  8.00000012E-01  4.62357250E+00  0.00000000E+00  7.34835055E-04 -4.40340238E-08  2.
   131  8.19999993E-01  4.61987947E+00  0.00000000E+00  7.19945541E-04 -4.39988521E-08  2.
   132  8.39999974E-01  4.62372057E+00  0.00000000E+00  7.02605066E-04 -4.40354340E-08  2.
   133  8.60000014E-01  4.61908047E+00  0.00000000E+00  6.82738537E-04 -4.39912426E-08  2.
   134  8.79999995E-01  4.61704140E+00  0.00000000E+00  6.60283929E-04 -4.39718229E-08  2.
   135  8.99999976E-01  4.62035910E+00  0.00000000E+00  6.35146207E-04 -4.40034200E-08  2.
   136  9.20000017E-01  4.61917450E+00  0.00000000E+00  6.07361241E-04 -4.39921381E-08  2.
   137  9.39999998E-01  4.61499170E+00  0.00000000E+00  5.76782124E-04 -4.39523019E-08  2.
   138  9.59999979E-01  4.61686626E+00  0.00000000E+00  5.43394120E-04 -4.39701549E-08  2.
   139  9.80000019E-01  4.61788009E+00  0.00000000E+00  5.07119390E-04 -4.39798104E-08  2.
   140  1.00000000E+00  4.61690512E+00  0.00000000E+00  4.67861077E-04 -4.39705250E-08  2.
   141  1.01999998E+00  4.61650844E+00  0.00000000E+00  4.25618238E-04 -4.39667470E-08  2.
   142  1.03999996E+00  4.61444798E+00  0.00000000E+00  3.80261659E-04 -4.39471236E-08  2.
   143  1.05999994E+00  4.61453950E+00  0.00000000E+00  3.31790841E-04 -4.39479953E-08  2.
   144  1.08000004E+00  4.61993574E+00  0.00000000E+00  2.80130655E-04 -4.39993880E-08  2.
   145  1.10000002E+00  4.60275732E+00  0.00000000E+00  2.25200698E-04 -4.38357840E-08  2.
   146  1.12000000E+00  4.67448765E+00  0.00000000E+00  1.66995797E-04 -4.45189300E-08  2.
   147  1.13999999E+00  4.35756800E+00  0.00000000E+00  1.05472846E-04 -4.15006477E-08  2.
   148  1.15999997E+00  5.37090104E+00  0.00000000E+00  4.04993668E-05 -5.11514384E-08  2.
   149  1.17999995E+00  0.00000000E+00  0.00000000E+00  0.00000000E+00  3.86092337E-04  0.
   150  1.20000005E+00  0.00000000E+00  0.00000000E+00  0.00000000E+00  1.48088281E-03  0.
   151  1.22000003E+00  0.00000000E+00  0.00000000E+00  0.00000000E+00  2.70289581E-03  0.
   152  1.24000001E+00  0.00000000E+00  0.00000000E+00  0.00000000E+00  3.93083562E-03  0.
   153  1.25999999E+00  0.00000000E+00  0.00000000E+00  0.00000000E+00  5.17881979E-03  0.
   154  1.27999997E+00  0.00000000E+00  0.00000000E+00  0.00000000E+00  6.44683690E-03  0.
   155  1.29999995E+00  0.00000000E+00  0.00000000E+00  0.00000000E+00  7.73485238E-03  0.
   156  1.32000005E+00  0.00000000E+00  0.00000000E+00  0.00000000E+00  9.04286052E-03  0.
   157  1.34000003E+00  0.00000000E+00  0.00000000E+00  0.00000000E+00  1.03708261E-02  0.
   158  1.36000001E+00  0.00000000E+00  0.00000000E+00  0.00000000E+00  1.17187478E-02  0.
   159  1.38000000E+00  0.00000000E+00  0.00000000E+00  0.00000000E+00  1.30866164E-02  0.
   160  1.39999998E+00  0.00000000E+00  0.00000000E+00  0.00000000E+00  1.44744212E-02  0.
   161  1.41999996E+00  0.00000000E+00  0.00000000E+00  0.00000000E+00  1.58821518E-02  0.
   162  1.44000006E+00  0.00000000E+00  0.00000000E+00  0.00000000E+00  1.73098171E-02  0.
   163  1.46000004E+00  0.00000000E+00  0.00000000E+00  0.00000000E+00  1.87573897E-02  0.
   164  1.48000002E+00  0.00000000E+00  0.00000000E+00  0.00000000E+00  2.02248704E-02  0.
   165  1.50000000E+00  0.00000000E+00  0.00000000E+00  0.00000000E+00  2.17122496E-02  0.
   166  1.51999998E+00  0.00000000E+00  0.00000000E+00  0.00000000E+00  2.32195233E-02  0.
   167  1.53999996E+00  0.00000000E+00  0.00000000E+00  0.00000000E+00  2.47466861E-02  0.
   168  1.55999994E+00  0.00000000E+00  0.00000000E+00  0.00000000E+00  2.62937313E-02  0.
   169  1.58000004E+00  0.00000000E+00  0.00000000E+00  0.00000000E+00  2.78606590E-02  0.
   170  1.60000002E+00  0.00000000E+00  0.00000000E+00  0.00000000E+00  2.94474473E-02  0.
   171  1.62000000E+00  0.00000000E+00  0.00000000E+00  0.00000000E+00  3.10540980E-02  0.
   172  1.63999999E+00  0.00000000E+00  0.00000000E+00  0.00000000E+00  3.26806084E-02  0.
   173  1.65999997E+00  0.00000000E+00  0.00000000E+00  0.00000000E+00  3.43269691E-02  0.
   174  1.67999995E+00  0.00000000E+00  0.00000000E+00  0.00000000E+00  3.59931746E-02  0.
   175  1.70000005E+00  0.00000000E+00  0.00000000E+00  0.00000000E+00  3.76792287E-02  0.
   176  1.72000003E+00  0.00000000E+00  0.00000000E+00  0.00000000E+00  3.93851078E-02  0.
   177  1.74000001E+00  0.00000000E+00  0.00000000E+00  0.00000000E+00  4.11108173E-02  0.
   178  1.75999999E+00  0.00000000E+00  0.00000000E+00  0.00000000E+00  4.28563469E-02  0.
   179  1.77999997E+00  0.00000000E+00  0.00000000E+00  0.00000000E+00  4.46216861E-02  0.
STEP  34 TIME  3.20020000E+04
     1 -1.77999997E+00  0.00000000E+00  0.00000000E+00  0.00000000E+00  4.38840710E-02  0.
     2 -1.75999999E+00  0.00000000E+00  0.00000000E+00  0.00000000E+00  4.21186744E-02  0.
     3 -1.74000001E+00  0.00000000E+00  0.00000000E+00  0.00000000E+00  4.03730868E-02  0.
     4 -1.72000003E+00  0.00000000E+00  0.00000000E+00  0.00000000E+00  3.86473204E-02  0.
     5 -1.70000005E+00  0.00000000E+00  0.00000000E+00  0.00000000E+00  3.69413856E-02  0.
     6 -1.67999995E+00  0.00000000E+00  0.00000000E+00  0.00000000E+00  3.52552769E-02  0.
     7 -1.65999997E+00  0.00000000E+00  0.00000000E+00  0.00000000E+00  3.35890182E-02  0.
     8 -1.63999999E+00  0.00000000E+00  0.00000000E+00  0.00000000E+00  3.19426056E-02  0.
     9 -1.62000000E+00  0.00000000E+00  0.00000000E+00  0.00000000E+00  3.03160448E-02  0.
    10 -1.60000002E+00  0.00000000E+00  0.00000000E+00  0.00000000E+00  2.87093449E-02  0.
    11 -1.58000004E+00  0.00000000E+00  0.00000000E+00  0.00000000E+00  2.71225090E-02  0.
    12 -1.55999994E+00  0.00000000E+00  0.00000000E+00  0.00000000E+00  2.55555354E-02  0.
    13 -1.53999996E+00  0.00000000E+00  0.00000000E+00  0.00000000E+00  2.40084460E-02  0.
    14 -1.51999998E+00  0.00000000E+00  0.00000000E+00  0.00000000E+00  2.24812420E-02  0.
    15 -1.50000000E+00  0.00000000E+00  0.00000000E+00  0.00000000E+00  2.09739295E-02  0.
    16 -1.48000002E+00  0.00000000E+00  0.00000000E+00  0.00000000E+00  1.94865113E-02  0.
    17 -1.46000004E+00  0.00000000E+00  0.00000000E+00  0.00000000E+00  1.80189955E-02  0.
    18 -1.44000006E+00  0.00000000E+00  0.00000000E+00  0.00000000E+00  1.65713915E-02  0.
    19 -1.41999996E+00  0.00000000E+00  0.00000000E+00  0.00000000E+00  1.51436965E-02  0.
    20 -1.39999998E+00  0.00000000E+00  0.00000000E+00  0.00000000E+00  1.37359400E-02  0.
    21 -1.38000000E+00  0.00000000E+00  0.00000000E+00  0.00000000E+00  1.23481142E-02  0.
    22 -1.36000001E+00  0.00000000E+00  0.00000000E+00  0.00000000E+00  1.09802280E-02  0.
    23 -1.34000003E+00  0.00000000E+00  0.00000000E+00  0.00000000E+00  9.63229497E-03  0.
    24 -1.32000005E+00  0.00000000E+00  0.00000000E+00  0.00000000E+00  8.30432523E-03  0.
    25 -1.29999995E+00  0.00000000E+00  0.00000000E+00  0.00000000E+00  6.99632361E-03  0.
    26 -1.27999997E+00  0.00000000E+00  0.00000000E+00  0.00000000E+00  5.70832536E-03  0.
    27 -1.25999999E+00  0.00000000E+00  0.00000000E+00  0.00000000E+00  4.44035245E-03  0.
    28 -1.24000001E+00  0.00000000E+00  0.00000000E+00  0.00000000E+00  3.19242075E-03  0.
    29 -1.22000003E+00  0.00000000E+00  0.00000000E+00  0.00000000E+00  1.95944921E-03  0.
    30 -1.20000005E+00  0.00000000E+00  0.00000000E+00  0.00000000E+00  7.68094232E-04  0.
    31 -1.17999995E+00  5.03553277E+00  0.00000000E+00  1.56724543E-05 -4.79574550E-08  2.
    32 -1.15999997E+00  4.42578512E+00  0.00000000E+00  8.33872336E-05 -4.21503345E-08  2.
    33 -1.13999999E+00  4.54044704E+00  0.00000000E+00  1.47635575E-04 -4.32423528E-08  2.
    34 -1.12000000E+00  4.53888966E+00  0.00000000E+00  2.08430072E-04 -4.32275206E-08  2.
    35 -1.10000002E+00  4.53228699E+00  0.00000000E+00  2.65903097E-04 -4.31646380E-08  2.
    36 -1.08000004E+00  4.53411385E+00  0.00000000E+00  3.20100462E-04 -4.31820366E-08  2.
    37 -1.05999994E+00  4.53457051E+00  0.00000000E+00  3.71033743E-04 -4.31863858E-08  2.
    38 -1.03999996E+00  4.53305733E+00  0.00000000E+00  4.18766984E-04 -4.31719746E-08  2.
    39 -1.01999998E+00  4.53256551E+00  0.00000000E+00  4.63374145E-04 -4.31672906E-08  2.
    40 -1.00000000E+00  4.53091426E+00  0.00000000E+00  5.04874126E-04 -4.31515644E-08  2.
    41 -9.80000019E-01  4.52693484E+00  0.00000000E+00  5.43389746E-04 -4.31136651E-08  2.
    42 -9.59999979E-01  4.52850275E+00  0.00000000E+00  5.78918664E-04 -4.31285976E-08  2.
    43 -9.39999998E-01  4.52789823E+00  0.00000000E+00  6.11564643E-04 -4.31228403E-08  2.
    44 -9.20000017E-01  4.52654971E+00  0.00000000E+00  6.41406635E-04 -4.31099972E-08  2.
    45 -8.99999976E-01  4.52174041E+00  0.00000000E+00  6.68452745E-04 -4.30641944E-08  2.
    46 -8.79999995E-01  4.52438812E+00  0.00000000E+00  6.92850751E-04 -4.30894107E-08  2.
    47 -8.60000014E-01  4.52556015E+00  0.00000000E+00  7.14565222E-04 -4.31005728E-08  2.
    48 -8.39999974E-01  4.51983741E+00  0.00000000E+00  7.33690886E-04 -4.30460705E-08  2.
    49 -8.19999993E-01  4.52480373E+00  0.00000000E+00  7.50300522E-04 -4.30933689E-08  2.
    50 -8.00000012E-01  4.52464399E+00  0.00000000E+00  7.64462477E-04 -4.30918475E-08  2.
    51 -7.80708193E-01  4.53187300E+00  0.00000000E+00  7.76382862E-04 -4.31606953E-08  2.
    52 -7.59999990E-01  4.52479127E+00  0.00000000E+00  7.85651133E-04 -4.30932502E-08  2.
    53 -7.40000010E-01  4.52602404E+00  0.00000000E+00  7.92810987E-04 -4.31049909E-08  2.
    54 -7.20000029E-01  4.52311142E+00  0.00000000E+00  7.97732567E-04 -4.30772516E-08  2.
    55 -6.99999988E-01  4.52927303E+00  0.00000000E+00  8.00504669E-04 -4.31359336E-08  2.
    56 -6.80000007E-01  4.52284935E+00  0.00000000E+00  8.01150049E-04 -4.30747557E-08  2.
    57 -6.60000026E-01  4.53373643E+00  0.00000000E+00  7.99775856E-04 -4.31784422E-08  2.
    58 -6.39999986E-01  4.52633070E+00  0.00000000E+00  7.96399128E-04 -4.31079114E-08  2.
    59 -6.20000005E-01  4.53779058E+00  0.00000000E+00  7.91127251E-04 -4.32170531E-08  2.
    60 -6.00000024E-01  4.53127751E+00  0.00000000E+00  7.83980410E-04 -4.31550239E-08  2.
    61 -5.79999983E-01  4.54213141E+00  0.00000000E+00  7.75020390E-04 -4.32583943E-08  2.
    62 -5.60000002E-01  4.53754007E+00  0.00000000E+00  7.64317227E-04 -4.32146674E-08  2.
    63 -5.40000021E-01  4.54563294E+00  0.00000000E+00  7.51923420E-04 -4.32917423E-08  2.
    64 -5.19999981E-01  4.54565459E+00  0.00000000E+00  7.37898556E-04 -4.32919484E-08  2.
    65 -5.00000000E-01  4.54741541E+00  0.00000000E+00  7.22267645E-04 -4.33087182E-08  2.
    66 -4.79999989E-01  4.55362272E+00  0.00000000E+00  7.05181762E-04 -4.33678355E-08  2.
    67 -4.60000008E-01  4.55067036E+00  0.00000000E+00  6.86618644E-04 -4.33397177E-08  2.
    68 -4.39999998E-01  4.55709056E+00  0.00000000E+00  6.66685315E-04 -4.34008625E-08  2.
    69 -4.19999987E-01  4.55926846E+00  0.00000000E+00  6.45446001E-04 -4.34216044E-08  2.
    70 -4.00000006E-01  4.55767920E+00  0.00000000E+00  6.22876082E-04 -4.34064686E-08  2.
    71 -3.79999995E-01  4.56296935E+00  0.00000000E+00  5.99170268E-04 -4.34568509E-08  2.
    72 -3.60000014E-01  4.56471850E+00  0.00000000E+00  5.74260479E-04 -4.34735095E-08  2.
    73 -3.40000004E-01  4.56453972E+00  0.00000000E+00  5.48297743E-04 -4.34718068E-08  2.
    74 -3.19999993E-01  4.56624439E+00  0.00000000E+00  5.21302220E-04 -4.34880419E-08  2.
    75 -3.00000012E-01  4.56921465E+00  0.00000000E+00  4.93339139E-04 -4.35163300E-08  2.
    76 -2.80000001E-01  4.57019322E+00  0.00000000E+00  4.64518994E-04 -4.35256497E-08  2.
    77 -2.59999990E-01  4.57082526E+00  0.00000000E+00  4.34812815E-04 -4.35316691E-08  2.
    78 -2.39999995E-01  4.57068942E+00  0.00000000E+00  4.04327878E-04 -4.35303755E-08  2.
    79 -2.19999999E-01  4.57312416E+00  0.00000000E+00  3.73091601E-04 -4.35535634E-08  2.
    80 -2.00000003E-01  4.57406423E+00  0.00000000E+00  3.41247623E-04 -4.35625165E-08  2.
    81 -1.80000007E-01  4.57487725E+00  0.00000000E+00  3.08776464E-04 -4.35702595E-08  2.
    82 -1.59999996E-01  4.57534733E+00  0.00000000E+00  2.75783915E-04 -4.35747364E-08  2.
    83 -1.40000001E-01  4.57567799E+00  0.00000000E+00  2.42293960E-04 -4.35778856E-08  2.
    84 -1.19999997E-01  4.57594975E+00  0.00000000E+00  2.08373613E-04 -4.35804738E-08  2.
    85 -1.00000001E-01  4.57609169E+00  0.00000000E+00  1.74122316E-04 -4.35818256E-08  2.
    86 -7.99999982E-02  4.57661497E+00  0.00000000E+00  1.39599087E-04 -4.35868093E-08  2.
    87 -5.99999987E-02  4.57693611E+00  0.00000000E+00  1.04800811E-04 -4.35898678E-08  2.
    88 -3.99999991E-02  4.57711103E+00  0.00000000E+00  7.00230340E-05 -4.35915336E-08  2.
    89 -1.99999996E-02  4.57719496E+00  0.00000000E+00  3.50156962E-05 -4.35923329E-08  2.
    90  0.00000000E+00  4.57713225E+00  0.00000000E+00  1.05125712E-13 -4.35917357E-08  2.
    91  1.99999996E-02  4.57719495E+00  0.00000000E+00  3.50156962E-05 -4.35923329E-08  2.
    92  3.99999991E-02  4.57711103E+00  0.00000000E+00  7.00230340E-05 -4.35915336E-08  2.
    93  5.99999987E-02  4.57693611E+00  0.00000000E+00  1.04800811E-04 -4.35898678E-08  2.
    94  7.99999982E-02  4.57661498E+00  0.00000000E+00  1.39599087E-04 -4.35868093E-08  2.
    95  1.00000001E-01  4.57609169E+00  0.00000000E+00  1.74122316E-04 -4.35818256E-08  2.
    96  1.19999997E-01  4.57594975E+00  0.00000000E+00  2.08373613E-04 -4.35804738E-08  2.
    97  1.40000001E-01  4.57567799E+00  0.00000000E+00  2.42293960E-04 -4.35778856E-08  2.
    98  1.59999996E-01  4.57534732E+00  0.00000000E+00  2.75783915E-04 -4.35747364E-08  2.
    99  1.80000007E-01  4.57487725E+00  0.00000000E+00  3.08776464E-04 -4.35702595E-08  2.
   100  2.00000003E-01  4.57406423E+00  0.00000000E+00  3.41247623E-04 -4.35625165E-08  2.
   101  2.19999999E-01  4.57312416E+00  0.00000000E+00  3.73091601E-04 -4.35535634E-08  2.
   102  2.39999995E-01  4.57068942E+00  0.00000000E+00  4.04327878E-04 -4.35303754E-08  2.
   103  2.59999990E-01  4.57082526E+00  0.00000000E+00  4.34812815E-04 -4.35316691E-08  2.
   104  2.80000001E-01  4.57019322E+00  0.00000000E+00  4.64518994E-04 -4.35256497E-08  2.
   105  3.00000012E-01  4.56921465E+00  0.00000000E+00  4.93339139E-04 -4.35163300E-08  2.
   106  3.19999993E-01  4.56624440E+00  0.00000000E+00  5.21302220E-04 -4.34880419E-08  2.
   107  3.40000004E-01  4.56453972E+00  0.00000000E+00  5.48297743E-04 -4.34718069E-08  2.
   108  3.60000014E-01  4.56471850E+00  0.00000000E+00  5.74260479E-04 -4.34735095E-08  2.
   109  3.79999995E-01  4.56296935E+00  0.00000000E+00  5.99170268E-04 -4.34568509E-08  2.
   110  4.00000006E-01  4.55767920E+00  0.00000000E+00  6.22876082E-04 -4.34064686E-08  2.
   111  4.19999987E-01  4.55926846E+00  0.00000000E+00  6.45446001E-04 -4.34216044E-08  2.
   112  4.39999998E-01  4.55709056E+00  0.00000000E+00  6.66685315E-04 -4.34008625E-08  2.
   113  4.60000008E-01  4.55067036E+00  0.00000000E+00  6.86618644E-04 -4.33397177E-08  2.
   114  4.79999989E-01  4.55362272E+00  0.00000000E+00  7.05181762E-04 -4.33678355E-08  2.
   115  5.00000000E-01  4.54741542E+00  0.00000000E+00  7.22267645E-04 -4.33087183E-08  2.
   116  5.19999981E-01  4.54565459E+00  0.00000000E+00  7.37898556E-04 -4.32919484E-08  2.
   117  5.40000021E-01  4.54563294E+00  0.00000000E+00  7.51923420E-04 -4.32917423E-08  2.
   118  5.60000002E-01  4.53754007E+00  0.00000000E+00  7.64317227E-04 -4.32146674E-08  2.
   119  5.79999983E-01  4.54213141E+00  0.00000000E+00  7.75020390E-04 -4.32583943E-08  2.
   120  6.00000024E-01  4.53127752E+00  0.00000000E+00  7.83980410E-04 -4.31550240E-08  2.
   121  6.20000005E-01  4.53779058E+00  0.00000000E+00  7.91127251E-04 -4.32170531E-08  2.
   122  6.39999986E-01  4.52633070E+00  0.00000000E+00  7.96399128E-04 -4.31079114E-08  2.
   123  6.60000026E-01  4.53373643E+00  0.00000000E+00  7.99775856E-04 -4.31784422E-08  2.
   124  6.80000007E-01  4.52284934E+00  0.00000000E+00  8.01150049E-04 -4.30747557E-08  2.
   125  6.99999988E-01  4.52927303E+00  0.00000000E+00  8.00504669E-04 -4.31359337E-08  2.
   126  7.20000029E-01  4.52311142E+00  0.00000000E+00  7.97732567E-04 -4.30772516E-08  2.
   127  7.40000010E-01  4.52602405E+00  0.00000000E+00  7.92810987E-04 -4.31049909E-08  2.
   128  7.59999990E-01  4.52479127E+00  0.00000000E+00  7.85651133E-04 -4.30932502E-08  2.
   129  7.79999971E-01  4.53187300E+00  0.00000000E+00  7.76382862E-04 -4.31606953E-08  2.
   130  8.00000012E-01  4.52464399E+00  0.00000000E+00  7.64462477E-04 -4.30918475E-08  2.
   131  8.19999993E-01  4.52480373E+00  0.00000000E+00  7.50300522E-04 -4.30933689E-08  2.
   132  8.39999974E-01  4.51983741E+00  0.00000000E+00  7.33690886E-04 -4.30460705E-08  2.
   133  8.60000014E-01  4.52556015E+00  0.00000000E+00  7.14565222E-04 -4.31005728E-08  2.
   134  8.79999995E-01  4.52438812E+00  0.00000000E+00  6.92850751E-04 -4.30894107E-08  2.
   135  8.99999976E-01  4.52174041E+00  0.00000000E+00  6.68452745E-04 -4.30641944E-08  2.
   136  9.20000017E-01  4.52654971E+00  0.00000000E+00  6.41406635E-04 -4.31099972E-08  2.
   137  9.39999998E-01  4.52789824E+00  0.00000000E+00  6.11564643E-04 -4.31228403E-08  2.
   138  9.59999979E-01  4.52850275E+00  0.00000000E+00  5.78918664E-04 -4.31285976E-08  2.
   139  9.80000019E-01  4.52693484E+00  0.00000000E+00  5.43389746E-04 -4.31136652E-08  2.
   140  1.00000000E+00  4.53091426E+00  0.00000000E+00  5.04874126E-04 -4.31515644E-08  2.
   141  1.01999998E+00  4.53256552E+00  0.00000000E+00  4.63374145E-04 -4.31672906E-08  2.
   142  1.03999996E+00  4.53305734E+00  0.00000000E+00  4.18766984E-04 -4.31719746E-08  2.
   143  1.05999994E+00  4.53457051E+00  0.00000000E+00  3.71033743E-04 -4.31863858E-08  2.
   144  1.08000004E+00  4.53411385E+00  0.00000000E+00  3.20100462E-04 -4.31820367E-08  2.
   145  1.10000002E+00  4.53228700E+00  0.00000000E+00  2.65903097E-04 -4.31646381E-08  2.
   146  1.12000000E+00  4.53888966E+00  0.00000000E+00  2.08430072E-04 -4.32275206E-08  2.
   147  1.13999999E+00  4.54044704E+00  0.00000000E+00  1.47635575E-04 -4.32423528E-08  2.
   148  1.15999997E+00  4.42578512E+00  0.00000000E+00  8.33872336E-05 -4.21503345E-08  2.
   149  1.17999995E+00  5.03553277E+00  0.00000000E+00  1.56724543E-05 -4.79574550E-08  2.
   150  1.20000005E+00  0.00000000E+00  0.00000000E+00  0.00000000E+00  7.68094232E-04  0.
   151  1.22000003E+00  0.00000000E+00  0.00000000E+00  0.00000000E+00  1.95944921E-03  0.
   152  1.24000001E+00  0.00000000E+00  0.00000000E+00  0.00000000E+00  3.19242075E-03  0.
   153  1.25999999E+00  0.00000000E+00  0.00000000E+00  0.00000000E+00  4.44035245E-03  0.
   154  1.27999997E+00  0.00000000E+00  0.00000000E+00  0.00000000E+00  5.70832536E-03  0.
   155  1.29999995E+00  0.00000000E+00  0.00000000E+00  0.00000000E+00  6.99632361E-03  0.
   156  1.32000005E+00  0.00000000E+00  0.00000000E+00  0.00000000E+00  8.30432523E-03  0.
   157  1.34000003E+00  0.00000000E+00  0.00000000E+00  0.00000000E+00  9.63229497E-03  0.
   158  1.36000001E+00  0.00000000E+00  0.00000000E+00  0.00000000E+00  1.09802280E-02  0.
   159  1.38000000E+00  0.00000000E+00  0.00000000E+00  0.00000000E+00  1.23481142E-02  0.
   160  1.39999998E+00  0.00000000E+00  0.00000000E+00  0.00000000E+00  1.37359400E-02  0.
   161  1.41999996E+00  0.00000000E+00  0.00000000E+00  0.00000000E+00  1.51436965E-02  0.
   162  1.44000006E+00  0.00000000E+00  0.00000000E+00  0.00000000E+00  1.65713915E-02  0.
   163  1.46000004E+00  0.00000000E+00  0.00000000E+00  0.00000000E+00  1.80189955E-02  0.
   164  1.48000002E+00  0.00000000E+00  0.00000000E+00  0.00000000E+00  1.94865113E-02  0.
   165  1.50000000E+00  0.00000000E+00  0.00000000E+00  0.00000000E+00  2.09739295E-02  0.
   166  1.51999998E+00  0.00000000E+00  0.00000000E+00  0.00000000E+00  2.24812420E-02  0.
   167  1.53999996E+00  0.00000000E+00  0.00000000E+00  0.00000000E+00  2.40084460E-02  0.
   168  1.55999994E+00  0.00000000E+00  0.00000000E+00  0.00000000E+00  2.55555354E-02  0.
   169  1.58000004E+00  0.00000000E+00  0.00000000E+00  0.00000000E+00  2.71225090E-02  0.
   170  1.60000002E+00  0.00000000E+00  0.00000000E+00  0.00000000E+00  2.87093449E-02  0.
   171  1.62000000E+00  0.00000000E+00  0.00000000E+00  0.00000000E+00  3.03160448E-02  0.
   172  1.63999999E+00  0.00000000E+00  0.00000000E+00  0.00000000E+00  3.19426056E-02  0.
   173  1.65999997E+00  0.00000000E+00  0.00000000E+00  0.00000000E+00  3.35890182E-02  0.
   174  1.67999995E+00  0.00000000E+00  0.00000000E+00  0.00000000E+00  3.52552769E-02  0.
   175  1.70000005E+00  0.00000000E+00  0.00000000E+00  0.00000000E+00  3.69413856E-02  0.
   176  1.72000003E+00  0.00000000E+00  0.00000000E+00  0.00000000E+00  3.86473204E-02  0.
   177  1.74000001E+00  0.00000000E+00  0.00000000E+00  0.00000000E+00  4.03730868E-02  0.
   178  1.75999999E+00  0.00000000E+00  0.00000000E+00  0.00000000E+00  4.21186744E-02  0.
   179  1.77999997E+00  0.00000000E+00  0.00000000E+00  0.00000000E+00  4.38840708E-02  0.
STEP  35 TIME  3.30020000E+04
     1 -1.77999997E+00  0.00000000E+00  0.00000000E+00  0.00000000E+00  4.31539831E-02  0.
     2 -1.75999999E+00  0.00000000E+00  0.00000000E+00  0.00000000E+00  4.13885246E-02  0.
     3 -1.74000001E+00  0.00000000E+00  0.00000000E+00  0.00000000E+00  3.96428734E-02  0.
     4 -1.72000003E+00  0.00000000E+00  0.00000000E+00  0.00000000E+00  3.79170443E-02  0.
     5 -1.70000005E+00  0.00000000E+00  0.00000000E+00  0.00000000E+00  3.62110474E-02  0.
     6 -1.67999995E+00  0.00000000E+00  0.00000000E+00  0.00000000E+00  3.45248774E-02  0.
     7 -1.65999997E+00  0.00000000E+00  0.00000000E+00  0.00000000E+00  3.28585581E-02  0.
     8 -1.63999999E+00  0.00000000E+00  0.00000000E+00  0.00000000E+00  3.12120859E-02  0.
     9 -1.62000000E+00  0.00000000E+00  0.00000000E+00  0.00000000E+00  2.95854662E-02  0.
    10 -1.60000002E+00  0.00000000E+00  0.00000000E+00  0.00000000E+00  2.79787082E-02  0.
    11 -1.58000004E+00  0.00000000E+00  0.00000000E+00  0.00000000E+00  2.63918151E-02  0.
    12 -1.55999994E+00  0.00000000E+00  0.00000000E+00  0.00000000E+00  2.48247849E-02  0.
    13 -1.53999996E+00  0.00000000E+00  0.00000000E+00  0.00000000E+00  2.32776400E-02  0.
    14 -1.51999998E+00  0.00000000E+00  0.00000000E+00  0.00000000E+00  2.17503844E-02  0.
    15 -1.50000000E+00  0.00000000E+00  0.00000000E+00  0.00000000E+00  2.02430168E-02  0.
    16 -1.48000002E+00  0.00000000E+00  0.00000000E+00  0.00000000E+00  1.87555456E-02  0.
    17 -1.46000004E+00  0.00000000E+00  0.00000000E+00  0.00000000E+00  1.72879792E-02  0.
    18 -1.44000006E+00  0.00000000E+00  0.00000000E+00  0.00000000E+00  1.58403255E-02  0.
    19 -1.41999996E+00  0.00000000E+00  0.00000000E+00  0.00000000E+00  1.44125793E-02  0.
    20 -1.39999998E+00  0.00000000E+00  0.00000000E+00  0.00000000E+00  1.30047761E-02  0.
    21 -1.38000000E+00  0.00000000E+00  0.00000000E+00  0.00000000E+00  1.16169023E-02  0.
    22 -1.36000001E+00  0.00000000E+00  0.00000000E+00  0.00000000E+00  1.02489691E-02  0.
    23 -1.34000003E+00  0.00000000E+00  0.00000000E+00  0.00000000E+00  8.90099063E-03  0.
    24 -1.32000005E+00  0.00000000E+00  0.00000000E+00  0.00000000E+00  7.57297697E-03  0.
    25 -1.29999995E+00  0.00000000E+00  0.00000000E+00  0.00000000E+00  6.26493330E-03  0.
    26 -1.27999997E+00  0.00000000E+00  0.00000000E+00  0.00000000E+00  4.97689498E-03  0.
    27 -1.25999999E+00  0.00000000E+00  0.00000000E+00  0.00000000E+00  3.70888621E-03  0.
    28 -1.24000001E+00  0.00000000E+00  0.00000000E+00  0.00000000E+00  2.46091966E-03  0.
    29 -1.22000003E+00  0.00000000E+00  0.00000000E+00  0.00000000E+00  1.21200296E-03  0.
    30 -1.20000005E+00  0.00000000E+00  0.00000000E+00  0.00000000E+00  1.56540850E-04  0.
    31 -1.17999995E+00  5.47794987E+00  0.00000000E+00  5.87882900E-05 -5.21709512E-08  2.
    32 -1.15999997E+00  4.30902117E+00  0.00000000E+00  1.25825561E-04 -4.10382969E-08  2.
    33 -1.13999999E+00  4.69916650E+00  0.00000000E+00  1.89342475E-04 -4.47539667E-08  2.
    34 -1.12000000E+00  4.58821405E+00  0.00000000E+00  2.49415280E-04 -4.36972767E-08  2.
    35 -1.10000002E+00  4.62037728E+00  0.00000000E+00  3.06160673E-04 -4.40035932E-08  2.
    36 -1.08000004E+00  4.61135203E+00  0.00000000E+00  3.59634410E-04 -4.39176383E-08  2.
    37 -1.05999994E+00  4.61559973E+00  0.00000000E+00  4.09843007E-04 -4.39580927E-08  2.
    38 -1.03999996E+00  4.61344313E+00  0.00000000E+00  4.56838533E-04 -4.39375536E-08  2.
    39 -1.01999998E+00  4.61248402E+00  0.00000000E+00  5.00706634E-04 -4.39284193E-08  2.
    40 -1.00000000E+00  4.61529294E+00  0.00000000E+00  5.41471100E-04 -4.39551708E-08  2.
    41 -9.80000019E-01  4.61572873E+00  0.00000000E+00  5.79249278E-04 -4.39593213E-08  2.
    42 -9.59999979E-01  4.61751690E+00  0.00000000E+00  6.14042106E-04 -4.39763515E-08  2.
    43 -9.39999998E-01  4.61407836E+00  0.00000000E+00  6.45956939E-04 -4.39436034E-08  2.
    44 -9.20000017E-01  4.61567947E+00  0.00000000E+00  6.75068740E-04 -4.39588521E-08  2.
    45 -8.99999976E-01  4.61891125E+00  0.00000000E+00  7.01383579E-04 -4.39896310E-08  2.
    46 -8.79999995E-01  4.61937862E+00  0.00000000E+00  7.25049385E-04 -4.39940820E-08  2.
    47 -8.60000014E-01  4.61552667E+00  0.00000000E+00  7.46032612E-04 -4.39573968E-08  2.
    48 -8.39999974E-01  4.62298601E+00  0.00000000E+00  7.64430511E-04 -4.40284382E-08  2.
    49 -8.19999993E-01  4.61978047E+00  0.00000000E+00  7.80329124E-04 -4.39979092E-08  2.
    50 -8.00000012E-01  4.63282117E+00  0.00000000E+00  7.93900514E-04 -4.41221064E-08  2.
    51 -7.99308744E-01  4.62539159E+00  0.00000000E+00  8.04798694E-04 -4.40513485E-08  2.
    52 -7.59999990E-01  4.61999705E+00  0.00000000E+00  8.13480238E-04 -4.39999719E-08  2.
    53 -7.40000010E-01  4.61808837E+00  0.00000000E+00  8.19924197E-04 -4.39817940E-08  2.
    54 -7.20000029E-01  4.62215956E+00  0.00000000E+00  8.24109422E-04 -4.40205672E-08  2.
    55 -6.99999988E-01  4.61371950E+00  0.00000000E+00  8.26150099E-04 -4.39401857E-08  2.
    56 -6.80000007E-01  4.62251295E+00  0.00000000E+00  8.26063924E-04 -4.40239329E-08  2.
    57 -6.60000026E-01  4.61266304E+00  0.00000000E+00  8.23957894E-04 -4.39301242E-08  2.
    58 -6.39999986E-01  4.62113484E+00  0.00000000E+00  8.19849227E-04 -4.40108080E-08  2.
    59 -6.20000005E-01  4.61253013E+00  0.00000000E+00  8.13845769E-04 -4.39288584E-08  2.
    60 -6.00000024E-01  4.62046539E+00  0.00000000E+00  8.05968198E-04 -4.40044323E-08  2.
    61 -5.79999983E-01  4.61179687E+00  0.00000000E+00  7.96282610E-04 -4.39218750E-08  2.
    62 -5.60000002E-01  4.61973924E+00  0.00000000E+00  7.84846228E-04 -4.39975166E-08  2.
    63 -5.40000021E-01  4.61205104E+00  0.00000000E+00  7.71709991E-04 -4.39242956E-08  2.
    64 -5.19999981E-01  4.61780427E+00  0.00000000E+00  7.56947558E-04 -4.39790883E-08  2.
    65 -5.00000000E-01  4.61500724E+00  0.00000000E+00  7.40581068E-04 -4.39524500E-08  2.
    66 -4.79999989E-01  4.61379011E+00  0.00000000E+00  7.22760018E-04 -4.39408582E-08  2.
    67 -4.60000008E-01  4.61726252E+00  0.00000000E+00  7.03462005E-04 -4.39739288E-08  2.
    68 -4.39999998E-01  4.61294519E+00  0.00000000E+00  6.82793902E-04 -4.39328114E-08  2.
    69 -4.19999987E-01  4.61501477E+00  0.00000000E+00  6.60819585E-04 -4.39525216E-08  2.
    70 -4.00000006E-01  4.61602702E+00  0.00000000E+00  6.37514310E-04 -4.39621621E-08  2.
    71 -3.79999995E-01  4.61322499E+00  0.00000000E+00  6.13071720E-04 -4.39354761E-08  2.
    72 -3.60000014E-01  4.61405921E+00  0.00000000E+00  5.87425026E-04 -4.39434210E-08  2.
    73 -3.40000004E-01  4.61523715E+00  0.00000000E+00  5.60729174E-04 -4.39546396E-08  2.
    74 -3.19999993E-01  4.61477533E+00  0.00000000E+00  5.33003741E-04 -4.39502412E-08  2.
    75 -3.00000012E-01  4.61243951E+00  0.00000000E+00  5.04310488E-04 -4.39279954E-08  2.
    76 -2.80000001E-01  4.61422735E+00  0.00000000E+00  4.74759239E-04 -4.39450224E-08  2.
    77 -2.59999990E-01  4.61443403E+00  0.00000000E+00  4.44321625E-04 -4.39469908E-08  2.
    78 -2.39999995E-01  4.61423739E+00  0.00000000E+00  4.13105093E-04 -4.39451180E-08  2.
    79 -2.19999999E-01  4.61376966E+00  0.00000000E+00  3.81137241E-04 -4.39406635E-08  2.
    80 -2.00000003E-01  4.61265148E+00  0.00000000E+00  3.48561675E-04 -4.39300141E-08  2.
    81 -1.80000007E-01  4.61332382E+00  0.00000000E+00  3.15358945E-04 -4.39364173E-08  2.
    82 -1.59999996E-01  4.61354480E+00  0.00000000E+00  2.81634860E-04 -4.39385219E-08  2.
    83 -1.40000001E-01  4.61358637E+00  0.00000000E+00  2.47413408E-04 -4.39389178E-08  2.
    84 -1.19999997E-01  4.61350100E+00  0.00000000E+00  2.12761609E-04 -4.39381048E-08  2.
    85 -1.00000001E-01  4.61335749E+00  0.00000000E+00  1.77778901E-04 -4.39367380E-08  2.
    86 -7.99999982E-02  4.61320180E+00  0.00000000E+00  1.42524303E-04 -4.39352553E-08  2.
    87 -5.99999987E-02  4.61305946E+00  0.00000000E+00  1.06994691E-04 -4.39338996E-08  2.
    88 -3.99999991E-02  4.61293115E+00  0.00000000E+00  7.14856058E-05 -4.39326776E-08  2.
    89 -1.99999996E-02  4.61285344E+00  0.00000000E+00  3.57469785E-05 -4.39319376E-08  2.
    90  0.00000000E+00  4.61272882E+00  0.00000000E+00  1.11331034E-13 -4.39307507E-08  2.
    91  1.99999996E-02  4.61285344E+00  0.00000000E+00  3.57469785E-05 -4.39319376E-08  2.
    92  3.99999991E-02  4.61293115E+00  0.00000000E+00  7.14856058E-05 -4.39326776E-08  2.
    93  5.99999987E-02  4.61305946E+00  0.00000000E+00  1.06994691E-04 -4.39338996E-08  2.
    94  7.99999982E-02  4.61320180E+00  0.00000000E+00  1.42524303E-04 -4.39352553E-08  2.
    95  1.00000001E-01  4.61335749E+00  0.00000000E+00  1.77778901E-04 -4.39367380E-08  2.
    96  1.19999997E-01  4.61350100E+00  0.00000000E+00  2.12761609E-04 -4.39381048E-08  2.
    97  1.40000001E-01  4.61358637E+00  0.00000000E+00  2.47413408E-04 -4.39389178E-08  2.
    98  1.59999996E-01  4.61354480E+00  0.00000000E+00  2.81634860E-04 -4.39385219E-08  2.
    99  1.80000007E-01  4.61332382E+00  0.00000000E+00  3.15358945E-04 -4.39364173E-08  2.
   100  2.00000003E-01  4.61265148E+00  0.00000000E+00  3.48561675E-04 -4.39300141E-08  2.
   101  2.19999999E-01  4.61376966E+00  0.00000000E+00  3.81137241E-04 -4.39406635E-08  2.
   102  2.39999995E-01  4.61423739E+00  0.00000000E+00  4.13105093E-04 -4.39451180E-08  2.
   103  2.59999990E-01  4.61443403E+00  0.00000000E+00  4.44321625E-04 -4.39469908E-08  2.
   104  2.80000001E-01  4.61422735E+00  0.00000000E+00  4.74759239E-04 -4.39450224E-08  2.
   105  3.00000012E-01  4.61243951E+00  0.00000000E+00  5.04310488E-04 -4.39279954E-08  2.
   106  3.19999993E-01  4.61477533E+00  0.00000000E+00  5.33003741E-04 -4.39502412E-08  2.
   107  3.40000004E-01  4.61523715E+00  0.00000000E+00  5.60729174E-04 -4.39546396E-08  2.
   108  3.60000014E-01  4.61405921E+00  0.00000000E+00  5.87425026E-04 -4.39434210E-08  2.
   109  3.79999995E-01  4.61322499E+00  0.00000000E+00  6.13071720E-04 -4.39354761E-08  2.
   110  4.00000006E-01  4.61602702E+00  0.00000000E+00  6.37514310E-04 -4.39621621E-08  2.
   111  4.19999987E-01  4.61501477E+00  0.00000000E+00  6.60819585E-04 -4.39525216E-08  2.
   112  4.39999998E-01  4.61294520E+00  0.00000000E+00  6.82793902E-04 -4.39328114E-08  2.
   113  4.60000008E-01  4.61726252E+00  0.00000000E+00  7.03462005E-04 -4.39739288E-08  2.
   114  4.79999989E-01  4.61379011E+00  0.00000000E+00  7.22760018E-04 -4.39408582E-08  2.
   115  5.00000000E-01  4.61500725E+00  0.00000000E+00  7.40581068E-04 -4.39524500E-08  2.
   116  5.19999981E-01  4.61780427E+00  0.00000000E+00  7.56947558E-04 -4.39790883E-08  2.
   117  5.40000021E-01  4.61205104E+00  0.00000000E+00  7.71709991E-04 -4.39242956E-08  2.
   118  5.60000002E-01  4.61973924E+00  0.00000000E+00  7.84846228E-04 -4.39975165E-08  2.
   119  5.79999983E-01  4.61179687E+00  0.00000000E+00  7.96282610E-04 -4.39218750E-08  2.
   120  6.00000024E-01  4.62046539E+00  0.00000000E+00  8.05968198E-04 -4.40044323E-08  2.
   121  6.20000005E-01  4.61253013E+00  0.00000000E+00  8.13845769E-04 -4.39288584E-08  2.
   122  6.39999986E-01  4.62113484E+00  0.00000000E+00  8.19849227E-04 -4.40108080E-08  2.
   123  6.60000026E-01  4.61266304E+00  0.00000000E+00  8.23957894E-04 -4.39301242E-08  2.
   124  6.80000007E-01  4.62251295E+00  0.00000000E+00  8.26063924E-04 -4.40239329E-08  2.
   125  6.99999988E-01  4.61371950E+00  0.00000000E+00  8.26150099E-04 -4.39401857E-08  2.
   126  7.20000029E-01  4.62215956E+00  0.00000000E+00  8.24109422E-04 -4.40205672E-08  2.
   127  7.40000010E-01  4.61808837E+00  0.00000000E+00  8.19924197E-04 -4.39817940E-08  2.
   128  7.59999990E-01  4.61999705E+00  0.00000000E+00  8.13480238E-04 -4.39999719E-08  2.
   129  7.79999971E-01  4.62539159E+00  0.00000000E+00  8.04798694E-04 -4.40513484E-08  2.
   130  8.00000012E-01  4.63282117E+00  0.00000000E+00  7.93900514E-04 -4.41221064E-08  2.
   131  8.19999993E-01  4.61978047E+00  0.00000000E+00  7.80329124E-04 -4.39979092E-08  2.
   132  8.39999974E-01  4.62298601E+00  0.00000000E+00  7.64430511E-04 -4.40284382E-08  2.
   133  8.60000014E-01  4.61552667E+00  0.00000000E+00  7.46032612E-04 -4.39573968E-08  2.
   134  8.79999995E-01  4.61937861E+00  0.00000000E+00  7.25049385E-04 -4.39940820E-08  2.
   135  8.99999976E-01  4.61891125E+00  0.00000000E+00  7.01383579E-04 -4.39896310E-08  2.
   136  9.20000017E-01  4.61567947E+00  0.00000000E+00  6.75068740E-04 -4.39588521E-08  2.
   137  9.39999998E-01  4.61407836E+00  0.00000000E+00  6.45956939E-04 -4.39436034E-08  2.
   138  9.59999979E-01  4.61751690E+00  0.00000000E+00  6.14042106E-04 -4.39763515E-08  2.
   139  9.80000019E-01  4.61572874E+00  0.00000000E+00  5.79249278E-04 -4.39593213E-08  2.
   140  1.00000000E+00  4.61529294E+00  0.00000000E+00  5.41471100E-04 -4.39551708E-08  2.
   141  1.01999998E+00  4.61248402E+00  0.00000000E+00  5.00706634E-04 -4.39284193E-08  2.
   142  1.03999996E+00  4.61344313E+00  0.00000000E+00  4.56838533E-04 -4.39375536E-08  2.
   143  1.05999994E+00  4.61559973E+00  0.00000000E+00  4.09843007E-04 -4.39580927E-08  2.
   144  1.08000004E+00  4.61135203E+00  0.00000000E+00  3.59634410E-04 -4.39176384E-08  2.
   145  1.10000002E+00  4.62037728E+00  0.00000000E+00  3.06160673E-04 -4.40035932E-08  2.
   146  1.12000000E+00  4.58821405E+00  0.00000000E+00  2.49415280E-04 -4.36972767E-08  2.
   147  1.13999999E+00  4.69916650E+00  0.00000000E+00  1.89342475E-04 -4.47539667E-08  2.
   148  1.15999997E+00  4.30902117E+00  0.00000000E+00  1.25825561E-04 -4.10382969E-08  2.
   149  1.17999995E+00  5.47794987E+00  0.00000000E+00  5.87882900E-05 -5.21709512E-08  2.
   150  1.20000005E+00  0.00000000E+00  0.00000000E+00  0.00000000E+00  1.56540850E-04  0.
   151  1.22000003E+00  0.00000000E+00  0.00000000E+00  0.00000000E+00  1.21200296E-03  0.
   152  1.24000001E+00  0.00000000E+00  0.00000000E+00  0.00000000E+00  2.46091966E-03  0.
   153  1.25999999E+00  0.00000000E+00  0.00000000E+00  0.00000000E+00  3.70888621E-03  0.
   154  1.27999997E+00  0.00000000E+00  0.00000000E+00  0.00000000E+00  4.97689498E-03  0.
   155  1.29999995E+00  0.00000000E+00  0.00000000E+00  0.00000000E+00  6.26493330E-03  0.
   156  1.32000005E+00  0.00000000E+00  0.00000000E+00  0.00000000E+00  7.57297697E-03  0.
   157  1.34000003E+00  0.00000000E+00  0.00000000E+00  0.00000000E+00  8.90099063E-03  0.
   158  1.36000001E+00  0.00000000E+00  0.00000000E+00  0.00000000E+00  1.02489691E-02  0.
   159  1.38000000E+00  0.00000000E+00  0.00000000E+00  0.00000000E+00  1.16169023E-02  0.
   160  1.39999998E+00  0.00000000E+00  0.00000000E+00  0.00000000E+00  1.30047761E-02  0.
   161  1.41999996E+00  0.00000000E+00  0.00000000E+00  0.00000000E+00  1.44125793E-02  0.
   162  1.44000006E+00  0.00000000E+00  0.00000000E+00  0.00000000E+00  1.58403255E-02  0.
   163  1.46000004E+00  0.00000000E+00  0.00000000E+00  0.00000000E+00  1.72879792E-02  0.
   164  1.48000002E+00  0.00000000E+00  0.00000000E+00  0.00000000E+00  1.87555456E-02  0.
   165  1.50000000E+00  0.00000000E+00  0.00000000E+00  0.00000000E+00  2.02430168E-02  0.
   166  1.51999998E+00  0.00000000E+00  0.00000000E+00  0.00000000E+00  2.17503844E-02  0.
   167  1.53999996E+00  0.00000000E+00  0.00000000E+00  0.00000000E+00  2.32776400E-02  0.
   168  1.55999994E+00  0.00000000E+00  0.00000000E+00  0.00000000E+00  2.48247849E-02  0.
   169  1.58000004E+00  0.00000000E+00  0.00000000E+00  0.00000000E+00  2.63918151E-02  0.
   170  1.60000002E+00  0.00000000E+00  0.00000000E+00  0.00000000E+00  2.79787082E-02  0.
   171  1.62000000E+00  0.00000000E+00  0.00000000E+00  0.00000000E+00  2.95854662E-02  0.
   172  1.63999999E+00  0.00000000E+00  0.00000000E+00  0.00000000E+00  3.12120859E-02  0.
   173  1.65999997E+00  0.00000000E+00  0.00000000E+00  0.00000000E+00  3.28585581E-02  0.
   174  1.67999995E+00  0.00000000E+00  0.00000000E+00  0.00000000E+00  3.45248774E-02  0.
   175  1.70000005E+00  0.00000000E+00  0.00000000E+00  0.00000000E+00  3.62110474E-02  0.
   176  1.72000003E+00  0.00000000E+00  0.00000000E+00  0.00000000E+00  3.79170443E-02  0.
   177  1.74000001E+00  0.00000000E+00  0.00000000E+00  0.00000000E+00  3.96428734E-02  0.
   178  1.75999999E+00  0.00000000E+00  0.00000000E+00  0.00000000E+00  4.13885246E-02  0.
   179  1.77999997E+00  0.00000000E+00  0.00000000E+00  0.00000000E+00  4.31539828E-02  0.
STEP  36 TIME  3.40020000E+04
     1 -1.77999997E+00  0.00000000E+00  0.00000000E+00  0.00000000E+00  4.24339479E-02  0.
     2 -1.75999999E+00  0.00000000E+00  0.00000000E+00  0.00000000E+00  4.06684358E-02  0.
     3 -1.74000001E+00  0.00000000E+00  0.00000000E+00  0.00000000E+00  3.89227286E-02  0.
     4 -1.72000003E+00  0.00000000E+00  0.00000000E+00  0.00000000E+00  3.71968449E-02  0.
     5 -1.70000005E+00  0.00000000E+00  0.00000000E+00  0.00000000E+00  3.54907945E-02  0.
     6 -1.67999995E+00  0.00000000E+00  0.00000000E+00  0.00000000E+00  3.38045722E-02  0.
     7 -1.65999997E+00  0.00000000E+00  0.00000000E+00  0.00000000E+00  3.21382019E-02  0.
     8 -1.63999999E+00  0.00000000E+00  0.00000000E+00  0.00000000E+00  3.04916802E-02  0.
     9 -1.62000000E+00  0.00000000E+00  0.00000000E+00  0.00000000E+00  2.88650124E-02  0.
    10 -1.60000002E+00  0.00000000E+00  0.00000000E+00  0.00000000E+00  2.72582077E-02  0.
    11 -1.58000004E+00  0.00000000E+00  0.00000000E+00  0.00000000E+00  2.56712696E-02  0.
    12 -1.55999994E+00  0.00000000E+00  0.00000000E+00  0.00000000E+00  2.41041960E-02  0.
    13 -1.53999996E+00  0.00000000E+00  0.00000000E+00  0.00000000E+00  2.25570127E-02  0.
    14 -1.51999998E+00  0.00000000E+00  0.00000000E+00  0.00000000E+00  2.10297167E-02  0.
    15 -1.50000000E+00  0.00000000E+00  0.00000000E+00  0.00000000E+00  1.95223117E-02  0.
    16 -1.48000002E+00  0.00000000E+00  0.00000000E+00  0.00000000E+00  1.80348072E-02  0.
    17 -1.46000004E+00  0.00000000E+00  0.00000000E+00  0.00000000E+00  1.65672102E-02  0.
    18 -1.44000006E+00  0.00000000E+00  0.00000000E+00  0.00000000E+00  1.51195275E-02  0.
    19 -1.41999996E+00  0.00000000E+00  0.00000000E+00  0.00000000E+00  1.36917546E-02  0.
    20 -1.39999998E+00  0.00000000E+00  0.00000000E+00  0.00000000E+00  1.22839323E-02  0.
    21 -1.38000000E+00  0.00000000E+00  0.00000000E+00  0.00000000E+00  1.08960420E-02  0.
    22 -1.36000001E+00  0.00000000E+00  0.00000000E+00  0.00000000E+00  9.52809824E-03  0.
    23 -1.34000003E+00  0.00000000E+00  0.00000000E+00  0.00000000E+00  8.18011641E-03  0.
    24 -1.32000005E+00  0.00000000E+00  0.00000000E+00  0.00000000E+00  6.85211019E-03  0.
    25 -1.29999995E+00  0.00000000E+00  0.00000000E+00  0.00000000E+00  5.54408445E-03  0.
    26 -1.27999997E+00  0.00000000E+00  0.00000000E+00  0.00000000E+00  4.25609150E-03  0.
    27 -1.25999999E+00  0.00000000E+00  0.00000000E+00  0.00000000E+00  2.98813522E-03  0.
    28 -1.24000001E+00  0.00000000E+00  0.00000000E+00  0.00000000E+00  1.72986088E-03  0.
    29 -1.22000003E+00  0.00000000E+00  0.00000000E+00  0.00000000E+00  5.61575515E-04  0.
    30 -1.20000005E+00  5.15184569E+00  0.00000000E+00  3.15802424E-05 -4.90651971E-08  2.
    31 -1.17999995E+00  4.34307780E+00  0.00000000E+00  1.01398550E-04 -4.13626457E-08  2.
    32 -1.15999997E+00  4.55304440E+00  0.00000000E+00  1.67708099E-04 -4.33623276E-08  2.
    33 -1.13999999E+00  4.53095972E+00  0.00000000E+00  2.30517281E-04 -4.31519973E-08  2.
    34 -1.12000000E+00  4.52959982E+00  0.00000000E+00  2.89874542E-04 -4.31390459E-08  2.
    35 -1.10000002E+00  4.53166164E+00  0.00000000E+00  3.45903388E-04 -4.31586823E-08  2.
    36 -1.08000004E+00  4.52952249E+00  0.00000000E+00  3.98666345E-04 -4.31383095E-08  2.
    37 -1.05999994E+00  4.52971852E+00  0.00000000E+00  4.48154658E-04 -4.31401763E-08  2.
    38 -1.03999996E+00  4.53285204E+00  0.00000000E+00  4.94418413E-04 -4.31700194E-08  2.
    39 -1.01999998E+00  4.53227285E+00  0.00000000E+00  5.37561708E-04 -4.31645033E-08  2.
    40 -1.00000000E+00  4.53380047E+00  0.00000000E+00  5.77600317E-04 -4.31790521E-08  2.
    41 -9.80000019E-01  4.53217782E+00  0.00000000E+00  6.14651182E-04 -4.31635983E-08  2.
    42 -9.59999979E-01  4.53094605E+00  0.00000000E+00  6.48720882E-04 -4.31518671E-08  2.
    43 -9.39999998E-01  4.53499178E+00  0.00000000E+00  6.79916097E-04 -4.31903979E-08  2.
    44 -9.20000017E-01  4.53594288E+00  0.00000000E+00  7.08306265E-04 -4.31994560E-08  2.
    45 -8.99999976E-01  4.53436454E+00  0.00000000E+00  7.33898228E-04 -4.31844242E-08  2.
    46 -8.79999995E-01  4.53368105E+00  0.00000000E+00  7.56842275E-04 -4.31779147E-08  2.
    47 -8.60000014E-01  4.54053419E+00  0.00000000E+00  7.77102936E-04 -4.32431828E-08  2.
    48 -8.39999974E-01  4.53607464E+00  0.00000000E+00  7.94803149E-04 -4.32007109E-08  2.
    49 -8.19999993E-01  4.54856750E+00  0.00000000E+00  8.10075723E-04 -4.33196904E-08  2.
    50 -8.17187160E-01  4.54540931E+00  0.00000000E+00  8.22729933E-04 -4.32896124E-08  2.
    51 -7.79999971E-01  4.53582324E+00  0.00000000E+00  8.32987087E-04 -4.31983166E-08  2.
    52 -7.59999990E-01  4.53594385E+00  0.00000000E+00  8.40981067E-04 -4.31994653E-08  2.
    53 -7.40000010E-01  4.53901815E+00  0.00000000E+00  8.46695310E-04 -4.32287443E-08  2.
    54 -7.20000029E-01  4.53107959E+00  0.00000000E+00  8.50159595E-04 -4.31531390E-08  2.
    55 -6.99999988E-01  4.53921395E+00  0.00000000E+00  8.51479096E-04 -4.32306090E-08  2.
    56 -6.80000007E-01  4.53086614E+00  0.00000000E+00  8.50670882E-04 -4.31511061E-08  2.
    57 -6.60000026E-01  4.53707631E+00  0.00000000E+00  8.47842733E-04 -4.32102505E-08  2.
    58 -6.39999986E-01  4.53138474E+00  0.00000000E+00  8.43012056E-04 -4.31560451E-08  2.
    59 -6.20000005E-01  4.53602830E+00  0.00000000E+00  8.36288510E-04 -4.32002695E-08  2.
    60 -6.00000024E-01  4.53077244E+00  0.00000000E+00  8.27693571E-04 -4.31502137E-08  2.
    61 -5.79999983E-01  4.53634935E+00  0.00000000E+00  8.17280227E-04 -4.32033271E-08  2.
    62 -5.60000002E-01  4.52937106E+00  0.00000000E+00  8.05110998E-04 -4.31368673E-08  2.
    63 -5.40000021E-01  4.53635865E+00  0.00000000E+00  7.91247987E-04 -4.32034157E-08  2.
    64 -5.19999981E-01  4.52921236E+00  0.00000000E+00  7.75759551E-04 -4.31353558E-08  2.
    65 -5.00000000E-01  4.53448013E+00  0.00000000E+00  7.58667291E-04 -4.31855251E-08  2.
    66 -4.79999989E-01  4.53265811E+00  0.00000000E+00  7.40120635E-04 -4.31681725E-08  2.
    67 -4.60000008E-01  4.53041188E+00  0.00000000E+00  7.20096823E-04 -4.31467798E-08  2.
    68 -4.39999998E-01  4.53411417E+00  0.00000000E+00  6.98702528E-04 -4.31820397E-08  2.
    69 -4.19999987E-01  4.53117454E+00  0.00000000E+00  6.76000771E-04 -4.31540432E-08  2.
    70 -4.00000006E-01  4.53094299E+00  0.00000000E+00  6.51967443E-04 -4.31518380E-08  2.
    71 -3.79999995E-01  4.53304172E+00  0.00000000E+00  6.26800569E-04 -4.31718259E-08  2.
    72 -3.60000014E-01  4.53213521E+00  0.00000000E+00  6.00433007E-04 -4.31631925E-08  2.
    73 -3.40000004E-01  4.52967738E+00  0.00000000E+00  5.73015729E-04 -4.31397846E-08  2.
    74 -3.19999993E-01  4.53233524E+00  0.00000000E+00  5.44567868E-04 -4.31650975E-08  2.
    75 -3.00000012E-01  4.53196929E+00  0.00000000E+00  5.15151905E-04 -4.31616122E-08  2.
    76 -2.80000001E-01  4.53158813E+00  0.00000000E+00  4.84877848E-04 -4.31579822E-08  2.
    77 -2.59999990E-01  4.52976430E+00  0.00000000E+00  4.53717280E-04 -4.31406124E-08  2.
    78 -2.39999995E-01  4.53132058E+00  0.00000000E+00  4.21777726E-04 -4.31554341E-08  2.
    79 -2.19999999E-01  4.53140751E+00  0.00000000E+00  3.89086926E-04 -4.31562620E-08  2.
    80 -2.00000003E-01  4.53138263E+00  0.00000000E+00  3.55788439E-04 -4.31560250E-08  2.
    81 -1.80000007E-01  4.53104452E+00  0.00000000E+00  3.21862830E-04 -4.31528049E-08  2.
    82 -1.59999996E-01  4.53067985E+00  0.00000000E+00  2.87415911E-04 -4.31493319E-08  2.
    83 -1.40000001E-01  4.53014012E+00  0.00000000E+00  2.52471676E-04 -4.31441916E-08  2.
    84 -1.19999997E-01  4.53024314E+00  0.00000000E+00  2.17097147E-04 -4.31451728E-08  2.
    85 -1.00000001E-01  4.53044636E+00  0.00000000E+00  1.81391757E-04 -4.31471082E-08  2.
    86 -7.99999982E-02  4.53044127E+00  0.00000000E+00  1.45414525E-04 -4.31470597E-08  2.
    87 -5.99999987E-02  4.53040303E+00  0.00000000E+00  1.09162319E-04 -4.31466955E-08  2.
    88 -3.99999991E-02  4.53030652E+00  0.00000000E+00  7.29306729E-05 -4.31457764E-08  2.
    89 -1.99999996E-02  4.53023118E+00  0.00000000E+00  3.64695072E-05 -4.31450588E-08  2.
    90  0.00000000E+00  4.53007380E+00  0.00000000E+00  1.17561332E-13 -4.31435600E-08  2.
    91  1.99999996E-02  4.53023118E+00  0.00000000E+00  3.64695072E-05 -4.31450588E-08  2.
    92  3.99999991E-02  4.53030652E+00  0.00000000E+00  7.29306729E-05 -4.31457763E-08  2.
    93  5.99999987E-02  4.53040303E+00  0.00000000E+00  1.09162319E-04 -4.31466955E-08  2.
    94  7.99999982E-02  4.53044127E+00  0.00000000E+00  1.45414525E-04 -4.31470597E-08  2.
    95  1.00000001E-01  4.53044636E+00  0.00000000E+00  1.81391757E-04 -4.31471082E-08  2.
    96  1.19999997E-01  4.53024314E+00  0.00000000E+00  2.17097147E-04 -4.31451728E-08  2.
    97  1.40000001E-01  4.53014012E+00  0.00000000E+00  2.52471676E-04 -4.31441916E-08  2.
    98  1.59999996E-01  4.53067985E+00  0.00000000E+00  2.87415911E-04 -4.31493319E-08  2.
    99  1.80000007E-01  4.53104452E+00  0.00000000E+00  3.21862830E-04 -4.31528049E-08  2.
   100  2.00000003E-01  4.53138263E+00  0.00000000E+00  3.55788439E-04 -4.31560250E-08  2.
   101  2.19999999E-01  4.53140751E+00  0.00000000E+00  3.89086926E-04 -4.31562620E-08  2.
   102  2.39999995E-01  4.53132058E+00  0.00000000E+00  4.21777726E-04 -4.31554341E-08  2.
   103  2.59999990E-01  4.52976430E+00  0.00000000E+00  4.53717280E-04 -4.31406124E-08  2.
   104  2.80000001E-01  4.53158813E+00  0.00000000E+00  4.84877848E-04 -4.31579822E-08  2.
   105  3.00000012E-01  4.53196928E+00  0.00000000E+00  5.15151905E-04 -4.31616122E-08  2.
   106  3.19999993E-01  4.53233524E+00  0.00000000E+00  5.44567868E-04 -4.31650975E-08  2.
   107  3.40000004E-01  4.52967738E+00  0.00000000E+00  5.73015729E-04 -4.31397846E-08  2.
   108  3.60000014E-01  4.53213521E+00  0.00000000E+00  6.00433007E-04 -4.31631925E-08  2.
   109  3.79999995E-01  4.53304172E+00  0.00000000E+00  6.26800569E-04 -4.31718259E-08  2.
   110  4.00000006E-01  4.53094299E+00  0.00000000E+00  6.51967443E-04 -4.31518380E-08  2.
   111  4.19999987E-01  4.53117454E+00  0.00000000E+00  6.76000771E-04 -4.31540432E-08  2.
   112  4.39999998E-01  4.53411417E+00  0.00000000E+00  6.98702528E-04 -4.31820397E-08  2.
   113  4.60000008E-01  4.53041188E+00  0.00000000E+00  7.20096823E-04 -4.31467798E-08  2.
   114  4.79999989E-01  4.53265811E+00  0.00000000E+00  7.40120635E-04 -4.31681725E-08  2.
   115  5.00000000E-01  4.53448013E+00  0.00000000E+00  7.58667291E-04 -4.31855251E-08  2.
   116  5.19999981E-01  4.52921236E+00  0.00000000E+00  7.75759551E-04 -4.31353558E-08  2.
   117  5.40000021E-01  4.53635865E+00  0.00000000E+00  7.91247987E-04 -4.32034157E-08  2.
   118  5.60000002E-01  4.52937106E+00  0.00000000E+00  8.05110998E-04 -4.31368673E-08  2.
   119  5.79999983E-01  4.53634935E+00  0.00000000E+00  8.17280227E-04 -4.32033271E-08  2.
   120  6.00000024E-01  4.53077244E+00  0.00000000E+00  8.27693571E-04 -4.31502137E-08  2.
   121  6.20000005E-01  4.53602830E+00  0.00000000E+00  8.36288510E-04 -4.32002695E-08  2.
   122  6.39999986E-01  4.53138474E+00  0.00000000E+00  8.43012056E-04 -4.31560451E-08  2.
   123  6.60000026E-01  4.53707631E+00  0.00000000E+00  8.47842733E-04 -4.32102505E-08  2.
   124  6.80000007E-01  4.53086614E+00  0.00000000E+00  8.50670882E-04 -4.31511061E-08  2.
   125  6.99999988E-01  4.53921395E+00  0.00000000E+00  8.51479096E-04 -4.32306090E-08  2.
   126  7.20000029E-01  4.53107960E+00  0.00000000E+00  8.50159595E-04 -4.31531390E-08  2.
   127  7.40000010E-01  4.53901815E+00  0.00000000E+00  8.46695310E-04 -4.32287443E-08  2.
   128  7.59999990E-01  4.53594385E+00  0.00000000E+00  8.40981067E-04 -4.31994652E-08  2.
   129  7.79999971E-01  4.53582324E+00  0.00000000E+00  8.32987087E-04 -4.31983166E-08  2.
   130  8.00000012E-01  4.54540930E+00  0.00000000E+00  8.22729933E-04 -4.32896124E-08  2.
   131  8.19999993E-01  4.54856750E+00  0.00000000E+00  8.10075723E-04 -4.33196904E-08  2.
   132  8.39999974E-01  4.53607465E+00  0.00000000E+00  7.94803149E-04 -4.32007109E-08  2.
   133  8.60000014E-01  4.54053419E+00  0.00000000E+00  7.77102936E-04 -4.32431828E-08  2.
   134  8.79999995E-01  4.53368105E+00  0.00000000E+00  7.56842275E-04 -4.31779147E-08  2.
   135  8.99999976E-01  4.53436454E+00  0.00000000E+00  7.33898228E-04 -4.31844242E-08  2.
   136  9.20000017E-01  4.53594288E+00  0.00000000E+00  7.08306265E-04 -4.31994560E-08  2.
   137  9.39999998E-01  4.53499178E+00  0.00000000E+00  6.79916097E-04 -4.31903979E-08  2.
   138  9.59999979E-01  4.53094605E+00  0.00000000E+00  6.48720882E-04 -4.31518671E-08  2.
   139  9.80000019E-01  4.53217782E+00  0.00000000E+00  6.14651182E-04 -4.31635983E-08  2.
   140  1.00000000E+00  4.53380047E+00  0.00000000E+00  5.77600317E-04 -4.31790521E-08  2.
   141  1.01999998E+00  4.53227285E+00  0.00000000E+00  5.37561708E-04 -4.31645033E-08  2.
   142  1.03999996E+00  4.53285204E+00  0.00000000E+00  4.94418413E-04 -4.31700194E-08  2.
   143  1.05999994E+00  4.52971852E+00  0.00000000E+00  4.48154658E-04 -4.31401764E-08  2.
   144  1.08000004E+00  4.52952249E+00  0.00000000E+00  3.98666345E-04 -4.31383095E-08  2.
   145  1.10000002E+00  4.53166164E+00  0.00000000E+00  3.45903388E-04 -4.31586823E-08  2.
   146  1.12000000E+00  4.52959982E+00  0.00000000E+00  2.89874542E-04 -4.31390459E-08  2.
   147  1.13999999E+00  4.53095972E+00  0.00000000E+00  2.30517281E-04 -4.31519973E-08  2.
   148  1.15999997E+00  4.55304440E+00  0.00000000E+00  1.67708099E-04 -4.33623276E-08  2.
   149  1.17999995E+00  4.34307780E+00  0.00000000E+00  1.01398550E-04 -4.13626458E-08  2.
   150  1.20000005E+00  5.15184569E+00  0.00000000E+00  3.15802424E-05 -4.90651971E-08  2.
   151  1.22000003E+00  0.00000000E+00  0.00000000E+00  0.00000000E+00  5.61575515E-04  0.
   152  1.24000001E+00  0.00000000E+00  0.00000000E+00  0.00000000E+00  1.72986088E-03  0.
   153  1.25999999E+00  0.00000000E+00  0.00000000E+00  0.00000000E+00  2.98813522E-03  0.
   154  1.27999997E+00  0.00000000E+00  0.00000000E+00  0.00000000E+00  4.25609150E-03  0.
   155  1.29999995E+00  0.00000000E+00  0.00000000E+00  0.00000000E+00  5.54408445E-03  0.
   156  1.32000005E+00  0.00000000E+00  0.00000000E+00  0.00000000E+00  6.85211019E-03  0.
   157  1.34000003E+00  0.00000000E+00  0.00000000E+00  0.00000000E+00  8.18011641E-03  0.
   158  1.36000001E+00  0.00000000E+00  0.00000000E+00  0.00000000E+00  9.52809824E-03  0.
   159  1.38000000E+00  0.00000000E+00  0.00000000E+00  0.00000000E+00  1.08960420E-02  0.
   160  1.39999998E+00  0.00000000E+00  0.00000000E+00  0.00000000E+00  1.22839323E-02  0.
   161  1.41999996E+00  0.00000000E+00  0.00000000E+00  0.00000000E+00  1.36917546E-02  0.
   162  1.44000006E+00  0.00000000E+00  0.00000000E+00  0.00000000E+00  1.51195275E-02  0.
   163  1.46000004E+00  0.00000000E+00  0.00000000E+00  0.00000000E+00  1.65672102E-02  0.
   164  1.48000002E+00  0.00000000E+00  0.00000000E+00  0.00000000E+00  1.80348072E-02  0.
   165  1.50000000E+00  0.00000000E+00  0.00000000E+00  0.00000000E+00  1.95223117E-02  0.
   166  1.51999998E+00  0.00000000E+00  0.00000000E+00  0.00000000E+00  2.10297167E-02  0.
   167  1.53999996E+00  0.00000000E+00  0.00000000E+00  0.00000000E+00  2.25570127E-02  0.
   168  1.55999994E+00  0.00000000E+00  0.00000000E+00  0.00000000E+00  2.41041960E-02  0.
   169  1.58000004E+00  0.00000000E+00  0.00000000E+00  0.00000000E+00  2.56712696E-02  0.
   170  1.60000002E+00  0.00000000E+00  0.00000000E+00  0.00000000E+00  2.72582077E-02  0.
   171  1.62000000E+00  0.00000000E+00  0.00000000E+00  0.00000000E+00  2.88650124E-02  0.
   172  1.63999999E+00  0.00000000E+00  0.00000000E+00  0.00000000E+00  3.04916802E-02  0.
   173  1.65999997E+00  0.00000000E+00  0.00000000E+00  0.00000000E+00  3.21382019E-02  0.
   174  1.67999995E+00  0.00000000E+00  0.00000000E+00  0.00000000E+00  3.38045722E-02  0.
   175  1.70000005E+00  0.00000000E+00  0.00000000E+00  0.00000000E+00  3.54907945E-02  0.
   176  1.72000003E+00  0.00000000E+00  0.00000000E+00  0.00000000E+00  3.71968449E-02  0.
   177  1.74000001E+00  0.00000000E+00  0.00000000E+00  0.00000000E+00  3.89227286E-02  0.
   178  1.75999999E+00  0.00000000E+00  0.00000000E+00  0.00000000E+00  4.06684358E-02  0.
   179  1.77999997E+00  0.00000000E+00  0.00000000E+00  0.00000000E+00  4.24339476E-02  0.
STEP  37 TIME  3.50020000E+04
     1 -1.77999997E+00  0.00000000E+00  0.00000000E+00  0.00000000E+00  4.17178108E-02  0.
     2 -1.75999999E+00  0.00000000E+00  0.00000000E+00  0.00000000E+00  3.99522460E-02  0.
     3 -1.74000001E+00  0.00000000E+00  0.00000000E+00  0.00000000E+00  3.82064830E-02  0.
     4 -1.72000003E+00  0.00000000E+00  0.00000000E+00  0.00000000E+00  3.64805445E-02  0.
     5 -1.70000005E+00  0.00000000E+00  0.00000000E+00  0.00000000E+00  3.47744406E-02  0.
     6 -1.67999995E+00  0.00000000E+00  0.00000000E+00  0.00000000E+00  3.30881659E-02  0.
     7 -1.65999997E+00  0.00000000E+00  0.00000000E+00  0.00000000E+00  3.14217447E-02  0.
     8 -1.63999999E+00  0.00000000E+00  0.00000000E+00  0.00000000E+00  2.97751733E-02  0.
     9 -1.62000000E+00  0.00000000E+00  0.00000000E+00  0.00000000E+00  2.81484574E-02  0.
    10 -1.60000002E+00  0.00000000E+00  0.00000000E+00  0.00000000E+00  2.65416061E-02  0.
    11 -1.58000004E+00  0.00000000E+00  0.00000000E+00  0.00000000E+00  2.49546229E-02  0.
    12 -1.55999994E+00  0.00000000E+00  0.00000000E+00  0.00000000E+00  2.33875075E-02  0.
    13 -1.53999996E+00  0.00000000E+00  0.00000000E+00  0.00000000E+00  2.18402840E-02  0.
    14 -1.51999998E+00  0.00000000E+00  0.00000000E+00  0.00000000E+00  2.03129481E-02  0.
    15 -1.50000000E+00  0.00000000E+00  0.00000000E+00  0.00000000E+00  1.88055071E-02  0.
    16 -1.48000002E+00  0.00000000E+00  0.00000000E+00  0.00000000E+00  1.73179697E-02  0.
    17 -1.46000004E+00  0.00000000E+00  0.00000000E+00  0.00000000E+00  1.58503417E-02  0.
    18 -1.44000006E+00  0.00000000E+00  0.00000000E+00  0.00000000E+00  1.44026304E-02  0.
    19 -1.41999996E+00  0.00000000E+00  0.00000000E+00  0.00000000E+00  1.29748334E-02  0.
    20 -1.39999998E+00  0.00000000E+00  0.00000000E+00  0.00000000E+00  1.15669929E-02  0.
    21 -1.38000000E+00  0.00000000E+00  0.00000000E+00  0.00000000E+00  1.01790885E-02  0.
    22 -1.36000001E+00  0.00000000E+00  0.00000000E+00  0.00000000E+00  8.81113746E-03  0.
    23 -1.34000003E+00  0.00000000E+00  0.00000000E+00  0.00000000E+00  7.46315857E-03  0.
    24 -1.32000005E+00  0.00000000E+00  0.00000000E+00  0.00000000E+00  6.13516541E-03  0.
    25 -1.29999995E+00  0.00000000E+00  0.00000000E+00  0.00000000E+00  4.82717840E-03  0.
    26 -1.27999997E+00  0.00000000E+00  0.00000000E+00  0.00000000E+00  3.53923191E-03  0.
    27 -1.25999999E+00  0.00000000E+00  0.00000000E+00  0.00000000E+00  2.27087519E-03  0.
    28 -1.24000001E+00  0.00000000E+00  0.00000000E+00  0.00000000E+00  1.00096568E-03  0.
    29 -1.22000003E+00  4.87288365E+00  0.00000000E+00  1.98220296E-06 -4.64084157E-08  2.
    30 -1.20000005E+00  4.30670034E+00  0.00000000E+00  7.46397216E-05 -4.10161937E-08  2.
    31 -1.17999995E+00  4.40932285E+00  0.00000000E+00  1.43766526E-04 -4.19935510E-08  2.
    32 -1.15999997E+00  4.41341752E+00  0.00000000E+00  2.09366890E-04 -4.20325478E-08  2.
    33 -1.13999999E+00  4.40304642E+00  0.00000000E+00  2.71467820E-04 -4.19337754E-08  2.
    34 -1.12000000E+00  4.40825367E+00  0.00000000E+00  3.30113492E-04 -4.19833683E-08  2.
    35 -1.10000002E+00  4.40897578E+00  0.00000000E+00  3.85434766E-04 -4.19902455E-08  2.
    36 -1.08000004E+00  4.41041845E+00  0.00000000E+00  4.37481263E-04 -4.20039852E-08  2.
    37 -1.05999994E+00  4.41174944E+00  0.00000000E+00  4.86242408E-04 -4.20166613E-08  2.
    38 -1.03999996E+00  4.41534531E+00  0.00000000E+00  5.31785440E-04 -4.20509077E-08  2.
    39 -1.01999998E+00  4.41470422E+00  0.00000000E+00  5.74207698E-04 -4.20448021E-08  2.
    40 -1.00000000E+00  4.41624654E+00  0.00000000E+00  6.13521913E-04 -4.20594908E-08  2.
    41 -9.80000019E-01  4.42206099E+00  0.00000000E+00  6.49852117E-04 -4.21148665E-08  2.
    42 -9.59999979E-01  4.42466210E+00  0.00000000E+00  6.83206810E-04 -4.21396390E-08  2.
    43 -9.39999998E-01  4.42770159E+00  0.00000000E+00  7.13684423E-04 -4.21685865E-08  2.
    44 -9.20000017E-01  4.42704959E+00  0.00000000E+00  7.41355943E-04 -4.21623771E-08  2.
    45 -8.99999976E-01  4.43293326E+00  0.00000000E+00  7.66229772E-04 -4.22184120E-08  2.
    46 -8.79999995E-01  4.43907193E+00  0.00000000E+00  7.88453930E-04 -4.22768756E-08  2.
    47 -8.60000014E-01  4.43590967E+00  0.00000000E+00  8.08020277E-04 -4.22467588E-08  2.
    48 -8.39999974E-01  4.45191029E+00  0.00000000E+00  8.25065118E-04 -4.23991456E-08  2.
    49 -8.34590743E-01  4.45168209E+00  0.00000000E+00  8.39538662E-04 -4.23969723E-08  2.
    50 -8.00000012E-01  4.44308947E+00  0.00000000E+00  8.51437990E-04 -4.23151378E-08  2.
    51 -7.79999971E-01  4.44715816E+00  0.00000000E+00  8.61049632E-04 -4.23538872E-08  2.
    52 -7.59999990E-01  4.45088625E+00  0.00000000E+00  8.68318856E-04 -4.23893929E-08  2.
    53 -7.40000010E-01  4.44570830E+00  0.00000000E+00  8.73316174E-04 -4.23400791E-08  2.
    54 -7.20000029E-01  4.45529002E+00  0.00000000E+00  8.76063439E-04 -4.24313335E-08  2.
    55 -6.99999988E-01  4.44968613E+00  0.00000000E+00  8.76664939E-04 -4.23779631E-08  2.
    56 -6.80000007E-01  4.45591763E+00  0.00000000E+00  8.75138623E-04 -4.24373107E-08  2.
    57 -6.60000026E-01  4.45422849E+00  0.00000000E+00  8.71592513E-04 -4.24212237E-08  2.
    58 -6.39999986E-01  4.45728649E+00  0.00000000E+00  8.66046642E-04 -4.24503475E-08  2.
    59 -6.20000005E-01  4.45720796E+00  0.00000000E+00  8.58608122E-04 -4.24495996E-08  2.
    60 -6.00000024E-01  4.46009825E+00  0.00000000E+00  8.49288005E-04 -4.24771262E-08  2.
    61 -5.79999983E-01  4.45878505E+00  0.00000000E+00  8.38147139E-04 -4.24646195E-08  2.
    62 -5.60000002E-01  4.46389544E+00  0.00000000E+00  8.25255295E-04 -4.25132899E-08  2.
    63 -5.40000021E-01  4.45935646E+00  0.00000000E+00  8.10670247E-04 -4.24700616E-08  2.
    64 -5.19999981E-01  4.46663117E+00  0.00000000E+00  7.94459975E-04 -4.25393444E-08  2.
    65 -5.00000000E-01  4.46145148E+00  0.00000000E+00  7.76645977E-04 -4.24900141E-08  2.
    66 -4.79999989E-01  4.46652271E+00  0.00000000E+00  7.57377199E-04 -4.25383115E-08  2.
    67 -4.60000008E-01  4.46720174E+00  0.00000000E+00  7.36630518E-04 -4.25447784E-08  2.
    68 -4.39999998E-01  4.46430965E+00  0.00000000E+00  7.14511714E-04 -4.25172348E-08  2.
    69 -4.19999987E-01  4.46909666E+00  0.00000000E+00  6.91088056E-04 -4.25628253E-08  2.
    70 -4.00000006E-01  4.46888324E+00  0.00000000E+00  6.66337558E-04 -4.25607928E-08  2.
    71 -3.79999995E-01  4.46660126E+00  0.00000000E+00  6.40453554E-04 -4.25390596E-08  2.
    72 -3.60000014E-01  4.47044385E+00  0.00000000E+00  6.13367600E-04 -4.25756557E-08  2.
    73 -3.40000004E-01  4.47067816E+00  0.00000000E+00  5.85231633E-04 -4.25778872E-08  2.
    74 -3.19999993E-01  4.46953941E+00  0.00000000E+00  5.56064918E-04 -4.25670420E-08  2.
    75 -3.00000012E-01  4.47003810E+00  0.00000000E+00  5.25930004E-04 -4.25717914E-08  2.
    76 -2.80000001E-01  4.47191913E+00  0.00000000E+00  4.94937034E-04 -4.25897060E-08  2.
    77 -2.59999990E-01  4.47208291E+00  0.00000000E+00  4.63057514E-04 -4.25912658E-08  2.
    78 -2.39999995E-01  4.47212283E+00  0.00000000E+00  4.30399009E-04 -4.25916460E-08  2.
    79 -2.19999999E-01  4.47121145E+00  0.00000000E+00  3.96989372E-04 -4.25829662E-08  2.
    80 -2.00000003E-01  4.47222462E+00  0.00000000E+00  3.62972114E-04 -4.25926155E-08  2.
    81 -1.80000007E-01  4.47287850E+00  0.00000000E+00  3.28327808E-04 -4.25988428E-08  2.
    82 -1.59999996E-01  4.47318830E+00  0.00000000E+00  2.93162273E-04 -4.26017933E-08  2.
    83 -1.40000001E-01  4.47332297E+00  0.00000000E+00  2.57499505E-04 -4.26030759E-08  2.
    84 -1.19999997E-01  4.47334441E+00  0.00000000E+00  2.21406531E-04 -4.26032801E-08  2.
    85 -1.00000001E-01  4.47332189E+00  0.00000000E+00  1.84982772E-04 -4.26030656E-08  2.
    86 -7.99999982E-02  4.47328874E+00  0.00000000E+00  1.48287242E-04 -4.26027499E-08  2.
    87 -5.99999987E-02  4.47326567E+00  0.00000000E+00  1.11316800E-04 -4.26025302E-08  2.
    88 -3.99999991E-02  4.47325065E+00  0.00000000E+00  7.43669662E-05 -4.26023872E-08  2.
    89 -1.99999996E-02  4.47325242E+00  0.00000000E+00  3.71876469E-05 -4.26024040E-08  2.
    90  0.00000000E+00  4.47321756E+00  0.00000000E+00  1.24114169E-13 -4.26020720E-08  2.
    91  1.99999996E-02  4.47325242E+00  0.00000000E+00  3.71876469E-05 -4.26024040E-08  2.
    92  3.99999991E-02  4.47325065E+00  0.00000000E+00  7.43669662E-05 -4.26023872E-08  2.
    93  5.99999987E-02  4.47326567E+00  0.00000000E+00  1.11316800E-04 -4.26025302E-08  2.
    94  7.99999982E-02  4.47328874E+00  0.00000000E+00  1.48287242E-04 -4.26027499E-08  2.
    95  1.00000001E-01  4.47332189E+00  0.00000000E+00  1.84982772E-04 -4.26030656E-08  2.
    96  1.19999997E-01  4.47334441E+00  0.00000000E+00  2.21406531E-04 -4.26032801E-08  2.
    97  1.40000001E-01  4.47332297E+00  0.00000000E+00  2.57499505E-04 -4.26030759E-08  2.
    98  1.59999996E-01  4.47318830E+00  0.00000000E+00  2.93162273E-04 -4.26017933E-08  2.
    99  1.80000007E-01  4.47287850E+00  0.00000000E+00  3.28327808E-04 -4.25988428E-08  2.
   100  2.00000003E-01  4.47222462E+00  0.00000000E+00  3.62972114E-04 -4.25926155E-08  2.
   101  2.19999999E-01  4.47121145E+00  0.00000000E+00  3.96989372E-04 -4.25829662E-08  2.
   102  2.39999995E-01  4.47212283E+00  0.00000000E+00  4.30399009E-04 -4.25916460E-08  2.
   103  2.59999990E-01  4.47208291E+00  0.00000000E+00  4.63057514E-04 -4.25912658E-08  2.
   104  2.80000001E-01  4.47191913E+00  0.00000000E+00  4.94937034E-04 -4.25897060E-08  2.
   105  3.00000012E-01  4.47003810E+00  0.00000000E+00  5.25930004E-04 -4.25717914E-08  2.
   106  3.19999993E-01  4.46953941E+00  0.00000000E+00  5.56064918E-04 -4.25670420E-08  2.
   107  3.40000004E-01  4.47067816E+00  0.00000000E+00  5.85231633E-04 -4.25778872E-08  2.
   108  3.60000014E-01  4.47044385E+00  0.00000000E+00  6.13367600E-04 -4.25756557E-08  2.
   109  3.79999995E-01  4.46660125E+00  0.00000000E+00  6.40453554E-04 -4.25390596E-08  2.
   110  4.00000006E-01  4.46888324E+00  0.00000000E+00  6.66337558E-04 -4.25607928E-08  2.
   111  4.19999987E-01  4.46909666E+00  0.00000000E+00  6.91088056E-04 -4.25628253E-08  2.
   112  4.39999998E-01  4.46430965E+00  0.00000000E+00  7.14511714E-04 -4.25172347E-08  2.
   113  4.60000008E-01  4.46720174E+00  0.00000000E+00  7.36630518E-04 -4.25447785E-08  2.
   114  4.79999989E-01  4.46652271E+00  0.00000000E+00  7.57377199E-04 -4.25383115E-08  2.
   115  5.00000000E-01  4.46145148E+00  0.00000000E+00  7.76645977E-04 -4.24900141E-08  2.
   116  5.19999981E-01  4.46663117E+00  0.00000000E+00  7.94459975E-04 -4.25393444E-08  2.
   117  5.40000021E-01  4.45935646E+00  0.00000000E+00  8.10670247E-04 -4.24700616E-08  2.
   118  5.60000002E-01  4.46389544E+00  0.00000000E+00  8.25255295E-04 -4.25132899E-08  2.
   119  5.79999983E-01  4.45878504E+00  0.00000000E+00  8.38147139E-04 -4.24646195E-08  2.
   120  6.00000024E-01  4.46009825E+00  0.00000000E+00  8.49288005E-04 -4.24771262E-08  2.
   121  6.20000005E-01  4.45720796E+00  0.00000000E+00  8.58608122E-04 -4.24495996E-08  2.
   122  6.39999986E-01  4.45728649E+00  0.00000000E+00  8.66046642E-04 -4.24503475E-08  2.
   123  6.60000026E-01  4.45422849E+00  0.00000000E+00  8.71592513E-04 -4.24212237E-08  2.
   124  6.80000007E-01  4.45591763E+00  0.00000000E+00  8.75138623E-04 -4.24373107E-08  2.
   125  6.99999988E-01  4.44968613E+00  0.00000000E+00  8.76664939E-04 -4.23779631E-08  2.
   126  7.20000029E-01  4.45529002E+00  0.00000000E+00  8.76063439E-04 -4.24313335E-08  2.
   127  7.40000010E-01  4.44570831E+00  0.00000000E+00  8.73316174E-04 -4.23400791E-08  2.
   128  7.59999990E-01  4.45088625E+00  0.00000000E+00  8.68318856E-04 -4.23893929E-08  2.
   129  7.79999971E-01  4.44715816E+00  0.00000000E+00  8.61049632E-04 -4.23538872E-08  2.
   130  8.00000012E-01  4.44308947E+00  0.00000000E+00  8.51437990E-04 -4.23151378E-08  2.
   131  8.19999993E-01  4.45168209E+00  0.00000000E+00  8.39538662E-04 -4.23969723E-08  2.
   132  8.39999974E-01  4.45191029E+00  0.00000000E+00  8.25065118E-04 -4.23991457E-08  2.
   133  8.60000014E-01  4.43590967E+00  0.00000000E+00  8.08020277E-04 -4.22467588E-08  2.
   134  8.79999995E-01  4.43907193E+00  0.00000000E+00  7.88453930E-04 -4.22768756E-08  2.
   135  8.99999976E-01  4.43293326E+00  0.00000000E+00  7.66229772E-04 -4.22184120E-08  2.
   136  9.20000017E-01  4.42704959E+00  0.00000000E+00  7.41355943E-04 -4.21623771E-08  2.
   137  9.39999998E-01  4.42770159E+00  0.00000000E+00  7.13684423E-04 -4.21685865E-08  2.
   138  9.59999979E-01  4.42466210E+00  0.00000000E+00  6.83206810E-04 -4.21396390E-08  2.
   139  9.80000019E-01  4.42206099E+00  0.00000000E+00  6.49852117E-04 -4.21148665E-08  2.
   140  1.00000000E+00  4.41624654E+00  0.00000000E+00  6.13521913E-04 -4.20594908E-08  2.
   141  1.01999998E+00  4.41470422E+00  0.00000000E+00  5.74207698E-04 -4.20448021E-08  2.
   142  1.03999996E+00  4.41534531E+00  0.00000000E+00  5.31785440E-04 -4.20509078E-08  2.
   143  1.05999994E+00  4.41174944E+00  0.00000000E+00  4.86242408E-04 -4.20166613E-08  2.
   144  1.08000004E+00  4.41041845E+00  0.00000000E+00  4.37481263E-04 -4.20039852E-08  2.
   145  1.10000002E+00  4.40897578E+00  0.00000000E+00  3.85434766E-04 -4.19902455E-08  2.
   146  1.12000000E+00  4.40825367E+00  0.00000000E+00  3.30113492E-04 -4.19833683E-08  2.
   147  1.13999999E+00  4.40304642E+00  0.00000000E+00  2.71467820E-04 -4.19337755E-08  2.
   148  1.15999997E+00  4.41341752E+00  0.00000000E+00  2.09366890E-04 -4.20325478E-08  2.
   149  1.17999995E+00  4.40932285E+00  0.00000000E+00  1.43766526E-04 -4.19935510E-08  2.
   150  1.20000005E+00  4.30670035E+00  0.00000000E+00  7.46397216E-05 -4.10161938E-08  2.
   151  1.22000003E+00  4.87288365E+00  0.00000000E+00  1.98220296E-06 -4.64084157E-08  2.
   152  1.24000001E+00  0.00000000E+00  0.00000000E+00  0.00000000E+00  1.00096568E-03  0.
   153  1.25999999E+00  0.00000000E+00  0.00000000E+00  0.00000000E+00  2.27087519E-03  0.
   154  1.27999997E+00  0.00000000E+00  0.00000000E+00  0.00000000E+00  3.53923191E-03  0.
   155  1.29999995E+00  0.00000000E+00  0.00000000E+00  0.00000000E+00  4.82717840E-03  0.
   156  1.32000005E+00  0.00000000E+00  0.00000000E+00  0.00000000E+00  6.13516541E-03  0.
   157  1.34000003E+00  0.00000000E+00  0.00000000E+00  0.00000000E+00  7.46315857E-03  0.
   158  1.36000001E+00  0.00000000E+00  0.00000000E+00  0.00000000E+00  8.81113746E-03  0.
   159  1.38000000E+00  0.00000000E+00  0.00000000E+00  0.00000000E+00  1.01790885E-02  0.
   160  1.39999998E+00  0.00000000E+00  0.00000000E+00  0.00000000E+00  1.15669929E-02  0.
   161  1.41999996E+00  0.00000000E+00  0.00000000E+00  0.00000000E+00  1.29748334E-02  0.
   162  1.44000006E+00  0.00000000E+00  0.00000000E+00  0.00000000E+00  1.44026304E-02  0.
   163  1.46000004E+00  0.00000000E+00  0.00000000E+00  0.00000000E+00  1.58503417E-02  0.
   164  1.48000002E+00  0.00000000E+00  0.00000000E+00  0.00000000E+00  1.73179697E-02  0.
   165  1.50000000E+00  0.00000000E+00  0.00000000E+00  0.00000000E+00  1.88055071E-02  0.
   166  1.51999998E+00  0.00000000E+00  0.00000000E+00  0.00000000E+00  2.03129481E-02  0.
   167  1.53999996E+00  0.00000000E+00  0.00000000E+00  0.00000000E+00  2.18402840E-02  0.
   168  1.55999994E+00  0.00000000E+00  0.00000000E+00  0.00000000E+00  2.33875075E-02  0.
   169  1.58000004E+00  0.00000000E+00  0.00000000E+00  0.00000000E+00  2.49546229E-02  0.
   170  1.60000002E+00  0.00000000E+00  0.00000000E+00  0.00000000E+00  2.65416061E-02  0.
   171  1.62000000E+00  0.00000000E+00  0.00000000E+00  0.00000000E+00  2.81484574E-02  0.
   172  1.63999999E+00  0.00000000E+00  0.00000000E+00  0.00000000E+00  2.97751733E-02  0.
   173  1.65999997E+00  0.00000000E+00  0.00000000E+00  0.00000000E+00  3.14217447E-02  0.
   174  1.67999995E+00  0.00000000E+00  0.00000000E+00  0.00000000E+00  3.30881659E-02  0.
   175  1.70000005E+00  0.00000000E+00  0.00000000E+00  0.00000000E+00  3.47744406E-02  0.
   176  1.72000003E+00  0.00000000E+00  0.00000000E+00  0.00000000E+00  3.64805445E-02  0.
   177  1.74000001E+00  0.00000000E+00  0.00000000E+00  0.00000000E+00  3.82064830E-02  0.
   178  1.75999999E+00  0.00000000E+00  0.00000000E+00  0.00000000E+00  3.99522460E-02  0.
   179  1.77999997E+00  0.00000000E+00  0.00000000E+00  0.00000000E+00  4.17178103E-02  0.
STEP  38 TIME  3.60020000E+04
     1 -1.77999997E+00  0.00000000E+00  0.00000000E+00  0.00000000E+00  4.10118685E-02  0.
     2 -1.75999999E+00  0.00000000E+00  0.00000000E+00  0.00000000E+00  3.92462481E-02  0.
     3 -1.74000001E+00  0.00000000E+00  0.00000000E+00  0.00000000E+00  3.75004243E-02  0.
     4 -1.72000003E+00  0.00000000E+00  0.00000000E+00  0.00000000E+00  3.57744259E-02  0.
     5 -1.70000005E+00  0.00000000E+00  0.00000000E+00  0.00000000E+00  3.40682627E-02  0.
     6 -1.67999995E+00  0.00000000E+00  0.00000000E+00  0.00000000E+00  3.23819295E-02  0.
     7 -1.65999997E+00  0.00000000E+00  0.00000000E+00  0.00000000E+00  3.07154506E-02  0.
     8 -1.63999999E+00  0.00000000E+00  0.00000000E+00  0.00000000E+00  2.90688224E-02  0.
     9 -1.62000000E+00  0.00000000E+00  0.00000000E+00  0.00000000E+00  2.74420504E-02  0.
    10 -1.60000002E+00  0.00000000E+00  0.00000000E+00  0.00000000E+00  2.58351437E-02  0.
    11 -1.58000004E+00  0.00000000E+00  0.00000000E+00  0.00000000E+00  2.42481061E-02  0.
    12 -1.55999994E+00  0.00000000E+00  0.00000000E+00  0.00000000E+00  2.26809401E-02  0.
    13 -1.53999996E+00  0.00000000E+00  0.00000000E+00  0.00000000E+00  2.11336626E-02  0.
    14 -1.51999998E+00  0.00000000E+00  0.00000000E+00  0.00000000E+00  1.96062750E-02  0.
    15 -1.50000000E+00  0.00000000E+00  0.00000000E+00  0.00000000E+00  1.80987844E-02  0.
    16 -1.48000002E+00  0.00000000E+00  0.00000000E+00  0.00000000E+00  1.66111978E-02  0.
    17 -1.46000004E+00  0.00000000E+00  0.00000000E+00  0.00000000E+00  1.51435204E-02  0.
    18 -1.44000006E+00  0.00000000E+00  0.00000000E+00  0.00000000E+00  1.36957598E-02  0.
    19 -1.41999996E+00  0.00000000E+00  0.00000000E+00  0.00000000E+00  1.22679181E-02  0.
    20 -1.39999998E+00  0.00000000E+00  0.00000000E+00  0.00000000E+00  1.08600306E-02  0.
    21 -1.38000000E+00  0.00000000E+00  0.00000000E+00  0.00000000E+00  9.47208090E-03  0.
    22 -1.36000001E+00  0.00000000E+00  0.00000000E+00  0.00000000E+00  8.10408547E-03  0.
    23 -1.34000003E+00  0.00000000E+00  0.00000000E+00  0.00000000E+00  6.75606375E-03  0.
    24 -1.32000005E+00  0.00000000E+00  0.00000000E+00  0.00000000E+00  5.42802908E-03  0.
    25 -1.29999995E+00  0.00000000E+00  0.00000000E+00  0.00000000E+00  4.12000301E-03  0.
    26 -1.27999997E+00  0.00000000E+00  0.00000000E+00  0.00000000E+00  2.83201874E-03  0.
    27 -1.25999999E+00  0.00000000E+00  0.00000000E+00  0.00000000E+00  1.54915644E-03  0.
    28 -1.24000001E+00  0.00000000E+00  0.00000000E+00  0.00000000E+00  3.99147279E-04  0.
    29 -1.22000003E+00  5.15328281E+00  0.00000000E+00  4.50916195E-05 -4.90788840E-08  2.
    30 -1.20000005E+00  4.17527211E+00  0.00000000E+00  1.17094563E-04 -3.97644963E-08  2.
    31 -1.17999995E+00  4.49665019E+00  0.00000000E+00  1.85514397E-04 -4.28252399E-08  2.
    32 -1.15999997E+00  4.41933156E+00  0.00000000E+00  2.50416010E-04 -4.20888720E-08  2.
    33 -1.13999999E+00  4.43583318E+00  0.00000000E+00  3.11814412E-04 -4.22460303E-08  2.
    34 -1.12000000E+00  4.43381966E+00  0.00000000E+00  3.69759484E-04 -4.22268539E-08  2.
    35 -1.10000002E+00  4.43506314E+00  0.00000000E+00  4.24377218E-04 -4.22386965E-08  2.
    36 -1.08000004E+00  4.43472983E+00  0.00000000E+00  4.75709769E-04 -4.22355222E-08  2.
    37 -1.05999994E+00  4.43341612E+00  0.00000000E+00  5.23756846E-04 -4.22230107E-08  2.
    38 -1.03999996E+00  4.43391859E+00  0.00000000E+00  5.68587825E-04 -4.22277961E-08  2.
    39 -1.01999998E+00  4.43666883E+00  0.00000000E+00  6.10295448E-04 -4.22539889E-08  2.
    40 -1.00000000E+00  4.43652608E+00  0.00000000E+00  6.48898469E-04 -4.22526293E-08  2.
    41 -9.80000019E-01  4.43816241E+00  0.00000000E+00  6.84522723E-04 -4.22682134E-08  2.
    42 -9.59999979E-01  4.43470898E+00  0.00000000E+00  7.17170071E-04 -4.22353237E-08  2.
    43 -9.39999998E-01  4.43711677E+00  0.00000000E+00  7.46939526E-04 -4.22582549E-08  2.
    44 -9.20000017E-01  4.43958956E+00  0.00000000E+00  7.73902896E-04 -4.22818054E-08  2.
    45 -8.99999976E-01  4.44098343E+00  0.00000000E+00  7.98066901E-04 -4.22950803E-08  2.
    46 -8.79999995E-01  4.43689138E+00  0.00000000E+00  8.19603978E-04 -4.22561084E-08  2.
    47 -8.60000014E-01  4.44778112E+00  0.00000000E+00  8.38498892E-04 -4.23598202E-08  2.
    48 -8.51389221E-01  4.45156671E+00  0.00000000E+00  8.54859032E-04 -4.23958734E-08  2.
    49 -8.19999993E-01  4.43578262E+00  0.00000000E+00  8.68478545E-04 -4.22455488E-08  2.
    50 -8.00000012E-01  4.44114147E+00  0.00000000E+00  8.79780029E-04 -4.22965854E-08  2.
    51 -7.79999971E-01  4.44015121E+00  0.00000000E+00  8.88679633E-04 -4.22871544E-08  2.
    52 -7.59999990E-01  4.43447927E+00  0.00000000E+00  8.95243109E-04 -4.22331359E-08  2.
    53 -7.40000010E-01  4.44201118E+00  0.00000000E+00  8.99534605E-04 -4.23048684E-08  2.
    54 -7.20000029E-01  4.43463515E+00  0.00000000E+00  9.01575112E-04 -4.22346204E-08  2.
    55 -6.99999988E-01  4.43855900E+00  0.00000000E+00  9.01469654E-04 -4.22719905E-08  2.
    56 -6.80000007E-01  4.43642815E+00  0.00000000E+00  8.99236469E-04 -4.22516967E-08  2.
    57 -6.60000026E-01  4.43617402E+00  0.00000000E+00  8.94986934E-04 -4.22492764E-08  2.
    58 -6.39999986E-01  4.43732742E+00  0.00000000E+00  8.88735846E-04 -4.22602612E-08  2.
    59 -6.20000005E-01  4.43529989E+00  0.00000000E+00  8.80582257E-04 -4.22409513E-08  2.
    60 -6.00000024E-01  4.43682807E+00  0.00000000E+00  8.70546676E-04 -4.22555054E-08  2.
    61 -5.79999983E-01  4.43586085E+00  0.00000000E+00  8.58694210E-04 -4.22462938E-08  2.
    62 -5.60000002E-01  4.43478394E+00  0.00000000E+00  8.45091244E-04 -4.22360375E-08  2.
    63 -5.40000021E-01  4.43795815E+00  0.00000000E+00  8.29795171E-04 -4.22662681E-08  2.
    64 -5.19999981E-01  4.43256734E+00  0.00000000E+00  8.12873775E-04 -4.22149270E-08  2.
    65 -5.00000000E-01  4.43836722E+00  0.00000000E+00  7.94348146E-04 -4.22701640E-08  2.
    66 -4.79999989E-01  4.43329467E+00  0.00000000E+00  7.74365970E-04 -4.22218540E-08  2.
    67 -4.60000008E-01  4.43566100E+00  0.00000000E+00  7.52906434E-04 -4.22443905E-08  2.
    68 -4.39999998E-01  4.43690499E+00  0.00000000E+00  7.30080015E-04 -4.22562380E-08  2.
    69 -4.19999987E-01  4.43256056E+00  0.00000000E+00  7.05950471E-04 -4.22148625E-08  2.
    70 -4.00000006E-01  4.43601482E+00  0.00000000E+00  6.80492330E-04 -4.22477602E-08  2.
    71 -3.79999995E-01  4.43599868E+00  0.00000000E+00  6.53900343E-04 -4.22476065E-08  2.
    72 -3.60000014E-01  4.43352432E+00  0.00000000E+00  6.26106218E-04 -4.22240412E-08  2.
    73 -3.40000004E-01  4.43449119E+00  0.00000000E+00  5.97261957E-04 -4.22332494E-08  2.
    74 -3.19999993E-01  4.43550704E+00  0.00000000E+00  5.67386939E-04 -4.22429242E-08  2.
    75 -3.00000012E-01  4.43513647E+00  0.00000000E+00  5.36543747E-04 -4.22393950E-08  2.
    76 -2.80000001E-01  4.43341577E+00  0.00000000E+00  5.04842588E-04 -4.22230073E-08  2.
    77 -2.59999990E-01  4.43405337E+00  0.00000000E+00  4.72254867E-04 -4.22290798E-08  2.
    78 -2.39999995E-01  4.43480019E+00  0.00000000E+00  4.38888196E-04 -4.22361923E-08  2.
    79 -2.19999999E-01  4.43473262E+00  0.00000000E+00  4.04770549E-04 -4.22355488E-08  2.
    80 -2.00000003E-01  4.43441570E+00  0.00000000E+00  3.70045385E-04 -4.22325305E-08  2.
    81 -1.80000007E-01  4.43400243E+00  0.00000000E+00  3.34693286E-04 -4.22285946E-08  2.
    82 -1.59999996E-01  4.43324846E+00  0.00000000E+00  2.98820071E-04 -4.22214139E-08  2.
    83 -1.40000001E-01  4.43373797E+00  0.00000000E+00  2.62449738E-04 -4.22260759E-08  2.
    84 -1.19999997E-01  4.43385353E+00  0.00000000E+00  2.25649318E-04 -4.22271765E-08  2.
    85 -1.00000001E-01  4.43388461E+00  0.00000000E+00  1.88518223E-04 -4.22274725E-08  2.
    86 -7.99999982E-02  4.43382618E+00  0.00000000E+00  1.51115463E-04 -4.22269160E-08  2.
    87 -5.99999987E-02  4.43373142E+00  0.00000000E+00  1.13437880E-04 -4.22260135E-08  2.
    88 -3.99999991E-02  4.43360663E+00  0.00000000E+00  7.57809775E-05 -4.22248250E-08  2.
    89 -1.99999996E-02  4.43351530E+00  0.00000000E+00  3.78946423E-05 -4.22239553E-08  2.
    90  0.00000000E+00  4.43334249E+00  0.00000000E+00  1.31100475E-13 -4.22223094E-08  2.
    91  1.99999996E-02  4.43351530E+00  0.00000000E+00  3.78946423E-05 -4.22239553E-08  2.
    92  3.99999991E-02  4.43360663E+00  0.00000000E+00  7.57809775E-05 -4.22248250E-08  2.
    93  5.99999987E-02  4.43373142E+00  0.00000000E+00  1.13437880E-04 -4.22260136E-08  2.
    94  7.99999982E-02  4.43382618E+00  0.00000000E+00  1.51115463E-04 -4.22269160E-08  2.
    95  1.00000001E-01  4.43388461E+00  0.00000000E+00  1.88518223E-04 -4.22274725E-08  2.
    96  1.19999997E-01  4.43385353E+00  0.00000000E+00  2.25649318E-04 -4.22271765E-08  2.
    97  1.40000001E-01  4.43373797E+00  0.00000000E+00  2.62449738E-04 -4.22260759E-08  2.
    98  1.59999996E-01  4.43324846E+00  0.00000000E+00  2.98820071E-04 -4.22214139E-08  2.
    99  1.80000007E-01  4.43400243E+00  0.00000000E+00  3.34693286E-04 -4.22285945E-08  2.
   100  2.00000003E-01  4.43441570E+00  0.00000000E+00  3.70045385E-04 -4.22325305E-08  2.
   101  2.19999999E-01  4.43473262E+00  0.00000000E+00  4.04770549E-04 -4.22355488E-08  2.
   102  2.39999995E-01  4.43480019E+00  0.00000000E+00  4.38888196E-04 -4.22361923E-08  2.
   103  2.59999990E-01  4.43405338E+00  0.00000000E+00  4.72254867E-04 -4.22290798E-08  2.
   104  2.80000001E-01  4.43341577E+00  0.00000000E+00  5.04842588E-04 -4.22230073E-08  2.
   105  3.00000012E-01  4.43513647E+00  0.00000000E+00  5.36543747E-04 -4.22393950E-08  2.
   106  3.19999993E-01  4.43550704E+00  0.00000000E+00  5.67386939E-04 -4.22429242E-08  2.
   107  3.40000004E-01  4.43449119E+00  0.00000000E+00  5.97261957E-04 -4.22332494E-08  2.
   108  3.60000014E-01  4.43352432E+00  0.00000000E+00  6.26106218E-04 -4.22240412E-08  2.
   109  3.79999995E-01  4.43599868E+00  0.00000000E+00  6.53900343E-04 -4.22476065E-08  2.
   110  4.00000006E-01  4.43601482E+00  0.00000000E+00  6.80492330E-04 -4.22477602E-08  2.
   111  4.19999987E-01  4.43256056E+00  0.00000000E+00  7.05950471E-04 -4.22148625E-08  2.
   112  4.39999998E-01  4.43690499E+00  0.00000000E+00  7.30080015E-04 -4.22562380E-08  2.
   113  4.60000008E-01  4.43566100E+00  0.00000000E+00  7.52906434E-04 -4.22443905E-08  2.
   114  4.79999989E-01  4.43329467E+00  0.00000000E+00  7.74365970E-04 -4.22218540E-08  2.
   115  5.00000000E-01  4.43836722E+00  0.00000000E+00  7.94348146E-04 -4.22701640E-08  2.
   116  5.19999981E-01  4.43256734E+00  0.00000000E+00  8.12873775E-04 -4.22149270E-08  2.
   117  5.40000021E-01  4.43795815E+00  0.00000000E+00  8.29795171E-04 -4.22662681E-08  2.
   118  5.60000002E-01  4.43478394E+00  0.00000000E+00  8.45091244E-04 -4.22360375E-08  2.
   119  5.79999983E-01  4.43586085E+00  0.00000000E+00  8.58694210E-04 -4.22462938E-08  2.
   120  6.00000024E-01  4.43682807E+00  0.00000000E+00  8.70546676E-04 -4.22555054E-08  2.
   121  6.20000005E-01  4.43529989E+00  0.00000000E+00  8.80582257E-04 -4.22409513E-08  2.
   122  6.39999986E-01  4.43732742E+00  0.00000000E+00  8.88735846E-04 -4.22602612E-08  2.
   123  6.60000026E-01  4.43617402E+00  0.00000000E+00  8.94986934E-04 -4.22492764E-08  2.
   124  6.80000007E-01  4.43642815E+00  0.00000000E+00  8.99236469E-04 -4.22516967E-08  2.
   125  6.99999988E-01  4.43855900E+00  0.00000000E+00  9.01469654E-04 -4.22719905E-08  2.
   126  7.20000029E-01  4.43463515E+00  0.00000000E+00  9.01575112E-04 -4.22346205E-08  2.
   127  7.40000010E-01  4.44201119E+00  0.00000000E+00  8.99534605E-04 -4.23048684E-08  2.
   128  7.59999990E-01  4.43447927E+00  0.00000000E+00  8.95243109E-04 -4.22331359E-08  2.
   129  7.79999971E-01  4.44015121E+00  0.00000000E+00  8.88679633E-04 -4.22871544E-08  2.
   130  8.00000012E-01  4.44114147E+00  0.00000000E+00  8.79780029E-04 -4.22965854E-08  2.
   131  8.19999993E-01  4.43578262E+00  0.00000000E+00  8.68478545E-04 -4.22455488E-08  2.
   132  8.39999974E-01  4.45156671E+00  0.00000000E+00  8.54859032E-04 -4.23958734E-08  2.
   133  8.60000014E-01  4.44778112E+00  0.00000000E+00  8.38498892E-04 -4.23598202E-08  2.
   134  8.79999995E-01  4.43689139E+00  0.00000000E+00  8.19603978E-04 -4.22561085E-08  2.
   135  8.99999976E-01  4.44098343E+00  0.00000000E+00  7.98066901E-04 -4.22950803E-08  2.
   136  9.20000017E-01  4.43958956E+00  0.00000000E+00  7.73902896E-04 -4.22818053E-08  2.
   137  9.39999998E-01  4.43711677E+00  0.00000000E+00  7.46939526E-04 -4.22582549E-08  2.
   138  9.59999979E-01  4.43470898E+00  0.00000000E+00  7.17170071E-04 -4.22353236E-08  2.
   139  9.80000019E-01  4.43816241E+00  0.00000000E+00  6.84522723E-04 -4.22682134E-08  2.
   140  1.00000000E+00  4.43652608E+00  0.00000000E+00  6.48898469E-04 -4.22526294E-08  2.
   141  1.01999998E+00  4.43666883E+00  0.00000000E+00  6.10295448E-04 -4.22539889E-08  2.
   142  1.03999996E+00  4.43391859E+00  0.00000000E+00  5.68587825E-04 -4.22277961E-08  2.
   143  1.05999994E+00  4.43341612E+00  0.00000000E+00  5.23756846E-04 -4.22230107E-08  2.
   144  1.08000004E+00  4.43472983E+00  0.00000000E+00  4.75709769E-04 -4.22355222E-08  2.
   145  1.10000002E+00  4.43506314E+00  0.00000000E+00  4.24377218E-04 -4.22386965E-08  2.
   146  1.12000000E+00  4.43381966E+00  0.00000000E+00  3.69759484E-04 -4.22268539E-08  2.
   147  1.13999999E+00  4.43583318E+00  0.00000000E+00  3.11814412E-04 -4.22460303E-08  2.
   148  1.15999997E+00  4.41933156E+00  0.00000000E+00  2.50416010E-04 -4.20888720E-08  2.
   149  1.17999995E+00  4.49665019E+00  0.00000000E+00  1.85514397E-04 -4.28252399E-08  2.
   150  1.20000005E+00  4.17527211E+00  0.00000000E+00  1.17094563E-04 -3.97644963E-08  2.
   151  1.22000003E+00  5.15328282E+00  0.00000000E+00  4.50916195E-05 -4.90788840E-08  2.
   152  1.24000001E+00  0.00000000E+00  0.00000000E+00  0.00000000E+00  3.99147279E-04  0.
   153  1.25999999E+00  0.00000000E+00  0.00000000E+00  0.00000000E+00  1.54915644E-03  0.
   154  1.27999997E+00  0.00000000E+00  0.00000000E+00  0.00000000E+00  2.83201874E-03  0.
   155  1.29999995E+00  0.00000000E+00  0.00000000E+00  0.00000000E+00  4.12000301E-03  0.
   156  1.32000005E+00  0.00000000E+00  0.00000000E+00  0.00000000E+00  5.42802908E-03  0.
   157  1.34000003E+00  0.00000000E+00  0.00000000E+00  0.00000000E+00  6.75606375E-03  0.
   158  1.36000001E+00  0.00000000E+00  0.00000000E+00  0.00000000E+00  8.10408547E-03  0.
   159  1.38000000E+00  0.00000000E+00  0.00000000E+00  0.00000000E+00  9.47208090E-03  0.
   160  1.39999998E+00  0.00000000E+00  0.00000000E+00  0.00000000E+00  1.08600306E-02  0.
   161  1.41999996E+00  0.00000000E+00  0.00000000E+00  0.00000000E+00  1.22679181E-02  0.
   162  1.44000006E+00  0.00000000E+00  0.00000000E+00  0.00000000E+00  1.36957598E-02  0.
   163  1.46000004E+00  0.00000000E+00  0.00000000E+00  0.00000000E+00  1.51435204E-02  0.
   164  1.48000002E+00  0.00000000E+00  0.00000000E+00  0.00000000E+00  1.66111978E-02  0.
   165  1.50000000E+00  0.00000000E+00  0.00000000E+00  0.00000000E+00  1.80987844E-02  0.
   166  1.51999998E+00  0.00000000E+00  0.00000000E+00  0.00000000E+00  1.96062750E-02  0.
   167  1.53999996E+00  0.00000000E+00  0.00000000E+00  0.00000000E+00  2.11336626E-02  0.
   168  1.55999994E+00  0.00000000E+00  0.00000000E+00  0.00000000E+00  2.26809401E-02  0.
   169  1.58000004E+00  0.00000000E+00  0.00000000E+00  0.00000000E+00  2.42481061E-02  0.
   170  1.60000002E+00  0.00000000E+00  0.00000000E+00  0.00000000E+00  2.58351437E-02  0.
   171  1.62000000E+00  0.00000000E+00  0.00000000E+00  0.00000000E+00  2.74420504E-02  0.
   172  1.63999999E+00  0.00000000E+00  0.00000000E+00  0.00000000E+00  2.90688224E-02  0.
   173  1.65999997E+00  0.00000000E+00  0.00000000E+00  0.00000000E+00  3.07154506E-02  0.
   174  1.67999995E+00  0.00000000E+00  0.00000000E+00  0.00000000E+00  3.23819295E-02  0.
   175  1.70000005E+00  0.00000000E+00  0.00000000E+00  0.00000000E+00  3.40682627E-02  0.
   176  1.72000003E+00  0.00000000E+00  0.00000000E+00  0.00000000E+00  3.57744259E-02  0.
   177  1.74000001E+00  0.00000000E+00  0.00000000E+00  0.00000000E+00  3.75004243E-02  0.
   178  1.75999999E+00  0.00000000E+00  0.00000000E+00  0.00000000E+00  3.92462481E-02  0.
   179  1.77999997E+00  0.00000000E+00  0.00000000E+00  0.00000000E+00  4.10118680E-02  0.
STEP  39 TIME  3.70020000E+04
     1 -1.77999997E+00  0.00000000E+00  0.00000000E+00  0.00000000E+00  4.03098287E-02  0.
     2 -1.75999999E+00  0.00000000E+00  0.00000000E+00  0.00000000E+00  3.85441613E-02  0.
     3 -1.74000001E+00  0.00000000E+00  0.00000000E+00  0.00000000E+00  3.67982840E-02  0.
     4 -1.72000003E+00  0.00000000E+00  0.00000000E+00  0.00000000E+00  3.50722335E-02  0.
     5 -1.70000005E+00  0.00000000E+00  0.00000000E+00  0.00000000E+00  3.33660194E-02  0.
     6 -1.67999995E+00  0.00000000E+00  0.00000000E+00  0.00000000E+00  3.16796365E-02  0.
     7 -1.65999997E+00  0.00000000E+00  0.00000000E+00  0.00000000E+00  3.00131094E-02  0.
     8 -1.63999999E+00  0.00000000E+00  0.00000000E+00  0.00000000E+00  2.83664345E-02  0.
     9 -1.62000000E+00  0.00000000E+00  0.00000000E+00  0.00000000E+00  2.67396175E-02  0.
    10 -1.60000002E+00  0.00000000E+00  0.00000000E+00  0.00000000E+00  2.51326673E-02  0.
    11 -1.58000004E+00  0.00000000E+00  0.00000000E+00  0.00000000E+00  2.35455909E-02  0.
    12 -1.55999994E+00  0.00000000E+00  0.00000000E+00  0.00000000E+00  2.19783843E-02  0.
    13 -1.53999996E+00  0.00000000E+00  0.00000000E+00  0.00000000E+00  2.04310691E-02  0.
    14 -1.51999998E+00  0.00000000E+00  0.00000000E+00  0.00000000E+00  1.89036479E-02  0.
    15 -1.50000000E+00  0.00000000E+00  0.00000000E+00  0.00000000E+00  1.73961261E-02  0.
    16 -1.48000002E+00  0.00000000E+00  0.00000000E+00  0.00000000E+00  1.59085099E-02  0.
    17 -1.46000004E+00  0.00000000E+00  0.00000000E+00  0.00000000E+00  1.44408051E-02  0.
    18 -1.44000006E+00  0.00000000E+00  0.00000000E+00  0.00000000E+00  1.29930253E-02  0.
    19 -1.41999996E+00  0.00000000E+00  0.00000000E+00  0.00000000E+00  1.15651661E-02  0.
    20 -1.39999998E+00  0.00000000E+00  0.00000000E+00  0.00000000E+00  1.01572663E-02  0.
    21 -1.38000000E+00  0.00000000E+00  0.00000000E+00  0.00000000E+00  8.76931181E-03  0.
    22 -1.36000001E+00  0.00000000E+00  0.00000000E+00  0.00000000E+00  7.40132165E-03  0.
    23 -1.34000003E+00  0.00000000E+00  0.00000000E+00  0.00000000E+00  6.05331550E-03  0.
    24 -1.32000005E+00  0.00000000E+00  0.00000000E+00  0.00000000E+00  4.72532204E-03  0.
    25 -1.29999995E+00  0.00000000E+00  0.00000000E+00  0.00000000E+00  3.41734484E-03  0.
    26 -1.27999997E+00  0.00000000E+00  0.00000000E+00  0.00000000E+00  2.12546530E-03  0.
    27 -1.25999999E+00  0.00000000E+00  0.00000000E+00  0.00000000E+00  8.62916993E-04  0.
    28 -1.24000001E+00  4.76669071E+00  0.00000000E+00  1.30565420E-05 -4.53970544E-08  2.
    29 -1.22000003E+00  4.28490418E+00  0.00000000E+00  8.80259093E-05 -4.08086112E-08  2.
    30 -1.20000005E+00  4.33199904E+00  0.00000000E+00  1.59337880E-04 -4.12571337E-08  2.
    31 -1.17999995E+00  4.36671916E+00  0.00000000E+00  2.27064586E-04 -4.15878015E-08  2.
    32 -1.15999997E+00  4.34699133E+00  0.00000000E+00  2.91270627E-04 -4.13999174E-08  2.
    33 -1.13999999E+00  4.35347077E+00  0.00000000E+00  3.51971345E-04 -4.14616264E-08  2.
    34 -1.12000000E+00  4.35120705E+00  0.00000000E+00  4.09223528E-04 -4.14400672E-08  2.
    35 -1.10000002E+00  4.35209057E+00  0.00000000E+00  4.63137545E-04 -4.14484816E-08  2.
    36 -1.08000004E+00  4.35429496E+00  0.00000000E+00  5.13756835E-04 -4.14694758E-08  2.
    37 -1.05999994E+00  4.35378135E+00  0.00000000E+00  5.61098307E-04 -4.14645842E-08  2.
    38 -1.03999996E+00  4.35428800E+00  0.00000000E+00  6.05221083E-04 -4.14694096E-08  2.
    39 -1.01999998E+00  4.35589090E+00  0.00000000E+00  6.46220448E-04 -4.14846752E-08  2.
    40 -1.00000000E+00  4.35282464E+00  0.00000000E+00  6.84119398E-04 -4.14554727E-08  2.
    41 -9.80000019E-01  4.35446681E+00  0.00000000E+00  7.19041307E-04 -4.14711125E-08  2.
    42 -9.59999979E-01  4.35661048E+00  0.00000000E+00  7.50984692E-04 -4.14915284E-08  2.
    43 -9.39999998E-01  4.35798440E+00  0.00000000E+00  7.80049506E-04 -4.15046134E-08  2.
    44 -9.20000017E-01  4.35619363E+00  0.00000000E+00  8.06307166E-04 -4.14875584E-08  2.
    45 -8.99999976E-01  4.35683244E+00  0.00000000E+00  8.29780903E-04 -4.14936423E-08  2.
    46 -8.79999995E-01  4.36376713E+00  0.00000000E+00  8.50634311E-04 -4.15596869E-08  2.
    47 -8.67798058E-01  4.36843581E+00  0.00000000E+00  8.68929451E-04 -4.16041505E-08  2.
    48 -8.39999974E-01  4.35407705E+00  0.00000000E+00  8.84340156E-04 -4.14674005E-08  2.
    49 -8.19999993E-01  4.36112369E+00  0.00000000E+00  8.97398330E-04 -4.15345113E-08  2.
    50 -8.00000012E-01  4.35740972E+00  0.00000000E+00  9.07992744E-04 -4.14991402E-08  2.
    51 -7.79999971E-01  4.35366659E+00  0.00000000E+00  9.16189276E-04 -4.14634914E-08  2.
    52 -7.59999990E-01  4.36040919E+00  0.00000000E+00  9.22049942E-04 -4.15277065E-08  2.
    53 -7.40000010E-01  4.35279726E+00  0.00000000E+00  9.25637642E-04 -4.14552120E-08  2.
    54 -7.20000029E-01  4.35696914E+00  0.00000000E+00  9.26974222E-04 -4.14949442E-08  2.
    55 -6.99999988E-01  4.35519432E+00  0.00000000E+00  9.26164886E-04 -4.14780412E-08  2.
    56 -6.80000007E-01  4.35393840E+00  0.00000000E+00  9.23231620E-04 -4.14660800E-08  2.
    57 -6.60000026E-01  4.35695753E+00  0.00000000E+00  9.18279107E-04 -4.14948336E-08  2.
    58 -6.39999986E-01  4.35227706E+00  0.00000000E+00  9.11315312E-04 -4.14502577E-08  2.
    59 -6.20000005E-01  4.35719818E+00  0.00000000E+00  9.02450049E-04 -4.14971256E-08  2.
    60 -6.00000024E-01  4.35224666E+00  0.00000000E+00  8.91706093E-04 -4.14499682E-08  2.
    61 -5.79999983E-01  4.35594883E+00  0.00000000E+00  8.79145627E-04 -4.14852269E-08  2.
    62 -5.60000002E-01  4.35362068E+00  0.00000000E+00  8.64834809E-04 -4.14630541E-08  2.
    63 -5.40000021E-01  4.35323295E+00  0.00000000E+00  8.48830588E-04 -4.14593615E-08  2.
    64 -5.19999981E-01  4.35633052E+00  0.00000000E+00  8.31200226E-04 -4.14888621E-08  2.
    65 -5.00000000E-01  4.35068478E+00  0.00000000E+00  8.11963946E-04 -4.14350931E-08  2.
    66 -4.79999989E-01  4.35635319E+00  0.00000000E+00  7.91274237E-04 -4.14890780E-08  2.
    67 -4.60000008E-01  4.35257090E+00  0.00000000E+00  7.69111687E-04 -4.14530562E-08  2.
    68 -4.39999998E-01  4.35284263E+00  0.00000000E+00  7.45581437E-04 -4.14556441E-08  2.
    69 -4.19999987E-01  4.35527292E+00  0.00000000E+00  7.20747113E-04 -4.14787897E-08  2.
    70 -4.00000006E-01  4.35230181E+00  0.00000000E+00  6.94583915E-04 -4.14504934E-08  2.
    71 -3.79999995E-01  4.35276683E+00  0.00000000E+00  6.67286668E-04 -4.14549221E-08  2.
    72 -3.60000014E-01  4.35436727E+00  0.00000000E+00  6.38787223E-04 -4.14701645E-08  2.
    73 -3.40000004E-01  4.35372610E+00  0.00000000E+00  6.09237650E-04 -4.14640581E-08  2.
    74 -3.19999993E-01  4.35129910E+00  0.00000000E+00  5.78657324E-04 -4.14409438E-08  2.
    75 -3.00000012E-01  4.35364220E+00  0.00000000E+00  5.47108847E-04 -4.14632590E-08  2.
    76 -2.80000001E-01  4.35355431E+00  0.00000000E+00  5.14702522E-04 -4.14624220E-08  2.
    77 -2.59999990E-01  4.35331492E+00  0.00000000E+00  4.81409661E-04 -4.14601421E-08  2.
    78 -2.39999995E-01  4.35209591E+00  0.00000000E+00  4.47337911E-04 -4.14485325E-08  2.
    79 -2.19999999E-01  4.35207030E+00  0.00000000E+00  4.12515355E-04 -4.14482885E-08  2.
    80 -2.00000003E-01  4.35291098E+00  0.00000000E+00  3.77085407E-04 -4.14562951E-08  2.
    81 -1.80000007E-01  4.35291780E+00  0.00000000E+00  3.41028672E-04 -4.14563600E-08  2.
    82 -1.59999996E-01  4.35284457E+00  0.00000000E+00  3.04451012E-04 -4.14556625E-08  2.
    83 -1.40000001E-01  4.35259160E+00  0.00000000E+00  2.67376159E-04 -4.14532533E-08  2.
    84 -1.19999997E-01  4.35240508E+00  0.00000000E+00  2.29874341E-04 -4.14514769E-08  2.
    85 -1.00000001E-01  4.35220109E+00  0.00000000E+00  1.92039467E-04 -4.14495342E-08  2.
    86 -7.99999982E-02  4.35200069E+00  0.00000000E+00  1.53932367E-04 -4.14476256E-08  2.
    87 -5.99999987E-02  4.35188910E+00  0.00000000E+00  1.15550557E-04 -4.14465629E-08  2.
    88 -3.99999991E-02  4.35190917E+00  0.00000000E+00  7.71894166E-05 -4.14467540E-08  2.
    89 -1.99999996E-02  4.35191858E+00  0.00000000E+00  3.85988594E-05 -4.14468436E-08  2.
    90  0.00000000E+00  4.35187812E+00  0.00000000E+00  1.37899358E-13 -4.14464583E-08  2.
    91  1.99999996E-02  4.35191858E+00  0.00000000E+00  3.85988594E-05 -4.14468436E-08  2.
    92  3.99999991E-02  4.35190917E+00  0.00000000E+00  7.71894166E-05 -4.14467540E-08  2.
    93  5.99999987E-02  4.35188911E+00  0.00000000E+00  1.15550557E-04 -4.14465629E-08  2.
    94  7.99999982E-02  4.35200069E+00  0.00000000E+00  1.53932367E-04 -4.14476256E-08  2.
    95  1.00000001E-01  4.35220109E+00  0.00000000E+00  1.92039467E-04 -4.14495342E-08  2.
    96  1.19999997E-01  4.35240508E+00  0.00000000E+00  2.29874341E-04 -4.14514770E-08  2.
    97  1.40000001E-01  4.35259160E+00  0.00000000E+00  2.67376159E-04 -4.14532533E-08  2.
    98  1.59999996E-01  4.35284457E+00  0.00000000E+00  3.04451012E-04 -4.14556626E-08  2.
    99  1.80000007E-01  4.35291780E+00  0.00000000E+00  3.41028672E-04 -4.14563600E-08  2.
   100  2.00000003E-01  4.35291098E+00  0.00000000E+00  3.77085407E-04 -4.14562951E-08  2.
   101  2.19999999E-01  4.35207030E+00  0.00000000E+00  4.12515355E-04 -4.14482885E-08  2.
   102  2.39999995E-01  4.35209591E+00  0.00000000E+00  4.47337911E-04 -4.14485325E-08  2.
   103  2.59999990E-01  4.35331492E+00  0.00000000E+00  4.81409661E-04 -4.14601421E-08  2.
   104  2.80000001E-01  4.35355431E+00  0.00000000E+00  5.14702522E-04 -4.14624220E-08  2.
   105  3.00000012E-01  4.35364220E+00  0.00000000E+00  5.47108847E-04 -4.14632590E-08  2.
   106  3.19999993E-01  4.35129910E+00  0.00000000E+00  5.78657324E-04 -4.14409438E-08  2.
   107  3.40000004E-01  4.35372610E+00  0.00000000E+00  6.09237650E-04 -4.14640581E-08  2.
   108  3.60000014E-01  4.35436727E+00  0.00000000E+00  6.38787223E-04 -4.14701645E-08  2.
   109  3.79999995E-01  4.35276682E+00  0.00000000E+00  6.67286668E-04 -4.14549221E-08  2.
   110  4.00000006E-01  4.35230181E+00  0.00000000E+00  6.94583915E-04 -4.14504934E-08  2.
   111  4.19999987E-01  4.35527292E+00  0.00000000E+00  7.20747113E-04 -4.14787897E-08  2.
   112  4.39999998E-01  4.35284263E+00  0.00000000E+00  7.45581437E-04 -4.14556441E-08  2.
   113  4.60000008E-01  4.35257090E+00  0.00000000E+00  7.69111687E-04 -4.14530562E-08  2.
   114  4.79999989E-01  4.35635320E+00  0.00000000E+00  7.91274237E-04 -4.14890780E-08  2.
   115  5.00000000E-01  4.35068478E+00  0.00000000E+00  8.11963946E-04 -4.14350931E-08  2.
   116  5.19999981E-01  4.35633052E+00  0.00000000E+00  8.31200226E-04 -4.14888621E-08  2.
   117  5.40000021E-01  4.35323295E+00  0.00000000E+00  8.48830588E-04 -4.14593615E-08  2.
   118  5.60000002E-01  4.35362068E+00  0.00000000E+00  8.64834809E-04 -4.14630541E-08  2.
   119  5.79999983E-01  4.35594883E+00  0.00000000E+00  8.79145627E-04 -4.14852269E-08  2.
   120  6.00000024E-01  4.35224666E+00  0.00000000E+00  8.91706093E-04 -4.14499682E-08  2.
   121  6.20000005E-01  4.35719818E+00  0.00000000E+00  9.02450049E-04 -4.14971256E-08  2.
   122  6.39999986E-01  4.35227706E+00  0.00000000E+00  9.11315312E-04 -4.14502577E-08  2.
   123  6.60000026E-01  4.35695753E+00  0.00000000E+00  9.18279107E-04 -4.14948336E-08  2.
   124  6.80000007E-01  4.35393840E+00  0.00000000E+00  9.23231620E-04 -4.14660800E-08  2.
   125  6.99999988E-01  4.35519433E+00  0.00000000E+00  9.26164886E-04 -4.14780412E-08  2.
   126  7.20000029E-01  4.35696914E+00  0.00000000E+00  9.26974222E-04 -4.14949442E-08  2.
   127  7.40000010E-01  4.35279726E+00  0.00000000E+00  9.25637642E-04 -4.14552120E-08  2.
   128  7.59999990E-01  4.36040919E+00  0.00000000E+00  9.22049942E-04 -4.15277065E-08  2.
   129  7.79999971E-01  4.35366660E+00  0.00000000E+00  9.16189276E-04 -4.14634914E-08  2.
   130  8.00000012E-01  4.35740972E+00  0.00000000E+00  9.07992744E-04 -4.14991402E-08  2.
   131  8.19999993E-01  4.36112369E+00  0.00000000E+00  8.97398330E-04 -4.15345113E-08  2.
   132  8.39999974E-01  4.35407705E+00  0.00000000E+00  8.84340156E-04 -4.14674005E-08  2.
   133  8.60000014E-01  4.36843581E+00  0.00000000E+00  8.68929451E-04 -4.16041506E-08  2.
   134  8.79999995E-01  4.36376713E+00  0.00000000E+00  8.50634311E-04 -4.15596869E-08  2.
   135  8.99999976E-01  4.35683244E+00  0.00000000E+00  8.29780903E-04 -4.14936423E-08  2.
   136  9.20000017E-01  4.35619363E+00  0.00000000E+00  8.06307166E-04 -4.14875584E-08  2.
   137  9.39999998E-01  4.35798440E+00  0.00000000E+00  7.80049506E-04 -4.15046134E-08  2.
   138  9.59999979E-01  4.35661048E+00  0.00000000E+00  7.50984692E-04 -4.14915284E-08  2.
   139  9.80000019E-01  4.35446681E+00  0.00000000E+00  7.19041307E-04 -4.14711125E-08  2.
   140  1.00000000E+00  4.35282464E+00  0.00000000E+00  6.84119398E-04 -4.14554727E-08  2.
   141  1.01999998E+00  4.35589089E+00  0.00000000E+00  6.46220448E-04 -4.14846752E-08  2.
   142  1.03999996E+00  4.35428801E+00  0.00000000E+00  6.05221083E-04 -4.14694096E-08  2.
   143  1.05999994E+00  4.35378134E+00  0.00000000E+00  5.61098307E-04 -4.14645842E-08  2.
   144  1.08000004E+00  4.35429496E+00  0.00000000E+00  5.13756835E-04 -4.14694758E-08  2.
   145  1.10000002E+00  4.35209057E+00  0.00000000E+00  4.63137545E-04 -4.14484816E-08  2.
   146  1.12000000E+00  4.35120705E+00  0.00000000E+00  4.09223528E-04 -4.14400672E-08  2.
   147  1.13999999E+00  4.35347077E+00  0.00000000E+00  3.51971345E-04 -4.14616264E-08  2.
   148  1.15999997E+00  4.34699133E+00  0.00000000E+00  2.91270627E-04 -4.13999174E-08  2.
   149  1.17999995E+00  4.36671916E+00  0.00000000E+00  2.27064586E-04 -4.15878015E-08  2.
   150  1.20000005E+00  4.33199904E+00  0.00000000E+00  1.59337880E-04 -4.12571337E-08  2.
   151  1.22000003E+00  4.28490418E+00  0.00000000E+00  8.80259093E-05 -4.08086112E-08  2.
   152  1.24000001E+00  4.76669071E+00  0.00000000E+00  1.30565420E-05 -4.53970544E-08  2.
   153  1.25999999E+00  0.00000000E+00  0.00000000E+00  0.00000000E+00  8.62916993E-04  0.
   154  1.27999997E+00  0.00000000E+00  0.00000000E+00  0.00000000E+00  2.12546530E-03  0.
   155  1.29999995E+00  0.00000000E+00  0.00000000E+00  0.00000000E+00  3.41734484E-03  0.
   156  1.32000005E+00  0.00000000E+00  0.00000000E+00  0.00000000E+00  4.72532204E-03  0.
   157  1.34000003E+00  0.00000000E+00  0.00000000E+00  0.00000000E+00  6.05331550E-03  0.
   158  1.36000001E+00  0.00000000E+00  0.00000000E+00  0.00000000E+00  7.40132165E-03  0.
   159  1.38000000E+00  0.00000000E+00  0.00000000E+00  0.00000000E+00  8.76931181E-03  0.
   160  1.39999998E+00  0.00000000E+00  0.00000000E+00  0.00000000E+00  1.01572663E-02  0.
   161  1.41999996E+00  0.00000000E+00  0.00000000E+00  0.00000000E+00  1.15651661E-02  0.
   162  1.44000006E+00  0.00000000E+00  0.00000000E+00  0.00000000E+00  1.29930253E-02  0.
   163  1.46000004E+00  0.00000000E+00  0.00000000E+00  0.00000000E+00  1.44408051E-02  0.
   164  1.48000002E+00  0.00000000E+00  0.00000000E+00  0.00000000E+00  1.59085099E-02  0.
   165  1.50000000E+00  0.00000000E+00  0.00000000E+00  0.00000000E+00  1.73961261E-02  0.
   166  1.51999998E+00  0.00000000E+00  0.00000000E+00  0.00000000E+00  1.89036479E-02  0.
   167  1.53999996E+00  0.00000000E+00  0.00000000E+00  0.00000000E+00  2.04310691E-02  0.
   168  1.55999994E+00  0.00000000E+00  0.00000000E+00  0.00000000E+00  2.19783843E-02  0.
   169  1.58000004E+00  0.00000000E+00  0.00000000E+00  0.00000000E+00  2.35455909E-02  0.
   170  1.60000002E+00  0.00000000E+00  0.00000000E+00  0.00000000E+00  2.51326673E-02  0.
   171  1.62000000E+00  0.00000000E+00  0.00000000E+00  0.00000000E+00  2.67396175E-02  0.
   172  1.63999999E+00  0.00000000E+00  0.00000000E+00  0.00000000E+00  2.83664345E-02  0.
   173  1.65999997E+00  0.00000000E+00  0.00000000E+00  0.00000000E+00  3.00131094E-02  0.
   174  1.67999995E+00  0.00000000E+00  0.00000000E+00  0.00000000E+00  3.16796365E-02  0.
   175  1.70000005E+00  0.00000000E+00  0.00000000E+00  0.00000000E+00  3.33660194E-02  0.
   176  1.72000003E+00  0.00000000E+00  0.00000000E+00  0.00000000E+00  3.50722335E-02  0.
   177  1.74000001E+00  0.00000000E+00  0.00000000E+00  0.00000000E+00  3.67982840E-02  0.
   178  1.75999999E+00  0.00000000E+00  0.00000000E+00  0.00000000E+00  3.85441613E-02  0.
   179  1.77999997E+00  0.00000000E+00  0.00000000E+00  0.00000000E+00  4.03098279E-02  0.
STEP  40 TIME  3.80020000E+04
     1 -1.77999997E+00  0.00000000E+00  0.00000000E+00  0.00000000E+00  3.96143470E-02  0.
     2 -1.75999999E+00  0.00000000E+00  0.00000000E+00  0.00000000E+00  3.78486284E-02  0.
     3 -1.74000001E+00  0.00000000E+00  0.00000000E+00  0.00000000E+00  3.61026906E-02  0.
     4 -1.72000003E+00  0.00000000E+00  0.00000000E+00  0.00000000E+00  3.43765804E-02  0.
     5 -1.70000005E+00  0.00000000E+00  0.00000000E+00  0.00000000E+00  3.26703071E-02  0.
     6 -1.67999995E+00  0.00000000E+00  0.00000000E+00  0.00000000E+00  3.09838659E-02  0.
     7 -1.65999997E+00  0.00000000E+00  0.00000000E+00  0.00000000E+00  2.93172812E-02  0.
     8 -1.63999999E+00  0.00000000E+00  0.00000000E+00  0.00000000E+00  2.76705495E-02  0.
     9 -1.62000000E+00  0.00000000E+00  0.00000000E+00  0.00000000E+00  2.60436764E-02  0.
    10 -1.60000002E+00  0.00000000E+00  0.00000000E+00  0.00000000E+00  2.44366719E-02  0.
    11 -1.58000004E+00  0.00000000E+00  0.00000000E+00  0.00000000E+00  2.28495425E-02  0.
    12 -1.55999994E+00  0.00000000E+00  0.00000000E+00  0.00000000E+00  2.12822811E-02  0.
    13 -1.53999996E+00  0.00000000E+00  0.00000000E+00  0.00000000E+00  1.97349139E-02  0.
    14 -1.51999998E+00  0.00000000E+00  0.00000000E+00  0.00000000E+00  1.82074418E-02  0.
    15 -1.50000000E+00  0.00000000E+00  0.00000000E+00  0.00000000E+00  1.66998687E-02  0.
    16 -1.48000002E+00  0.00000000E+00  0.00000000E+00  0.00000000E+00  1.52122007E-02  0.
    17 -1.46000004E+00  0.00000000E+00  0.00000000E+00  0.00000000E+00  1.37444477E-02  0.
    18 -1.44000006E+00  0.00000000E+00  0.00000000E+00  0.00000000E+00  1.22966195E-02  0.
    19 -1.41999996E+00  0.00000000E+00  0.00000000E+00  0.00000000E+00  1.08687119E-02  0.
    20 -1.39999998E+00  0.00000000E+00  0.00000000E+00  0.00000000E+00  9.46076394E-03  0.
    21 -1.38000000E+00  0.00000000E+00  0.00000000E+00  0.00000000E+00  8.07276280E-03  0.
    22 -1.36000001E+00  0.00000000E+00  0.00000000E+00  0.00000000E+00  6.70472694E-03  0.
    23 -1.34000003E+00  0.00000000E+00  0.00000000E+00  0.00000000E+00  5.35667610E-03  0.
    24 -1.32000005E+00  0.00000000E+00  0.00000000E+00  0.00000000E+00  4.02864011E-03  0.
    25 -1.29999995E+00  0.00000000E+00  0.00000000E+00  0.00000000E+00  2.72062061E-03  0.
    26 -1.27999997E+00  0.00000000E+00  0.00000000E+00  0.00000000E+00  1.41392347E-03  0.
    27 -1.25999999E+00  0.00000000E+00  0.00000000E+00  0.00000000E+00  2.76518027E-04  0.
    28 -1.24000001E+00  5.08573753E+00  0.00000000E+00  5.62216847E-05 -4.84355956E-08  2.
    29 -1.22000003E+00  4.06568379E+00  0.00000000E+00  1.30543260E-04 -3.87207980E-08  2.
    30 -1.20000005E+00  4.40955485E+00  0.00000000E+00  2.01158035E-04 -4.19957604E-08  2.
    31 -1.17999995E+00  4.31346486E+00  0.00000000E+00  2.68196723E-04 -4.10806177E-08  2.
    32 -1.15999997E+00  4.34079923E+00  0.00000000E+00  3.31710210E-04 -4.13409450E-08  2.
    33 -1.13999999E+00  4.33394413E+00  0.00000000E+00  3.91723316E-04 -4.12756584E-08  2.
    34 -1.12000000E+00  4.33525482E+00  0.00000000E+00  4.48278798E-04 -4.12881412E-08  2.
    35 -1.10000002E+00  4.33548092E+00  0.00000000E+00  5.01483840E-04 -4.12902945E-08  2.
    36 -1.08000004E+00  4.33714146E+00  0.00000000E+00  5.51401583E-04 -4.13061091E-08  2.
    37 -1.05999994E+00  4.33566755E+00  0.00000000E+00  5.98042714E-04 -4.12920720E-08  2.
    38 -1.03999996E+00  4.33483526E+00  0.00000000E+00  6.41460892E-04 -4.12841453E-08  2.
    39 -1.01999998E+00  4.33695760E+00  0.00000000E+00  6.81760259E-04 -4.13043581E-08  2.
    40 -1.00000000E+00  4.33794946E+00  0.00000000E+00  7.18964527E-04 -4.13138044E-08  2.
    41 -9.80000019E-01  4.33890746E+00  0.00000000E+00  7.53189482E-04 -4.13229282E-08  2.
    42 -9.59999979E-01  4.33889019E+00  0.00000000E+00  7.84435096E-04 -4.13227637E-08  2.
    43 -9.39999998E-01  4.33655880E+00  0.00000000E+00  8.12802212E-04 -4.13005600E-08  2.
    44 -9.20000017E-01  4.34223139E+00  0.00000000E+00  8.38369214E-04 -4.13545847E-08  2.
    45 -8.99999976E-01  4.34242995E+00  0.00000000E+00  8.61163143E-04 -4.13564757E-08  2.
    46 -8.83756815E-01  4.34860560E+00  0.00000000E+00  8.81477251E-04 -4.14152914E-08  2.
    47 -8.60000014E-01  4.33816007E+00  0.00000000E+00  8.98760093E-04 -4.13158102E-08  2.
    48 -8.39999974E-01  4.34415874E+00  0.00000000E+00  9.13642748E-04 -4.13729404E-08  2.
    49 -8.19999993E-01  4.33839136E+00  0.00000000E+00  9.26005274E-04 -4.13180129E-08  2.
    50 -8.00000012E-01  4.33766783E+00  0.00000000E+00  9.35903861E-04 -4.13111222E-08  2.
    51 -7.79999971E-01  4.34243211E+00  0.00000000E+00  9.43405287E-04 -4.13564962E-08  2.
    52 -7.59999990E-01  4.33464455E+00  0.00000000E+00  9.48569838E-04 -4.12823290E-08  2.
    53 -7.40000010E-01  4.33995437E+00  0.00000000E+00  9.51461107E-04 -4.13328987E-08  2.
    54 -7.20000029E-01  4.33759611E+00  0.00000000E+00  9.52101399E-04 -4.13104391E-08  2.
    55 -6.99999988E-01  4.33621347E+00  0.00000000E+00  9.50599700E-04 -4.12972711E-08  2.
    56 -6.80000007E-01  4.34010944E+00  0.00000000E+00  9.46970608E-04 -4.13343756E-08  2.
    57 -6.60000026E-01  4.33374025E+00  0.00000000E+00  9.41312417E-04 -4.12737167E-08  2.
    58 -6.39999986E-01  4.34108144E+00  0.00000000E+00  9.33644633E-04 -4.13436328E-08  2.
    59 -6.20000005E-01  4.33299223E+00  0.00000000E+00  9.24078302E-04 -4.12665927E-08  2.
    60 -6.00000024E-01  4.34054291E+00  0.00000000E+00  9.12633533E-04 -4.13385039E-08  2.
    61 -5.79999983E-01  4.33391790E+00  0.00000000E+00  8.99372326E-04 -4.12754085E-08  2.
    62 -5.60000002E-01  4.33868736E+00  0.00000000E+00  8.84360364E-04 -4.13208320E-08  2.
    63 -5.40000021E-01  4.33601769E+00  0.00000000E+00  8.67653486E-04 -4.12954066E-08  2.
    64 -5.19999981E-01  4.33548974E+00  0.00000000E+00  8.49320280E-04 -4.12903785E-08  2.
    65 -5.00000000E-01  4.33895865E+00  0.00000000E+00  8.29386038E-04 -4.13234157E-08  2.
    66 -4.79999989E-01  4.33322368E+00  0.00000000E+00  8.08000829E-04 -4.12687970E-08  2.
    67 -4.60000008E-01  4.33825220E+00  0.00000000E+00  7.85140942E-04 -4.13166876E-08  2.
    68 -4.39999998E-01  4.33656518E+00  0.00000000E+00  7.60913032E-04 -4.13006207E-08  2.
    69 -4.19999987E-01  4.33432166E+00  0.00000000E+00  7.35380822E-04 -4.12792539E-08  2.
    70 -4.00000006E-01  4.33750770E+00  0.00000000E+00  7.08519598E-04 -4.13095972E-08  2.
    71 -3.79999995E-01  4.33670051E+00  0.00000000E+00  6.80524363E-04 -4.13019096E-08  2.
    72 -3.60000014E-01  4.33387086E+00  0.00000000E+00  6.51326921E-04 -4.12749606E-08  2.
    73 -3.40000004E-01  4.33681789E+00  0.00000000E+00  6.21079368E-04 -4.13030275E-08  2.
    74 -3.19999993E-01  4.33648596E+00  0.00000000E+00  5.89801144E-04 -4.12998663E-08  2.
    75 -3.00000012E-01  4.33576604E+00  0.00000000E+00  5.57554866E-04 -4.12930099E-08  2.
    76 -2.80000001E-01  4.33430775E+00  0.00000000E+00  5.24450885E-04 -4.12791214E-08  2.
    77 -2.59999990E-01  4.33610024E+00  0.00000000E+00  4.90460434E-04 -4.12961928E-08  2.
    78 -2.39999995E-01  4.33602607E+00  0.00000000E+00  4.55691226E-04 -4.12954864E-08  2.
    79 -2.19999999E-01  4.33582653E+00  0.00000000E+00  4.20171410E-04 -4.12935860E-08  2.
    80 -2.00000003E-01  4.33543544E+00  0.00000000E+00  3.84049419E-04 -4.12898613E-08  2.
    81 -1.80000007E-01  4.33455476E+00  0.00000000E+00  3.47296162E-04 -4.12814739E-08  2.
    82 -1.59999996E-01  4.33502877E+00  0.00000000E+00  3.10021824E-04 -4.12859883E-08  2.
    83 -1.40000001E-01  4.33526198E+00  0.00000000E+00  2.72250618E-04 -4.12882093E-08  2.
    84 -1.19999997E-01  4.33530209E+00  0.00000000E+00  2.34049534E-04 -4.12885913E-08  2.
    85 -1.00000001E-01  4.33525585E+00  0.00000000E+00  1.95517997E-04 -4.12881510E-08  2.
    86 -7.99999982E-02  4.33514823E+00  0.00000000E+00  1.56714999E-04 -4.12871260E-08  2.
    87 -5.99999987E-02  4.33502905E+00  0.00000000E+00  1.17637360E-04 -4.12859909E-08  2.
    88 -3.99999991E-02  4.33489466E+00  0.00000000E+00  7.85805450E-05 -4.12847111E-08  2.
    89 -1.99999996E-02  4.33480411E+00  0.00000000E+00  3.92944018E-05 -4.12838486E-08  2.
    90  0.00000000E+00  4.33463953E+00  0.00000000E+00  1.44884207E-13 -4.12822812E-08  2.
    91  1.99999996E-02  4.33480411E+00  0.00000000E+00  3.92944018E-05 -4.12838486E-08  2.
    92  3.99999991E-02  4.33489466E+00  0.00000000E+00  7.85805450E-05 -4.12847111E-08  2.
    93  5.99999987E-02  4.33502905E+00  0.00000000E+00  1.17637360E-04 -4.12859909E-08  2.
    94  7.99999982E-02  4.33514823E+00  0.00000000E+00  1.56714999E-04 -4.12871260E-08  2.
    95  1.00000001E-01  4.33525586E+00  0.00000000E+00  1.95517997E-04 -4.12881510E-08  2.
    96  1.19999997E-01  4.33530209E+00  0.00000000E+00  2.34049534E-04 -4.12885913E-08  2.
    97  1.40000001E-01  4.33526197E+00  0.00000000E+00  2.72250618E-04 -4.12882093E-08  2.
    98  1.59999996E-01  4.33502877E+00  0.00000000E+00  3.10021824E-04 -4.12859883E-08  2.
    99  1.80000007E-01  4.33455476E+00  0.00000000E+00  3.47296162E-04 -4.12814739E-08  2.
   100  2.00000003E-01  4.33543544E+00  0.00000000E+00  3.84049419E-04 -4.12898613E-08  2.
   101  2.19999999E-01  4.33582652E+00  0.00000000E+00  4.20171410E-04 -4.12935859E-08  2.
   102  2.39999995E-01  4.33602607E+00  0.00000000E+00  4.55691226E-04 -4.12954864E-08  2.
   103  2.59999990E-01  4.33610024E+00  0.00000000E+00  4.90460434E-04 -4.12961928E-08  2.
   104  2.80000001E-01  4.33430775E+00  0.00000000E+00  5.24450885E-04 -4.12791214E-08  2.
   105  3.00000012E-01  4.33576604E+00  0.00000000E+00  5.57554866E-04 -4.12930099E-08  2.
   106  3.19999993E-01  4.33648596E+00  0.00000000E+00  5.89801144E-04 -4.12998663E-08  2.
   107  3.40000004E-01  4.33681789E+00  0.00000000E+00  6.21079368E-04 -4.13030275E-08  2.
   108  3.60000014E-01  4.33387086E+00  0.00000000E+00  6.51326921E-04 -4.12749606E-08  2.
   109  3.79999995E-01  4.33670051E+00  0.00000000E+00  6.80524363E-04 -4.13019096E-08  2.
   110  4.00000006E-01  4.33750770E+00  0.00000000E+00  7.08519598E-04 -4.13095972E-08  2.
   111  4.19999987E-01  4.33432166E+00  0.00000000E+00  7.35380822E-04 -4.12792539E-08  2.
   112  4.39999998E-01  4.33656518E+00  0.00000000E+00  7.60913032E-04 -4.13006207E-08  2.
   113  4.60000008E-01  4.33825220E+00  0.00000000E+00  7.85140942E-04 -4.13166876E-08  2.
   114  4.79999989E-01  4.33322368E+00  0.00000000E+00  8.08000829E-04 -4.12687969E-08  2.
   115  5.00000000E-01  4.33895865E+00  0.00000000E+00  8.29386038E-04 -4.13234157E-08  2.
   116  5.19999981E-01  4.33548974E+00  0.00000000E+00  8.49320280E-04 -4.12903785E-08  2.
   117  5.40000021E-01  4.33601769E+00  0.00000000E+00  8.67653486E-04 -4.12954066E-08  2.
   118  5.60000002E-01  4.33868736E+00  0.00000000E+00  8.84360364E-04 -4.13208320E-08  2.
   119  5.79999983E-01  4.33391790E+00  0.00000000E+00  8.99372326E-04 -4.12754085E-08  2.
   120  6.00000024E-01  4.34054291E+00  0.00000000E+00  9.12633533E-04 -4.13385039E-08  2.
   121  6.20000005E-01  4.33299223E+00  0.00000000E+00  9.24078302E-04 -4.12665926E-08  2.
   122  6.39999986E-01  4.34108144E+00  0.00000000E+00  9.33644633E-04 -4.13436328E-08  2.
   123  6.60000026E-01  4.33374025E+00  0.00000000E+00  9.41312417E-04 -4.12737167E-08  2.
   124  6.80000007E-01  4.34010944E+00  0.00000000E+00  9.46970608E-04 -4.13343756E-08  2.
   125  6.99999988E-01  4.33621347E+00  0.00000000E+00  9.50599700E-04 -4.12972711E-08  2.
   126  7.20000029E-01  4.33759611E+00  0.00000000E+00  9.52101399E-04 -4.13104391E-08  2.
   127  7.40000010E-01  4.33995437E+00  0.00000000E+00  9.51461107E-04 -4.13328988E-08  2.
   128  7.59999990E-01  4.33464455E+00  0.00000000E+00  9.48569838E-04 -4.12823290E-08  2.
   129  7.79999971E-01  4.34243211E+00  0.00000000E+00  9.43405287E-04 -4.13564963E-08  2.
   130  8.00000012E-01  4.33766783E+00  0.00000000E+00  9.35903861E-04 -4.13111222E-08  2.
   131  8.19999993E-01  4.33839136E+00  0.00000000E+00  9.26005274E-04 -4.13180129E-08  2.
   132  8.39999974E-01  4.34415874E+00  0.00000000E+00  9.13642748E-04 -4.13729404E-08  2.
   133  8.60000014E-01  4.33816007E+00  0.00000000E+00  8.98760093E-04 -4.13158102E-08  2.
   134  8.79999995E-01  4.34860560E+00  0.00000000E+00  8.81477251E-04 -4.14152914E-08  2.
   135  8.99999976E-01  4.34242995E+00  0.00000000E+00  8.61163143E-04 -4.13564757E-08  2.
   136  9.20000017E-01  4.34223139E+00  0.00000000E+00  8.38369214E-04 -4.13545847E-08  2.
   137  9.39999998E-01  4.33655881E+00  0.00000000E+00  8.12802212E-04 -4.13005601E-08  2.
   138  9.59999979E-01  4.33889019E+00  0.00000000E+00  7.84435096E-04 -4.13227637E-08  2.
   139  9.80000019E-01  4.33890745E+00  0.00000000E+00  7.53189482E-04 -4.13229281E-08  2.
   140  1.00000000E+00  4.33794947E+00  0.00000000E+00  7.18964527E-04 -4.13138044E-08  2.
   141  1.01999998E+00  4.33695760E+00  0.00000000E+00  6.81760259E-04 -4.13043581E-08  2.
   142  1.03999996E+00  4.33483526E+00  0.00000000E+00  6.41460892E-04 -4.12841453E-08  2.
   143  1.05999994E+00  4.33566755E+00  0.00000000E+00  5.98042714E-04 -4.12920720E-08  2.
   144  1.08000004E+00  4.33714146E+00  0.00000000E+00  5.51401583E-04 -4.13061091E-08  2.
   145  1.10000002E+00  4.33548092E+00  0.00000000E+00  5.01483840E-04 -4.12902945E-08  2.
   146  1.12000000E+00  4.33525482E+00  0.00000000E+00  4.48278798E-04 -4.12881412E-08  2.
   147  1.13999999E+00  4.33394413E+00  0.00000000E+00  3.91723316E-04 -4.12756583E-08  2.
   148  1.15999997E+00  4.34079922E+00  0.00000000E+00  3.31710210E-04 -4.13409450E-08  2.
   149  1.17999995E+00  4.31346486E+00  0.00000000E+00  2.68196723E-04 -4.10806177E-08  2.
   150  1.20000005E+00  4.40955485E+00  0.00000000E+00  2.01158035E-04 -4.19957604E-08  2.
   151  1.22000003E+00  4.06568379E+00  0.00000000E+00  1.30543260E-04 -3.87207980E-08  2.
   152  1.24000001E+00  5.08573754E+00  0.00000000E+00  5.62216847E-05 -4.84355956E-08  2.
   153  1.25999999E+00  0.00000000E+00  0.00000000E+00  0.00000000E+00  2.76518027E-04  0.
   154  1.27999997E+00  0.00000000E+00  0.00000000E+00  0.00000000E+00  1.41392347E-03  0.
   155  1.29999995E+00  0.00000000E+00  0.00000000E+00  0.00000000E+00  2.72062061E-03  0.
   156  1.32000005E+00  0.00000000E+00  0.00000000E+00  0.00000000E+00  4.02864011E-03  0.
   157  1.34000003E+00  0.00000000E+00  0.00000000E+00  0.00000000E+00  5.35667610E-03  0.
   158  1.36000001E+00  0.00000000E+00  0.00000000E+00  0.00000000E+00  6.70472694E-03  0.
   159  1.38000000E+00  0.00000000E+00  0.00000000E+00  0.00000000E+00  8.07276280E-03  0.
   160  1.39999998E+00  0.00000000E+00  0.00000000E+00  0.00000000E+00  9.46076394E-03  0.
   161  1.41999996E+00  0.00000000E+00  0.00000000E+00  0.00000000E+00  1.08687119E-02  0.
   162  1.44000006E+00  0.00000000E+00  0.00000000E+00  0.00000000E+00  1.22966195E-02  0.
   163  1.46000004E+00  0.00000000E+00  0.00000000E+00  0.00000000E+00  1.37444477E-02  0.
   164  1.48000002E+00  0.00000000E+00  0.00000000E+00  0.00000000E+00  1.52122007E-02  0.
   165  1.50000000E+00  0.00000000E+00  0.00000000E+00  0.00000000E+00  1.66998687E-02  0.
   166  1.51999998E+00  0.00000000E+00  0.00000000E+00  0.00000000E+00  1.82074418E-02  0.
   167  1.53999996E+00  0.00000000E+00  0.00000000E+00  0.00000000E+00  1.97349139E-02  0.
   168  1.55999994E+00  0.00000000E+00  0.00000000E+00  0.00000000E+00  2.12822811E-02  0.
   169  1.58000004E+00  0.00000000E+00  0.00000000E+00  0.00000000E+00  2.28495425E-02  0.
   170  1.60000002E+00  0.00000000E+00  0.00000000E+00  0.00000000E+00  2.44366719E-02  0.
   171  1.62000000E+00  0.00000000E+00  0.00000000E+00  0.00000000E+00  2.60436764E-02  0.
   172  1.63999999E+00  0.00000000E+00  0.00000000E+00  0.00000000E+00  2.76705495E-02  0.
   173  1.65999997E+00  0.00000000E+00  0.00000000E+00  0.00000000E+00  2.93172812E-02  0.
   174  1.67999995E+00  0.00000000E+00  0.00000000E+00  0.00000000E+00  3.09838659E-02  0.
   175  1.70000005E+00  0.00000000E+00  0.00000000E+00  0.00000000E+00  3.26703071E-02  0.
   176  1.72000003E+00  0.00000000E+00  0.00000000E+00  0.00000000E+00  3.43765804E-02  0.
   177  1.74000001E+00  0.00000000E+00  0.00000000E+00  0.00000000E+00  3.61026906E-02  0.
   178  1.75999999E+00  0.00000000E+00  0.00000000E+00  0.00000000E+00  3.78486284E-02  0.
   179  1.77999997E+00  0.00000000E+00  0.00000000E+00  0.00000000E+00  3.96143460E-02  0.
STEP  41 TIME  3.90020000E+04
     1 -1.77999997E+00  0.00000000E+00  0.00000000E+00  0.00000000E+00  3.89232958E-02  0.
     2 -1.75999999E+00  0.00000000E+00  0.00000000E+00  0.00000000E+00  3.71575371E-02  0.
     3 -1.74000001E+00  0.00000000E+00  0.00000000E+00  0.00000000E+00  3.54115477E-02  0.
     4 -1.72000003E+00  0.00000000E+00  0.00000000E+00  0.00000000E+00  3.36853873E-02  0.
     5 -1.70000005E+00  0.00000000E+00  0.00000000E+00  0.00000000E+00  3.19790652E-02  0.
     6 -1.67999995E+00  0.00000000E+00  0.00000000E+00  0.00000000E+00  3.02925765E-02  0.
     7 -1.65999997E+00  0.00000000E+00  0.00000000E+00  0.00000000E+00  2.86259459E-02  0.
     8 -1.63999999E+00  0.00000000E+00  0.00000000E+00  0.00000000E+00  2.69791699E-02  0.
     9 -1.62000000E+00  0.00000000E+00  0.00000000E+00  0.00000000E+00  2.53522543E-02  0.
    10 -1.60000002E+00  0.00000000E+00  0.00000000E+00  0.00000000E+00  2.37452123E-02  0.
    11 -1.58000004E+00  0.00000000E+00  0.00000000E+00  0.00000000E+00  2.21580430E-02  0.
    12 -1.55999994E+00  0.00000000E+00  0.00000000E+00  0.00000000E+00  2.05907456E-02  0.
    13 -1.53999996E+00  0.00000000E+00  0.00000000E+00  0.00000000E+00  1.90433460E-02  0.
    14 -1.51999998E+00  0.00000000E+00  0.00000000E+00  0.00000000E+00  1.75158437E-02  0.
    15 -1.50000000E+00  0.00000000E+00  0.00000000E+00  0.00000000E+00  1.60082420E-02  0.
    16 -1.48000002E+00  0.00000000E+00  0.00000000E+00  0.00000000E+00  1.45205501E-02  0.
    17 -1.46000004E+00  0.00000000E+00  0.00000000E+00  0.00000000E+00  1.30527786E-02  0.
    18 -1.44000006E+00  0.00000000E+00  0.00000000E+00  0.00000000E+00  1.16049352E-02  0.
    19 -1.41999996E+00  0.00000000E+00  0.00000000E+00  0.00000000E+00  1.01770185E-02  0.
    20 -1.39999998E+00  0.00000000E+00  0.00000000E+00  0.00000000E+00  8.76906834E-03  0.
    21 -1.38000000E+00  0.00000000E+00  0.00000000E+00  0.00000000E+00  7.38107628E-03  0.
    22 -1.36000001E+00  0.00000000E+00  0.00000000E+00  0.00000000E+00  6.01306023E-03  0.
    23 -1.34000003E+00  0.00000000E+00  0.00000000E+00  0.00000000E+00  4.66505603E-03  0.
    24 -1.32000005E+00  0.00000000E+00  0.00000000E+00  0.00000000E+00  3.33707540E-03  0.
    25 -1.29999995E+00  0.00000000E+00  0.00000000E+00  0.00000000E+00  2.02249124E-03  0.
    26 -1.27999997E+00  0.00000000E+00  0.00000000E+00  0.00000000E+00  7.61023330E-04  0.
    27 -1.25999999E+00  4.81141318E+00  0.00000000E+00  2.18849245E-05 -4.58229827E-08  2.
    28 -1.24000001E+00  4.26201622E+00  0.00000000E+00  9.91874785E-05 -4.05906306E-08  2.
    29 -1.22000003E+00  4.33487977E+00  0.00000000E+00  1.72819506E-04 -4.12845693E-08  2.
    30 -1.20000005E+00  4.36882362E+00  0.00000000E+00  2.42753927E-04 -4.16078440E-08  2.
    31 -1.17999995E+00  4.34633231E+00  0.00000000E+00  3.09107458E-04 -4.13936410E-08  2.
    32 -1.15999997E+00  4.35662254E+00  0.00000000E+00  3.71936187E-04 -4.14916433E-08  2.
    33 -1.13999999E+00  4.35302435E+00  0.00000000E+00  4.31265256E-04 -4.14573748E-08  2.
    34 -1.12000000E+00  4.35278174E+00  0.00000000E+00  4.87126689E-04 -4.14550642E-08  2.
    35 -1.10000002E+00  4.35254685E+00  0.00000000E+00  5.39631933E-04 -4.14528271E-08  2.
    36 -1.08000004E+00  4.35332534E+00  0.00000000E+00  5.88854923E-04 -4.14602413E-08  2.
    37 -1.05999994E+00  4.35535888E+00  0.00000000E+00  6.34799555E-04 -4.14796084E-08  2.
    38 -1.03999996E+00  4.35499357E+00  0.00000000E+00  6.77523747E-04 -4.14761292E-08  2.
    39 -1.01999998E+00  4.35633111E+00  0.00000000E+00  7.17133113E-04 -4.14888677E-08  2.
    40 -1.00000000E+00  4.35569171E+00  0.00000000E+00  7.53645376E-04 -4.14827782E-08  2.
    41 -9.80000019E-01  4.35416886E+00  0.00000000E+00  7.87177072E-04 -4.14682748E-08  2.
    42 -9.59999979E-01  4.35742974E+00  0.00000000E+00  8.17730711E-04 -4.14993309E-08  2.
    43 -9.39999998E-01  4.36048227E+00  0.00000000E+00  8.45404095E-04 -4.15284026E-08  2.
    44 -9.20000017E-01  4.35764477E+00  0.00000000E+00  8.70302423E-04 -4.15013788E-08  2.
    45 -8.99999976E-01  4.36854133E+00  0.00000000E+00  8.92562346E-04 -4.16051555E-08  2.
    46 -8.99384881E-01  4.35871427E+00  0.00000000E+00  9.11854076E-04 -4.15115645E-08  2.
    47 -8.60000014E-01  4.36112147E+00  0.00000000E+00  9.28606724E-04 -4.15344902E-08  2.
    48 -8.39999974E-01  4.35483744E+00  0.00000000E+00  9.42803493E-04 -4.14746423E-08  2.
    49 -8.19999993E-01  4.35739218E+00  0.00000000E+00  9.54470781E-04 -4.14989731E-08  2.
    50 -8.00000012E-01  4.35910236E+00  0.00000000E+00  9.63676187E-04 -4.15152606E-08  2.
    51 -7.79999971E-01  4.35266391E+00  0.00000000E+00  9.70484230E-04 -4.14539420E-08  2.
    52 -7.59999990E-01  4.35870151E+00  0.00000000E+00  9.74955144E-04 -4.15114430E-08  2.
    53 -7.40000010E-01  4.35520644E+00  0.00000000E+00  9.77153177E-04 -4.14781566E-08  2.
    54 -7.20000029E-01  4.35452673E+00  0.00000000E+00  9.77104407E-04 -4.14716831E-08  2.
    55 -6.99999988E-01  4.35843011E+00  0.00000000E+00  9.74910008E-04 -4.15088582E-08  2.
    56 -6.80000007E-01  4.35149075E+00  0.00000000E+00  9.70578416E-04 -4.14427690E-08  2.
    57 -6.60000026E-01  4.36017926E+00  0.00000000E+00  9.64219750E-04 -4.15255167E-08  2.
    58 -6.39999986E-01  4.35103294E+00  0.00000000E+00  9.55854380E-04 -4.14384090E-08  2.
    59 -6.20000005E-01  4.36022444E+00  0.00000000E+00  9.45590783E-04 -4.15259470E-08  2.
    60 -6.00000024E-01  4.35148116E+00  0.00000000E+00  9.33448842E-04 -4.14426777E-08  2.
    61 -5.79999983E-01  4.35984575E+00  0.00000000E+00  9.19489948E-04 -4.15223404E-08  2.
    62 -5.60000002E-01  4.35328501E+00  0.00000000E+00  9.03778338E-04 -4.14598573E-08  2.
    63 -5.40000021E-01  4.35847941E+00  0.00000000E+00  8.86373384E-04 -4.15093277E-08  2.
    64 -5.19999981E-01  4.35689726E+00  0.00000000E+00  8.67347200E-04 -4.14942596E-08  2.
    65 -5.00000000E-01  4.35599710E+00  0.00000000E+00  8.46720538E-04 -4.14856867E-08  2.
    66 -4.79999989E-01  4.36050297E+00  0.00000000E+00  8.24641588E-04 -4.15285997E-08  2.
    67 -4.60000008E-01  4.35596214E+00  0.00000000E+00  8.01087665E-04 -4.14853537E-08  2.
    68 -4.39999998E-01  4.36043716E+00  0.00000000E+00  7.76165469E-04 -4.15279729E-08  2.
    69 -4.19999987E-01  4.36162904E+00  0.00000000E+00  7.49938922E-04 -4.15393242E-08  2.
    70 -4.00000006E-01  4.35892410E+00  0.00000000E+00  7.22383321E-04 -4.15135629E-08  2.
    71 -3.79999995E-01  4.36339315E+00  0.00000000E+00  6.93693660E-04 -4.15561253E-08  2.
    72 -3.60000014E-01  4.36480431E+00  0.00000000E+00  6.63801831E-04 -4.15695649E-08  2.
    73 -3.40000004E-01  4.36469408E+00  0.00000000E+00  6.32859947E-04 -4.15685151E-08  2.
    74 -3.19999993E-01  4.36636518E+00  0.00000000E+00  6.00887438E-04 -4.15844303E-08  2.
    75 -3.00000012E-01  4.37019581E+00  0.00000000E+00  5.67946990E-04 -4.16209125E-08  2.
    76 -2.80000001E-01  4.37231755E+00  0.00000000E+00  5.34148676E-04 -4.16411195E-08  2.
    77 -2.59999990E-01  4.37478686E+00  0.00000000E+00  4.99470545E-04 -4.16646368E-08  2.
    78 -2.39999995E-01  4.37680485E+00  0.00000000E+00  4.64008802E-04 -4.16838557E-08  2.
    79 -2.19999999E-01  4.38228496E+00  0.00000000E+00  4.27795763E-04 -4.17360473E-08  2.
    80 -2.00000003E-01  4.38706591E+00  0.00000000E+00  3.90975744E-04 -4.17815801E-08  2.
    81 -1.80000007E-01  4.39339631E+00  0.00000000E+00  3.53529077E-04 -4.18418696E-08  2.
    82 -1.59999996E-01  4.39916487E+00  0.00000000E+00  3.15561883E-04 -4.18968083E-08  2.
    83 -1.40000001E-01  4.41391601E+00  0.00000000E+00  2.77097741E-04 -4.20372954E-08  2.
    84 -1.19999997E-01  4.41196075E+00  0.00000000E+00  2.38204218E-04 -4.20186738E-08  2.
    85 -1.00000001E-01  4.49111019E+00  0.00000000E+00  1.98986110E-04 -4.27724780E-08  2.
    86 -9.24422908E-02  4.45475355E+00  0.00000000E+00  1.59493853E-04 -4.24262243E-08  2.
    87 -5.99999987E-02  4.42264720E+00  0.00000000E+00  1.19710144E-04 -4.21204495E-08  2.
    88 -3.99999991E-02  4.42273690E+00  0.00000000E+00  7.99605221E-05 -4.21213038E-08  2.
    89 -1.99999996E-02  4.41453388E+00  0.00000000E+00  3.99815159E-05 -4.20431798E-08  2.
    90  0.00000000E+00  4.41542897E+00  0.00000000E+00  1.51911707E-13 -4.20517045E-08  2.
    91  1.99999996E-02  4.41453389E+00  0.00000000E+00  3.99815159E-05 -4.20431799E-08  2.
    92  3.99999991E-02  4.42273690E+00  0.00000000E+00  7.99605221E-05 -4.21213038E-08  2.
    93  5.99999987E-02  4.42264720E+00  0.00000000E+00  1.19710144E-04 -4.21204495E-08  2.
    94  7.99999982E-02  4.45475355E+00  0.00000000E+00  1.59493853E-04 -4.24262243E-08  2.
    95  1.00000001E-01  4.49111019E+00  0.00000000E+00  1.98986110E-04 -4.27724780E-08  2.
    96  1.19999997E-01  4.41196075E+00  0.00000000E+00  2.38204218E-04 -4.20186738E-08  2.
    97  1.40000001E-01  4.41391601E+00  0.00000000E+00  2.77097741E-04 -4.20372954E-08  2.
    98  1.59999996E-01  4.39916487E+00  0.00000000E+00  3.15561883E-04 -4.18968083E-08  2.
    99  1.80000007E-01  4.39339631E+00  0.00000000E+00  3.53529077E-04 -4.18418696E-08  2.
   100  2.00000003E-01  4.38706591E+00  0.00000000E+00  3.90975744E-04 -4.17815801E-08  2.
   101  2.19999999E-01  4.38228497E+00  0.00000000E+00  4.27795763E-04 -4.17360473E-08  2.
   102  2.39999995E-01  4.37680485E+00  0.00000000E+00  4.64008802E-04 -4.16838557E-08  2.
   103  2.59999990E-01  4.37478686E+00  0.00000000E+00  4.99470545E-04 -4.16646368E-08  2.
   104  2.80000001E-01  4.37231755E+00  0.00000000E+00  5.34148676E-04 -4.16411195E-08  2.
   105  3.00000012E-01  4.37019581E+00  0.00000000E+00  5.67946990E-04 -4.16209124E-08  2.
   106  3.19999993E-01  4.36636518E+00  0.00000000E+00  6.00887438E-04 -4.15844303E-08  2.
   107  3.40000004E-01  4.36469409E+00  0.00000000E+00  6.32859947E-04 -4.15685151E-08  2.
   108  3.60000014E-01  4.36480431E+00  0.00000000E+00  6.63801831E-04 -4.15695649E-08  2.
   109  3.79999995E-01  4.36339315E+00  0.00000000E+00  6.93693660E-04 -4.15561253E-08  2.
   110  4.00000006E-01  4.35892410E+00  0.00000000E+00  7.22383321E-04 -4.15135629E-08  2.
   111  4.19999987E-01  4.36162904E+00  0.00000000E+00  7.49938922E-04 -4.15393242E-08  2.
   112  4.39999998E-01  4.36043716E+00  0.00000000E+00  7.76165469E-04 -4.15279729E-08  2.
   113  4.60000008E-01  4.35596214E+00  0.00000000E+00  8.01087665E-04 -4.14853537E-08  2.
   114  4.79999989E-01  4.36050297E+00  0.00000000E+00  8.24641588E-04 -4.15285997E-08  2.
   115  5.00000000E-01  4.35599710E+00  0.00000000E+00  8.46720538E-04 -4.14856867E-08  2.
   116  5.19999981E-01  4.35689726E+00  0.00000000E+00  8.67347200E-04 -4.14942596E-08  2.
   117  5.40000021E-01  4.35847941E+00  0.00000000E+00  8.86373384E-04 -4.15093277E-08  2.
   118  5.60000002E-01  4.35328501E+00  0.00000000E+00  9.03778338E-04 -4.14598573E-08  2.
   119  5.79999983E-01  4.35984574E+00  0.00000000E+00  9.19489948E-04 -4.15223404E-08  2.
   120  6.00000024E-01  4.35148116E+00  0.00000000E+00  9.33448842E-04 -4.14426777E-08  2.
   121  6.20000005E-01  4.36022443E+00  0.00000000E+00  9.45590783E-04 -4.15259470E-08  2.
   122  6.39999986E-01  4.35103295E+00  0.00000000E+00  9.55854380E-04 -4.14384090E-08  2.
   123  6.60000026E-01  4.36017926E+00  0.00000000E+00  9.64219750E-04 -4.15255167E-08  2.
   124  6.80000007E-01  4.35149075E+00  0.00000000E+00  9.70578416E-04 -4.14427690E-08  2.
   125  6.99999988E-01  4.35843011E+00  0.00000000E+00  9.74910008E-04 -4.15088582E-08  2.
   126  7.20000029E-01  4.35452673E+00  0.00000000E+00  9.77104407E-04 -4.14716831E-08  2.
   127  7.40000010E-01  4.35520645E+00  0.00000000E+00  9.77153177E-04 -4.14781566E-08  2.
   128  7.59999990E-01  4.35870151E+00  0.00000000E+00  9.74955144E-04 -4.15114430E-08  2.
   129  7.79999971E-01  4.35266391E+00  0.00000000E+00  9.70484230E-04 -4.14539420E-08  2.
   130  8.00000012E-01  4.35910236E+00  0.00000000E+00  9.63676187E-04 -4.15152606E-08  2.
   131  8.19999993E-01  4.35739218E+00  0.00000000E+00  9.54470781E-04 -4.14989731E-08  2.
   132  8.39999974E-01  4.35483744E+00  0.00000000E+00  9.42803493E-04 -4.14746423E-08  2.
   133  8.60000014E-01  4.36112147E+00  0.00000000E+00  9.28606724E-04 -4.15344902E-08  2.
   134  8.79999995E-01  4.35871428E+00  0.00000000E+00  9.11854076E-04 -4.15115645E-08  2.
   135  8.99999976E-01  4.36854133E+00  0.00000000E+00  8.92562346E-04 -4.16051556E-08  2.
   136  9.20000017E-01  4.35764478E+00  0.00000000E+00  8.70302423E-04 -4.15013788E-08  2.
   137  9.39999998E-01  4.36048227E+00  0.00000000E+00  8.45404095E-04 -4.15284026E-08  2.
   138  9.59999979E-01  4.35742974E+00  0.00000000E+00  8.17730711E-04 -4.14993309E-08  2.
   139  9.80000019E-01  4.35416886E+00  0.00000000E+00  7.87177072E-04 -4.14682748E-08  2.
   140  1.00000000E+00  4.35569171E+00  0.00000000E+00  7.53645376E-04 -4.14827782E-08  2.
   141  1.01999998E+00  4.35633111E+00  0.00000000E+00  7.17133113E-04 -4.14888677E-08  2.
   142  1.03999996E+00  4.35499357E+00  0.00000000E+00  6.77523747E-04 -4.14761292E-08  2.
   143  1.05999994E+00  4.35535888E+00  0.00000000E+00  6.34799555E-04 -4.14796084E-08  2.
   144  1.08000004E+00  4.35332534E+00  0.00000000E+00  5.88854923E-04 -4.14602414E-08  2.
   145  1.10000002E+00  4.35254685E+00  0.00000000E+00  5.39631933E-04 -4.14528271E-08  2.
   146  1.12000000E+00  4.35278174E+00  0.00000000E+00  4.87126689E-04 -4.14550642E-08  2.
   147  1.13999999E+00  4.35302435E+00  0.00000000E+00  4.31265256E-04 -4.14573748E-08  2.
   148  1.15999997E+00  4.35662254E+00  0.00000000E+00  3.71936187E-04 -4.14916432E-08  2.
   149  1.17999995E+00  4.34633231E+00  0.00000000E+00  3.09107458E-04 -4.13936411E-08  2.
   150  1.20000005E+00  4.36882361E+00  0.00000000E+00  2.42753927E-04 -4.16078439E-08  2.
   151  1.22000003E+00  4.33487977E+00  0.00000000E+00  1.72819506E-04 -4.12845692E-08  2.
   152  1.24000001E+00  4.26201622E+00  0.00000000E+00  9.91874785E-05 -4.05906306E-08  2.
   153  1.25999999E+00  4.81141319E+00  0.00000000E+00  2.18849245E-05 -4.58229827E-08  2.
   154  1.27999997E+00  0.00000000E+00  0.00000000E+00  0.00000000E+00  7.61023330E-04  0.
   155  1.29999995E+00  0.00000000E+00  0.00000000E+00  0.00000000E+00  2.02249124E-03  0.
   156  1.32000005E+00  0.00000000E+00  0.00000000E+00  0.00000000E+00  3.33707540E-03  0.
   157  1.34000003E+00  0.00000000E+00  0.00000000E+00  0.00000000E+00  4.66505603E-03  0.
   158  1.36000001E+00  0.00000000E+00  0.00000000E+00  0.00000000E+00  6.01306023E-03  0.
   159  1.38000000E+00  0.00000000E+00  0.00000000E+00  0.00000000E+00  7.38107628E-03  0.
   160  1.39999998E+00  0.00000000E+00  0.00000000E+00  0.00000000E+00  8.76906834E-03  0.
   161  1.41999996E+00  0.00000000E+00  0.00000000E+00  0.00000000E+00  1.01770185E-02  0.
   162  1.44000006E+00  0.00000000E+00  0.00000000E+00  0.00000000E+00  1.16049352E-02  0.
   163  1.46000004E+00  0.00000000E+00  0.00000000E+00  0.00000000E+00  1.30527786E-02  0.
   164  1.48000002E+00  0.00000000E+00  0.00000000E+00  0.00000000E+00  1.45205501E-02  0.
   165  1.50000000E+00  0.00000000E+00  0.00000000E+00  0.00000000E+00  1.60082420E-02  0.
   166  1.51999998E+00  0.00000000E+00  0.00000000E+00  0.00000000E+00  1.75158437E-02  0.
   167  1.53999996E+00  0.00000000E+00  0.00000000E+00  0.00000000E+00  1.90433460E-02  0.
   168  1.55999994E+00  0.00000000E+00  0.00000000E+00  0.00000000E+00  2.05907456E-02  0.
   169  1.58000004E+00  0.00000000E+00  0.00000000E+00  0.00000000E+00  2.21580430E-02  0.
   170  1.60000002E+00  0.00000000E+00  0.00000000E+00  0.00000000E+00  2.37452123E-02  0.
   171  1.62000000E+00  0.00000000E+00  0.00000000E+00  0.00000000E+00  2.53522543E-02  0.
   172  1.63999999E+00  0.00000000E+00  0.00000000E+00  0.00000000E+00  2.69791699E-02  0.
   173  1.65999997E+00  0.00000000E+00  0.00000000E+00  0.00000000E+00  2.86259459E-02  0.
   174  1.67999995E+00  0.00000000E+00  0.00000000E+00  0.00000000E+00  3.02925765E-02  0.
   175  1.70000005E+00  0.00000000E+00  0.00000000E+00  0.00000000E+00  3.19790652E-02  0.
   176  1.72000003E+00  0.00000000E+00  0.00000000E+00  0.00000000E+00  3.36853873E-02  0.
   177  1.74000001E+00  0.00000000E+00  0.00000000E+00  0.00000000E+00  3.54115477E-02  0.
   178  1.75999999E+00  0.00000000E+00  0.00000000E+00  0.00000000E+00  3.71575371E-02  0.
   179  1.77999997E+00  0.00000000E+00  0.00000000E+00  0.00000000E+00  3.89232945E-02  0.
STEP  42 TIME  4.00020000E+04
     1 -1.77999997E+00  0.00000000E+00  0.00000000E+00  0.00000000E+00  3.82354422E-02  0.
     2 -1.75999999E+00  0.00000000E+00  0.00000000E+00  0.00000000E+00  3.64696390E-02  0.
     3 -1.74000001E+00  0.00000000E+00  0.00000000E+00  0.00000000E+00  3.47235896E-02  0.
     4 -1.72000003E+00  0.00000000E+00  0.00000000E+00  0.00000000E+00  3.29973700E-02  0.
     5 -1.70000005E+00  0.00000000E+00  0.00000000E+00  0.00000000E+00  3.12909893E-02  0.
     6 -1.67999995E+00  0.00000000E+00  0.00000000E+00  0.00000000E+00  2.96044427E-02  0.
     7 -1.65999997E+00  0.00000000E+00  0.00000000E+00  0.00000000E+00  2.79377549E-02  0.
     8 -1.63999999E+00  0.00000000E+00  0.00000000E+00  0.00000000E+00  2.62909225E-02  0.
     9 -1.62000000E+00  0.00000000E+00  0.00000000E+00  0.00000000E+00  2.46639536E-02  0.
    10 -1.60000002E+00  0.00000000E+00  0.00000000E+00  0.00000000E+00  2.30568564E-02  0.
    11 -1.58000004E+00  0.00000000E+00  0.00000000E+00  0.00000000E+00  2.14696325E-02  0.
    12 -1.55999994E+00  0.00000000E+00  0.00000000E+00  0.00000000E+00  1.99022830E-02  0.
    13 -1.53999996E+00  0.00000000E+00  0.00000000E+00  0.00000000E+00  1.83548320E-02  0.
    14 -1.51999998E+00  0.00000000E+00  0.00000000E+00  0.00000000E+00  1.68272776E-02  0.
    15 -1.50000000E+00  0.00000000E+00  0.00000000E+00  0.00000000E+00  1.53196234E-02  0.
    16 -1.48000002E+00  0.00000000E+00  0.00000000E+00  0.00000000E+00  1.38318838E-02  0.
    17 -1.46000004E+00  0.00000000E+00  0.00000000E+00  0.00000000E+00  1.23640625E-02  0.
    18 -1.44000006E+00  0.00000000E+00  0.00000000E+00  0.00000000E+00  1.09161701E-02  0.
    19 -1.41999996E+00  0.00000000E+00  0.00000000E+00  0.00000000E+00  9.48820522E-03  0.
    20 -1.39999998E+00  0.00000000E+00  0.00000000E+00  0.00000000E+00  8.08020712E-03  0.
    21 -1.38000000E+00  0.00000000E+00  0.00000000E+00  0.00000000E+00  6.69216874E-03  0.
    22 -1.36000001E+00  0.00000000E+00  0.00000000E+00  0.00000000E+00  5.32410706E-03  0.
    23 -1.34000003E+00  0.00000000E+00  0.00000000E+00  0.00000000E+00  3.97605942E-03  0.
    24 -1.32000005E+00  0.00000000E+00  0.00000000E+00  0.00000000E+00  2.64803544E-03  0.
    25 -1.29999995E+00  0.00000000E+00  0.00000000E+00  0.00000000E+00  1.31824322E-03  0.
    26 -1.27999997E+00  0.00000000E+00  0.00000000E+00  0.00000000E+00  1.87400145E-04  0.
    27 -1.25999999E+00  5.13614006E+00  0.00000000E+00  6.52640036E-05 -4.89156196E-08  2.
    28 -1.24000001E+00  4.03994482E+00  0.00000000E+00  1.41923135E-04 -3.84756650E-08  2.
    29 -1.22000003E+00  4.41221561E+00  0.00000000E+00  2.14865801E-04 -4.20211010E-08  2.
    30 -1.20000005E+00  4.30327985E+00  0.00000000E+00  2.84119928E-04 -4.09836176E-08  2.
    31 -1.17999995E+00  4.33446531E+00  0.00000000E+00  3.49787894E-04 -4.12806220E-08  2.
    32 -1.15999997E+00  4.32680431E+00  0.00000000E+00  4.11936978E-04 -4.12076601E-08  2.
    33 -1.13999999E+00  4.32984774E+00  0.00000000E+00  4.70576255E-04 -4.12366452E-08  2.
    34 -1.12000000E+00  4.32948121E+00  0.00000000E+00  5.25736827E-04 -4.12331543E-08  2.
    35 -1.10000002E+00  4.32939123E+00  0.00000000E+00  5.77547257E-04 -4.12322974E-08  2.
    36 -1.08000004E+00  4.33003312E+00  0.00000000E+00  6.26075191E-04 -4.12384107E-08  2.
    37 -1.05999994E+00  4.33163845E+00  0.00000000E+00  6.71326058E-04 -4.12536995E-08  2.
    38 -1.03999996E+00  4.32906418E+00  0.00000000E+00  7.13359876E-04 -4.12291827E-08  2.
    39 -1.01999998E+00  4.32911297E+00  0.00000000E+00  7.52281066E-04 -4.12296473E-08  2.
    40 -1.00000000E+00  4.33295811E+00  0.00000000E+00  7.88103246E-04 -4.12662677E-08  2.
    41 -9.80000019E-01  4.33283425E+00  0.00000000E+00  8.20945519E-04 -4.12650881E-08  2.
    42 -9.59999979E-01  4.33592856E+00  0.00000000E+00  8.50806144E-04 -4.12945577E-08  2.
    43 -9.39999998E-01  4.33024676E+00  0.00000000E+00  8.77813798E-04 -4.12404454E-08  2.
    44 -9.20000017E-01  4.34494897E+00  0.00000000E+00  9.02093133E-04 -4.13804664E-08  2.
    45 -9.14563372E-01  4.33989181E+00  0.00000000E+00  9.23526087E-04 -4.13323030E-08  2.
    46 -8.79999995E-01  4.33470633E+00  0.00000000E+00  9.42184880E-04 -4.12829174E-08  2.
    47 -8.60000014E-01  4.33126964E+00  0.00000000E+00  9.58280105E-04 -4.12501870E-08  2.
    48 -8.39999974E-01  4.33545380E+00  0.00000000E+00  9.71782275E-04 -4.12900362E-08  2.
    49 -8.19999993E-01  4.33406761E+00  0.00000000E+00  9.82761992E-04 -4.12768343E-08  2.
    50 -8.00000012E-01  4.32929442E+00  0.00000000E+00  9.91279459E-04 -4.12313754E-08  2.
    51 -7.79999971E-01  4.33646272E+00  0.00000000E+00  9.97398631E-04 -4.12996450E-08  2.
    52 -7.59999990E-01  4.33118263E+00  0.00000000E+00  1.00118095E-03 -4.12493583E-08  2.
    53 -7.40000010E-01  4.33219400E+00  0.00000000E+00  1.00269397E-03 -4.12589904E-08  2.
    54 -7.20000029E-01  4.33521501E+00  0.00000000E+00  1.00195683E-03 -4.12877620E-08  2.
    55 -6.99999988E-01  4.32875128E+00  0.00000000E+00  9.99064369E-04 -4.12262027E-08  2.
    56 -6.80000007E-01  4.33784460E+00  0.00000000E+00  9.94036370E-04 -4.13128057E-08  2.
    57 -6.60000026E-01  4.32850254E+00  0.00000000E+00  9.86984232E-04 -4.12238337E-08  2.
    58 -6.39999986E-01  4.33816513E+00  0.00000000E+00  9.77925534E-04 -4.13158584E-08  2.
    59 -6.20000005E-01  4.32912808E+00  0.00000000E+00  9.66968648E-04 -4.12297912E-08  2.
    60 -6.00000024E-01  4.33840162E+00  0.00000000E+00  9.54132734E-04 -4.13181107E-08  2.
    61 -5.79999983E-01  4.33018243E+00  0.00000000E+00  9.39477411E-04 -4.12398327E-08  2.
    62 -5.60000002E-01  4.33844231E+00  0.00000000E+00  9.23072697E-04 -4.13184982E-08  2.
    63 -5.40000021E-01  4.33263486E+00  0.00000000E+00  9.04979646E-04 -4.12631891E-08  2.
    64 -5.19999981E-01  4.33714970E+00  0.00000000E+00  8.85264188E-04 -4.13061876E-08  2.
    65 -5.00000000E-01  4.33715033E+00  0.00000000E+00  8.63947437E-04 -4.13061936E-08  2.
    66 -4.79999989E-01  4.33500524E+00  0.00000000E+00  8.41178078E-04 -4.12857642E-08  2.
    67 -4.60000008E-01  4.34008273E+00  0.00000000E+00  8.16933534E-04 -4.13341213E-08  2.
    68 -4.39999998E-01  4.33726270E+00  0.00000000E+00  7.91320738E-04 -4.13072638E-08  2.
    69 -4.19999987E-01  4.33905557E+00  0.00000000E+00  7.64403508E-04 -4.13243388E-08  2.
    70 -4.00000006E-01  4.34201306E+00  0.00000000E+00  7.36157218E-04 -4.13525054E-08  2.
    71 -3.79999995E-01  4.34092728E+00  0.00000000E+00  7.06776970E-04 -4.13421646E-08  2.
    72 -3.60000014E-01  4.34198037E+00  0.00000000E+00  6.76194621E-04 -4.13521940E-08  2.
    73 -3.40000004E-01  4.34540113E+00  0.00000000E+00  6.44562127E-04 -4.13847727E-08  2.
    74 -3.19999993E-01  4.34678624E+00  0.00000000E+00  6.11900930E-04 -4.13979642E-08  2.
    75 -3.00000012E-01  4.34696424E+00  0.00000000E+00  5.78277701E-04 -4.13996595E-08  2.
    76 -2.80000001E-01  4.35047706E+00  0.00000000E+00  5.43790222E-04 -4.14331148E-08  2.
    77 -2.59999990E-01  4.35368780E+00  0.00000000E+00  5.08417354E-04 -4.14636933E-08  2.
    78 -2.39999995E-01  4.35997303E+00  0.00000000E+00  4.72265917E-04 -4.15235527E-08  2.
    79 -2.19999999E-01  4.35891160E+00  0.00000000E+00  4.35364598E-04 -4.15134438E-08  2.
    80 -2.00000003E-01  4.38449917E+00  0.00000000E+00  3.97864943E-04 -4.17571349E-08  2.
    81 -1.90206625E-01  4.38559160E+00  0.00000000E+00  3.59751970E-04 -4.17675390E-08  2.
    82 -1.59999996E-01  4.36144502E+00  0.00000000E+00  3.21065009E-04 -4.15375716E-08  2.
    83 -1.40000001E-01  4.36082945E+00  0.00000000E+00  2.81911850E-04 -4.15317091E-08  2.
    84 -1.19999997E-01  4.35609494E+00  0.00000000E+00  2.42329344E-04 -4.14866185E-08  2.
    85 -1.00000001E-01  4.35451338E+00  0.00000000E+00  2.02417054E-04 -4.14715560E-08  2.
    86 -7.99999982E-02  4.35257034E+00  0.00000000E+00  1.62232991E-04 -4.14530509E-08  2.
    87 -5.99999987E-02  4.35146298E+00  0.00000000E+00  1.21774204E-04 -4.14425046E-08  2.
    88 -3.99999991E-02  4.35057713E+00  0.00000000E+00  8.13370146E-05 -4.14340679E-08  2.
    89 -1.99999996E-02  4.35010911E+00  0.00000000E+00  4.06698556E-05 -4.14296106E-08  2.
    90  0.00000000E+00  4.34976784E+00  0.00000000E+00  1.59090002E-13 -4.14263604E-08  2.
    91  1.99999996E-02  4.35010911E+00  0.00000000E+00  4.06698556E-05 -4.14296106E-08  2.
    92  3.99999991E-02  4.35057713E+00  0.00000000E+00  8.13370146E-05 -4.14340679E-08  2.
    93  5.99999987E-02  4.35146298E+00  0.00000000E+00  1.21774204E-04 -4.14425046E-08  2.
    94  7.99999982E-02  4.35257034E+00  0.00000000E+00  1.62232991E-04 -4.14530509E-08  2.
    95  1.00000001E-01  4.35451338E+00  0.00000000E+00  2.02417054E-04 -4.14715560E-08  2.
    96  1.19999997E-01  4.35609494E+00  0.00000000E+00  2.42329344E-04 -4.14866185E-08  2.
    97  1.40000001E-01  4.36082945E+00  0.00000000E+00  2.81911850E-04 -4.15317091E-08  2.
    98  1.59999996E-01  4.36144502E+00  0.00000000E+00  3.21065009E-04 -4.15375716E-08  2.
    99  1.80000007E-01  4.38559160E+00  0.00000000E+00  3.59751970E-04 -4.17675390E-08  2.
   100  2.00000003E-01  4.38449916E+00  0.00000000E+00  3.97864943E-04 -4.17571349E-08  2.
   101  2.19999999E-01  4.35891160E+00  0.00000000E+00  4.35364598E-04 -4.15134438E-08  2.
   102  2.39999995E-01  4.35997303E+00  0.00000000E+00  4.72265917E-04 -4.15235527E-08  2.
   103  2.59999990E-01  4.35368780E+00  0.00000000E+00  5.08417354E-04 -4.14636933E-08  2.
   104  2.80000001E-01  4.35047706E+00  0.00000000E+00  5.43790222E-04 -4.14331148E-08  2.
   105  3.00000012E-01  4.34696424E+00  0.00000000E+00  5.78277701E-04 -4.13996595E-08  2.
   106  3.19999993E-01  4.34678624E+00  0.00000000E+00  6.11900930E-04 -4.13979642E-08  2.
   107  3.40000004E-01  4.34540113E+00  0.00000000E+00  6.44562127E-04 -4.13847727E-08  2.
   108  3.60000014E-01  4.34198037E+00  0.00000000E+00  6.76194621E-04 -4.13521940E-08  2.
   109  3.79999995E-01  4.34092728E+00  0.00000000E+00  7.06776970E-04 -4.13421645E-08  2.
   110  4.00000006E-01  4.34201306E+00  0.00000000E+00  7.36157218E-04 -4.13525053E-08  2.
   111  4.19999987E-01  4.33905558E+00  0.00000000E+00  7.64403508E-04 -4.13243388E-08  2.
   112  4.39999998E-01  4.33726270E+00  0.00000000E+00  7.91320738E-04 -4.13072638E-08  2.
   113  4.60000008E-01  4.34008273E+00  0.00000000E+00  8.16933534E-04 -4.13341212E-08  2.
   114  4.79999989E-01  4.33500524E+00  0.00000000E+00  8.41178078E-04 -4.12857642E-08  2.
   115  5.00000000E-01  4.33715033E+00  0.00000000E+00  8.63947437E-04 -4.13061936E-08  2.
   116  5.19999981E-01  4.33714970E+00  0.00000000E+00  8.85264188E-04 -4.13061876E-08  2.
   117  5.40000021E-01  4.33263486E+00  0.00000000E+00  9.04979646E-04 -4.12631891E-08  2.
   118  5.60000002E-01  4.33844231E+00  0.00000000E+00  9.23072697E-04 -4.13184982E-08  2.
   119  5.79999983E-01  4.33018243E+00  0.00000000E+00  9.39477411E-04 -4.12398326E-08  2.
   120  6.00000024E-01  4.33840162E+00  0.00000000E+00  9.54132734E-04 -4.13181107E-08  2.
   121  6.20000005E-01  4.32912808E+00  0.00000000E+00  9.66968648E-04 -4.12297912E-08  2.
   122  6.39999986E-01  4.33816513E+00  0.00000000E+00  9.77925534E-04 -4.13158584E-08  2.
   123  6.60000026E-01  4.32850254E+00  0.00000000E+00  9.86984232E-04 -4.12238337E-08  2.
   124  6.80000007E-01  4.33784460E+00  0.00000000E+00  9.94036370E-04 -4.13128057E-08  2.
   125  6.99999988E-01  4.32875128E+00  0.00000000E+00  9.99064369E-04 -4.12262026E-08  2.
   126  7.20000029E-01  4.33521501E+00  0.00000000E+00  1.00195683E-03 -4.12877620E-08  2.
   127  7.40000010E-01  4.33219399E+00  0.00000000E+00  1.00269397E-03 -4.12589904E-08  2.
   128  7.59999990E-01  4.33118263E+00  0.00000000E+00  1.00118095E-03 -4.12493583E-08  2.
   129  7.79999971E-01  4.33646272E+00  0.00000000E+00  9.97398631E-04 -4.12996450E-08  2.
   130  8.00000012E-01  4.32929442E+00  0.00000000E+00  9.91279459E-04 -4.12313754E-08  2.
   131  8.19999993E-01  4.33406761E+00  0.00000000E+00  9.82761992E-04 -4.12768344E-08  2.
   132  8.39999974E-01  4.33545380E+00  0.00000000E+00  9.71782275E-04 -4.12900362E-08  2.
   133  8.60000014E-01  4.33126964E+00  0.00000000E+00  9.58280105E-04 -4.12501870E-08  2.
   134  8.79999995E-01  4.33470633E+00  0.00000000E+00  9.42184880E-04 -4.12829174E-08  2.
   135  8.99999976E-01  4.33989181E+00  0.00000000E+00  9.23526087E-04 -4.13323030E-08  2.
   136  9.20000017E-01  4.34494897E+00  0.00000000E+00  9.02093133E-04 -4.13804664E-08  2.
   137  9.39999998E-01  4.33024676E+00  0.00000000E+00  8.77813798E-04 -4.12404453E-08  2.
   138  9.59999979E-01  4.33592856E+00  0.00000000E+00  8.50806144E-04 -4.12945577E-08  2.
   139  9.80000019E-01  4.33283425E+00  0.00000000E+00  8.20945519E-04 -4.12650881E-08  2.
   140  1.00000000E+00  4.33295811E+00  0.00000000E+00  7.88103246E-04 -4.12662677E-08  2.
   141  1.01999998E+00  4.32911297E+00  0.00000000E+00  7.52281066E-04 -4.12296473E-08  2.
   142  1.03999996E+00  4.32906418E+00  0.00000000E+00  7.13359876E-04 -4.12291827E-08  2.
   143  1.05999994E+00  4.33163845E+00  0.00000000E+00  6.71326058E-04 -4.12536996E-08  2.
   144  1.08000004E+00  4.33003312E+00  0.00000000E+00  6.26075191E-04 -4.12384107E-08  2.
   145  1.10000002E+00  4.32939123E+00  0.00000000E+00  5.77547257E-04 -4.12322974E-08  2.
   146  1.12000000E+00  4.32948120E+00  0.00000000E+00  5.25736827E-04 -4.12331543E-08  2.
   147  1.13999999E+00  4.32984774E+00  0.00000000E+00  4.70576255E-04 -4.12366452E-08  2.
   148  1.15999997E+00  4.32680431E+00  0.00000000E+00  4.11936978E-04 -4.12076601E-08  2.
   149  1.17999995E+00  4.33446531E+00  0.00000000E+00  3.49787894E-04 -4.12806220E-08  2.
   150  1.20000005E+00  4.30327985E+00  0.00000000E+00  2.84119928E-04 -4.09836177E-08  2.
   151  1.22000003E+00  4.41221561E+00  0.00000000E+00  2.14865801E-04 -4.20211010E-08  2.
   152  1.24000001E+00  4.03994482E+00  0.00000000E+00  1.41923135E-04 -3.84756649E-08  2.
   153  1.25999999E+00  5.13614006E+00  0.00000000E+00  6.52640036E-05 -4.89156196E-08  2.
   154  1.27999997E+00  0.00000000E+00  0.00000000E+00  0.00000000E+00  1.87400145E-04  0.
   155  1.29999995E+00  0.00000000E+00  0.00000000E+00  0.00000000E+00  1.31824322E-03  0.
   156  1.32000005E+00  0.00000000E+00  0.00000000E+00  0.00000000E+00  2.64803544E-03  0.
   157  1.34000003E+00  0.00000000E+00  0.00000000E+00  0.00000000E+00  3.97605942E-03  0.
   158  1.36000001E+00  0.00000000E+00  0.00000000E+00  0.00000000E+00  5.32410706E-03  0.
   159  1.38000000E+00  0.00000000E+00  0.00000000E+00  0.00000000E+00  6.69216874E-03  0.
   160  1.39999998E+00  0.00000000E+00  0.00000000E+00  0.00000000E+00  8.08020712E-03  0.
   161  1.41999996E+00  0.00000000E+00  0.00000000E+00  0.00000000E+00  9.48820522E-03  0.
   162  1.44000006E+00  0.00000000E+00  0.00000000E+00  0.00000000E+00  1.09161701E-02  0.
   163  1.46000004E+00  0.00000000E+00  0.00000000E+00  0.00000000E+00  1.23640625E-02  0.
   164  1.48000002E+00  0.00000000E+00  0.00000000E+00  0.00000000E+00  1.38318838E-02  0.
   165  1.50000000E+00  0.00000000E+00  0.00000000E+00  0.00000000E+00  1.53196234E-02  0.
   166  1.51999998E+00  0.00000000E+00  0.00000000E+00  0.00000000E+00  1.68272776E-02  0.
   167  1.53999996E+00  0.00000000E+00  0.00000000E+00  0.00000000E+00  1.83548320E-02  0.
   168  1.55999994E+00  0.00000000E+00  0.00000000E+00  0.00000000E+00  1.99022830E-02  0.
   169  1.58000004E+00  0.00000000E+00  0.00000000E+00  0.00000000E+00  2.14696325E-02  0.
   170  1.60000002E+00  0.00000000E+00  0.00000000E+00  0.00000000E+00  2.30568564E-02  0.
   171  1.62000000E+00  0.00000000E+00  0.00000000E+00  0.00000000E+00  2.46639536E-02  0.
   172  1.63999999E+00  0.00000000E+00  0.00000000E+00  0.00000000E+00  2.62909225E-02  0.
   173  1.65999997E+00  0.00000000E+00  0.00000000E+00  0.00000000E+00  2.79377549E-02  0.
   174  1.67999995E+00  0.00000000E+00  0.00000000E+00  0.00000000E+00  2.96044427E-02  0.
   175  1.70000005E+00  0.00000000E+00  0.00000000E+00  0.00000000E+00  3.12909893E-02  0.
   176  1.72000003E+00  0.00000000E+00  0.00000000E+00  0.00000000E+00  3.29973700E-02  0.
   177  1.74000001E+00  0.00000000E+00  0.00000000E+00  0.00000000E+00  3.47235896E-02  0.
   178  1.75999999E+00  0.00000000E+00  0.00000000E+00  0.00000000E+00  3.64696390E-02  0.
   179  1.77999997E+00  0.00000000E+00  0.00000000E+00  0.00000000E+00  3.82354406E-02  0.
STEP  43 TIME  4.10020000E+04
     1 -1.77999997E+00  0.00000000E+00  0.00000000E+00  0.00000000E+00  3.75543923E-02  0.
     2 -1.75999999E+00  0.00000000E+00  0.00000000E+00  0.00000000E+00  3.57885577E-02  0.
     3 -1.74000001E+00  0.00000000E+00  0.00000000E+00  0.00000000E+00  3.40424580E-02  0.
     4 -1.72000003E+00  0.00000000E+00  0.00000000E+00  0.00000000E+00  3.23161896E-02  0.
     5 -1.70000005E+00  0.00000000E+00  0.00000000E+00  0.00000000E+00  3.06097613E-02  0.
     6 -1.67999995E+00  0.00000000E+00  0.00000000E+00  0.00000000E+00  2.89231685E-02  0.
     7 -1.65999997E+00  0.00000000E+00  0.00000000E+00  0.00000000E+00  2.72564361E-02  0.
     8 -1.63999999E+00  0.00000000E+00  0.00000000E+00  0.00000000E+00  2.56095613E-02  0.
     9 -1.62000000E+00  0.00000000E+00  0.00000000E+00  0.00000000E+00  2.39825539E-02  0.
    10 -1.60000002E+00  0.00000000E+00  0.00000000E+00  0.00000000E+00  2.23754164E-02  0.
    11 -1.58000004E+00  0.00000000E+00  0.00000000E+00  0.00000000E+00  2.07881567E-02  0.
    12 -1.55999994E+00  0.00000000E+00  0.00000000E+00  0.00000000E+00  1.92207739E-02  0.
    13 -1.53999996E+00  0.00000000E+00  0.00000000E+00  0.00000000E+00  1.76732910E-02  0.
    14 -1.51999998E+00  0.00000000E+00  0.00000000E+00  0.00000000E+00  1.61457062E-02  0.
    15 -1.50000000E+00  0.00000000E+00  0.00000000E+00  0.00000000E+00  1.46380291E-02  0.
    16 -1.48000002E+00  0.00000000E+00  0.00000000E+00  0.00000000E+00  1.31502676E-02  0.
    17 -1.46000004E+00  0.00000000E+00  0.00000000E+00  0.00000000E+00  1.16824290E-02  0.
    18 -1.44000006E+00  0.00000000E+00  0.00000000E+00  0.00000000E+00  1.02345251E-02  0.
    19 -1.41999996E+00  0.00000000E+00  0.00000000E+00  0.00000000E+00  8.80655554E-03  0.
    20 -1.39999998E+00  0.00000000E+00  0.00000000E+00  0.00000000E+00  7.39856223E-03  0.
    21 -1.38000000E+00  0.00000000E+00  0.00000000E+00  0.00000000E+00  6.01053908E-03  0.
    22 -1.36000001E+00  0.00000000E+00  0.00000000E+00  0.00000000E+00  4.64251788E-03  0.
    23 -1.34000003E+00  0.00000000E+00  0.00000000E+00  0.00000000E+00  3.29451746E-03  0.
    24 -1.32000005E+00  0.00000000E+00  0.00000000E+00  0.00000000E+00  1.95795743E-03  0.
    25 -1.29999995E+00  0.00000000E+00  0.00000000E+00  0.00000000E+00  6.91880954E-04  0.
    26 -1.27999997E+00  4.74391667E+00  0.00000000E+00  2.85711764E-05 -4.51801587E-08  2.
    27 -1.25999999E+00  4.12884784E+00  0.00000000E+00  1.08299355E-04 -3.93223603E-08  2.
    28 -1.24000001E+00  4.25052775E+00  0.00000000E+00  1.84271529E-04 -4.04812167E-08  2.
    29 -1.22000003E+00  4.26369520E+00  0.00000000E+00  2.56544698E-04 -4.06066209E-08  2.
    30 -1.20000005E+00  4.24590057E+00  0.00000000E+00  3.25122693E-04 -4.04371483E-08  2.
    31 -1.17999995E+00  4.25607328E+00  0.00000000E+00  3.90116992E-04 -4.05340312E-08  2.
    32 -1.15999997E+00  4.25275214E+00  0.00000000E+00  4.51588146E-04 -4.05024013E-08  2.
    33 -1.13999999E+00  4.25507363E+00  0.00000000E+00  5.09539292E-04 -4.05245108E-08  2.
    34 -1.12000000E+00  4.25461110E+00  0.00000000E+00  5.64012570E-04 -4.05201058E-08  2.
    35 -1.10000002E+00  4.25341751E+00  0.00000000E+00  6.15136441E-04 -4.05087382E-08  2.
    36 -1.08000004E+00  4.25322263E+00  0.00000000E+00  6.62975851E-04 -4.05068822E-08  2.
    37 -1.05999994E+00  4.25566725E+00  0.00000000E+00  7.07542678E-04 -4.05301643E-08  2.
    38 -1.03999996E+00  4.25643359E+00  0.00000000E+00  7.48896152E-04 -4.05374628E-08  2.
    39 -1.01999998E+00  4.25690211E+00  0.00000000E+00  7.87134549E-04 -4.05419248E-08  2.
    40 -1.00000000E+00  4.25874731E+00  0.00000000E+00  8.22273306E-04 -4.05594982E-08  2.
    41 -9.80000019E-01  4.25617391E+00  0.00000000E+00  8.54430399E-04 -4.05349896E-08  2.
    42 -9.59999979E-01  4.25786115E+00  0.00000000E+00  8.83621951E-04 -4.05510586E-08  2.
    43 -9.39999998E-01  4.26564951E+00  0.00000000E+00  9.09976736E-04 -4.06252335E-08  2.
    44 -9.29384873E-01  4.26819253E+00  0.00000000E+00  9.33630744E-04 -4.06494526E-08  2.
    45 -8.99999976E-01  4.25624676E+00  0.00000000E+00  9.54198367E-04 -4.05356834E-08  2.
    46 -8.79999995E-01  4.25955584E+00  0.00000000E+00  9.72290941E-04 -4.05671985E-08  2.
    47 -8.60000014E-01  4.26109841E+00  0.00000000E+00  9.87698478E-04 -4.05818896E-08  2.
    48 -8.39999974E-01  4.25775812E+00  0.00000000E+00  1.00051920E-03 -4.05500774E-08  2.
    49 -8.19999993E-01  4.25673627E+00  0.00000000E+00  1.01081715E-03 -4.05403454E-08  2.
    50 -8.00000012E-01  4.26194380E+00  0.00000000E+00  1.01865185E-03 -4.05899410E-08  2.
    51 -7.79999971E-01  4.25563230E+00  0.00000000E+00  1.02408844E-03 -4.05298314E-08  2.
    52 -7.59999990E-01  4.25891788E+00  0.00000000E+00  1.02719125E-03 -4.05611227E-08  2.
    53 -7.40000010E-01  4.26004808E+00  0.00000000E+00  1.02802232E-03 -4.05718865E-08  2.
    54 -7.20000029E-01  4.25514505E+00  0.00000000E+00  1.02659422E-03 -4.05251909E-08  2.
    55 -6.99999988E-01  4.26360818E+00  0.00000000E+00  1.02301130E-03 -4.06057922E-08  2.
    56 -6.80000007E-01  4.25452483E+00  0.00000000E+00  1.01729608E-03 -4.05192841E-08  2.
    57 -6.60000026E-01  4.26401796E+00  0.00000000E+00  1.00955689E-03 -4.06096949E-08  2.
    58 -6.39999986E-01  4.25555420E+00  0.00000000E+00  9.99811080E-04 -4.05290877E-08  2.
    59 -6.20000005E-01  4.26431784E+00  0.00000000E+00  9.88166101E-04 -4.06125509E-08  2.
    60 -6.00000024E-01  4.25642490E+00  0.00000000E+00  9.74640329E-04 -4.05373800E-08  2.
    61 -5.79999983E-01  4.26509927E+00  0.00000000E+00  9.59299517E-04 -4.06199931E-08  2.
    62 -5.60000002E-01  4.25744269E+00  0.00000000E+00  9.42213285E-04 -4.05470733E-08  2.
    63 -5.40000021E-01  4.26530521E+00  0.00000000E+00  9.23436418E-04 -4.06219543E-08  2.
    64 -5.19999981E-01  4.26063033E+00  0.00000000E+00  9.03036717E-04 -4.05774317E-08  2.
    65 -5.00000000E-01  4.26369242E+00  0.00000000E+00  8.81035422E-04 -4.06065945E-08  2.
    66 -4.79999989E-01  4.26579060E+00  0.00000000E+00  8.57581357E-04 -4.06265771E-08  2.
    67 -4.60000008E-01  4.26191968E+00  0.00000000E+00  8.32652065E-04 -4.05897112E-08  2.
    68 -4.39999998E-01  4.26752407E+00  0.00000000E+00  8.06354415E-04 -4.06430864E-08  2.
    69 -4.19999987E-01  4.26705473E+00  0.00000000E+00  7.78752385E-04 -4.06386165E-08  2.
    70 -4.00000006E-01  4.26591819E+00  0.00000000E+00  7.49821352E-04 -4.06277923E-08  2.
    71 -3.79999995E-01  4.27029808E+00  0.00000000E+00  7.19756127E-04 -4.06695055E-08  2.
    72 -3.60000014E-01  4.27139210E+00  0.00000000E+00  6.88491300E-04 -4.06799247E-08  2.
    73 -3.40000004E-01  4.27072750E+00  0.00000000E+00  6.56182535E-04 -4.06735953E-08  2.
    74 -3.19999993E-01  4.27459682E+00  0.00000000E+00  6.22836495E-04 -4.07104459E-08  2.
    75 -3.00000012E-01  4.27986245E+00  0.00000000E+00  5.88523606E-04 -4.07605948E-08  2.
    76 -2.80000001E-01  4.27804548E+00  0.00000000E+00  5.53354537E-04 -4.07432903E-08  2.
    77 -2.59999990E-01  4.30320095E+00  0.00000000E+00  5.17315283E-04 -4.09828662E-08  2.
    78 -2.52204632E-01  4.29056402E+00  0.00000000E+00  4.80500799E-04 -4.08625145E-08  2.
    79 -2.19999999E-01  4.28051131E+00  0.00000000E+00  4.42880847E-04 -4.07667744E-08  2.
    80 -2.00000003E-01  4.27923982E+00  0.00000000E+00  4.04689163E-04 -4.07546649E-08  2.
    81 -1.80000007E-01  4.27570640E+00  0.00000000E+00  3.65871902E-04 -4.07210133E-08  2.
    82 -1.59999996E-01  4.27412794E+00  0.00000000E+00  3.26533411E-04 -4.07059804E-08  2.
    83 -1.40000001E-01  4.27237552E+00  0.00000000E+00  2.86698704E-04 -4.06892906E-08  2.
    84 -1.19999997E-01  4.27104738E+00  0.00000000E+00  2.46433411E-04 -4.06766417E-08  2.
    85 -1.00000001E-01  4.27055083E+00  0.00000000E+00  2.05837778E-04 -4.06719127E-08  2.
    86 -7.99999982E-02  4.27005608E+00  0.00000000E+00  1.64969911E-04 -4.06672007E-08  2.
    87 -5.99999987E-02  4.26963825E+00  0.00000000E+00  1.23827093E-04 -4.06632214E-08  2.
    88 -3.99999991E-02  4.26927958E+00  0.00000000E+00  8.27056984E-05 -4.06598055E-08  2.
    89 -1.99999996E-02  4.26908591E+00  0.00000000E+00  4.13543173E-05 -4.06579611E-08  2.
    90  0.00000000E+00  4.26888281E+00  0.00000000E+00  1.66225925E-13 -4.06560268E-08  2.
    91  1.99999996E-02  4.26908591E+00  0.00000000E+00  4.13543173E-05 -4.06579611E-08  2.
    92  3.99999991E-02  4.26927957E+00  0.00000000E+00  8.27056984E-05 -4.06598055E-08  2.
    93  5.99999987E-02  4.26963824E+00  0.00000000E+00  1.23827093E-04 -4.06632214E-08  2.
    94  7.99999982E-02  4.27005608E+00  0.00000000E+00  1.64969911E-04 -4.06672007E-08  2.
    95  1.00000001E-01  4.27055083E+00  0.00000000E+00  2.05837778E-04 -4.06719127E-08  2.
    96  1.19999997E-01  4.27104738E+00  0.00000000E+00  2.46433411E-04 -4.06766417E-08  2.
    97  1.40000001E-01  4.27237552E+00  0.00000000E+00  2.86698704E-04 -4.06892906E-08  2.
    98  1.59999996E-01  4.27412794E+00  0.00000000E+00  3.26533411E-04 -4.07059804E-08  2.
    99  1.80000007E-01  4.27570640E+00  0.00000000E+00  3.65871902E-04 -4.07210133E-08  2.
   100  2.00000003E-01  4.27923982E+00  0.00000000E+00  4.04689163E-04 -4.07546649E-08  2.
   101  2.19999999E-01  4.28051131E+00  0.00000000E+00  4.42880847E-04 -4.07667744E-08  2.
   102  2.39999995E-01  4.29056402E+00  0.00000000E+00  4.80500799E-04 -4.08625145E-08  2.
   103  2.59999990E-01  4.30320095E+00  0.00000000E+00  5.17315283E-04 -4.09828662E-08  2.
   104  2.80000001E-01  4.27804548E+00  0.00000000E+00  5.53354537E-04 -4.07432903E-08  2.
   105  3.00000012E-01  4.27986245E+00  0.00000000E+00  5.88523606E-04 -4.07605948E-08  2.
   106  3.19999993E-01  4.27459682E+00  0.00000000E+00  6.22836495E-04 -4.07104459E-08  2.
   107  3.40000004E-01  4.27072750E+00  0.00000000E+00  6.56182535E-04 -4.06735953E-08  2.
   108  3.60000014E-01  4.27139210E+00  0.00000000E+00  6.88491300E-04 -4.06799247E-08  2.
   109  3.79999995E-01  4.27029808E+00  0.00000000E+00  7.19756127E-04 -4.06695055E-08  2.
   110  4.00000006E-01  4.26591819E+00  0.00000000E+00  7.49821352E-04 -4.06277923E-08  2.
   111  4.19999987E-01  4.26705473E+00  0.00000000E+00  7.78752385E-04 -4.06386165E-08  2.
   112  4.39999998E-01  4.26752407E+00  0.00000000E+00  8.06354415E-04 -4.06430864E-08  2.
   113  4.60000008E-01  4.26191968E+00  0.00000000E+00  8.32652065E-04 -4.05897112E-08  2.
   114  4.79999989E-01  4.26579060E+00  0.00000000E+00  8.57581357E-04 -4.06265771E-08  2.
   115  5.00000000E-01  4.26369243E+00  0.00000000E+00  8.81035422E-04 -4.06065945E-08  2.
   116  5.19999981E-01  4.26063032E+00  0.00000000E+00  9.03036717E-04 -4.05774317E-08  2.
   117  5.40000021E-01  4.26530521E+00  0.00000000E+00  9.23436418E-04 -4.06219544E-08  2.
   118  5.60000002E-01  4.25744269E+00  0.00000000E+00  9.42213285E-04 -4.05470733E-08  2.
   119  5.79999983E-01  4.26509928E+00  0.00000000E+00  9.59299517E-04 -4.06199931E-08  2.
   120  6.00000024E-01  4.25642490E+00  0.00000000E+00  9.74640329E-04 -4.05373800E-08  2.
   121  6.20000005E-01  4.26431784E+00  0.00000000E+00  9.88166101E-04 -4.06125509E-08  2.
   122  6.39999986E-01  4.25555420E+00  0.00000000E+00  9.99811080E-04 -4.05290877E-08  2.
   123  6.60000026E-01  4.26401796E+00  0.00000000E+00  1.00955689E-03 -4.06096949E-08  2.
   124  6.80000007E-01  4.25452483E+00  0.00000000E+00  1.01729608E-03 -4.05192841E-08  2.
   125  6.99999988E-01  4.26360818E+00  0.00000000E+00  1.02301130E-03 -4.06057922E-08  2.
   126  7.20000029E-01  4.25514505E+00  0.00000000E+00  1.02659422E-03 -4.05251909E-08  2.
   127  7.40000010E-01  4.26004808E+00  0.00000000E+00  1.02802232E-03 -4.05718865E-08  2.
   128  7.59999990E-01  4.25891788E+00  0.00000000E+00  1.02719125E-03 -4.05611227E-08  2.
   129  7.79999971E-01  4.25563230E+00  0.00000000E+00  1.02408844E-03 -4.05298314E-08  2.
   130  8.00000012E-01  4.26194380E+00  0.00000000E+00  1.01865185E-03 -4.05899410E-08  2.
   131  8.19999993E-01  4.25673627E+00  0.00000000E+00  1.01081715E-03 -4.05403454E-08  2.
   132  8.39999974E-01  4.25775813E+00  0.00000000E+00  1.00051920E-03 -4.05500774E-08  2.
   133  8.60000014E-01  4.26109841E+00  0.00000000E+00  9.87698478E-04 -4.05818896E-08  2.
   134  8.79999995E-01  4.25955584E+00  0.00000000E+00  9.72290941E-04 -4.05671985E-08  2.
   135  8.99999976E-01  4.25624676E+00  0.00000000E+00  9.54198367E-04 -4.05356834E-08  2.
   136  9.20000017E-01  4.26819253E+00  0.00000000E+00  9.33630744E-04 -4.06494526E-08  2.
   137  9.39999998E-01  4.26564952E+00  0.00000000E+00  9.09976736E-04 -4.06252335E-08  2.
   138  9.59999979E-01  4.25786115E+00  0.00000000E+00  8.83621951E-04 -4.05510586E-08  2.
   139  9.80000019E-01  4.25617391E+00  0.00000000E+00  8.54430399E-04 -4.05349896E-08  2.
   140  1.00000000E+00  4.25874731E+00  0.00000000E+00  8.22273306E-04 -4.05594981E-08  2.
   141  1.01999998E+00  4.25690211E+00  0.00000000E+00  7.87134549E-04 -4.05419249E-08  2.
   142  1.03999996E+00  4.25643359E+00  0.00000000E+00  7.48896152E-04 -4.05374628E-08  2.
   143  1.05999994E+00  4.25566725E+00  0.00000000E+00  7.07542678E-04 -4.05301643E-08  2.
   144  1.08000004E+00  4.25322263E+00  0.00000000E+00  6.62975851E-04 -4.05068822E-08  2.
   145  1.10000002E+00  4.25341751E+00  0.00000000E+00  6.15136441E-04 -4.05087382E-08  2.
   146  1.12000000E+00  4.25461110E+00  0.00000000E+00  5.64012569E-04 -4.05201058E-08  2.
   147  1.13999999E+00  4.25507363E+00  0.00000000E+00  5.09539292E-04 -4.05245108E-08  2.
   148  1.15999997E+00  4.25275214E+00  0.00000000E+00  4.51588146E-04 -4.05024013E-08  2.
   149  1.17999995E+00  4.25607328E+00  0.00000000E+00  3.90116992E-04 -4.05340312E-08  2.
   150  1.20000005E+00  4.24590058E+00  0.00000000E+00  3.25122693E-04 -4.04371483E-08  2.
   151  1.22000003E+00  4.26369519E+00  0.00000000E+00  2.56544698E-04 -4.06066209E-08  2.
   152  1.24000001E+00  4.25052775E+00  0.00000000E+00  1.84271529E-04 -4.04812167E-08  2.
   153  1.25999999E+00  4.12884784E+00  0.00000000E+00  1.08299355E-04 -3.93223604E-08  2.
   154  1.27999997E+00  4.74391666E+00  0.00000000E+00  2.85711764E-05 -4.51801587E-08  2.
   155  1.29999995E+00  0.00000000E+00  0.00000000E+00  0.00000000E+00  6.91880954E-04  0.
   156  1.32000005E+00  0.00000000E+00  0.00000000E+00  0.00000000E+00  1.95795743E-03  0.
   157  1.34000003E+00  0.00000000E+00  0.00000000E+00  0.00000000E+00  3.29451746E-03  0.
   158  1.36000001E+00  0.00000000E+00  0.00000000E+00  0.00000000E+00  4.64251788E-03  0.
   159  1.38000000E+00  0.00000000E+00  0.00000000E+00  0.00000000E+00  6.01053908E-03  0.
   160  1.39999998E+00  0.00000000E+00  0.00000000E+00  0.00000000E+00  7.39856223E-03  0.
   161  1.41999996E+00  0.00000000E+00  0.00000000E+00  0.00000000E+00  8.80655554E-03  0.
   162  1.44000006E+00  0.00000000E+00  0.00000000E+00  0.00000000E+00  1.02345251E-02  0.
   163  1.46000004E+00  0.00000000E+00  0.00000000E+00  0.00000000E+00  1.16824290E-02  0.
   164  1.48000002E+00  0.00000000E+00  0.00000000E+00  0.00000000E+00  1.31502676E-02  0.
   165  1.50000000E+00  0.00000000E+00  0.00000000E+00  0.00000000E+00  1.46380291E-02  0.
   166  1.51999998E+00  0.00000000E+00  0.00000000E+00  0.00000000E+00  1.61457062E-02  0.
   167  1.53999996E+00  0.00000000E+00  0.00000000E+00  0.00000000E+00  1.76732910E-02  0.
   168  1.55999994E+00  0.00000000E+00  0.00000000E+00  0.00000000E+00  1.92207739E-02  0.
   169  1.58000004E+00  0.00000000E+00  0.00000000E+00  0.00000000E+00  2.07881567E-02  0.
   170  1.60000002E+00  0.00000000E+00  0.00000000E+00  0.00000000E+00  2.23754164E-02  0.
   171  1.62000000E+00  0.00000000E+00  0.00000000E+00  0.00000000E+00  2.39825539E-02  0.
   172  1.63999999E+00  0.00000000E+00  0.00000000E+00  0.00000000E+00  2.56095613E-02  0.
   173  1.65999997E+00  0.00000000E+00  0.00000000E+00  0.00000000E+00  2.72564361E-02  0.
   174  1.67999995E+00  0.00000000E+00  0.00000000E+00  0.00000000E+00  2.89231685E-02  0.
   175  1.70000005E+00  0.00000000E+00  0.00000000E+00  0.00000000E+00  3.06097613E-02  0.
   176  1.72000003E+00  0.00000000E+00  0.00000000E+00  0.00000000E+00  3.23161896E-02  0.
   177  1.74000001E+00  0.00000000E+00  0.00000000E+00  0.00000000E+00  3.40424580E-02  0.
   178  1.75999999E+00  0.00000000E+00  0.00000000E+00  0.00000000E+00  3.57885577E-02  0.
   179  1.77999997E+00  0.00000000E+00  0.00000000E+00  0.00000000E+00  3.75543903E-02  0.
STEP  44 TIME  4.20020000E+04
     1 -1.77999997E+00  0.00000000E+00  0.00000000E+00  0.00000000E+00  3.68750991E-02  0.
     2 -1.75999999E+00  0.00000000E+00  0.00000000E+00  0.00000000E+00  3.51092296E-02  0.
     3 -1.74000001E+00  0.00000000E+00  0.00000000E+00  0.00000000E+00  3.33630708E-02  0.
     4 -1.72000003E+00  0.00000000E+00  0.00000000E+00  0.00000000E+00  3.16367440E-02  0.
     5 -1.70000005E+00  0.00000000E+00  0.00000000E+00  0.00000000E+00  2.99302580E-02  0.
     6 -1.67999995E+00  0.00000000E+00  0.00000000E+00  0.00000000E+00  2.82436082E-02  0.
     7 -1.65999997E+00  0.00000000E+00  0.00000000E+00  0.00000000E+00  2.65768196E-02  0.
     8 -1.63999999E+00  0.00000000E+00  0.00000000E+00  0.00000000E+00  2.49298924E-02  0.
     9 -1.62000000E+00  0.00000000E+00  0.00000000E+00  0.00000000E+00  2.33028289E-02  0.
    10 -1.60000002E+00  0.00000000E+00  0.00000000E+00  0.00000000E+00  2.16956377E-02  0.
    11 -1.58000004E+00  0.00000000E+00  0.00000000E+00  0.00000000E+00  2.01083261E-02  0.
    12 -1.55999994E+00  0.00000000E+00  0.00000000E+00  0.00000000E+00  1.85408917E-02  0.
    13 -1.53999996E+00  0.00000000E+00  0.00000000E+00  0.00000000E+00  1.69933561E-02  0.
    14 -1.51999998E+00  0.00000000E+00  0.00000000E+00  0.00000000E+00  1.54657215E-02  0.
    15 -1.50000000E+00  0.00000000E+00  0.00000000E+00  0.00000000E+00  1.39579952E-02  0.
    16 -1.48000002E+00  0.00000000E+00  0.00000000E+00  0.00000000E+00  1.24701841E-02  0.
    17 -1.46000004E+00  0.00000000E+00  0.00000000E+00  0.00000000E+00  1.10022966E-02  0.
    18 -1.44000006E+00  0.00000000E+00  0.00000000E+00  0.00000000E+00  9.55434488E-03  0.
    19 -1.41999996E+00  0.00000000E+00  0.00000000E+00  0.00000000E+00  8.12632824E-03  0.
    20 -1.39999998E+00  0.00000000E+00  0.00000000E+00  0.00000000E+00  6.71828836E-03  0.
    21 -1.38000000E+00  0.00000000E+00  0.00000000E+00  0.00000000E+00  5.33022003E-03  0.
    22 -1.36000001E+00  0.00000000E+00  0.00000000E+00  0.00000000E+00  3.96215553E-03  0.
    23 -1.34000003E+00  0.00000000E+00  0.00000000E+00  0.00000000E+00  2.61411205E-03  0.
    24 -1.32000005E+00  0.00000000E+00  0.00000000E+00  0.00000000E+00  1.26206062E-03  0.
    25 -1.29999995E+00  0.00000000E+00  0.00000000E+00  0.00000000E+00  1.30636900E-04  0.
    26 -1.27999997E+00  5.04390448E+00  0.00000000E+00  7.20938900E-05 -4.80371855E-08  2.
    27 -1.25999999E+00  3.93569997E+00  0.00000000E+00  1.51183934E-04 -3.74828569E-08  2.
    28 -1.24000001E+00  4.31179228E+00  0.00000000E+00  2.26475932E-04 -4.10646884E-08  2.
    29 -1.22000003E+00  4.20274793E+00  0.00000000E+00  2.98077137E-04 -4.00261708E-08  2.
    30 -1.20000005E+00  4.23517459E+00  0.00000000E+00  3.65977901E-04 -4.03349961E-08  2.
    31 -1.17999995E+00  4.22667072E+00  0.00000000E+00  4.30300793E-04 -4.02540068E-08  2.
    32 -1.15999997E+00  4.22917926E+00  0.00000000E+00  4.91090245E-04 -4.02778977E-08  2.
    33 -1.13999999E+00  4.23027968E+00  0.00000000E+00  5.48349810E-04 -4.02883779E-08  2.
    34 -1.12000000E+00  4.23156886E+00  0.00000000E+00  6.02137575E-04 -4.03006558E-08  2.
    35 -1.10000002E+00  4.23171471E+00  0.00000000E+00  6.52572721E-04 -4.03020448E-08  2.
    36 -1.08000004E+00  4.23184116E+00  0.00000000E+00  6.99728010E-04 -4.03032492E-08  2.
    37 -1.05999994E+00  4.23316703E+00  0.00000000E+00  7.43616543E-04 -4.03158765E-08  2.
    38 -1.03999996E+00  4.23279771E+00  0.00000000E+00  7.84289273E-04 -4.03123592E-08  2.
    39 -1.01999998E+00  4.23110424E+00  0.00000000E+00  8.21846059E-04 -4.02962308E-08  2.
    40 -1.00000000E+00  4.23282895E+00  0.00000000E+00  8.56303366E-04 -4.03126567E-08  2.
    41 -9.80000019E-01  4.23508654E+00  0.00000000E+00  8.87783573E-04 -4.03341575E-08  2.
    42 -9.59999979E-01  4.23451556E+00  0.00000000E+00  9.16314208E-04 -4.03287196E-08  2.
    43 -9.43956484E-01  4.24110053E+00  0.00000000E+00  9.42147959E-04 -4.03914336E-08  2.
    44 -9.20000017E-01  4.22926816E+00  0.00000000E+00  9.64801203E-04 -4.02787444E-08  2.
    45 -8.99999976E-01  4.23406264E+00  0.00000000E+00  9.84858662E-04 -4.03244061E-08  2.
    46 -8.79999995E-01  4.23169447E+00  0.00000000E+00  1.00226975E-03 -4.03018521E-08  2.
    47 -8.60000014E-01  4.22652160E+00  0.00000000E+00  1.01699851E-03 -4.02525867E-08  2.
    48 -8.39999974E-01  4.22845407E+00  0.00000000E+00  1.02914031E-03 -4.02709911E-08  2.
    49 -8.19999993E-01  4.22903880E+00  0.00000000E+00  1.03875827E-03 -4.02765600E-08  2.
    50 -8.00000012E-01  4.22201708E+00  0.00000000E+00  1.04591293E-03 -4.02096864E-08  2.
    51 -7.79999971E-01  4.22591077E+00  0.00000000E+00  1.05067197E-03 -4.02467692E-08  2.
    52 -7.59999990E-01  4.22299439E+00  0.00000000E+00  1.05309641E-03 -4.02189942E-08  2.
    53 -7.40000010E-01  4.21849007E+00  0.00000000E+00  1.05323975E-03 -4.01760959E-08  2.
    54 -7.20000029E-01  4.22374139E+00  0.00000000E+00  1.05112287E-03 -4.02261084E-08  2.
    55 -6.99999988E-01  4.21330170E+00  0.00000000E+00  1.04685488E-03 -4.01266828E-08  2.
    56 -6.80000007E-01  4.22026826E+00  0.00000000E+00  1.04045477E-03 -4.01930311E-08  2.
    57 -6.60000026E-01  4.21037802E+00  0.00000000E+00  1.03203065E-03 -4.00988383E-08  2.
    58 -6.39999986E-01  4.21534869E+00  0.00000000E+00  1.02159868E-03 -4.01461780E-08  2.
    59 -6.20000005E-01  4.20673440E+00  0.00000000E+00  1.00926661E-03 -4.00641372E-08  2.
    60 -6.00000024E-01  4.21100501E+00  0.00000000E+00  9.95057981E-04 -4.01048096E-08  2.
    61 -5.79999983E-01  4.20157222E+00  0.00000000E+00  9.79037701E-04 -4.00149735E-08  2.
    62 -5.60000002E-01  4.20653849E+00  0.00000000E+00  9.61270058E-04 -4.00622714E-08  2.
    63 -5.40000021E-01  4.19639889E+00  0.00000000E+00  9.41811386E-04 -3.99657037E-08  2.
    64 -5.19999981E-01  4.20050982E+00  0.00000000E+00  9.20729598E-04 -4.00048554E-08  2.
    65 -5.00000000E-01  4.19395795E+00  0.00000000E+00  8.98046209E-04 -3.99424566E-08  2.
    66 -4.79999989E-01  4.19196000E+00  0.00000000E+00  8.73909976E-04 -3.99234286E-08  2.
    67 -4.60000008E-01  4.19235255E+00  0.00000000E+00  8.48298492E-04 -3.99271671E-08  2.
    68 -4.39999998E-01  4.18538046E+00  0.00000000E+00  8.21318851E-04 -3.98607663E-08  2.
    69 -4.19999987E-01  4.18689418E+00  0.00000000E+00  7.93034762E-04 -3.98751826E-08  2.
    70 -4.00000006E-01  4.18544134E+00  0.00000000E+00  7.63422650E-04 -3.98613461E-08  2.
    71 -3.79999995E-01  4.18146530E+00  0.00000000E+00  7.32685396E-04 -3.98234791E-08  2.
    72 -3.60000014E-01  4.18235260E+00  0.00000000E+00  7.00739188E-04 -3.98319296E-08  2.
    73 -3.40000004E-01  4.18544222E+00  0.00000000E+00  6.67743756E-04 -3.98613545E-08  2.
    74 -3.19999993E-01  4.18207328E+00  0.00000000E+00  6.33720962E-04 -3.98292693E-08  2.
    75 -3.01577825E-01  4.19888485E+00  0.00000000E+00  5.98791811E-04 -3.99893795E-08  2.
    76 -2.80000001E-01  4.17860277E+00  0.00000000E+00  5.62882619E-04 -3.97962168E-08  2.
    77 -2.59999990E-01  4.18086175E+00  0.00000000E+00  5.26145603E-04 -3.98177310E-08  2.
    78 -2.39999995E-01  4.17545264E+00  0.00000000E+00  4.88632613E-04 -3.97662156E-08  2.
    79 -2.19999999E-01  4.17437380E+00  0.00000000E+00  4.50370428E-04 -3.97559410E-08  2.
    80 -2.00000003E-01  4.17218673E+00  0.00000000E+00  4.11500751E-04 -3.97351117E-08  2.
    81 -1.80000007E-01  4.17297387E+00  0.00000000E+00  3.72004494E-04 -3.97426083E-08  2.
    82 -1.59999996E-01  4.17297562E+00  0.00000000E+00  3.31987667E-04 -3.97426249E-08  2.
    83 -1.40000001E-01  4.17327207E+00  0.00000000E+00  2.91472683E-04 -3.97454483E-08  2.
    84 -1.19999997E-01  4.17349369E+00  0.00000000E+00  2.50526025E-04 -3.97475590E-08  2.
    85 -1.00000001E-01  4.17378288E+00  0.00000000E+00  2.09248643E-04 -3.97503131E-08  2.
    86 -7.99999982E-02  4.17406133E+00  0.00000000E+00  1.67698814E-04 -3.97529650E-08  2.
    87 -5.99999987E-02  4.17432228E+00  0.00000000E+00  1.25873878E-04 -3.97554502E-08  2.
    88 -3.99999991E-02  4.17451660E+00  0.00000000E+00  8.40702615E-05 -3.97573010E-08  2.
    89 -1.99999996E-02  4.17465690E+00  0.00000000E+00  4.20365178E-05 -3.97586371E-08  2.
    90  0.00000000E+00  4.17459238E+00  0.00000000E+00  1.73831827E-13 -3.97580226E-08  2.
    91  1.99999996E-02  4.17465690E+00  0.00000000E+00  4.20365178E-05 -3.97586371E-08  2.
    92  3.99999991E-02  4.17451661E+00  0.00000000E+00  8.40702615E-05 -3.97573010E-08  2.
    93  5.99999987E-02  4.17432228E+00  0.00000000E+00  1.25873878E-04 -3.97554503E-08  2.
    94  7.99999982E-02  4.17406132E+00  0.00000000E+00  1.67698814E-04 -3.97529650E-08  2.
    95  1.00000001E-01  4.17378288E+00  0.00000000E+00  2.09248643E-04 -3.97503131E-08  2.
    96  1.19999997E-01  4.17349369E+00  0.00000000E+00  2.50526025E-04 -3.97475590E-08  2.
    97  1.40000001E-01  4.17327207E+00  0.00000000E+00  2.91472683E-04 -3.97454483E-08  2.
    98  1.59999996E-01  4.17297562E+00  0.00000000E+00  3.31987667E-04 -3.97426249E-08  2.
    99  1.80000007E-01  4.17297387E+00  0.00000000E+00  3.72004494E-04 -3.97426083E-08  2.
   100  2.00000003E-01  4.17218673E+00  0.00000000E+00  4.11500751E-04 -3.97351118E-08  2.
   101  2.19999999E-01  4.17437381E+00  0.00000000E+00  4.50370428E-04 -3.97559410E-08  2.
   102  2.39999995E-01  4.17545264E+00  0.00000000E+00  4.88632613E-04 -3.97662156E-08  2.
   103  2.59999990E-01  4.18086175E+00  0.00000000E+00  5.26145603E-04 -3.98177310E-08  2.
   104  2.80000001E-01  4.17860277E+00  0.00000000E+00  5.62882619E-04 -3.97962168E-08  2.
   105  3.00000012E-01  4.19888485E+00  0.00000000E+00  5.98791811E-04 -3.99893795E-08  2.
   106  3.19999993E-01  4.18207328E+00  0.00000000E+00  6.33720962E-04 -3.98292693E-08  2.
   107  3.40000004E-01  4.18544222E+00  0.00000000E+00  6.67743756E-04 -3.98613545E-08  2.
   108  3.60000014E-01  4.18235260E+00  0.00000000E+00  7.00739188E-04 -3.98319295E-08  2.
   109  3.79999995E-01  4.18146530E+00  0.00000000E+00  7.32685396E-04 -3.98234791E-08  2.
   110  4.00000006E-01  4.18544134E+00  0.00000000E+00  7.63422650E-04 -3.98613461E-08  2.
   111  4.19999987E-01  4.18689418E+00  0.00000000E+00  7.93034762E-04 -3.98751826E-08  2.
   112  4.39999998E-01  4.18538046E+00  0.00000000E+00  8.21318851E-04 -3.98607663E-08  2.
   113  4.60000008E-01  4.19235255E+00  0.00000000E+00  8.48298492E-04 -3.99271671E-08  2.
   114  4.79999989E-01  4.19196000E+00  0.00000000E+00  8.73909976E-04 -3.99234286E-08  2.
   115  5.00000000E-01  4.19395794E+00  0.00000000E+00  8.98046209E-04 -3.99424566E-08  2.
   116  5.19999981E-01  4.20050982E+00  0.00000000E+00  9.20729598E-04 -4.00048554E-08  2.
   117  5.40000021E-01  4.19639889E+00  0.00000000E+00  9.41811386E-04 -3.99657037E-08  2.
   118  5.60000002E-01  4.20653849E+00  0.00000000E+00  9.61270058E-04 -4.00622714E-08  2.
   119  5.79999983E-01  4.20157222E+00  0.00000000E+00  9.79037701E-04 -4.00149735E-08  2.
   120  6.00000024E-01  4.21100501E+00  0.00000000E+00  9.95057981E-04 -4.01048096E-08  2.
   121  6.20000005E-01  4.20673441E+00  0.00000000E+00  1.00926661E-03 -4.00641372E-08  2.
   122  6.39999986E-01  4.21534869E+00  0.00000000E+00  1.02159868E-03 -4.01461780E-08  2.
   123  6.60000026E-01  4.21037802E+00  0.00000000E+00  1.03203065E-03 -4.00988383E-08  2.
   124  6.80000007E-01  4.22026826E+00  0.00000000E+00  1.04045477E-03 -4.01930311E-08  2.
   125  6.99999988E-01  4.21330170E+00  0.00000000E+00  1.04685488E-03 -4.01266829E-08  2.
   126  7.20000029E-01  4.22374139E+00  0.00000000E+00  1.05112287E-03 -4.02261084E-08  2.
   127  7.40000010E-01  4.21849007E+00  0.00000000E+00  1.05323975E-03 -4.01760959E-08  2.
   128  7.59999990E-01  4.22299438E+00  0.00000000E+00  1.05309641E-03 -4.02189941E-08  2.
   129  7.79999971E-01  4.22591077E+00  0.00000000E+00  1.05067197E-03 -4.02467692E-08  2.
   130  8.00000012E-01  4.22201708E+00  0.00000000E+00  1.04591293E-03 -4.02096865E-08  2.
   131  8.19999993E-01  4.22903880E+00  0.00000000E+00  1.03875827E-03 -4.02765600E-08  2.
   132  8.39999974E-01  4.22845407E+00  0.00000000E+00  1.02914031E-03 -4.02709911E-08  2.
   133  8.60000014E-01  4.22652160E+00  0.00000000E+00  1.01699851E-03 -4.02525867E-08  2.
   134  8.79999995E-01  4.23169447E+00  0.00000000E+00  1.00226975E-03 -4.03018521E-08  2.
   135  8.99999976E-01  4.23406264E+00  0.00000000E+00  9.84858662E-04 -4.03244061E-08  2.
   136  9.20000017E-01  4.22926816E+00  0.00000000E+00  9.64801203E-04 -4.02787444E-08  2.
   137  9.39999998E-01  4.24110053E+00  0.00000000E+00  9.42147959E-04 -4.03914336E-08  2.
   138  9.59999979E-01  4.23451556E+00  0.00000000E+00  9.16314208E-04 -4.03287196E-08  2.
   139  9.80000019E-01  4.23508654E+00  0.00000000E+00  8.87783573E-04 -4.03341575E-08  2.
   140  1.00000000E+00  4.23282895E+00  0.00000000E+00  8.56303366E-04 -4.03126567E-08  2.
   141  1.01999998E+00  4.23110424E+00  0.00000000E+00  8.21846059E-04 -4.02962308E-08  2.
   142  1.03999996E+00  4.23279771E+00  0.00000000E+00  7.84289273E-04 -4.03123592E-08  2.
   143  1.05999994E+00  4.23316703E+00  0.00000000E+00  7.43616543E-04 -4.03158765E-08  2.
   144  1.08000004E+00  4.23184116E+00  0.00000000E+00  6.99728010E-04 -4.03032492E-08  2.
   145  1.10000002E+00  4.23171471E+00  0.00000000E+00  6.52572721E-04 -4.03020448E-08  2.
   146  1.12000000E+00  4.23156885E+00  0.00000000E+00  6.02137575E-04 -4.03006558E-08  2.
   147  1.13999999E+00  4.23027968E+00  0.00000000E+00  5.48349810E-04 -4.02883779E-08  2.
   148  1.15999997E+00  4.22917926E+00  0.00000000E+00  4.91090245E-04 -4.02778977E-08  2.
   149  1.17999995E+00  4.22667072E+00  0.00000000E+00  4.30300793E-04 -4.02540069E-08  2.
   150  1.20000005E+00  4.23517459E+00  0.00000000E+00  3.65977901E-04 -4.03349961E-08  2.
   151  1.22000003E+00  4.20274793E+00  0.00000000E+00  2.98077137E-04 -4.00261708E-08  2.
   152  1.24000001E+00  4.31179228E+00  0.00000000E+00  2.26475932E-04 -4.10646884E-08  2.
   153  1.25999999E+00  3.93569997E+00  0.00000000E+00  1.51183934E-04 -3.74828569E-08  2.
   154  1.27999997E+00  5.04390448E+00  0.00000000E+00  7.20938900E-05 -4.80371855E-08  2.
   155  1.29999995E+00  0.00000000E+00  0.00000000E+00  0.00000000E+00  1.30636900E-04  0.
   156  1.32000005E+00  0.00000000E+00  0.00000000E+00  0.00000000E+00  1.26206062E-03  0.
   157  1.34000003E+00  0.00000000E+00  0.00000000E+00  0.00000000E+00  2.61411205E-03  0.
   158  1.36000001E+00  0.00000000E+00  0.00000000E+00  0.00000000E+00  3.96215553E-03  0.
   159  1.38000000E+00  0.00000000E+00  0.00000000E+00  0.00000000E+00  5.33022003E-03  0.
   160  1.39999998E+00  0.00000000E+00  0.00000000E+00  0.00000000E+00  6.71828836E-03  0.
   161  1.41999996E+00  0.00000000E+00  0.00000000E+00  0.00000000E+00  8.12632824E-03  0.
   162  1.44000006E+00  0.00000000E+00  0.00000000E+00  0.00000000E+00  9.55434488E-03  0.
   163  1.46000004E+00  0.00000000E+00  0.00000000E+00  0.00000000E+00  1.10022966E-02  0.
   164  1.48000002E+00  0.00000000E+00  0.00000000E+00  0.00000000E+00  1.24701841E-02  0.
   165  1.50000000E+00  0.00000000E+00  0.00000000E+00  0.00000000E+00  1.39579952E-02  0.
   166  1.51999998E+00  0.00000000E+00  0.00000000E+00  0.00000000E+00  1.54657215E-02  0.
   167  1.53999996E+00  0.00000000E+00  0.00000000E+00  0.00000000E+00  1.69933561E-02  0.
   168  1.55999994E+00  0.00000000E+00  0.00000000E+00  0.00000000E+00  1.85408917E-02  0.
   169  1.58000004E+00  0.00000000E+00  0.00000000E+00  0.00000000E+00  2.01083261E-02  0.
   170  1.60000002E+00  0.00000000E+00  0.00000000E+00  0.00000000E+00  2.16956377E-02  0.
   171  1.62000000E+00  0.00000000E+00  0.00000000E+00  0.00000000E+00  2.33028289E-02  0.
   172  1.63999999E+00  0.00000000E+00  0.00000000E+00  0.00000000E+00  2.49298924E-02  0.
   173  1.65999997E+00  0.00000000E+00  0.00000000E+00  0.00000000E+00  2.65768196E-02  0.
   174  1.67999995E+00  0.00000000E+00  0.00000000E+00  0.00000000E+00  2.82436082E-02  0.
   175  1.70000005E+00  0.00000000E+00  0.00000000E+00  0.00000000E+00  2.99302580E-02  0.
   176  1.72000003E+00  0.00000000E+00  0.00000000E+00  0.00000000E+00  3.16367440E-02  0.
   177  1.74000001E+00  0.00000000E+00  0.00000000E+00  0.00000000E+00  3.33630708E-02  0.
   178  1.75999999E+00  0.00000000E+00  0.00000000E+00  0.00000000E+00  3.51092296E-02  0.
   179  1.77999997E+00  0.00000000E+00  0.00000000E+00  0.00000000E+00  3.68750966E-02  0.
STEP  45 TIME  4.30020000E+04
     1 -1.77999997E+00  0.00000000E+00  0.00000000E+00  0.00000000E+00  3.62045539E-02  0.
     2 -1.75999999E+00  0.00000000E+00  0.00000000E+00  0.00000000E+00  3.44386625E-02  0.
     3 -1.74000001E+00  0.00000000E+00  0.00000000E+00  0.00000000E+00  3.26924529E-02  0.
     4 -1.72000003E+00  0.00000000E+00  0.00000000E+00  0.00000000E+00  3.09660767E-02  0.
     5 -1.70000005E+00  0.00000000E+00  0.00000000E+00  0.00000000E+00  2.92595425E-02  0.
     6 -1.67999995E+00  0.00000000E+00  0.00000000E+00  0.00000000E+00  2.75728459E-02  0.
     7 -1.65999997E+00  0.00000000E+00  0.00000000E+00  0.00000000E+00  2.59060136E-02  0.
     8 -1.63999999E+00  0.00000000E+00  0.00000000E+00  0.00000000E+00  2.42590441E-02  0.
     9 -1.62000000E+00  0.00000000E+00  0.00000000E+00  0.00000000E+00  2.26319382E-02  0.
    10 -1.60000002E+00  0.00000000E+00  0.00000000E+00  0.00000000E+00  2.10247088E-02  0.
    11 -1.58000004E+00  0.00000000E+00  0.00000000E+00  0.00000000E+00  1.94373611E-02  0.
    12 -1.55999994E+00  0.00000000E+00  0.00000000E+00  0.00000000E+00  1.78698914E-02  0.
    13 -1.53999996E+00  0.00000000E+00  0.00000000E+00  0.00000000E+00  1.63223229E-02  0.
    14 -1.51999998E+00  0.00000000E+00  0.00000000E+00  0.00000000E+00  1.47946617E-02  0.
    15 -1.50000000E+00  0.00000000E+00  0.00000000E+00  0.00000000E+00  1.32869100E-02  0.
    16 -1.48000002E+00  0.00000000E+00  0.00000000E+00  0.00000000E+00  1.17990780E-02  0.
    17 -1.46000004E+00  0.00000000E+00  0.00000000E+00  0.00000000E+00  1.03311752E-02  0.
    18 -1.44000006E+00  0.00000000E+00  0.00000000E+00  0.00000000E+00  8.88321481E-03  0.
    19 -1.41999996E+00  0.00000000E+00  0.00000000E+00  0.00000000E+00  7.45519933E-03  0.
    20 -1.39999998E+00  0.00000000E+00  0.00000000E+00  0.00000000E+00  6.04716980E-03  0.
    21 -1.38000000E+00  0.00000000E+00  0.00000000E+00  0.00000000E+00  4.65913749E-03  0.
    22 -1.36000001E+00  0.00000000E+00  0.00000000E+00  0.00000000E+00  3.29111527E-03  0.
    23 -1.34000003E+00  0.00000000E+00  0.00000000E+00  0.00000000E+00  1.93334381E-03  0.
    24 -1.32000005E+00  0.00000000E+00  0.00000000E+00  0.00000000E+00  6.56404401E-04  0.
    25 -1.29999995E+00  4.70555578E+00  0.00000000E+00  3.29043537E-05 -4.48148169E-08  2.
    26 -1.27999997E+00  4.04723493E+00  0.00000000E+00  1.15129429E-04 -3.85450946E-08  2.
    27 -1.25999999E+00  4.21226121E+00  0.00000000E+00  1.93538858E-04 -4.01167734E-08  2.
    28 -1.24000001E+00  4.20302741E+00  0.00000000E+00  2.68172428E-04 -4.00288325E-08  2.
    29 -1.22000003E+00  4.19409816E+00  0.00000000E+00  3.39107510E-04 -3.99437920E-08  2.
    30 -1.20000005E+00  4.20035584E+00  0.00000000E+00  4.06346767E-04 -4.00033890E-08  2.
    31 -1.17999995E+00  4.19716547E+00  0.00000000E+00  4.69999987E-04 -3.99730044E-08  2.
    32 -1.15999997E+00  4.19922011E+00  0.00000000E+00  5.30110163E-04 -3.99925724E-08  2.
    33 -1.13999999E+00  4.19970391E+00  0.00000000E+00  5.86695945E-04 -3.99971801E-08  2.
    34 -1.12000000E+00  4.20091892E+00  0.00000000E+00  6.39809022E-04 -4.00087517E-08  2.
    35 -1.10000002E+00  4.19989328E+00  0.00000000E+00  6.89567814E-04 -3.99989836E-08  2.
    36 -1.08000004E+00  4.19942403E+00  0.00000000E+00  7.36050736E-04 -3.99945146E-08  2.
    37 -1.05999994E+00  4.19906453E+00  0.00000000E+00  7.79270657E-04 -3.99910907E-08  2.
    38 -1.03999996E+00  4.20262517E+00  0.00000000E+00  8.19271377E-04 -4.00250017E-08  2.
    39 -1.01999998E+00  4.20162753E+00  0.00000000E+00  8.56157150E-04 -4.00155002E-08  2.
    40 -1.00000000E+00  4.20483622E+00  0.00000000E+00  8.89939897E-04 -4.00460592E-08  2.
    41 -9.80000019E-01  4.20040743E+00  0.00000000E+00  9.20772356E-04 -4.00038803E-08  2.
    42 -9.59999979E-01  4.21204025E+00  0.00000000E+00  9.48773363E-04 -4.01146691E-08  2.
    43 -9.58158885E-01  4.20297308E+00  0.00000000E+00  9.73639289E-04 -4.00283150E-08  2.
    44 -9.20000017E-01  4.20406870E+00  0.00000000E+00  9.95767186E-04 -4.00387496E-08  2.
    45 -8.99999976E-01  4.20094768E+00  0.00000000E+00  1.01515717E-03 -4.00090255E-08  2.
    46 -8.79999995E-01  4.19847939E+00  0.00000000E+00  1.03189412E-03 -3.99855180E-08  2.
    47 -8.60000014E-01  4.20240963E+00  0.00000000E+00  1.04595007E-03 -4.00229488E-08  2.
    48 -8.39999974E-01  4.20012603E+00  0.00000000E+00  1.05741884E-03 -4.00012003E-08  2.
    49 -8.19999993E-01  4.19570881E+00  0.00000000E+00  1.06636371E-03 -3.99591316E-08  2.
    50 -8.00000012E-01  4.20205126E+00  0.00000000E+00  1.07284735E-03 -4.00195358E-08  2.
    51 -7.79999971E-01  4.19715718E+00  0.00000000E+00  1.07693648E-03 -3.99729256E-08  2.
    52 -7.59999990E-01  4.19655281E+00  0.00000000E+00  1.07868177E-03 -3.99671696E-08  2.
    53 -7.40000010E-01  4.20079407E+00  0.00000000E+00  1.07814298E-03 -4.00075626E-08  2.
    54 -7.20000029E-01  4.19277273E+00  0.00000000E+00  1.07534871E-03 -3.99311688E-08  2.
    55 -6.99999988E-01  4.20111732E+00  0.00000000E+00  1.07040366E-03 -4.00106412E-08  2.
    56 -6.80000007E-01  4.19291422E+00  0.00000000E+00  1.06332652E-03 -3.99325164E-08  2.
    57 -6.60000026E-01  4.19906866E+00  0.00000000E+00  1.05422414E-03 -3.99911301E-08  2.
    58 -6.39999986E-01  4.19356524E+00  0.00000000E+00  1.04311351E-03 -3.99387166E-08  2.
    59 -6.20000005E-01  4.19809010E+00  0.00000000E+00  1.03010730E-03 -3.99818105E-08  2.
    60 -6.00000024E-01  4.19304406E+00  0.00000000E+00  1.01522734E-03 -3.99337529E-08  2.
    61 -5.79999983E-01  4.19851073E+00  0.00000000E+00  9.98533970E-04 -3.99858165E-08  2.
    62 -5.60000002E-01  4.19179535E+00  0.00000000E+00  9.80092957E-04 -3.99218604E-08  2.
    63 -5.40000021E-01  4.19885646E+00  0.00000000E+00  9.59960623E-04 -3.99891091E-08  2.
    64 -5.19999981E-01  4.19183632E+00  0.00000000E+00  9.38205212E-04 -3.99222507E-08  2.
    65 -5.00000000E-01  4.19758994E+00  0.00000000E+00  9.14848113E-04 -3.99770471E-08  2.
    66 -4.79999989E-01  4.19590182E+00  0.00000000E+00  8.90038258E-04 -3.99609697E-08  2.
    67 -4.60000008E-01  4.19447368E+00  0.00000000E+00  8.63753304E-04 -3.99473684E-08  2.
    68 -4.39999998E-01  4.19863427E+00  0.00000000E+00  8.36099557E-04 -3.99869930E-08  2.
    69 -4.19999987E-01  4.19693359E+00  0.00000000E+00  8.07150714E-04 -3.99707961E-08  2.
    70 -4.00000006E-01  4.19763121E+00  0.00000000E+00  7.76869950E-04 -3.99774401E-08  2.
    71 -3.79999995E-01  4.20305471E+00  0.00000000E+00  7.45452923E-04 -4.00290925E-08  2.
    72 -3.60000014E-01  4.20489185E+00  0.00000000E+00  7.12839214E-04 -4.00465891E-08  2.
    73 -3.43350364E-01  4.21575262E+00  0.00000000E+00  6.79242843E-04 -4.01500250E-08  2.
    74 -3.19999993E-01  4.19914024E+00  0.00000000E+00  6.44479827E-04 -3.99918118E-08  2.
    75 -3.00000012E-01  4.20135713E+00  0.00000000E+00  6.08815315E-04 -4.00129251E-08  2.
    76 -2.80000001E-01  4.19596202E+00  0.00000000E+00  5.72297259E-04 -3.99615431E-08  2.
    77 -2.59999990E-01  4.19355888E+00  0.00000000E+00  5.34892664E-04 -3.99386560E-08  2.
    78 -2.39999995E-01  4.19340773E+00  0.00000000E+00  4.96710148E-04 -3.99372165E-08  2.
    79 -2.19999999E-01  4.19256358E+00  0.00000000E+00  4.57778918E-04 -3.99291769E-08  2.
    80 -2.00000003E-01  4.19157402E+00  0.00000000E+00  4.18237107E-04 -3.99197525E-08  2.
    81 -1.80000007E-01  4.19049071E+00  0.00000000E+00  3.78067590E-04 -3.99094353E-08  2.
    82 -1.59999996E-01  4.18949096E+00  0.00000000E+00  3.37375727E-04 -3.98999139E-08  2.
    83 -1.40000001E-01  4.18841188E+00  0.00000000E+00  2.96186786E-04 -3.98896370E-08  2.
    84 -1.19999997E-01  4.18816511E+00  0.00000000E+00  2.54566774E-04 -3.98872867E-08  2.
    85 -1.00000001E-01  4.18797419E+00  0.00000000E+00  2.12616023E-04 -3.98854684E-08  2.
    86 -7.99999982E-02  4.18769290E+00  0.00000000E+00  1.70392781E-04 -3.98827895E-08  2.
    87 -5.99999987E-02  4.18743486E+00  0.00000000E+00  1.27894391E-04 -3.98803320E-08  2.
    88 -3.99999991E-02  4.18718610E+00  0.00000000E+00  8.54172881E-05 -3.98779628E-08  2.
    89 -1.99999996E-02  4.18703334E+00  0.00000000E+00  4.27100368E-05 -3.98765080E-08  2.
    90  0.00000000E+00  4.18680867E+00  0.00000000E+00  1.81410169E-13 -3.98743682E-08  2.
    91  1.99999996E-02  4.18703334E+00  0.00000000E+00  4.27100368E-05 -3.98765080E-08  2.
    92  3.99999991E-02  4.18718610E+00  0.00000000E+00  8.54172881E-05 -3.98779628E-08  2.
    93  5.99999987E-02  4.18743486E+00  0.00000000E+00  1.27894391E-04 -3.98803320E-08  2.
    94  7.99999982E-02  4.18769290E+00  0.00000000E+00  1.70392781E-04 -3.98827895E-08  2.
    95  1.00000001E-01  4.18797419E+00  0.00000000E+00  2.12616023E-04 -3.98854684E-08  2.
    96  1.19999997E-01  4.18816511E+00  0.00000000E+00  2.54566774E-04 -3.98872867E-08  2.
    97  1.40000001E-01  4.18841188E+00  0.00000000E+00  2.96186786E-04 -3.98896370E-08  2.
    98  1.59999996E-01  4.18949096E+00  0.00000000E+00  3.37375727E-04 -3.98999139E-08  2.
    99  1.80000007E-01  4.19049071E+00  0.00000000E+00  3.78067590E-04 -3.99094353E-08  2.
   100  2.00000003E-01  4.19157402E+00  0.00000000E+00  4.18237107E-04 -3.99197525E-08  2.
   101  2.19999999E-01  4.19256358E+00  0.00000000E+00  4.57778918E-04 -3.99291770E-08  2.
   102  2.39999995E-01  4.19340773E+00  0.00000000E+00  4.96710148E-04 -3.99372165E-08  2.
   103  2.59999990E-01  4.19355888E+00  0.00000000E+00  5.34892664E-04 -3.99386560E-08  2.
   104  2.80000001E-01  4.19596202E+00  0.00000000E+00  5.72297259E-04 -3.99615430E-08  2.
   105  3.00000012E-01  4.20135713E+00  0.00000000E+00  6.08815315E-04 -4.00129251E-08  2.
   106  3.19999993E-01  4.19914024E+00  0.00000000E+00  6.44479827E-04 -3.99918118E-08  2.
   107  3.40000004E-01  4.21575262E+00  0.00000000E+00  6.79242843E-04 -4.01500250E-08  2.
   108  3.60000014E-01  4.20489185E+00  0.00000000E+00  7.12839214E-04 -4.00465890E-08  2.
   109  3.79999995E-01  4.20305471E+00  0.00000000E+00  7.45452923E-04 -4.00290925E-08  2.
   110  4.00000006E-01  4.19763121E+00  0.00000000E+00  7.76869950E-04 -3.99774401E-08  2.
   111  4.19999987E-01  4.19693359E+00  0.00000000E+00  8.07150714E-04 -3.99707961E-08  2.
   112  4.39999998E-01  4.19863426E+00  0.00000000E+00  8.36099557E-04 -3.99869930E-08  2.
   113  4.60000008E-01  4.19447368E+00  0.00000000E+00  8.63753304E-04 -3.99473684E-08  2.
   114  4.79999989E-01  4.19590182E+00  0.00000000E+00  8.90038258E-04 -3.99609697E-08  2.
   115  5.00000000E-01  4.19758994E+00  0.00000000E+00  9.14848113E-04 -3.99770471E-08  2.
   116  5.19999981E-01  4.19183632E+00  0.00000000E+00  9.38205212E-04 -3.99222507E-08  2.
   117  5.40000021E-01  4.19885646E+00  0.00000000E+00  9.59960623E-04 -3.99891091E-08  2.
   118  5.60000002E-01  4.19179535E+00  0.00000000E+00  9.80092957E-04 -3.99218604E-08  2.
   119  5.79999983E-01  4.19851073E+00  0.00000000E+00  9.98533970E-04 -3.99858165E-08  2.
   120  6.00000024E-01  4.19304406E+00  0.00000000E+00  1.01522734E-03 -3.99337529E-08  2.
   121  6.20000005E-01  4.19809011E+00  0.00000000E+00  1.03010730E-03 -3.99818105E-08  2.
   122  6.39999986E-01  4.19356524E+00  0.00000000E+00  1.04311351E-03 -3.99387166E-08  2.
   123  6.60000026E-01  4.19906866E+00  0.00000000E+00  1.05422414E-03 -3.99911301E-08  2.
   124  6.80000007E-01  4.19291422E+00  0.00000000E+00  1.06332652E-03 -3.99325164E-08  2.
   125  6.99999988E-01  4.20111732E+00  0.00000000E+00  1.07040366E-03 -4.00106412E-08  2.
   126  7.20000029E-01  4.19277273E+00  0.00000000E+00  1.07534871E-03 -3.99311688E-08  2.
   127  7.40000010E-01  4.20079407E+00  0.00000000E+00  1.07814298E-03 -4.00075626E-08  2.
   128  7.59999990E-01  4.19655281E+00  0.00000000E+00  1.07868177E-03 -3.99671696E-08  2.
   129  7.79999971E-01  4.19715718E+00  0.00000000E+00  1.07693648E-03 -3.99729256E-08  2.
   130  8.00000012E-01  4.20205126E+00  0.00000000E+00  1.07284735E-03 -4.00195358E-08  2.
   131  8.19999993E-01  4.19570882E+00  0.00000000E+00  1.06636371E-03 -3.99591316E-08  2.
   132  8.39999974E-01  4.20012603E+00  0.00000000E+00  1.05741884E-03 -4.00012002E-08  2.
   133  8.60000014E-01  4.20240963E+00  0.00000000E+00  1.04595007E-03 -4.00229488E-08  2.
   134  8.79999995E-01  4.19847939E+00  0.00000000E+00  1.03189412E-03 -3.99855180E-08  2.
   135  8.99999976E-01  4.20094768E+00  0.00000000E+00  1.01515717E-03 -4.00090255E-08  2.
   136  9.20000017E-01  4.20406870E+00  0.00000000E+00  9.95767186E-04 -4.00387496E-08  2.
   137  9.39999998E-01  4.20297308E+00  0.00000000E+00  9.73639289E-04 -4.00283151E-08  2.
   138  9.59999979E-01  4.21204025E+00  0.00000000E+00  9.48773363E-04 -4.01146690E-08  2.
   139  9.80000019E-01  4.20040743E+00  0.00000000E+00  9.20772356E-04 -4.00038803E-08  2.
   140  1.00000000E+00  4.20483622E+00  0.00000000E+00  8.89939897E-04 -4.00460592E-08  2.
   141  1.01999998E+00  4.20162753E+00  0.00000000E+00  8.56157150E-04 -4.00155002E-08  2.
   142  1.03999996E+00  4.20262517E+00  0.00000000E+00  8.19271377E-04 -4.00250017E-08  2.
   143  1.05999994E+00  4.19906453E+00  0.00000000E+00  7.79270657E-04 -3.99910907E-08  2.
   144  1.08000004E+00  4.19942403E+00  0.00000000E+00  7.36050736E-04 -3.99945145E-08  2.
   145  1.10000002E+00  4.19989328E+00  0.00000000E+00  6.89567814E-04 -3.99989836E-08  2.
   146  1.12000000E+00  4.20091892E+00  0.00000000E+00  6.39809022E-04 -4.00087517E-08  2.
   147  1.13999999E+00  4.19970391E+00  0.00000000E+00  5.86695945E-04 -3.99971801E-08  2.
   148  1.15999997E+00  4.19922011E+00  0.00000000E+00  5.30110163E-04 -3.99925724E-08  2.
   149  1.17999995E+00  4.19716547E+00  0.00000000E+00  4.69999987E-04 -3.99730044E-08  2.
   150  1.20000005E+00  4.20035585E+00  0.00000000E+00  4.06346767E-04 -4.00033890E-08  2.
   151  1.22000003E+00  4.19409815E+00  0.00000000E+00  3.39107510E-04 -3.99437919E-08  2.
   152  1.24000001E+00  4.20302741E+00  0.00000000E+00  2.68172428E-04 -4.00288325E-08  2.
   153  1.25999999E+00  4.21226122E+00  0.00000000E+00  1.93538858E-04 -4.01167735E-08  2.
   154  1.27999997E+00  4.04723493E+00  0.00000000E+00  1.15129429E-04 -3.85450945E-08  2.
   155  1.29999995E+00  4.70555578E+00  0.00000000E+00  3.29043537E-05 -4.48148169E-08  2.
   156  1.32000005E+00  0.00000000E+00  0.00000000E+00  0.00000000E+00  6.56404401E-04  0.
   157  1.34000003E+00  0.00000000E+00  0.00000000E+00  0.00000000E+00  1.93334381E-03  0.
   158  1.36000001E+00  0.00000000E+00  0.00000000E+00  0.00000000E+00  3.29111527E-03  0.
   159  1.38000000E+00  0.00000000E+00  0.00000000E+00  0.00000000E+00  4.65913749E-03  0.
   160  1.39999998E+00  0.00000000E+00  0.00000000E+00  0.00000000E+00  6.04716980E-03  0.
   161  1.41999996E+00  0.00000000E+00  0.00000000E+00  0.00000000E+00  7.45519933E-03  0.
   162  1.44000006E+00  0.00000000E+00  0.00000000E+00  0.00000000E+00  8.88321481E-03  0.
   163  1.46000004E+00  0.00000000E+00  0.00000000E+00  0.00000000E+00  1.03311752E-02  0.
   164  1.48000002E+00  0.00000000E+00  0.00000000E+00  0.00000000E+00  1.17990780E-02  0.
   165  1.50000000E+00  0.00000000E+00  0.00000000E+00  0.00000000E+00  1.32869100E-02  0.
   166  1.51999998E+00  0.00000000E+00  0.00000000E+00  0.00000000E+00  1.47946617E-02  0.
   167  1.53999996E+00  0.00000000E+00  0.00000000E+00  0.00000000E+00  1.63223229E-02  0.
   168  1.55999994E+00  0.00000000E+00  0.00000000E+00  0.00000000E+00  1.78698914E-02  0.
   169  1.58000004E+00  0.00000000E+00  0.00000000E+00  0.00000000E+00  1.94373611E-02  0.
   170  1.60000002E+00  0.00000000E+00  0.00000000E+00  0.00000000E+00  2.10247088E-02  0.
   171  1.62000000E+00  0.00000000E+00  0.00000000E+00  0.00000000E+00  2.26319382E-02  0.
   172  1.63999999E+00  0.00000000E+00  0.00000000E+00  0.00000000E+00  2.42590441E-02  0.
   173  1.65999997E+00  0.00000000E+00  0.00000000E+00  0.00000000E+00  2.59060136E-02  0.
   174  1.67999995E+00  0.00000000E+00  0.00000000E+00  0.00000000E+00  2.75728459E-02  0.
   175  1.70000005E+00  0.00000000E+00  0.00000000E+00  0.00000000E+00  2.92595425E-02  0.
   176  1.72000003E+00  0.00000000E+00  0.00000000E+00  0.00000000E+00  3.09660767E-02  0.
   177  1.74000001E+00  0.00000000E+00  0.00000000E+00  0.00000000E+00  3.26924529E-02  0.
   178  1.75999999E+00  0.00000000E+00  0.00000000E+00  0.00000000E+00  3.44386625E-02  0.
   179  1.77999997E+00  0.00000000E+00  0.00000000E+00  0.00000000E+00  3.62045509E-02  0.
STEP  46 TIME  4.40020000E+04
     1 -1.77999997E+00  0.00000000E+00  0.00000000E+00  0.00000000E+00  3.55377290E-02  0.
     2 -1.75999999E+00  0.00000000E+00  0.00000000E+00  0.00000000E+00  3.37718161E-02  0.
     3 -1.74000001E+00  0.00000000E+00  0.00000000E+00  0.00000000E+00  3.20255499E-02  0.
     4 -1.72000003E+00  0.00000000E+00  0.00000000E+00  0.00000000E+00  3.02991180E-02  0.
     5 -1.70000005E+00  0.00000000E+00  0.00000000E+00  0.00000000E+00  2.85925289E-02  0.
     6 -1.67999995E+00  0.00000000E+00  0.00000000E+00  0.00000000E+00  2.69057780E-02  0.
     7 -1.65999997E+00  0.00000000E+00  0.00000000E+00  0.00000000E+00  2.52388955E-02  0.
     8 -1.63999999E+00  0.00000000E+00  0.00000000E+00  0.00000000E+00  2.35918721E-02  0.
     9 -1.62000000E+00  0.00000000E+00  0.00000000E+00  0.00000000E+00  2.19647155E-02  0.
    10 -1.60000002E+00  0.00000000E+00  0.00000000E+00  0.00000000E+00  2.03574367E-02  0.
    11 -1.58000004E+00  0.00000000E+00  0.00000000E+00  0.00000000E+00  1.87700394E-02  0.
    12 -1.55999994E+00  0.00000000E+00  0.00000000E+00  0.00000000E+00  1.72025193E-02  0.
    13 -1.53999996E+00  0.00000000E+00  0.00000000E+00  0.00000000E+00  1.56549055E-02  0.
    14 -1.51999998E+00  0.00000000E+00  0.00000000E+00  0.00000000E+00  1.41271971E-02  0.
    15 -1.50000000E+00  0.00000000E+00  0.00000000E+00  0.00000000E+00  1.26193991E-02  0.
    16 -1.48000002E+00  0.00000000E+00  0.00000000E+00  0.00000000E+00  1.11315218E-02  0.
    17 -1.46000004E+00  0.00000000E+00  0.00000000E+00  0.00000000E+00  9.66357497E-03  0.
    18 -1.44000006E+00  0.00000000E+00  0.00000000E+00  0.00000000E+00  8.21557171E-03  0.
    19 -1.41999996E+00  0.00000000E+00  0.00000000E+00  0.00000000E+00  6.78751483E-03  0.
    20 -1.39999998E+00  0.00000000E+00  0.00000000E+00  0.00000000E+00  5.37944470E-03  0.
    21 -1.38000000E+00  0.00000000E+00  0.00000000E+00  0.00000000E+00  3.99137500E-03  0.
    22 -1.36000001E+00  0.00000000E+00  0.00000000E+00  0.00000000E+00  2.62331607E-03  0.
    23 -1.34000003E+00  0.00000000E+00  0.00000000E+00  0.00000000E+00  1.25006364E-03  0.
    24 -1.32000005E+00  0.00000000E+00  0.00000000E+00  0.00000000E+00  1.08717149E-04  0.
    25 -1.29999995E+00  5.02987345E+00  0.00000000E+00  7.63072556E-05 -4.79035567E-08  2.
    26 -1.27999997E+00  3.90538605E+00  0.00000000E+00  1.57904479E-04 -3.71941528E-08  2.
    27 -1.25999999E+00  4.28986203E+00  0.00000000E+00  2.35646765E-04 -4.08558289E-08  2.
    28 -1.24000001E+00  4.17909234E+00  0.00000000E+00  3.09620903E-04 -3.98008794E-08  2.
    29 -1.22000003E+00  4.21188083E+00  0.00000000E+00  3.79892129E-04 -4.01131508E-08  2.
    30 -1.20000005E+00  4.20379786E+00  0.00000000E+00  4.46471441E-04 -4.00361701E-08  2.
    31 -1.17999995E+00  4.20680331E+00  0.00000000E+00  5.09454184E-04 -4.00647935E-08  2.
    32 -1.15999997E+00  4.20681084E+00  0.00000000E+00  5.68886882E-04 -4.00648651E-08  2.
    33 -1.13999999E+00  4.20670714E+00  0.00000000E+00  6.24800099E-04 -4.00638775E-08  2.
    34 -1.12000000E+00  4.20903838E+00  0.00000000E+00  6.77237773E-04 -4.00860798E-08  2.
    35 -1.10000002E+00  4.20973314E+00  0.00000000E+00  7.26323897E-04 -4.00926965E-08  2.
    36 -1.08000004E+00  4.20945111E+00  0.00000000E+00  7.72140412E-04 -4.00900105E-08  2.
    37 -1.05999994E+00  4.20999089E+00  0.00000000E+00  8.14692549E-04 -4.00951513E-08  2.
    38 -1.03999996E+00  4.21167874E+00  0.00000000E+00  8.54024535E-04 -4.01112261E-08  2.
    39 -1.01999998E+00  4.20952222E+00  0.00000000E+00  8.90238410E-04 -4.00906878E-08  2.
    40 -1.00000000E+00  4.20803566E+00  0.00000000E+00  9.23370605E-04 -4.00765301E-08  2.
    41 -9.80000019E-01  4.21930762E+00  0.00000000E+00  9.53584309E-04 -4.01838821E-08  2.
    42 -9.71982853E-01  4.21411905E+00  0.00000000E+00  9.80863524E-04 -4.01344671E-08  2.
    43 -9.39999998E-01  4.21020326E+00  0.00000000E+00  1.00503069E-03 -4.00971739E-08  2.
    44 -9.20000017E-01  4.20668397E+00  0.00000000E+00  1.02654885E-03 -4.00636569E-08  2.
    45 -8.99999976E-01  4.20854774E+00  0.00000000E+00  1.04526657E-03 -4.00814070E-08  2.
    46 -8.79999995E-01  4.20910755E+00  0.00000000E+00  1.06133740E-03 -4.00867386E-08  2.
    47 -8.60000014E-01  4.20358282E+00  0.00000000E+00  1.07472679E-03 -4.00341221E-08  2.
    48 -8.39999974E-01  4.20388082E+00  0.00000000E+00  1.08552811E-03 -4.00369602E-08  2.
    49 -8.19999993E-01  4.20649322E+00  0.00000000E+00  1.09380662E-03 -4.00618402E-08  2.
    50 -8.00000012E-01  4.19901847E+00  0.00000000E+00  1.09962710E-03 -3.99906521E-08  2.
    51 -7.79999971E-01  4.20064505E+00  0.00000000E+00  1.10304436E-03 -4.00061433E-08  2.
    52 -7.59999990E-01  4.20045536E+00  0.00000000E+00  1.10411194E-03 -4.00043368E-08  2.
    53 -7.40000010E-01  4.19234583E+00  0.00000000E+00  1.10290086E-03 -3.99271031E-08  2.
    54 -7.20000029E-01  4.19875387E+00  0.00000000E+00  1.09943465E-03 -3.99881321E-08  2.
    55 -6.99999988E-01  4.18751380E+00  0.00000000E+00  1.09381748E-03 -3.98810838E-08  2.
    56 -6.80000007E-01  4.19106596E+00  0.00000000E+00  1.08606682E-03 -3.99149139E-08  2.
    57 -6.60000026E-01  4.18252279E+00  0.00000000E+00  1.07629065E-03 -3.98335503E-08  2.
    58 -6.39999986E-01  4.18174561E+00  0.00000000E+00  1.06451035E-03 -3.98261487E-08  2.
    59 -6.20000005E-01  4.17353328E+00  0.00000000E+00  1.05083685E-03 -3.97479360E-08  2.
    60 -6.00000024E-01  4.17081948E+00  0.00000000E+00  1.03528787E-03 -3.97220903E-08  2.
    61 -5.79999983E-01  4.15960045E+00  0.00000000E+00  1.01792511E-03 -3.96152424E-08  2.
    62 -5.60000002E-01  4.15659522E+00  0.00000000E+00  9.98814458E-04 -3.95866211E-08  2.
    63 -5.40000021E-01  4.13977622E+00  0.00000000E+00  9.78012436E-04 -3.94264402E-08  2.
    64 -5.19999981E-01  4.13539869E+00  0.00000000E+00  9.55587194E-04 -3.93847494E-08  2.
    65 -5.00000000E-01  4.11609982E+00  0.00000000E+00  9.31560485E-04 -3.92009506E-08  2.
    66 -4.79999989E-01  4.10586388E+00  0.00000000E+00  9.06080734E-04 -3.91034655E-08  2.
    67 -4.60000008E-01  4.08907152E+00  0.00000000E+00  8.79128522E-04 -3.89435383E-08  2.
    68 -4.39999998E-01  4.07262992E+00  0.00000000E+00  8.50816521E-04 -3.87869516E-08  2.
    69 -4.19999987E-01  4.06036020E+00  0.00000000E+00  8.21192486E-04 -3.86700972E-08  2.
    70 -4.00000006E-01  4.05041422E+00  0.00000000E+00  7.90243942E-04 -3.85753735E-08  2.
    71 -3.80453718E-01  4.05493396E+00  0.00000000E+00  7.58240771E-04 -3.86184186E-08  2.
    72 -3.60000014E-01  4.03982312E+00  0.00000000E+00  7.24880846E-04 -3.84745059E-08  2.
    73 -3.40000004E-01  4.05190913E+00  0.00000000E+00  6.90545614E-04 -3.85896107E-08  2.
    74 -3.19999993E-01  4.05369954E+00  0.00000000E+00  6.55184752E-04 -3.86066623E-08  2.
    75 -3.00000012E-01  4.07146635E+00  0.00000000E+00  6.18856698E-04 -3.87758700E-08  2.
    76 -2.80000001E-01  4.08469923E+00  0.00000000E+00  5.81674655E-04 -3.89018974E-08  2.
    77 -2.59999990E-01  4.10164108E+00  0.00000000E+00  5.43603089E-04 -3.90632484E-08  2.
    78 -2.39999995E-01  4.11421032E+00  0.00000000E+00  5.04750545E-04 -3.91829555E-08  2.
    79 -2.19999999E-01  4.12616234E+00  0.00000000E+00  4.65147406E-04 -3.92967842E-08  2.
    80 -2.00000003E-01  4.13696976E+00  0.00000000E+00  4.24935735E-04 -3.93997120E-08  2.
    81 -1.80000007E-01  4.14685592E+00  0.00000000E+00  3.84096586E-04 -3.94938659E-08  2.
    82 -1.59999996E-01  4.15450556E+00  0.00000000E+00  3.42735011E-04 -3.95667196E-08  2.
    83 -1.40000001E-01  4.16073660E+00  0.00000000E+00  3.00876294E-04 -3.96260628E-08  2.
    84 -1.19999997E-01  4.16564481E+00  0.00000000E+00  2.58586448E-04 -3.96728077E-08  2.
    85 -1.00000001E-01  4.16949840E+00  0.00000000E+00  2.15965813E-04 -3.97095086E-08  2.
    86 -7.99999982E-02  4.17245433E+00  0.00000000E+00  1.73072651E-04 -3.97376603E-08  2.
    87 -5.99999987E-02  4.17464509E+00  0.00000000E+00  1.29904315E-04 -3.97585247E-08  2.
    88 -3.99999991E-02  4.17614850E+00  0.00000000E+00  8.67572476E-05 -3.97728429E-08  2.
    89 -1.99999996E-02  4.17704171E+00  0.00000000E+00  4.33800199E-05 -3.97813496E-08  2.
    90  0.00000000E+00  4.17727053E+00  0.00000000E+00  1.88991447E-13 -3.97835288E-08  2.
    91  1.99999996E-02  4.17704171E+00  0.00000000E+00  4.33800199E-05 -3.97813496E-08  2.
    92  3.99999991E-02  4.17614850E+00  0.00000000E+00  8.67572476E-05 -3.97728429E-08  2.
    93  5.99999987E-02  4.17464509E+00  0.00000000E+00  1.29904315E-04 -3.97585247E-08  2.
    94  7.99999982E-02  4.17245433E+00  0.00000000E+00  1.73072651E-04 -3.97376603E-08  2.
    95  1.00000001E-01  4.16949840E+00  0.00000000E+00  2.15965813E-04 -3.97095086E-08  2.
    96  1.19999997E-01  4.16564481E+00  0.00000000E+00  2.58586448E-04 -3.96728077E-08  2.
    97  1.40000001E-01  4.16073659E+00  0.00000000E+00  3.00876294E-04 -3.96260628E-08  2.
    98  1.59999996E-01  4.15450556E+00  0.00000000E+00  3.42735011E-04 -3.95667196E-08  2.
    99  1.80000007E-01  4.14685592E+00  0.00000000E+00  3.84096586E-04 -3.94938659E-08  2.
   100  2.00000003E-01  4.13696976E+00  0.00000000E+00  4.24935735E-04 -3.93997120E-08  2.
   101  2.19999999E-01  4.12616234E+00  0.00000000E+00  4.65147406E-04 -3.92967841E-08  2.
   102  2.39999995E-01  4.11421032E+00  0.00000000E+00  5.04750545E-04 -3.91829555E-08  2.
   103  2.59999990E-01  4.10164108E+00  0.00000000E+00  5.43603089E-04 -3.90632484E-08  2.
   104  2.80000001E-01  4.08469923E+00  0.00000000E+00  5.81674655E-04 -3.89018974E-08  2.
   105  3.00000012E-01  4.07146635E+00  0.00000000E+00  6.18856698E-04 -3.87758700E-08  2.
   106  3.19999993E-01  4.05369954E+00  0.00000000E+00  6.55184752E-04 -3.86066623E-08  2.
   107  3.40000004E-01  4.05190912E+00  0.00000000E+00  6.90545614E-04 -3.85896107E-08  2.
   108  3.60000014E-01  4.03982312E+00  0.00000000E+00  7.24880846E-04 -3.84745059E-08  2.
   109  3.79999995E-01  4.05493396E+00  0.00000000E+00  7.58240771E-04 -3.86184186E-08  2.
   110  4.00000006E-01  4.05041422E+00  0.00000000E+00  7.90243942E-04 -3.85753735E-08  2.
   111  4.19999987E-01  4.06036020E+00  0.00000000E+00  8.21192486E-04 -3.86700972E-08  2.
   112  4.39999998E-01  4.07262992E+00  0.00000000E+00  8.50816521E-04 -3.87869516E-08  2.
   113  4.60000008E-01  4.08907152E+00  0.00000000E+00  8.79128522E-04 -3.89435383E-08  2.
   114  4.79999989E-01  4.10586388E+00  0.00000000E+00  9.06080734E-04 -3.91034655E-08  2.
   115  5.00000000E-01  4.11609982E+00  0.00000000E+00  9.31560485E-04 -3.92009506E-08  2.
   116  5.19999981E-01  4.13539869E+00  0.00000000E+00  9.55587194E-04 -3.93847495E-08  2.
   117  5.40000021E-01  4.13977623E+00  0.00000000E+00  9.78012436E-04 -3.94264403E-08  2.
   118  5.60000002E-01  4.15659522E+00  0.00000000E+00  9.98814458E-04 -3.95866211E-08  2.
   119  5.79999983E-01  4.15960045E+00  0.00000000E+00  1.01792511E-03 -3.96152424E-08  2.
   120  6.00000024E-01  4.17081948E+00  0.00000000E+00  1.03528787E-03 -3.97220903E-08  2.
   121  6.20000005E-01  4.17353328E+00  0.00000000E+00  1.05083685E-03 -3.97479360E-08  2.
   122  6.39999986E-01  4.18174561E+00  0.00000000E+00  1.06451035E-03 -3.98261487E-08  2.
   123  6.60000026E-01  4.18252279E+00  0.00000000E+00  1.07629065E-03 -3.98335504E-08  2.
   124  6.80000007E-01  4.19106596E+00  0.00000000E+00  1.08606682E-03 -3.99149139E-08  2.
   125  6.99999988E-01  4.18751380E+00  0.00000000E+00  1.09381748E-03 -3.98810838E-08  2.
   126  7.20000029E-01  4.19875387E+00  0.00000000E+00  1.09943465E-03 -3.99881321E-08  2.
   127  7.40000010E-01  4.19234583E+00  0.00000000E+00  1.10290086E-03 -3.99271031E-08  2.
   128  7.59999990E-01  4.20045536E+00  0.00000000E+00  1.10411194E-03 -4.00043367E-08  2.
   129  7.79999971E-01  4.20064505E+00  0.00000000E+00  1.10304436E-03 -4.00061433E-08  2.
   130  8.00000012E-01  4.19901847E+00  0.00000000E+00  1.09962710E-03 -3.99906521E-08  2.
   131  8.19999993E-01  4.20649322E+00  0.00000000E+00  1.09380662E-03 -4.00618402E-08  2.
   132  8.39999974E-01  4.20388082E+00  0.00000000E+00  1.08552811E-03 -4.00369602E-08  2.
   133  8.60000014E-01  4.20358282E+00  0.00000000E+00  1.07472679E-03 -4.00341221E-08  2.
   134  8.79999995E-01  4.20910756E+00  0.00000000E+00  1.06133740E-03 -4.00867386E-08  2.
   135  8.99999976E-01  4.20854774E+00  0.00000000E+00  1.04526657E-03 -4.00814071E-08  2.
   136  9.20000017E-01  4.20668397E+00  0.00000000E+00  1.02654885E-03 -4.00636569E-08  2.
   137  9.39999998E-01  4.21020326E+00  0.00000000E+00  1.00503069E-03 -4.00971739E-08  2.
   138  9.59999979E-01  4.21411905E+00  0.00000000E+00  9.80863524E-04 -4.01344671E-08  2.
   139  9.80000019E-01  4.21930761E+00  0.00000000E+00  9.53584309E-04 -4.01838820E-08  2.
   140  1.00000000E+00  4.20803566E+00  0.00000000E+00  9.23370605E-04 -4.00765301E-08  2.
   141  1.01999998E+00  4.20952222E+00  0.00000000E+00  8.90238410E-04 -4.00906878E-08  2.
   142  1.03999996E+00  4.21167874E+00  0.00000000E+00  8.54024535E-04 -4.01112261E-08  2.
   143  1.05999994E+00  4.20999089E+00  0.00000000E+00  8.14692549E-04 -4.00951513E-08  2.
   144  1.08000004E+00  4.20945111E+00  0.00000000E+00  7.72140412E-04 -4.00900106E-08  2.
   145  1.10000002E+00  4.20973314E+00  0.00000000E+00  7.26323897E-04 -4.00926966E-08  2.
   146  1.12000000E+00  4.20903838E+00  0.00000000E+00  6.77237773E-04 -4.00860798E-08  2.
   147  1.13999999E+00  4.20670714E+00  0.00000000E+00  6.24800099E-04 -4.00638775E-08  2.
   148  1.15999997E+00  4.20681084E+00  0.00000000E+00  5.68886882E-04 -4.00648651E-08  2.
   149  1.17999995E+00  4.20680331E+00  0.00000000E+00  5.09454184E-04 -4.00647934E-08  2.
   150  1.20000005E+00  4.20379787E+00  0.00000000E+00  4.46471441E-04 -4.00361702E-08  2.
   151  1.22000003E+00  4.21188083E+00  0.00000000E+00  3.79892129E-04 -4.01131507E-08  2.
   152  1.24000001E+00  4.17909233E+00  0.00000000E+00  3.09620903E-04 -3.98008794E-08  2.
   153  1.25999999E+00  4.28986203E+00  0.00000000E+00  2.35646765E-04 -4.08558288E-08  2.
   154  1.27999997E+00  3.90538604E+00  0.00000000E+00  1.57904479E-04 -3.71941528E-08  2.
   155  1.29999995E+00  5.02987345E+00  0.00000000E+00  7.63072556E-05 -4.79035567E-08  2.
   156  1.32000005E+00  0.00000000E+00  0.00000000E+00  0.00000000E+00  1.08717149E-04  0.
   157  1.34000003E+00  0.00000000E+00  0.00000000E+00  0.00000000E+00  1.25006364E-03  0.
   158  1.36000001E+00  0.00000000E+00  0.00000000E+00  0.00000000E+00  2.62331607E-03  0.
   159  1.38000000E+00  0.00000000E+00  0.00000000E+00  0.00000000E+00  3.99137500E-03  0.
   160  1.39999998E+00  0.00000000E+00  0.00000000E+00  0.00000000E+00  5.37944470E-03  0.
   161  1.41999996E+00  0.00000000E+00  0.00000000E+00  0.00000000E+00  6.78751483E-03  0.
   162  1.44000006E+00  0.00000000E+00  0.00000000E+00  0.00000000E+00  8.21557171E-03  0.
   163  1.46000004E+00  0.00000000E+00  0.00000000E+00  0.00000000E+00  9.66357497E-03  0.
   164  1.48000002E+00  0.00000000E+00  0.00000000E+00  0.00000000E+00  1.11315218E-02  0.
   165  1.50000000E+00  0.00000000E+00  0.00000000E+00  0.00000000E+00  1.26193991E-02  0.
   166  1.51999998E+00  0.00000000E+00  0.00000000E+00  0.00000000E+00  1.41271971E-02  0.
   167  1.53999996E+00  0.00000000E+00  0.00000000E+00  0.00000000E+00  1.56549055E-02  0.
   168  1.55999994E+00  0.00000000E+00  0.00000000E+00  0.00000000E+00  1.72025193E-02  0.
   169  1.58000004E+00  0.00000000E+00  0.00000000E+00  0.00000000E+00  1.87700394E-02  0.
   170  1.60000002E+00  0.00000000E+00  0.00000000E+00  0.00000000E+00  2.03574367E-02  0.
   171  1.62000000E+00  0.00000000E+00  0.00000000E+00  0.00000000E+00  2.19647155E-02  0.
   172  1.63999999E+00  0.00000000E+00  0.00000000E+00  0.00000000E+00  2.35918721E-02  0.
   173  1.65999997E+00  0.00000000E+00  0.00000000E+00  0.00000000E+00  2.52388955E-02  0.
   174  1.67999995E+00  0.00000000E+00  0.00000000E+00  0.00000000E+00  2.69057780E-02  0.
   175  1.70000005E+00  0.00000000E+00  0.00000000E+00  0.00000000E+00  2.85925289E-02  0.
   176  1.72000003E+00  0.00000000E+00  0.00000000E+00  0.00000000E+00  3.02991180E-02  0.
   177  1.74000001E+00  0.00000000E+00  0.00000000E+00  0.00000000E+00  3.20255499E-02  0.
   178  1.75999999E+00  0.00000000E+00  0.00000000E+00  0.00000000E+00  3.37718161E-02  0.
   179  1.77999997E+00  0.00000000E+00  0.00000000E+00  0.00000000E+00  3.55377254E-02  0.
STEP  47 TIME  4.50020000E+04
     1 -1.77999997E+00  0.00000000E+00  0.00000000E+00  0.00000000E+00  3.48786627E-02  0.
     2 -1.75999999E+00  0.00000000E+00  0.00000000E+00  0.00000000E+00  3.31127422E-02  0.
     3 -1.74000001E+00  0.00000000E+00  0.00000000E+00  0.00000000E+00  3.13664286E-02  0.
     4 -1.72000003E+00  0.00000000E+00  0.00000000E+00  0.00000000E+00  2.96399507E-02  0.
     5 -1.70000005E+00  0.00000000E+00  0.00000000E+00  0.00000000E+00  2.79333170E-02  0.
     6 -1.67999995E+00  0.00000000E+00  0.00000000E+00  0.00000000E+00  2.62465255E-02  0.
     7 -1.65999997E+00  0.00000000E+00  0.00000000E+00  0.00000000E+00  2.45796016E-02  0.
     8 -1.63999999E+00  0.00000000E+00  0.00000000E+00  0.00000000E+00  2.29325385E-02  0.
     9 -1.62000000E+00  0.00000000E+00  0.00000000E+00  0.00000000E+00  2.13053461E-02  0.
    10 -1.60000002E+00  0.00000000E+00  0.00000000E+00  0.00000000E+00  1.96980335E-02  0.
    11 -1.58000004E+00  0.00000000E+00  0.00000000E+00  0.00000000E+00  1.81106027E-02  0.
    12 -1.55999994E+00  0.00000000E+00  0.00000000E+00  0.00000000E+00  1.65430543E-02  0.
    13 -1.53999996E+00  0.00000000E+00  0.00000000E+00  0.00000000E+00  1.49954148E-02  0.
    14 -1.51999998E+00  0.00000000E+00  0.00000000E+00  0.00000000E+00  1.34676836E-02  0.
    15 -1.50000000E+00  0.00000000E+00  0.00000000E+00  0.00000000E+00  1.19598671E-02  0.
    16 -1.48000002E+00  0.00000000E+00  0.00000000E+00  0.00000000E+00  1.04719770E-02  0.
    17 -1.46000004E+00  0.00000000E+00  0.00000000E+00  0.00000000E+00  9.00402366E-03  0.
    18 -1.44000006E+00  0.00000000E+00  0.00000000E+00  0.00000000E+00  7.55602371E-03  0.
    19 -1.41999996E+00  0.00000000E+00  0.00000000E+00  0.00000000E+00  6.12797952E-03  0.
    20 -1.39999998E+00  0.00000000E+00  0.00000000E+00  0.00000000E+00  4.71994608E-03  0.
    21 -1.38000000E+00  0.00000000E+00  0.00000000E+00  0.00000000E+00  3.33191918E-03  0.
    22 -1.36000001E+00  0.00000000E+00  0.00000000E+00  0.00000000E+00  1.95385017E-03  0.
    23 -1.34000003E+00  0.00000000E+00  0.00000000E+00  0.00000000E+00  6.58502991E-04  0.
    24 -1.32000005E+00  4.61628860E+00  0.00000000E+00  3.44241746E-05 -4.39646534E-08  2.
    25 -1.29999995E+00  3.96519847E+00  0.00000000E+00  1.19283553E-04 -3.77637950E-08  2.
    26 -1.27999997E+00  4.13940901E+00  0.00000000E+00  2.00209929E-04 -3.94229429E-08  2.
    27 -1.25999999E+00  4.12209695E+00  0.00000000E+00  2.77305352E-04 -3.92580662E-08  2.
    28 -1.24000001E+00  4.11676093E+00  0.00000000E+00  3.50624347E-04 -3.92072469E-08  2.
    29 -1.22000003E+00  4.12174984E+00  0.00000000E+00  4.20245501E-04 -3.92547603E-08  2.
    30 -1.20000005E+00  4.11942126E+00  0.00000000E+00  4.86165423E-04 -3.92325834E-08  2.
    31 -1.17999995E+00  4.12051815E+00  0.00000000E+00  5.48478963E-04 -3.92430300E-08  2.
    32 -1.15999997E+00  4.11994562E+00  0.00000000E+00  6.07248840E-04 -3.92375773E-08  2.
    33 -1.13999999E+00  4.12091461E+00  0.00000000E+00  6.62497270E-04 -3.92468058E-08  2.
    34 -1.12000000E+00  4.12203717E+00  0.00000000E+00  7.14271212E-04 -3.92574969E-08  2.
    35 -1.10000002E+00  4.12293147E+00  0.00000000E+00  7.62696197E-04 -3.92660140E-08  2.
    36 -1.08000004E+00  4.12104953E+00  0.00000000E+00  8.07852939E-04 -3.92480908E-08  2.
    37 -1.05999994E+00  4.12133741E+00  0.00000000E+00  8.49744815E-04 -3.92508325E-08  2.
    38 -1.03999996E+00  4.12392349E+00  0.00000000E+00  8.88415105E-04 -3.92754618E-08  2.
    39 -1.01999998E+00  4.12576891E+00  0.00000000E+00  9.23972700E-04 -3.92930372E-08  2.
    40 -1.00000000E+00  4.12534894E+00  0.00000000E+00  9.56465707E-04 -3.92890375E-08  2.
    41 -9.85509538E-01  4.13447131E+00  0.00000000E+00  9.86155311E-04 -3.93759173E-08  2.
    42 -9.59999979E-01  4.12160634E+00  0.00000000E+00  1.01248777E-03 -3.92533937E-08  2.
    43 -9.39999998E-01  4.12625393E+00  0.00000000E+00  1.03614798E-03 -3.92976564E-08  2.
    44 -9.20000017E-01  4.12581142E+00  0.00000000E+00  1.05700229E-03 -3.92934421E-08  2.
    45 -8.99999976E-01  4.12513134E+00  0.00000000E+00  1.07506097E-03 -3.92869652E-08  2.
    46 -8.79999995E-01  4.12112134E+00  0.00000000E+00  1.09047233E-03 -3.92487747E-08  2.
    47 -8.60000014E-01  4.12576792E+00  0.00000000E+00  1.10320122E-03 -3.92930278E-08  2.
    48 -8.39999974E-01  4.12528806E+00  0.00000000E+00  1.11334222E-03 -3.92884577E-08  2.
    49 -8.19999993E-01  4.12080551E+00  0.00000000E+00  1.12096557E-03 -3.92457667E-08  2.
    50 -8.00000012E-01  4.12637341E+00  0.00000000E+00  1.12612296E-03 -3.92987944E-08  2.
    51 -7.79999971E-01  4.12452699E+00  0.00000000E+00  1.12886847E-03 -3.92812095E-08  2.
    52 -7.59999990E-01  4.12164196E+00  0.00000000E+00  1.12927085E-03 -3.92537330E-08  2.
    53 -7.40000010E-01  4.12891798E+00  0.00000000E+00  1.12739502E-03 -3.93230283E-08  2.
    54 -7.20000029E-01  4.12050900E+00  0.00000000E+00  1.12326400E-03 -3.92429428E-08  2.
    55 -6.99999988E-01  4.12822261E+00  0.00000000E+00  1.11698071E-03 -3.93164058E-08  2.
    56 -6.80000007E-01  4.12321601E+00  0.00000000E+00  1.10856362E-03 -3.92687239E-08  2.
    57 -6.60000026E-01  4.12680712E+00  0.00000000E+00  1.09812492E-03 -3.93029249E-08  2.
    58 -6.39999986E-01  4.12496300E+00  0.00000000E+00  1.08568462E-03 -3.92853619E-08  2.
    59 -6.20000005E-01  4.12701330E+00  0.00000000E+00  1.07134944E-03 -3.93048886E-08  2.
    60 -6.00000024E-01  4.12559184E+00  0.00000000E+00  1.05513837E-03 -3.92913508E-08  2.
    61 -5.79999983E-01  4.12895115E+00  0.00000000E+00  1.03711328E-03 -3.93233443E-08  2.
    62 -5.60000002E-01  4.12544011E+00  0.00000000E+00  1.01734027E-03 -3.92899058E-08  2.
    63 -5.40000021E-01  4.13169606E+00  0.00000000E+00  9.95875684E-04 -3.93494863E-08  2.
    64 -5.19999981E-01  4.12559981E+00  0.00000000E+00  9.72788171E-04 -3.92914267E-08  2.
    65 -5.00000000E-01  4.13295742E+00  0.00000000E+00  9.48098009E-04 -3.93614992E-08  2.
    66 -4.79999989E-01  4.13005046E+00  0.00000000E+00  9.21965180E-04 -3.93338139E-08  2.
    67 -4.60000008E-01  4.13326200E+00  0.00000000E+00  8.94354451E-04 -3.93644000E-08  2.
    68 -4.39999998E-01  4.13494058E+00  0.00000000E+00  8.65375024E-04 -3.93803864E-08  2.
    69 -4.19999987E-01  4.14620328E+00  0.00000000E+00  8.35126786E-04 -3.94876503E-08  2.
    70 -4.13786774E-01  4.14592654E+00  0.00000000E+00  8.03534544E-04 -3.94850146E-08  2.
    71 -3.79999995E-01  4.13381450E+00  0.00000000E+00  7.70740969E-04 -3.93696619E-08  2.
    72 -3.60000014E-01  4.13277741E+00  0.00000000E+00  7.36798461E-04 -3.93597848E-08  2.
    73 -3.40000004E-01  4.12976757E+00  0.00000000E+00  7.01807592E-04 -3.93311197E-08  2.
    74 -3.19999993E-01  4.13105058E+00  0.00000000E+00  6.65790242E-04 -3.93433388E-08  2.
    75 -3.00000012E-01  4.12974708E+00  0.00000000E+00  6.28801709E-04 -3.93309246E-08  2.
    76 -2.80000001E-01  4.12810055E+00  0.00000000E+00  5.90954862E-04 -3.93152434E-08  2.
    77 -2.59999990E-01  4.12683837E+00  0.00000000E+00  5.52219748E-04 -3.93032225E-08  2.
    78 -2.39999995E-01  4.12775910E+00  0.00000000E+00  5.12704644E-04 -3.93119914E-08  2.
    79 -2.19999999E-01  4.12733911E+00  0.00000000E+00  4.72438978E-04 -3.93079915E-08  2.
    80 -2.00000003E-01  4.12687347E+00  0.00000000E+00  4.31564687E-04 -3.93035568E-08  2.
    81 -1.80000007E-01  4.12619630E+00  0.00000000E+00  3.90062840E-04 -3.92971076E-08  2.
    82 -1.59999996E-01  4.12548041E+00  0.00000000E+00  3.48038494E-04 -3.92902896E-08  2.
    83 -1.40000001E-01  4.12497204E+00  0.00000000E+00  3.05516947E-04 -3.92854480E-08  2.
    84 -1.19999997E-01  4.12525701E+00  0.00000000E+00  2.62564225E-04 -3.92881620E-08  2.
    85 -1.00000001E-01  4.12513223E+00  0.00000000E+00  2.19280676E-04 -3.92869736E-08  2.
    86 -7.99999982E-02  4.12502543E+00  0.00000000E+00  1.75724572E-04 -3.92859565E-08  2.
    87 -5.99999987E-02  4.12486741E+00  0.00000000E+00  1.31893273E-04 -3.92844516E-08  2.
    88 -3.99999991E-02  4.12470004E+00  0.00000000E+00  8.80832285E-05 -3.92828575E-08  2.
    89 -1.99999996E-02  4.12459229E+00  0.00000000E+00  4.40430132E-05 -3.92818313E-08  2.
    90  0.00000000E+00  4.12438505E+00  0.00000000E+00  1.96555434E-13 -3.92798577E-08  2.
    91  1.99999996E-02  4.12459229E+00  0.00000000E+00  4.40430132E-05 -3.92818313E-08  2.
    92  3.99999991E-02  4.12470004E+00  0.00000000E+00  8.80832285E-05 -3.92828575E-08  2.
    93  5.99999987E-02  4.12486741E+00  0.00000000E+00  1.31893273E-04 -3.92844516E-08  2.
    94  7.99999982E-02  4.12502543E+00  0.00000000E+00  1.75724572E-04 -3.92859565E-08  2.
    95  1.00000001E-01  4.12513223E+00  0.00000000E+00  2.19280676E-04 -3.92869736E-08  2.
    96  1.19999997E-01  4.12525701E+00  0.00000000E+00  2.62564225E-04 -3.92881620E-08  2.
    97  1.40000001E-01  4.12497204E+00  0.00000000E+00  3.05516947E-04 -3.92854480E-08  2.
    98  1.59999996E-01  4.12548041E+00  0.00000000E+00  3.48038494E-04 -3.92902896E-08  2.
    99  1.80000007E-01  4.12619630E+00  0.00000000E+00  3.90062840E-04 -3.92971076E-08  2.
   100  2.00000003E-01  4.12687347E+00  0.00000000E+00  4.31564687E-04 -3.93035568E-08  2.
   101  2.19999999E-01  4.12733911E+00  0.00000000E+00  4.72438978E-04 -3.93079915E-08  2.
   102  2.39999995E-01  4.12775910E+00  0.00000000E+00  5.12704644E-04 -3.93119914E-08  2.
   103  2.59999990E-01  4.12683837E+00  0.00000000E+00  5.52219748E-04 -3.93032225E-08  2.
   104  2.80000001E-01  4.12810056E+00  0.00000000E+00  5.90954862E-04 -3.93152434E-08  2.
   105  3.00000012E-01  4.12974708E+00  0.00000000E+00  6.28801709E-04 -3.93309246E-08  2.
   106  3.19999993E-01  4.13105057E+00  0.00000000E+00  6.65790242E-04 -3.93433388E-08  2.
   107  3.40000004E-01  4.12976757E+00  0.00000000E+00  7.01807592E-04 -3.93311197E-08  2.
   108  3.60000014E-01  4.13277741E+00  0.00000000E+00  7.36798461E-04 -3.93597848E-08  2.
   109  3.79999995E-01  4.13381450E+00  0.00000000E+00  7.70740969E-04 -3.93696619E-08  2.
   110  4.00000006E-01  4.14592654E+00  0.00000000E+00  8.03534544E-04 -3.94850146E-08  2.
   111  4.19999987E-01  4.14620328E+00  0.00000000E+00  8.35126786E-04 -3.94876503E-08  2.
   112  4.39999998E-01  4.13494057E+00  0.00000000E+00  8.65375024E-04 -3.93803864E-08  2.
   113  4.60000008E-01  4.13326200E+00  0.00000000E+00  8.94354451E-04 -3.93644000E-08  2.
   114  4.79999989E-01  4.13005046E+00  0.00000000E+00  9.21965180E-04 -3.93338139E-08  2.
   115  5.00000000E-01  4.13295742E+00  0.00000000E+00  9.48098009E-04 -3.93614992E-08  2.
   116  5.19999981E-01  4.12559981E+00  0.00000000E+00  9.72788171E-04 -3.92914267E-08  2.
   117  5.40000021E-01  4.13169606E+00  0.00000000E+00  9.95875684E-04 -3.93494863E-08  2.
   118  5.60000002E-01  4.12544011E+00  0.00000000E+00  1.01734027E-03 -3.92899058E-08  2.
   119  5.79999983E-01  4.12895115E+00  0.00000000E+00  1.03711328E-03 -3.93233443E-08  2.
   120  6.00000024E-01  4.12559184E+00  0.00000000E+00  1.05513837E-03 -3.92913508E-08  2.
   121  6.20000005E-01  4.12701330E+00  0.00000000E+00  1.07134944E-03 -3.93048886E-08  2.
   122  6.39999986E-01  4.12496300E+00  0.00000000E+00  1.08568462E-03 -3.92853619E-08  2.
   123  6.60000026E-01  4.12680712E+00  0.00000000E+00  1.09812492E-03 -3.93029249E-08  2.
   124  6.80000007E-01  4.12321601E+00  0.00000000E+00  1.10856362E-03 -3.92687239E-08  2.
   125  6.99999988E-01  4.12822261E+00  0.00000000E+00  1.11698071E-03 -3.93164058E-08  2.
   126  7.20000029E-01  4.12050900E+00  0.00000000E+00  1.12326400E-03 -3.92429428E-08  2.
   127  7.40000010E-01  4.12891798E+00  0.00000000E+00  1.12739502E-03 -3.93230283E-08  2.
   128  7.59999990E-01  4.12164196E+00  0.00000000E+00  1.12927085E-03 -3.92537330E-08  2.
   129  7.79999971E-01  4.12452699E+00  0.00000000E+00  1.12886847E-03 -3.92812094E-08  2.
   130  8.00000012E-01  4.12637340E+00  0.00000000E+00  1.12612296E-03 -3.92987943E-08  2.
   131  8.19999993E-01  4.12080551E+00  0.00000000E+00  1.12096557E-03 -3.92457667E-08  2.
   132  8.39999974E-01  4.12528806E+00  0.00000000E+00  1.11334222E-03 -3.92884577E-08  2.
   133  8.60000014E-01  4.12576792E+00  0.00000000E+00  1.10320122E-03 -3.92930278E-08  2.
   134  8.79999995E-01  4.12112134E+00  0.00000000E+00  1.09047233E-03 -3.92487747E-08  2.
   135  8.99999976E-01  4.12513134E+00  0.00000000E+00  1.07506097E-03 -3.92869652E-08  2.
   136  9.20000017E-01  4.12581142E+00  0.00000000E+00  1.05700229E-03 -3.92934420E-08  2.
   137  9.39999998E-01  4.12625393E+00  0.00000000E+00  1.03614798E-03 -3.92976565E-08  2.
   138  9.59999979E-01  4.12160634E+00  0.00000000E+00  1.01248777E-03 -3.92533937E-08  2.
   139  9.80000019E-01  4.13447132E+00  0.00000000E+00  9.86155311E-04 -3.93759173E-08  2.
   140  1.00000000E+00  4.12534894E+00  0.00000000E+00  9.56465707E-04 -3.92890375E-08  2.
   141  1.01999998E+00  4.12576891E+00  0.00000000E+00  9.23972700E-04 -3.92930372E-08  2.
   142  1.03999996E+00  4.12392349E+00  0.00000000E+00  8.88415105E-04 -3.92754618E-08  2.
   143  1.05999994E+00  4.12133741E+00  0.00000000E+00  8.49744815E-04 -3.92508325E-08  2.
   144  1.08000004E+00  4.12104953E+00  0.00000000E+00  8.07852939E-04 -3.92480908E-08  2.
   145  1.10000002E+00  4.12293148E+00  0.00000000E+00  7.62696197E-04 -3.92660141E-08  2.
   146  1.12000000E+00  4.12203717E+00  0.00000000E+00  7.14271212E-04 -3.92574969E-08  2.
   147  1.13999999E+00  4.12091461E+00  0.00000000E+00  6.62497270E-04 -3.92468058E-08  2.
   148  1.15999997E+00  4.11994562E+00  0.00000000E+00  6.07248840E-04 -3.92375773E-08  2.
   149  1.17999995E+00  4.12051815E+00  0.00000000E+00  5.48478963E-04 -3.92430300E-08  2.
   150  1.20000005E+00  4.11942126E+00  0.00000000E+00  4.86165423E-04 -3.92325834E-08  2.
   151  1.22000003E+00  4.12174983E+00  0.00000000E+00  4.20245501E-04 -3.92547603E-08  2.
   152  1.24000001E+00  4.11676093E+00  0.00000000E+00  3.50624347E-04 -3.92072469E-08  2.
   153  1.25999999E+00  4.12209695E+00  0.00000000E+00  2.77305352E-04 -3.92580662E-08  2.
   154  1.27999997E+00  4.13940901E+00  0.00000000E+00  2.00209929E-04 -3.94229429E-08  2.
   155  1.29999995E+00  3.96519847E+00  0.00000000E+00  1.19283553E-04 -3.77637950E-08  2.
   156  1.32000005E+00  4.61628860E+00  0.00000000E+00  3.44241746E-05 -4.39646533E-08  2.
   157  1.34000003E+00  0.00000000E+00  0.00000000E+00  0.00000000E+00  6.58502991E-04  0.
   158  1.36000001E+00  0.00000000E+00  0.00000000E+00  0.00000000E+00  1.95385017E-03  0.
   159  1.38000000E+00  0.00000000E+00  0.00000000E+00  0.00000000E+00  3.33191918E-03  0.
   160  1.39999998E+00  0.00000000E+00  0.00000000E+00  0.00000000E+00  4.71994608E-03  0.
   161  1.41999996E+00  0.00000000E+00  0.00000000E+00  0.00000000E+00  6.12797952E-03  0.
   162  1.44000006E+00  0.00000000E+00  0.00000000E+00  0.00000000E+00  7.55602371E-03  0.
   163  1.46000004E+00  0.00000000E+00  0.00000000E+00  0.00000000E+00  9.00402366E-03  0.
   164  1.48000002E+00  0.00000000E+00  0.00000000E+00  0.00000000E+00  1.04719770E-02  0.
   165  1.50000000E+00  0.00000000E+00  0.00000000E+00  0.00000000E+00  1.19598671E-02  0.
   166  1.51999998E+00  0.00000000E+00  0.00000000E+00  0.00000000E+00  1.34676836E-02  0.
   167  1.53999996E+00  0.00000000E+00  0.00000000E+00  0.00000000E+00  1.49954148E-02  0.
   168  1.55999994E+00  0.00000000E+00  0.00000000E+00  0.00000000E+00  1.65430543E-02  0.
   169  1.58000004E+00  0.00000000E+00  0.00000000E+00  0.00000000E+00  1.81106027E-02  0.
   170  1.60000002E+00  0.00000000E+00  0.00000000E+00  0.00000000E+00  1.96980335E-02  0.
   171  1.62000000E+00  0.00000000E+00  0.00000000E+00  0.00000000E+00  2.13053461E-02  0.
   172  1.63999999E+00  0.00000000E+00  0.00000000E+00  0.00000000E+00  2.29325385E-02  0.
   173  1.65999997E+00  0.00000000E+00  0.00000000E+00  0.00000000E+00  2.45796016E-02  0.
   174  1.67999995E+00  0.00000000E+00  0.00000000E+00  0.00000000E+00  2.62465255E-02  0.
   175  1.70000005E+00  0.00000000E+00  0.00000000E+00  0.00000000E+00  2.79333170E-02  0.
   176  1.72000003E+00  0.00000000E+00  0.00000000E+00  0.00000000E+00  2.96399507E-02  0.
   177  1.74000001E+00  0.00000000E+00  0.00000000E+00  0.00000000E+00  3.13664286E-02  0.
   178  1.75999999E+00  0.00000000E+00  0.00000000E+00  0.00000000E+00  3.31127422E-02  0.
   179  1.77999997E+00  0.00000000E+00  0.00000000E+00  0.00000000E+00  3.48786585E-02  0.
