STEP   1 TIME  1.00000000E+00
BODY 1   181
 -1.799999950000E+00 -4.999600034019E-08
 -1.779999970000E+00  0.000000000000E+00
 -1.759999990000E+00  0.000000000000E+00
 -1.740000010000E+00  0.000000000000E+00
 -1.720000030000E+00  0.000000000000E+00
 -1.700000050000E+00  0.000000000000E+00
 -1.679999950000E+00  0.000000000000E+00
 -1.659999970000E+00  0.000000000000E+00
 -1.639999990000E+00  0.000000000000E+00
 -1.620000000000E+00  0.000000000000E+00
 -1.600000020000E+00  0.000000000000E+00
 -1.580000040000E+00  0.000000000000E+00
 -1.559999940000E+00  0.000000000000E+00
 -1.539999960000E+00  0.000000000000E+00
 -1.519999980000E+00  0.000000000000E+00
 -1.500000000000E+00  0.000000000000E+00
 -1.480000020000E+00  0.000000000000E+00
 -1.460000040000E+00  0.000000000000E+00
 -1.440000060000E+00  0.000000000000E+00
 -1.419999960000E+00  0.000000000000E+00
 -1.399999980000E+00  0.000000000000E+00
 -1.380000000000E+00  0.000000000000E+00
 -1.360000010000E+00  0.000000000000E+00
 -1.340000030000E+00  0.000000000000E+00
 -1.320000050000E+00  0.000000000000E+00
 -1.299999950000E+00  0.000000000000E+00
 -1.279999970000E+00  0.000000000000E+00
 -1.259999990000E+00  0.000000000000E+00
 -1.240000010000E+00  0.000000000000E+00
 -1.220000030000E+00  0.000000000000E+00
 -1.200000050000E+00  0.000000000000E+00
 -1.179999950000E+00  0.000000000000E+00
 -1.159999970000E+00  0.000000000000E+00
 -1.139999990000E+00  0.000000000000E+00
 -1.120000000000E+00  0.000000000000E+00
 -1.100000020000E+00  0.000000000000E+00
 -1.080000040000E+00  0.000000000000E+00
 -1.059999940000E+00  0.000000000000E+00
 -1.039999960000E+00  0.000000000000E+00
 -1.019999980000E+00  0.000000000000E+00
 -1.000000000000E+00  0.000000000000E+00
 -9.800000190000E-01  0.000000000000E+00
 -9.599999790000E-01  0.000000000000E+00
 -9.399999980000E-01  0.000000000000E+00
 -9.200000170000E-01  0.000000000000E+00
 -8.999999760000E-01  0.000000000000E+00
 -8.799999950000E-01  0.000000000000E+00
 -8.600000140000E-01  0.000000000000E+00
 -8.399999740000E-01  0.000000000000E+00
 -8.199999930000E-01  0.000000000000E+00
 -8.000000120000E-01  0.000000000000E+00
 -7.799999710000E-01  0.000000000000E+00
 -7.599999900000E-01  0.000000000000E+00
 -7.400000100000E-01  0.000000000000E+00
 -7.200000290000E-01  0.000000000000E+00
 -6.999999880000E-01  0.000000000000E+00
 -6.800000070000E-01  0.000000000000E+00
 -6.600000260000E-01  0.000000000000E+00
 -6.399999860000E-01  0.000000000000E+00
 -6.200000050000E-01  0.000000000000E+00
 -6.000000240000E-01  0.000000000000E+00
 -5.799999830000E-01  0.000000000000E+00
 -5.600000020000E-01  0.000000000000E+00
 -5.400000210000E-01  0.000000000000E+00
 -5.199999810000E-01  0.000000000000E+00
 -5.000000000000E-01  0.000000000000E+00
 -4.799999890000E-01  0.000000000000E+00
 -4.600000080000E-01  0.000000000000E+00
 -4.399999980000E-01  0.000000000000E+00
 -4.199999870000E-01  0.000000000000E+00
 -4.000000060000E-01  0.000000000000E+00
 -3.799999950000E-01  0.000000000000E+00
 -3.600000140000E-01  0.000000000000E+00
 -3.400000040000E-01  0.000000000000E+00
 -3.199999930000E-01  0.000000000000E+00
 -3.000000120000E-01  0.000000000000E+00
 -2.800000010000E-01  0.000000000000E+00
 -2.599999900000E-01  0.000000000000E+00
 -2.399999950000E-01  0.000000000000E+00
 -2.199999990000E-01  0.000000000000E+00
 -2.000000030000E-01  0.000000000000E+00
 -1.800000070000E-01  0.000000000000E+00
 -1.599999960000E-01  0.000000000000E+00
 -1.400000010000E-01  0.000000000000E+00
 -1.199999970000E-01  0.000000000000E+00
 -1.000000010000E-01  0.000000000000E+00
 -7.999999820000E-02  0.000000000000E+00
 -5.999999870000E-02  0.000000000000E+00
 -3.999999910000E-02  0.000000000000E+00
 -1.999999960000E-02  0.000000000000E+00
  0.000000000000E+00  0.000000000000E+00
  1.999999960000E-02  0.000000000000E+00
  3.999999910000E-02  0.000000000000E+00
  5.999999870000E-02  0.000000000000E+00
  7.999999820000E-02  0.000000000000E+00
  1.000000010000E-01  0.000000000000E+00
  1.199999970000E-01  0.000000000000E+00
  1.400000010000E-01  0.000000000000E+00
  1.599999960000E-01  0.000000000000E+00
  1.800000070000E-01  0.000000000000E+00
  2.000000030000E-01  0.000000000000E+00
  2.199999990000E-01  0.000000000000E+00
  2.399999950000E-01  0.000000000000E+00
  2.599999900000E-01  0.000000000000E+00
  2.800000010000E-01  0.000000000000E+00
  3.000000120000E-01  0.000000000000E+00
  3.199999930000E-01  0.000000000000E+00
  3.400000040000E-01  0.000000000000E+00
  3.600000140000E-01  0.000000000000E+00
  3.799999950000E-01  0.000000000000E+00
  4.000000060000E-01  0.000000000000E+00
  4.199999870000E-01  0.000000000000E+00
  4.399999980000E-01  0.000000000000E+00
  4.600000080000E-01  0.000000000000E+00
  4.799999890000E-01  0.000000000000E+00
  5.000000000000E-01  0.000000000000E+00
  5.199999810000E-01  0.000000000000E+00
  5.400000210000E-01  0.000000000000E+00
  5.600000020000E-01  0.000000000000E+00
  5.799999830000E-01  0.000000000000E+00
  6.000000240000E-01  0.000000000000E+00
  6.200000050000E-01  0.000000000000E+00
  6.399999860000E-01  0.000000000000E+00
  6.600000260000E-01  0.000000000000E+00
  6.800000070000E-01  0.000000000000E+00
  6.999999880000E-01  0.000000000000E+00
  7.200000290000E-01  0.000000000000E+00
  7.400000100000E-01  0.000000000000E+00
  7.599999900000E-01  0.000000000000E+00
  7.799999710000E-01  0.000000000000E+00
  8.000000120000E-01  0.000000000000E+00
  8.199999930000E-01  0.000000000000E+00
  8.399999740000E-01  0.000000000000E+00
  8.600000140000E-01  0.000000000000E+00
  8.799999950000E-01  0.000000000000E+00
  8.999999760000E-01  0.000000000000E+00
  9.200000170000E-01  0.000000000000E+00
  9.399999980000E-01  0.000000000000E+00
  9.599999790000E-01  0.000000000000E+00
  9.800000190000E-01  0.000000000000E+00
  1.000000000000E+00  0.000000000000E+00
  1.019999980000E+00  0.000000000000E+00
  1.039999960000E+00  0.000000000000E+00
  1.059999940000E+00  0.000000000000E+00
  1.080000040000E+00  0.000000000000E+00
  1.100000020000E+00  0.000000000000E+00
  1.120000000000E+00  0.000000000000E+00
  1.139999990000E+00  0.000000000000E+00
  1.159999970000E+00  0.000000000000E+00
  1.179999950000E+00  0.000000000000E+00
  1.200000050000E+00  0.000000000000E+00
  1.220000030000E+00  0.000000000000E+00
  1.240000010000E+00  0.000000000000E+00
  1.259999990000E+00  0.000000000000E+00
  1.279999970000E+00  0.000000000000E+00
  1.299999950000E+00  0.000000000000E+00
  1.320000050000E+00  0.000000000000E+00
  1.340000030000E+00  0.000000000000E+00
  1.360000010000E+00  0.000000000000E+00
  1.380000000000E+00  0.000000000000E+00
  1.399999980000E+00  0.000000000000E+00
  1.419999960000E+00  0.000000000000E+00
  1.440000060000E+00  0.000000000000E+00
  1.460000040000E+00  0.000000000000E+00
  1.480000020000E+00  0.000000000000E+00
  1.500000000000E+00  0.000000000000E+00
  1.519999980000E+00  0.000000000000E+00
  1.539999960000E+00  0.000000000000E+00
  1.559999940000E+00  0.000000000000E+00
  1.580000040000E+00  0.000000000000E+00
  1.600000020000E+00  0.000000000000E+00
  1.620000000000E+00  0.000000000000E+00
  1.639999990000E+00  0.000000000000E+00
  1.659999970000E+00  0.000000000000E+00
  1.679999950000E+00  0.000000000000E+00
  1.700000050000E+00  0.000000000000E+00
  1.720000030000E+00  0.000000000000E+00
  1.740000010000E+00  0.000000000000E+00
  1.759999990000E+00  0.000000000000E+00
  1.779999970000E+00  0.000000000000E+00
  1.799999950000E+00 -4.999600056221E-08
BODY 2   181
 -1.797570940000E+00  8.094534280000E-02
 -1.777651070000E+00  7.915772500000E-02
 -1.757729290000E+00  7.739003750000E-02
 -1.737805840000E+00  7.564227280000E-02
 -1.717880610000E+00  7.391442360000E-02
 -1.697953700000E+00  7.220651210000E-02
 -1.678025010000E+00  7.051852350000E-02
 -1.658094640000E+00  6.885045770000E-02
 -1.638162730000E+00  6.720232960000E-02
 -1.618229150000E+00  6.557413190000E-02
 -1.598293900000E+00  6.396587190000E-02
 -1.578357100000E+00  6.237754970000E-02
 -1.558418630000E+00  6.080916150000E-02
 -1.538478730000E+00  5.926071110000E-02
 -1.518537160000E+00  5.773220210000E-02
 -1.498594160000E+00  5.622363840000E-02
 -1.478649620000E+00  5.473501610000E-02
 -1.458703640000E+00  5.326633900000E-02
 -1.438756110000E+00  5.181760710000E-02
 -1.418807270000E+00  5.038882790000E-02
 -1.398857000000E+00  4.898000650235E-02
 -1.378905180000E+00  4.759112933230E-02
 -1.358952160000E+00  4.622220544721E-02
 -1.338997720000E+00  4.487323648448E-02
 -1.319041850000E+00  4.354421907030E-02
 -1.299084780000E+00  4.223515590926E-02
 -1.279126410000E+00  4.094605501125E-02
 -1.259166720000E+00  3.967691010867E-02
 -1.239205720000E+00  3.842772425620E-02
 -1.219243530000E+00  3.719849921472E-02
 -1.199280140000E+00  3.598924059712E-02
 -1.179315570000E+00  3.479994294688E-02
 -1.159349680000E+00  3.363061007482E-02
 -1.139382840000E+00  3.248124436087E-02
 -1.119414690000E+00  3.135184357920E-02
 -1.099445460000E+00  3.024241383066E-02
 -1.079475160000E+00  2.915295245694E-02
 -1.059503790000E+00  2.808346216314E-02
 -1.039531350000E+00  2.703394449519E-02
 -1.019557830000E+00  2.600439793176E-02
 -9.995833640000E-01  2.499482681668E-02
 -9.796078800000E-01  2.400523046721E-02
 -9.596313830000E-01  2.303560890753E-02
 -9.396539330000E-01  2.208596419326E-02
 -9.196755890000E-01  2.115629846104E-02
 -8.996962900000E-01  2.024661264049E-02
 -8.797160980000E-01  1.935690419342E-02
 -8.597350120000E-01  1.848717779179E-02
 -8.397530910000E-01  1.763743230986E-02
 -8.197702770000E-01  1.680766896317E-02
 -7.997866870000E-01  1.599788841450E-02
 -7.798022630000E-01  1.520809272338E-02
 -7.598171230000E-01  1.443828182710E-02
 -7.398311500000E-01  1.368845673803E-02
 -7.198444600000E-01  1.295861712494E-02
 -6.998571160000E-01  1.224876567635E-02
 -6.798689960000E-01  1.155890124896E-02
 -6.598802210000E-01  1.088902498239E-02
 -6.398907900000E-01  1.023913868815E-02
 -6.199007030000E-01  9.609242192926E-03
 -5.999100210000E-01  8.999335790388E-03
 -5.799186830000E-01  8.409420175172E-03
 -5.599268080000E-01  7.839496446209E-03
 -5.399343970000E-01  7.289565020892E-03
 -5.199413900000E-01  6.759626286873E-03
 -4.999479060000E-01  6.249680823549E-03
 -4.799539150000E-01  5.759729024464E-03
 -4.599594470000E-01  5.289771842258E-03
 -4.399645030000E-01  4.839809253960E-03
 -4.199691410000E-01  4.409841765801E-03
 -3.999733330000E-01  3.999869814377E-03
 -3.799771370000E-01  3.609894323434E-03
 -3.599805530000E-01  3.239914842129E-03
 -3.399836120000E-01  2.889932517804E-03
 -3.199863430000E-01  2.559947137131E-03
 -2.999887470000E-01  2.249959246878E-03
 -2.799908520000E-01  1.959969068180E-03
 -2.599926890000E-01  1.689977109454E-03
 -2.399942430000E-01  1.439983396658E-03
 -2.199955580000E-01  1.209988378448E-03
 -1.999966650000E-01  9.999922478948E-04
 -1.799975630000E-01  8.099950429685E-04
 -1.599982980000E-01  6.399970287235E-04
 -1.399988530000E-01  4.899983434875E-04
 -1.199992820000E-01  3.599991469688E-04
 -9.999958430000E-02  2.499996233448E-04
 -7.999978960000E-02  1.599998651174E-04
 -5.999990930000E-02  8.999996803291E-05
 -3.999997300000E-02  3.999999788767E-05
 -1.999999580000E-02  1.000000008419E-05
  0.000000000000E+00  0.000000000000E+00
  1.999999580000E-02  1.000000008419E-05
  3.999997300000E-02  3.999999788767E-05
  5.999990930000E-02  8.999996803291E-05
  7.999978960000E-02  1.599998651174E-04
  9.999958430000E-02  2.499996233448E-04
  1.199992820000E-01  3.599991469688E-04
  1.399988530000E-01  4.899983434875E-04
  1.599982980000E-01  6.399970287235E-04
  1.799975630000E-01  8.099950429685E-04
  1.999966650000E-01  9.999922478948E-04
  2.199955580000E-01  1.209988378448E-03
  2.399942430000E-01  1.439983396658E-03
  2.599926890000E-01  1.689977109454E-03
  2.799908520000E-01  1.959969068180E-03
  2.999887470000E-01  2.249959246878E-03
  3.199863430000E-01  2.559947137131E-03
  3.399836120000E-01  2.889932517804E-03
  3.599805530000E-01  3.239914842129E-03
  3.799771370000E-01  3.609894323434E-03
  3.999733330000E-01  3.999869814377E-03
  4.199691410000E-01  4.409841765801E-03
  4.399645030000E-01  4.839809253960E-03
  4.599594470000E-01  5.289771842258E-03
  4.799539150000E-01  5.759729024464E-03
  4.999479060000E-01  6.249680823549E-03
  5.199413900000E-01  6.759626286873E-03
  5.399343970000E-01  7.289565020892E-03
  5.599268080000E-01  7.839496446209E-03
  5.799186830000E-01  8.409420175172E-03
  5.999100210000E-01  8.999335790388E-03
  6.199007030000E-01  9.609242192926E-03
  6.398907900000E-01  1.023913868815E-02
  6.598802210000E-01  1.088902498239E-02
  6.798689960000E-01  1.155890124896E-02
  6.998571160000E-01  1.224876567635E-02
  7.198444600000E-01  1.295861712494E-02
  7.398311500000E-01  1.368845673803E-02
  7.598171230000E-01  1.443828182710E-02
  7.798022630000E-01  1.520809272338E-02
  7.997866870000E-01  1.599788841450E-02
  8.197702770000E-01  1.680766896317E-02
  8.397530910000E-01  1.763743230986E-02
  8.597350120000E-01  1.848717779179E-02
  8.797160980000E-01  1.935690419342E-02
  8.996962900000E-01  2.024661264049E-02
  9.196755890000E-01  2.115629846104E-02
  9.396539330000E-01  2.208596419326E-02
  9.596313830000E-01  2.303560890753E-02
  9.796078800000E-01  2.400523046721E-02
  9.995833640000E-01  2.499482681668E-02
  1.019557830000E+00  2.600439793176E-02
  1.039531350000E+00  2.703394449519E-02
  1.059503790000E+00  2.808346216314E-02
  1.079475160000E+00  2.915295245694E-02
  1.099445460000E+00  3.024241383066E-02
  1.119414690000E+00  3.135184357920E-02
  1.139382840000E+00  3.248124436087E-02
  1.159349680000E+00  3.363061007482E-02
  1.179315570000E+00  3.479994294688E-02
  1.199280140000E+00  3.598924059712E-02
  1.219243530000E+00  3.719849921472E-02
  1.239205720000E+00  3.842772425620E-02
  1.259166720000E+00  3.967691010867E-02
  1.279126410000E+00  4.094605501125E-02
  1.299084780000E+00  4.223515590926E-02
  1.319041850000E+00  4.354421907030E-02
  1.338997720000E+00  4.487323648448E-02
  1.358952160000E+00  4.622220544721E-02
  1.378905180000E+00  4.759112933230E-02
  1.398857000000E+00  4.898000650235E-02
  1.418807270000E+00  5.038882790000E-02
  1.438756110000E+00  5.181760710000E-02
  1.458703640000E+00  5.326633900000E-02
  1.478649620000E+00  5.473501610000E-02
  1.498594160000E+00  5.622363840000E-02
  1.518537160000E+00  5.773220210000E-02
  1.538478730000E+00  5.926071110000E-02
  1.558418630000E+00  6.080916150000E-02
  1.578357100000E+00  6.237754970000E-02
  1.598293900000E+00  6.396587190000E-02
  1.618229150000E+00  6.557413190000E-02
  1.638162730000E+00  6.720232960000E-02
  1.658094640000E+00  6.885045770000E-02
  1.678025010000E+00  7.051852350000E-02
  1.697953700000E+00  7.220651210000E-02
  1.717880610000E+00  7.391442360000E-02
  1.737805840000E+00  7.564227280000E-02
  1.757729290000E+00  7.739003750000E-02
  1.777651070000E+00  7.915772500000E-02
  1.797570940000E+00  8.094534280000E-02
STEP   2 TIME  2.00000000E+00
BODY 1   181
 -1.799999950000E+00 -4.999600034019E-08
 -1.779999970000E+00  0.000000000000E+00
 -1.759999990000E+00  0.000000000000E+00
 -1.740000010000E+00  0.000000000000E+00
 -1.720000030000E+00  0.000000000000E+00
 -1.700000050000E+00  0.000000000000E+00
 -1.679999950000E+00  0.000000000000E+00
 -1.659999970000E+00  0.000000000000E+00
 -1.639999990000E+00  0.000000000000E+00
 -1.620000000000E+00  0.000000000000E+00
 -1.600000020000E+00  0.000000000000E+00
 -1.580000040000E+00  0.000000000000E+00
 -1.559999940000E+00  0.000000000000E+00
 -1.539999960000E+00  0.000000000000E+00
 -1.519999980000E+00  0.000000000000E+00
 -1.500000000000E+00  0.000000000000E+00
 -1.480000020000E+00  0.000000000000E+00
 -1.460000040000E+00  0.000000000000E+00
 -1.440000060000E+00  0.000000000000E+00
 -1.419999960000E+00  0.000000000000E+00
 -1.399999980000E+00  0.000000000000E+00
 -1.380000000000E+00  0.000000000000E+00
 -1.360000010000E+00  0.000000000000E+00
 -1.340000030000E+00  0.000000000000E+00
 -1.320000050000E+00  0.000000000000E+00
 -1.299999950000E+00  0.000000000000E+00
 -1.279999970000E+00  0.000000000000E+00
 -1.259999990000E+00  0.000000000000E+00
 -1.240000010000E+00  0.000000000000E+00
 -1.220000030000E+00  0.000000000000E+00
 -1.200000050000E+00  0.000000000000E+00
 -1.179999950000E+00  0.000000000000E+00
 -1.159999970000E+00  0.000000000000E+00
 -1.139999990000E+00  0.000000000000E+00
 -1.120000000000E+00  0.000000000000E+00
 -1.100000020000E+00  0.000000000000E+00
 -1.080000040000E+00  0.000000000000E+00
 -1.059999940000E+00  0.000000000000E+00
 -1.039999960000E+00  0.000000000000E+00
 -1.019999980000E+00  0.000000000000E+00
 -1.000000000000E+00  0.000000000000E+00
 -9.800000190000E-01  0.000000000000E+00
 -9.599999790000E-01  0.000000000000E+00
 -9.399999980000E-01  0.000000000000E+00
 -9.200000170000E-01  0.000000000000E+00
 -8.999999760000E-01  0.000000000000E+00
 -8.799999950000E-01  0.000000000000E+00
 -8.600000140000E-01  0.000000000000E+00
 -8.399999740000E-01  0.000000000000E+00
 -8.199999930000E-01  0.000000000000E+00
 -8.000000120000E-01  0.000000000000E+00
 -7.799999710000E-01  0.000000000000E+00
 -7.599999900000E-01  0.000000000000E+00
 -7.400000100000E-01  0.000000000000E+00
 -7.200000290000E-01  0.000000000000E+00
 -6.999999880000E-01  0.000000000000E+00
 -6.800000070000E-01  0.000000000000E+00
 -6.600000260000E-01  0.000000000000E+00
 -6.399999860000E-01  0.000000000000E+00
 -6.200000050000E-01  0.000000000000E+00
 -6.000000240000E-01  0.000000000000E+00
 -5.799999830000E-01  0.000000000000E+00
 -5.600000020000E-01  0.000000000000E+00
 -5.400000210000E-01  0.000000000000E+00
 -5.199999810000E-01  0.000000000000E+00
 -5.000000000000E-01  0.000000000000E+00
 -4.799999890000E-01  0.000000000000E+00
 -4.600000080000E-01  0.000000000000E+00
 -4.399999980000E-01  0.000000000000E+00
 -4.199999870000E-01  0.000000000000E+00
 -4.000000060000E-01  0.000000000000E+00
 -3.799999950000E-01  0.000000000000E+00
 -3.600000140000E-01  0.000000000000E+00
 -3.400000040000E-01  0.000000000000E+00
 -3.199999930000E-01  0.000000000000E+00
 -3.000000120000E-01  0.000000000000E+00
 -2.800000010000E-01  0.000000000000E+00
 -2.599999900000E-01  0.000000000000E+00
 -2.399999950000E-01  0.000000000000E+00
 -2.199999990000E-01  0.000000000000E+00
 -2.000000030000E-01  0.000000000000E+00
 -1.800000070000E-01  0.000000000000E+00
 -1.599999960000E-01  0.000000000000E+00
 -1.400000010000E-01  0.000000000000E+00
 -1.199999970000E-01  0.000000000000E+00
 -1.000000010000E-01  0.000000000000E+00
 -7.999999820000E-02  0.000000000000E+00
 -5.999999870000E-02  0.000000000000E+00
 -3.999999910000E-02  0.000000000000E+00
 -1.999999960000E-02  0.000000000000E+00
  0.000000000000E+00  0.000000000000E+00
  1.999999960000E-02  0.000000000000E+00
  3.999999910000E-02  0.000000000000E+00
  5.999999870000E-02  0.000000000000E+00
  7.999999820000E-02  0.000000000000E+00
  1.000000010000E-01  0.000000000000E+00
  1.199999970000E-01  0.000000000000E+00
  1.400000010000E-01  0.000000000000E+00
  1.599999960000E-01  0.000000000000E+00
  1.800000070000E-01  0.000000000000E+00
  2.000000030000E-01  0.000000000000E+00
  2.199999990000E-01  0.000000000000E+00
  2.399999950000E-01  0.000000000000E+00
  2.599999900000E-01  0.000000000000E+00
  2.800000010000E-01  0.000000000000E+00
  3.000000120000E-01  0.000000000000E+00
  3.199999930000E-01  0.000000000000E+00
  3.400000040000E-01  0.000000000000E+00
  3.600000140000E-01  0.000000000000E+00
  3.799999950000E-01  0.000000000000E+00
  4.000000060000E-01  0.000000000000E+00
  4.199999870000E-01  0.000000000000E+00
  4.399999980000E-01  0.000000000000E+00
  4.600000080000E-01  0.000000000000E+00
  4.799999890000E-01  0.000000000000E+00
  5.000000000000E-01  0.000000000000E+00
  5.199999810000E-01  0.000000000000E+00
  5.400000210000E-01  0.000000000000E+00
  5.600000020000E-01  0.000000000000E+00
  5.799999830000E-01  0.000000000000E+00
  6.000000240000E-01  0.000000000000E+00
  6.200000050000E-01  0.000000000000E+00
  6.399999860000E-01  0.000000000000E+00
  6.600000260000E-01  0.000000000000E+00
  6.800000070000E-01  0.000000000000E+00
  6.999999880000E-01  0.000000000000E+00
  7.200000290000E-01  0.000000000000E+00
  7.400000100000E-01  0.000000000000E+00
  7.599999900000E-01  0.000000000000E+00
  7.799999710000E-01  0.000000000000E+00
  8.000000120000E-01  0.000000000000E+00
  8.199999930000E-01  0.000000000000E+00
  8.399999740000E-01  0.000000000000E+00
  8.600000140000E-01  0.000000000000E+00
  8.799999950000E-01  0.000000000000E+00
  8.999999760000E-01  0.000000000000E+00
  9.200000170000E-01  0.000000000000E+00
  9.399999980000E-01  0.000000000000E+00
  9.599999790000E-01  0.000000000000E+00
  9.800000190000E-01  0.000000000000E+00
  1.000000000000E+00  0.000000000000E+00
  1.019999980000E+00  0.000000000000E+00
  1.039999960000E+00  0.000000000000E+00
  1.059999940000E+00  0.000000000000E+00
  1.080000040000E+00  0.000000000000E+00
  1.100000020000E+00  0.000000000000E+00
  1.120000000000E+00  0.000000000000E+00
  1.139999990000E+00  0.000000000000E+00
  1.159999970000E+00  0.000000000000E+00
  1.179999950000E+00  0.000000000000E+00
  1.200000050000E+00  0.000000000000E+00
  1.220000030000E+00  0.000000000000E+00
  1.240000010000E+00  0.000000000000E+00
  1.259999990000E+00  0.000000000000E+00
  1.279999970000E+00  0.000000000000E+00
  1.299999950000E+00  0.000000000000E+00
  1.320000050000E+00  0.000000000000E+00
  1.340000030000E+00  0.000000000000E+00
  1.360000010000E+00  0.000000000000E+00
  1.380000000000E+00  0.000000000000E+00
  1.399999980000E+00  0.000000000000E+00
  1.419999960000E+00  0.000000000000E+00
  1.440000060000E+00  0.000000000000E+00
  1.460000040000E+00  0.000000000000E+00
  1.480000020000E+00  0.000000000000E+00
  1.500000000000E+00  0.000000000000E+00
  1.519999980000E+00  0.000000000000E+00
  1.539999960000E+00  0.000000000000E+00
  1.559999940000E+00  0.000000000000E+00
  1.580000040000E+00  0.000000000000E+00
  1.600000020000E+00  0.000000000000E+00
  1.620000000000E+00  0.000000000000E+00
  1.639999990000E+00  0.000000000000E+00
  1.659999970000E+00  0.000000000000E+00
  1.679999950000E+00  0.000000000000E+00
  1.700000050000E+00  0.000000000000E+00
  1.720000030000E+00  0.000000000000E+00
  1.740000010000E+00  0.000000000000E+00
  1.759999990000E+00  0.000000000000E+00
  1.779999970000E+00  0.000000000000E+00
  1.799999950000E+00 -4.999600056221E-08
BODY 2   181
 -1.797570940000E+00  8.094534280000E-02
 -1.777651070000E+00  7.915772500000E-02
 -1.757729290000E+00  7.739003750000E-02
 -1.737805840000E+00  7.564227280000E-02
 -1.717880610000E+00  7.391442360000E-02
 -1.697953700000E+00  7.220651210000E-02
 -1.678025010000E+00  7.051852350000E-02
 -1.658094640000E+00  6.885045770000E-02
 -1.638162730000E+00  6.720232960000E-02
 -1.618229150000E+00  6.557413190000E-02
 -1.598293900000E+00  6.396587190000E-02
 -1.578357100000E+00  6.237754970000E-02
 -1.558418630000E+00  6.080916150000E-02
 -1.538478730000E+00  5.926071110000E-02
 -1.518537160000E+00  5.773220210000E-02
 -1.498594160000E+00  5.622363840000E-02
 -1.478649620000E+00  5.473501610000E-02
 -1.458703640000E+00  5.326633900000E-02
 -1.438756110000E+00  5.181760710000E-02
 -1.418807270000E+00  5.038882790000E-02
 -1.398857000000E+00  4.898000650235E-02
 -1.378905180000E+00  4.759112933230E-02
 -1.358952160000E+00  4.622220544721E-02
 -1.338997720000E+00  4.487323648448E-02
 -1.319041850000E+00  4.354421907030E-02
 -1.299084780000E+00  4.223515590926E-02
 -1.279126410000E+00  4.094605501125E-02
 -1.259166720000E+00  3.967691010867E-02
 -1.239205720000E+00  3.842772425620E-02
 -1.219243530000E+00  3.719849921472E-02
 -1.199280140000E+00  3.598924059712E-02
 -1.179315570000E+00  3.479994294688E-02
 -1.159349680000E+00  3.363061007482E-02
 -1.139382840000E+00  3.248124436087E-02
 -1.119414690000E+00  3.135184357920E-02
 -1.099445460000E+00  3.024241383066E-02
 -1.079475160000E+00  2.915295245694E-02
 -1.059503790000E+00  2.808346216314E-02
 -1.039531350000E+00  2.703394449519E-02
 -1.019557830000E+00  2.600439793176E-02
 -9.995833640000E-01  2.499482681668E-02
 -9.796078800000E-01  2.400523046721E-02
 -9.596313830000E-01  2.303560890753E-02
 -9.396539330000E-01  2.208596419326E-02
 -9.196755890000E-01  2.115629846104E-02
 -8.996962900000E-01  2.024661264049E-02
 -8.797160980000E-01  1.935690419342E-02
 -8.597350120000E-01  1.848717779179E-02
 -8.397530910000E-01  1.763743230986E-02
 -8.197702770000E-01  1.680766896317E-02
 -7.997866870000E-01  1.599788841450E-02
 -7.798022630000E-01  1.520809272338E-02
 -7.598171230000E-01  1.443828182710E-02
 -7.398311500000E-01  1.368845673803E-02
 -7.198444600000E-01  1.295861712494E-02
 -6.998571160000E-01  1.224876567635E-02
 -6.798689960000E-01  1.155890124896E-02
 -6.598802210000E-01  1.088902498239E-02
 -6.398907900000E-01  1.023913868815E-02
 -6.199007030000E-01  9.609242192926E-03
 -5.999100210000E-01  8.999335790388E-03
 -5.799186830000E-01  8.409420175172E-03
 -5.599268080000E-01  7.839496446209E-03
 -5.399343970000E-01  7.289565020892E-03
 -5.199413900000E-01  6.759626286873E-03
 -4.999479060000E-01  6.249680823549E-03
 -4.799539150000E-01  5.759729024464E-03
 -4.599594470000E-01  5.289771842258E-03
 -4.399645030000E-01  4.839809253960E-03
 -4.199691410000E-01  4.409841765801E-03
 -3.999733330000E-01  3.999869814377E-03
 -3.799771370000E-01  3.609894323434E-03
 -3.599805530000E-01  3.239914842129E-03
 -3.399836120000E-01  2.889932517804E-03
 -3.199863430000E-01  2.559947137131E-03
 -2.999887470000E-01  2.249959246878E-03
 -2.799908520000E-01  1.959969068180E-03
 -2.599926890000E-01  1.689977109454E-03
 -2.399942430000E-01  1.439983396658E-03
 -2.199955580000E-01  1.209988378448E-03
 -1.999966650000E-01  9.999922478948E-04
 -1.799975630000E-01  8.099950429685E-04
 -1.599982980000E-01  6.399970287235E-04
 -1.399988530000E-01  4.899983434875E-04
 -1.199992820000E-01  3.599991469688E-04
 -9.999958430000E-02  2.499996233448E-04
 -7.999978960000E-02  1.599998651174E-04
 -5.999990930000E-02  8.999996803291E-05
 -3.999997300000E-02  3.999999788767E-05
 -1.999999580000E-02  1.000000008419E-05
  0.000000000000E+00  0.000000000000E+00
  1.999999580000E-02  1.000000008419E-05
  3.999997300000E-02  3.999999788767E-05
  5.999990930000E-02  8.999996803291E-05
  7.999978960000E-02  1.599998651174E-04
  9.999958430000E-02  2.499996233448E-04
  1.199992820000E-01  3.599991469688E-04
  1.399988530000E-01  4.899983434875E-04
  1.599982980000E-01  6.399970287235E-04
  1.799975630000E-01  8.099950429685E-04
  1.999966650000E-01  9.999922478948E-04
  2.199955580000E-01  1.209988378448E-03
  2.399942430000E-01  1.439983396658E-03
  2.599926890000E-01  1.689977109454E-03
  2.799908520000E-01  1.959969068180E-03
  2.999887470000E-01  2.249959246878E-03
  3.199863430000E-01  2.559947137131E-03
  3.399836120000E-01  2.889932517804E-03
  3.599805530000E-01  3.239914842129E-03
  3.799771370000E-01  3.609894323434E-03
  3.999733330000E-01  3.999869814377E-03
  4.199691410000E-01  4.409841765801E-03
  4.399645030000E-01  4.839809253960E-03
  4.599594470000E-01  5.289771842258E-03
  4.799539150000E-01  5.759729024464E-03
  4.999479060000E-01  6.249680823549E-03
  5.199413900000E-01  6.759626286873E-03
  5.399343970000E-01  7.289565020892E-03
  5.599268080000E-01  7.839496446209E-03
  5.799186830000E-01  8.409420175172E-03
  5.999100210000E-01  8.999335790388E-03
  6.199007030000E-01  9.609242192926E-03
  6.398907900000E-01  1.023913868815E-02
  6.598802210000E-01  1.088902498239E-02
  6.798689960000E-01  1.155890124896E-02
  6.998571160000E-01  1.224876567635E-02
  7.198444600000E-01  1.295861712494E-02
  7.398311500000E-01  1.368845673803E-02
  7.598171230000E-01  1.443828182710E-02
  7.798022630000E-01  1.520809272338E-02
  7.997866870000E-01  1.599788841450E-02
  8.197702770000E-01  1.680766896317E-02
  8.397530910000E-01  1.763743230986E-02
  8.597350120000E-01  1.848717779179E-02
  8.797160980000E-01  1.935690419342E-02
  8.996962900000E-01  2.024661264049E-02
  9.196755890000E-01  2.115629846104E-02
  9.396539330000E-01  2.208596419326E-02
  9.596313830000E-01  2.303560890753E-02
  9.796078800000E-01  2.400523046721E-02
  9.995833640000E-01  2.499482681668E-02
  1.019557830000E+00  2.600439793176E-02
  1.039531350000E+00  2.703394449519E-02
  1.059503790000E+00  2.808346216314E-02
  1.079475160000E+00  2.915295245694E-02
  1.099445460000E+00  3.024241383066E-02
  1.119414690000E+00  3.135184357920E-02
  1.139382840000E+00  3.248124436087E-02
  1.159349680000E+00  3.363061007482E-02
  1.179315570000E+00  3.479994294688E-02
  1.199280140000E+00  3.598924059712E-02
  1.219243530000E+00  3.719849921472E-02
  1.239205720000E+00  3.842772425620E-02
  1.259166720000E+00  3.967691010867E-02
  1.279126410000E+00  4.094605501125E-02
  1.299084780000E+00  4.223515590926E-02
  1.319041850000E+00  4.354421907030E-02
  1.338997720000E+00  4.487323648448E-02
  1.358952160000E+00  4.622220544721E-02
  1.378905180000E+00  4.759112933230E-02
  1.398857000000E+00  4.898000650235E-02
  1.418807270000E+00  5.038882790000E-02
  1.438756110000E+00  5.181760710000E-02
  1.458703640000E+00  5.326633900000E-02
  1.478649620000E+00  5.473501610000E-02
  1.498594160000E+00  5.622363840000E-02
  1.518537160000E+00  5.773220210000E-02
  1.538478730000E+00  5.926071110000E-02
  1.558418630000E+00  6.080916150000E-02
  1.578357100000E+00  6.237754970000E-02
  1.598293900000E+00  6.396587190000E-02
  1.618229150000E+00  6.557413190000E-02
  1.638162730000E+00  6.720232960000E-02
  1.658094640000E+00  6.885045770000E-02
  1.678025010000E+00  7.051852350000E-02
  1.697953700000E+00  7.220651210000E-02
  1.717880610000E+00  7.391442360000E-02
  1.737805840000E+00  7.564227280000E-02
  1.757729290000E+00  7.739003750000E-02
  1.777651070000E+00  7.915772500000E-02
  1.797570940000E+00  8.094534280000E-02
STEP   3 TIME  1.00200000E+03
BODY 1   181
 -1.799999950000E+00 -4.060109704231E-05
 -1.779999970000E+00 -1.084202172485E-15
 -1.759999990000E+00 -1.084202172485E-15
 -1.740000010000E+00 -1.084202172485E-15
 -1.720000030000E+00 -1.084202172485E-15
 -1.700000050000E+00 -1.084202172485E-15
 -1.679999950000E+00 -1.084202172485E-15
 -1.659999970000E+00 -1.084202172485E-15
 -1.639999990000E+00 -1.084202172485E-15
 -1.620000000000E+00 -1.084202172485E-15
 -1.600000020000E+00 -1.084202172485E-15
 -1.580000040000E+00 -1.084202172485E-15
 -1.559999940000E+00 -1.084202172485E-15
 -1.539999960000E+00 -1.084202172485E-15
 -1.519999980000E+00 -1.084202172485E-15
 -1.500000000000E+00 -1.084202172485E-15
 -1.480000020000E+00 -1.084202172485E-15
 -1.460000040000E+00 -1.084202172485E-15
 -1.440000060000E+00 -1.084202172485E-15
 -1.419999960000E+00 -1.084202172485E-15
 -1.399999980000E+00 -1.084202172485E-15
 -1.380000000000E+00 -1.084202172485E-15
 -1.360000010000E+00 -1.084202172485E-15
 -1.340000030000E+00 -1.084202172485E-15
 -1.320000050000E+00 -1.084202172485E-15
 -1.299999950000E+00 -1.084202172485E-15
 -1.279999970000E+00 -1.084202172485E-15
 -1.259999990000E+00 -1.084202172485E-15
 -1.240000010000E+00 -1.084202172485E-15
 -1.220000030000E+00 -1.084202172485E-15
 -1.200000050000E+00 -1.084202172485E-15
 -1.179999950000E+00 -1.084202172485E-15
 -1.159999970000E+00 -1.084202172485E-15
 -1.139999990000E+00 -1.084202172485E-15
 -1.120000000000E+00 -1.084202172485E-15
 -1.100000020000E+00 -1.084202172485E-15
 -1.080000040000E+00 -1.084202172485E-15
 -1.059999940000E+00 -1.084202172485E-15
 -1.039999960000E+00 -1.084202172485E-15
 -1.019999980000E+00 -1.084202172485E-15
 -1.000000000000E+00 -1.084202172485E-15
 -9.800000190000E-01 -1.084202172485E-15
 -9.599999790000E-01 -1.084202172485E-15
 -9.399999980000E-01 -1.084202172485E-15
 -9.200000170000E-01 -1.084202172485E-15
 -8.999999760000E-01 -1.084202172485E-15
 -8.799999950000E-01 -1.084202172485E-15
 -8.600000140000E-01 -1.084202172485E-15
 -8.399999740000E-01 -1.084202172485E-15
 -8.199999930000E-01 -1.084202172485E-15
 -8.000000120000E-01 -1.084202172485E-15
 -7.799999710000E-01 -1.084202172485E-15
 -7.599999900000E-01 -1.084202172485E-15
 -7.400000100000E-01 -1.084202172485E-15
 -7.200000290000E-01 -1.084202172485E-15
 -6.999999880000E-01 -1.084202172485E-15
 -6.800000070000E-01 -1.084202172485E-15
 -6.600000260000E-01 -1.084202172485E-15
 -6.399999860000E-01 -1.084202172485E-15
 -6.200000050000E-01 -1.084202172485E-15
 -6.000000240000E-01 -1.084202172485E-15
 -5.799999830000E-01 -1.084202172485E-15
 -5.600000020000E-01 -1.084202172485E-15
 -5.400000210000E-01 -1.084202172485E-15
 -5.199999810000E-01 -1.084202172485E-15
 -5.000000000000E-01 -1.084202172485E-15
 -4.799999890000E-01 -1.084202172485E-15
 -4.600000080000E-01 -1.084202172485E-15
 -4.399999980000E-01 -1.084202172485E-15
 -4.199999870000E-01 -1.084202172485E-15
 -4.000000060000E-01 -1.084202172485E-15
 -3.799999950000E-01 -4.272174190494E-05
 -3.600000140000E-01 -2.736468993415E-04
 -3.400000040000E-01 -6.095739759172E-04
 -3.199999930000E-01 -9.337136000137E-04
 -3.000000120000E-01 -1.240126746579E-03
 -2.800000010000E-01 -1.526780240106E-03
 -2.599999900000E-01 -1.793934658399E-03
 -2.399999950000E-01 -2.041373200020E-03
 -2.199999990000E-01 -2.269103841956E-03
 -2.000000030000E-01 -2.477083149680E-03
 -1.800000070000E-01 -2.665297863148E-03
 -1.599999960000E-01 -2.833733134585E-03
 -1.400000010000E-01 -2.982375619637E-03
 -1.199999970000E-01 -3.111214020888E-03
 -1.000000010000E-01 -3.220239103045E-03
 -7.999999820000E-02 -3.309443506510E-03
 -5.999999870000E-02 -3.378820829705E-03
 -3.999999910000E-02 -3.428365296940E-03
 -1.999999960000E-02 -3.458072865607E-03
  0.000000000000E+00 -3.467953282908E-03
  1.999999960000E-02 -3.458072865607E-03
  3.999999910000E-02 -3.428365296939E-03
  5.999999870000E-02 -3.378820829705E-03
  7.999999820000E-02 -3.309443506510E-03
  1.000000010000E-01 -3.220239103045E-03
  1.199999970000E-01 -3.111214020888E-03
  1.400000010000E-01 -2.982375619637E-03
  1.599999960000E-01 -2.833733134585E-03
  1.800000070000E-01 -2.665297863148E-03
  2.000000030000E-01 -2.477083149680E-03
  2.199999990000E-01 -2.269103841955E-03
  2.399999950000E-01 -2.041373200020E-03
  2.599999900000E-01 -1.793934658398E-03
  2.800000010000E-01 -1.526780240106E-03
  3.000000120000E-01 -1.240126746579E-03
  3.199999930000E-01 -9.337136000140E-04
  3.400000040000E-01 -6.095739759172E-04
  3.600000140000E-01 -2.736468993412E-04
  3.799999950000E-01 -4.272174190493E-05
  4.000000060000E-01 -1.084202172485E-15
  4.199999870000E-01 -1.084202172485E-15
  4.399999980000E-01 -1.084202172485E-15
  4.600000080000E-01 -1.084202172485E-15
  4.799999890000E-01 -1.084202172485E-15
  5.000000000000E-01 -1.084202172485E-15
  5.199999810000E-01 -1.084202172485E-15
  5.400000210000E-01 -1.084202172485E-15
  5.600000020000E-01 -1.084202172485E-15
  5.799999830000E-01 -1.084202172485E-15
  6.000000240000E-01 -1.084202172485E-15
  6.200000050000E-01 -1.084202172485E-15
  6.399999860000E-01 -1.084202172485E-15
  6.600000260000E-01 -1.084202172485E-15
  6.800000070000E-01 -1.084202172485E-15
  6.999999880000E-01 -1.084202172485E-15
  7.200000290000E-01 -1.084202172485E-15
  7.400000100000E-01 -1.084202172485E-15
  7.599999900000E-01 -1.084202172485E-15
  7.799999710000E-01 -1.084202172485E-15
  8.000000120000E-01 -1.084202172485E-15
  8.199999930000E-01 -1.084202172485E-15
  8.399999740000E-01 -1.084202172485E-15
  8.600000140000E-01 -1.084202172485E-15
  8.799999950000E-01 -1.084202172485E-15
  8.999999760000E-01 -1.084202172485E-15
  9.200000170000E-01 -1.084202172485E-15
  9.399999980000E-01 -1.084202172485E-15
  9.599999790000E-01 -1.084202172485E-15
  9.800000190000E-01 -1.084202172485E-15
  1.000000000000E+00 -1.084202172485E-15
  1.019999980000E+00 -1.084202172485E-15
  1.039999960000E+00 -1.084202172485E-15
  1.059999940000E+00 -1.084202172485E-15
  1.080000040000E+00 -1.084202172485E-15
  1.100000020000E+00 -1.084202172485E-15
  1.120000000000E+00 -1.084202172485E-15
  1.139999990000E+00 -1.084202172485E-15
  1.159999970000E+00 -1.084202172485E-15
  1.179999950000E+00 -1.084202172485E-15
  1.200000050000E+00 -1.084202172485E-15
  1.220000030000E+00 -1.084202172485E-15
  1.240000010000E+00 -1.084202172485E-15
  1.259999990000E+00 -1.084202172485E-15
  1.279999970000E+00 -1.084202172485E-15
  1.299999950000E+00 -1.084202172485E-15
  1.320000050000E+00 -1.084202172485E-15
  1.340000030000E+00 -1.084202172485E-15
  1.360000010000E+00 -1.084202172485E-15
  1.380000000000E+00 -1.084202172485E-15
  1.399999980000E+00 -1.084202172485E-15
  1.419999960000E+00 -1.084202172485E-15
  1.440000060000E+00 -1.084202172485E-15
  1.460000040000E+00 -1.084202172485E-15
  1.480000020000E+00 -1.084202172485E-15
  1.500000000000E+00 -1.084202172485E-15
  1.519999980000E+00 -1.084202172485E-15
  1.539999960000E+00 -1.084202172485E-15
  1.559999940000E+00 -1.084202172485E-15
  1.580000040000E+00 -1.084202172485E-15
  1.600000020000E+00 -1.084202172485E-15
  1.620000000000E+00 -1.084202172485E-15
  1.639999990000E+00 -1.084202172485E-15
  1.659999970000E+00 -1.084202172485E-15
  1.679999950000E+00 -1.084202172485E-15
  1.700000050000E+00 -1.084202172485E-15
  1.720000030000E+00 -1.084202172485E-15
  1.740000010000E+00 -1.084202172485E-15
  1.759999990000E+00 -1.084202172485E-15
  1.779999970000E+00 -1.084202172485E-15
  1.799999950000E+00 -4.060109714353E-05
BODY 2   181
 -1.797570940000E+00  8.094534280000E-02
 -1.777651070000E+00  7.915772500000E-02
 -1.757729290000E+00  7.739003750000E-02
 -1.737805840000E+00  7.564227280000E-02
 -1.717880610000E+00  7.391442360000E-02
 -1.697953700000E+00  7.220651210000E-02
 -1.678025010000E+00  7.051852350000E-02
 -1.658094640000E+00  6.885045770000E-02
 -1.638162730000E+00  6.720232960000E-02
 -1.618229150000E+00  6.557413190000E-02
 -1.598293900000E+00  6.396587190000E-02
 -1.578357100000E+00  6.237754970000E-02
 -1.558418630000E+00  6.080916150000E-02
 -1.538478730000E+00  5.926071110000E-02
 -1.518537160000E+00  5.773220210000E-02
 -1.498594160000E+00  5.622363840000E-02
 -1.478649620000E+00  5.473501610000E-02
 -1.458703640000E+00  5.326633900000E-02
 -1.438756110000E+00  5.181760710000E-02
 -1.418807270000E+00  5.038882790000E-02
 -1.398857000000E+00  4.898000650235E-02
 -1.378905180000E+00  4.759112933230E-02
 -1.358952160000E+00  4.622220544721E-02
 -1.338997720000E+00  4.487323648448E-02
 -1.319041850000E+00  4.354421907030E-02
 -1.299084780000E+00  4.223515590926E-02
 -1.279126410000E+00  4.094605501125E-02
 -1.259166720000E+00  3.967691010867E-02
 -1.239205720000E+00  3.842772425620E-02
 -1.219243530000E+00  3.719849921472E-02
 -1.199280140000E+00  3.598924059712E-02
 -1.179315570000E+00  3.479994294688E-02
 -1.159349680000E+00  3.363061007482E-02
 -1.139382840000E+00  3.248124436087E-02
 -1.119414690000E+00  3.135184357920E-02
 -1.099445460000E+00  3.024241383066E-02
 -1.079475160000E+00  2.915295245694E-02
 -1.059503790000E+00  2.808346216314E-02
 -1.039531350000E+00  2.703394449519E-02
 -1.019557830000E+00  2.600439793176E-02
 -9.995833640000E-01  2.499482681668E-02
 -9.796078800000E-01  2.400523046721E-02
 -9.596313830000E-01  2.303560890753E-02
 -9.396539330000E-01  2.208596419326E-02
 -9.196755890000E-01  2.115629846104E-02
 -8.996962900000E-01  2.024661264049E-02
 -8.797160980000E-01  1.935690419342E-02
 -8.597350120000E-01  1.848717779179E-02
 -8.397530910000E-01  1.763743230986E-02
 -8.197702770000E-01  1.680766896317E-02
 -7.997866870000E-01  1.599788841450E-02
 -7.798022630000E-01  1.520809272338E-02
 -7.598171230000E-01  1.443828182710E-02
 -7.398311500000E-01  1.368845673803E-02
 -7.198444600000E-01  1.295861712494E-02
 -6.998571160000E-01  1.224876567635E-02
 -6.798689960000E-01  1.155890124896E-02
 -6.598802210000E-01  1.088902498239E-02
 -6.398907900000E-01  1.023913868815E-02
 -6.199007030000E-01  9.609242192926E-03
 -5.999100210000E-01  8.999335790388E-03
 -5.799186830000E-01  8.409420175172E-03
 -5.599268080000E-01  7.839496446209E-03
 -5.399343970000E-01  7.289565020892E-03
 -5.199413900000E-01  6.759626286873E-03
 -4.999479060000E-01  6.249680823549E-03
 -4.799539150000E-01  5.759729024464E-03
 -4.599594470000E-01  5.289771842258E-03
 -4.399645030000E-01  4.839809253960E-03
 -4.199691410000E-01  4.409841765801E-03
 -3.999733330000E-01  3.999869814377E-03
 -3.799771370000E-01  3.609894323434E-03
 -3.599805530000E-01  3.239914842129E-03
 -3.399836120000E-01  2.889932517804E-03
 -3.199863430000E-01  2.559947137131E-03
 -2.999887470000E-01  2.249959246878E-03
 -2.799908520000E-01  1.959969068180E-03
 -2.599926890000E-01  1.689977109454E-03
 -2.399942430000E-01  1.439983396658E-03
 -2.199955580000E-01  1.209988378448E-03
 -1.999966650000E-01  9.999922478948E-04
 -1.799975630000E-01  8.099950429685E-04
 -1.599982980000E-01  6.399970287235E-04
 -1.399988530000E-01  4.899983434875E-04
 -1.199992820000E-01  3.599991469688E-04
 -9.999958430000E-02  2.499996233448E-04
 -7.999978960000E-02  1.599998651174E-04
 -5.999990930000E-02  8.999996803291E-05
 -3.999997300000E-02  3.999999788767E-05
 -1.999999580000E-02  1.000000008419E-05
  0.000000000000E+00  0.000000000000E+00
  1.999999580000E-02  1.000000008419E-05
  3.999997300000E-02  3.999999788767E-05
  5.999990930000E-02  8.999996803291E-05
  7.999978960000E-02  1.599998651174E-04
  9.999958430000E-02  2.499996233448E-04
  1.199992820000E-01  3.599991469688E-04
  1.399988530000E-01  4.899983434875E-04
  1.599982980000E-01  6.399970287235E-04
  1.799975630000E-01  8.099950429685E-04
  1.999966650000E-01  9.999922478948E-04
  2.199955580000E-01  1.209988378448E-03
  2.399942430000E-01  1.439983396658E-03
  2.599926890000E-01  1.689977109454E-03
  2.799908520000E-01  1.959969068180E-03
  2.999887470000E-01  2.249959246878E-03
  3.199863430000E-01  2.559947137131E-03
  3.399836120000E-01  2.889932517804E-03
  3.599805530000E-01  3.239914842129E-03
  3.799771370000E-01  3.609894323434E-03
  3.999733330000E-01  3.999869814377E-03
  4.199691410000E-01  4.409841765801E-03
  4.399645030000E-01  4.839809253960E-03
  4.599594470000E-01  5.289771842258E-03
  4.799539150000E-01  5.759729024464E-03
  4.999479060000E-01  6.249680823549E-03
  5.199413900000E-01  6.759626286873E-03
  5.399343970000E-01  7.289565020892E-03
  5.599268080000E-01  7.839496446209E-03
  5.799186830000E-01  8.409420175172E-03
  5.999100210000E-01  8.999335790388E-03
  6.199007030000E-01  9.609242192926E-03
  6.398907900000E-01  1.023913868815E-02
  6.598802210000E-01  1.088902498239E-02
  6.798689960000E-01  1.155890124896E-02
  6.998571160000E-01  1.224876567635E-02
  7.198444600000E-01  1.295861712494E-02
  7.398311500000E-01  1.368845673803E-02
  7.598171230000E-01  1.443828182710E-02
  7.798022630000E-01  1.520809272338E-02
  7.997866870000E-01  1.599788841450E-02
  8.197702770000E-01  1.680766896317E-02
  8.397530910000E-01  1.763743230986E-02
  8.597350120000E-01  1.848717779179E-02
  8.797160980000E-01  1.935690419342E-02
  8.996962900000E-01  2.024661264049E-02
  9.196755890000E-01  2.115629846104E-02
  9.396539330000E-01  2.208596419326E-02
  9.596313830000E-01  2.303560890753E-02
  9.796078800000E-01  2.400523046721E-02
  9.995833640000E-01  2.499482681668E-02
  1.019557830000E+00  2.600439793176E-02
  1.039531350000E+00  2.703394449519E-02
  1.059503790000E+00  2.808346216314E-02
  1.079475160000E+00  2.915295245694E-02
  1.099445460000E+00  3.024241383066E-02
  1.119414690000E+00  3.135184357920E-02
  1.139382840000E+00  3.248124436087E-02
  1.159349680000E+00  3.363061007482E-02
  1.179315570000E+00  3.479994294688E-02
  1.199280140000E+00  3.598924059712E-02
  1.219243530000E+00  3.719849921472E-02
  1.239205720000E+00  3.842772425620E-02
  1.259166720000E+00  3.967691010867E-02
  1.279126410000E+00  4.094605501125E-02
  1.299084780000E+00  4.223515590926E-02
  1.319041850000E+00  4.354421907030E-02
  1.338997720000E+00  4.487323648448E-02
  1.358952160000E+00  4.622220544721E-02
  1.378905180000E+00  4.759112933230E-02
  1.398857000000E+00  4.898000650235E-02
  1.418807270000E+00  5.038882790000E-02
  1.438756110000E+00  5.181760710000E-02
  1.458703640000E+00  5.326633900000E-02
  1.478649620000E+00  5.473501610000E-02
  1.498594160000E+00  5.622363840000E-02
  1.518537160000E+00  5.773220210000E-02
  1.538478730000E+00  5.926071110000E-02
  1.558418630000E+00  6.080916150000E-02
  1.578357100000E+00  6.237754970000E-02
  1.598293900000E+00  6.396587190000E-02
  1.618229150000E+00  6.557413190000E-02
  1.638162730000E+00  6.720232960000E-02
  1.658094640000E+00  6.885045770000E-02
  1.678025010000E+00  7.051852350000E-02
  1.697953700000E+00  7.220651210000E-02
  1.717880610000E+00  7.391442360000E-02
  1.737805840000E+00  7.564227280000E-02
  1.757729290000E+00  7.739003750000E-02
  1.777651070000E+00  7.915772500000E-02
  1.797570940000E+00  8.094534280000E-02
STEP   4 TIME  2.00200000E+03
BODY 1   181
 -1.799999950000E+00 -6.492950757478E-05
 -1.779999970000E+00 -2.168404344969E-15
 -1.759999990000E+00 -2.168404344969E-15
 -1.740000010000E+00 -2.168404344969E-15
 -1.720000030000E+00 -2.168404344969E-15
 -1.700000050000E+00 -2.168404344969E-15
 -1.679999950000E+00 -2.168404344969E-15
 -1.659999970000E+00 -2.168404344969E-15
 -1.639999990000E+00 -2.168404344969E-15
 -1.620000000000E+00 -2.168404344969E-15
 -1.600000020000E+00 -2.168404344969E-15
 -1.580000040000E+00 -2.168404344969E-15
 -1.559999940000E+00 -2.168404344969E-15
 -1.539999960000E+00 -2.168404344969E-15
 -1.519999980000E+00 -2.168404344969E-15
 -1.500000000000E+00 -2.168404344969E-15
 -1.480000020000E+00 -2.168404344969E-15
 -1.460000040000E+00 -2.168404344969E-15
 -1.440000060000E+00 -2.168404344969E-15
 -1.419999960000E+00 -2.168404344969E-15
 -1.399999980000E+00 -2.168404344969E-15
 -1.380000000000E+00 -2.168404344969E-15
 -1.360000010000E+00 -2.168404344969E-15
 -1.340000030000E+00 -2.168404344969E-15
 -1.320000050000E+00 -2.168404344969E-15
 -1.299999950000E+00 -2.168404344969E-15
 -1.279999970000E+00 -2.168404344969E-15
 -1.259999990000E+00 -2.168404344969E-15
 -1.240000010000E+00 -2.168404344969E-15
 -1.220000030000E+00 -2.168404344969E-15
 -1.200000050000E+00 -2.168404344969E-15
 -1.179999950000E+00 -2.168404344969E-15
 -1.159999970000E+00 -2.168404344969E-15
 -1.139999990000E+00 -2.168404344969E-15
 -1.120000000000E+00 -2.168404344969E-15
 -1.100000020000E+00 -2.168404344969E-15
 -1.080000040000E+00 -2.168404344969E-15
 -1.059999940000E+00 -2.168404344969E-15
 -1.039999960000E+00 -2.168404344969E-15
 -1.019999980000E+00 -2.168404344969E-15
 -1.000000000000E+00 -2.168404344969E-15
 -9.800000190000E-01 -2.168404344969E-15
 -9.599999790000E-01 -2.168404344969E-15
 -9.399999980000E-01 -2.168404344969E-15
 -9.200000170000E-01 -2.168404344969E-15
 -8.999999760000E-01 -2.168404344969E-15
 -8.799999950000E-01 -2.168404344969E-15
 -8.600000140000E-01 -2.168404344969E-15
 -8.399999740000E-01 -2.168404344969E-15
 -8.199999930000E-01 -2.168404344969E-15
 -8.000000120000E-01 -2.168404344969E-15
 -7.799999710000E-01 -2.168404344969E-15
 -7.599999900000E-01 -2.168404344969E-15
 -7.400000100000E-01 -2.168404344969E-15
 -7.200000290000E-01 -2.168404344969E-15
 -6.999999880000E-01 -2.168404344969E-15
 -6.800000070000E-01 -2.168404344969E-15
 -6.600000260000E-01 -2.168404344969E-15
 -6.399999860000E-01 -2.168404344969E-15
 -6.200000050000E-01 -2.168404344969E-15
 -6.000000240000E-01 -2.168404344969E-15
 -5.799999830000E-01 -2.168404344969E-15
 -5.600000020000E-01 -2.168404344969E-15
 -5.400000210000E-01 -2.168404344969E-15
 -5.199999810000E-01 -2.168404344969E-15
 -5.000000000000E-01 -2.168404344969E-15
 -4.799999890000E-01 -3.923508386237E-05
 -4.600000080000E-01 -2.769186881571E-04
 -4.399999980000E-01 -7.077205420318E-04
 -4.199999870000E-01 -1.131585975047E-03
 -4.000000060000E-01 -1.538591866332E-03
 -3.799999950000E-01 -1.925655289975E-03
 -3.600000140000E-01 -2.293134987364E-03
 -3.400000040000E-01 -2.640805129676E-03
 -3.199999930000E-01 -2.968691887560E-03
 -3.000000120000E-01 -3.276762199823E-03
 -2.800000010000E-01 -3.565005319660E-03
 -2.599999900000E-01 -3.833405236087E-03
 -2.399999950000E-01 -4.081949573943E-03
 -2.199999990000E-01 -4.310633048243E-03
 -2.000000030000E-01 -4.519448182893E-03
 -1.800000070000E-01 -4.708389394963E-03
 -1.599999960000E-01 -4.877451908679E-03
 -1.400000010000E-01 -5.026631340970E-03
 -1.199999970000E-01 -5.155923699716E-03
 -1.000000010000E-01 -5.265326593866E-03
 -7.999999820000E-02 -5.354836631110E-03
 -5.999999870000E-02 -5.424449617595E-03
 -3.999999910000E-02 -5.474159075685E-03
 -1.999999960000E-02 -5.503956651386E-03
  0.000000000000E+00 -5.513850862190E-03
  1.999999960000E-02 -5.503956651386E-03
  3.999999910000E-02 -5.474159075685E-03
  5.999999870000E-02 -5.424449617595E-03
  7.999999820000E-02 -5.354836631110E-03
  1.000000010000E-01 -5.265326593865E-03
  1.199999970000E-01 -5.155923699716E-03
  1.400000010000E-01 -5.026631340969E-03
  1.599999960000E-01 -4.877451908679E-03
  1.800000070000E-01 -4.708389394963E-03
  2.000000030000E-01 -4.519448182893E-03
  2.199999990000E-01 -4.310633048243E-03
  2.399999950000E-01 -4.081949573943E-03
  2.599999900000E-01 -3.833405236087E-03
  2.800000010000E-01 -3.565005319659E-03
  3.000000120000E-01 -3.276762199823E-03
  3.199999930000E-01 -2.968691887560E-03
  3.400000040000E-01 -2.640805129677E-03
  3.600000140000E-01 -2.293134987364E-03
  3.799999950000E-01 -1.925655289976E-03
  4.000000060000E-01 -1.538591866332E-03
  4.199999870000E-01 -1.131585975048E-03
  4.399999980000E-01 -7.077205420320E-04
  4.600000080000E-01 -2.769186881571E-04
  4.799999890000E-01 -3.923508386236E-05
  5.000000000000E-01 -2.168404344969E-15
  5.199999810000E-01 -2.168404344969E-15
  5.400000210000E-01 -2.168404344969E-15
  5.600000020000E-01 -2.168404344969E-15
  5.799999830000E-01 -2.168404344969E-15
  6.000000240000E-01 -2.168404344969E-15
  6.200000050000E-01 -2.168404344969E-15
  6.399999860000E-01 -2.168404344969E-15
  6.600000260000E-01 -2.168404344969E-15
  6.800000070000E-01 -2.168404344969E-15
  6.999999880000E-01 -2.168404344969E-15
  7.200000290000E-01 -2.168404344969E-15
  7.400000100000E-01 -2.168404344969E-15
  7.599999900000E-01 -2.168404344969E-15
  7.799999710000E-01 -2.168404344969E-15
  8.000000120000E-01 -2.168404344969E-15
  8.199999930000E-01 -2.168404344969E-15
  8.399999740000E-01 -2.168404344969E-15
  8.600000140000E-01 -2.168404344969E-15
  8.799999950000E-01 -2.168404344969E-15
  8.999999760000E-01 -2.168404344969E-15
  9.200000170000E-01 -2.168404344969E-15
  9.399999980000E-01 -2.168404344969E-15
  9.599999790000E-01 -2.168404344969E-15
  9.800000190000E-01 -2.168404344969E-15
  1.000000000000E+00 -2.168404344969E-15
  1.019999980000E+00 -2.168404344969E-15
  1.039999960000E+00 -2.168404344969E-15
  1.059999940000E+00 -2.168404344969E-15
  1.080000040000E+00 -2.168404344969E-15
  1.100000020000E+00 -2.168404344969E-15
  1.120000000000E+00 -2.168404344969E-15
  1.139999990000E+00 -2.168404344969E-15
  1.159999970000E+00 -2.168404344969E-15
  1.179999950000E+00 -2.168404344969E-15
  1.200000050000E+00 -2.168404344969E-15
  1.220000030000E+00 -2.168404344969E-15
  1.240000010000E+00 -2.168404344969E-15
  1.259999990000E+00 -2.168404344969E-15
  1.279999970000E+00 -2.168404344969E-15
  1.299999950000E+00 -2.168404344969E-15
  1.320000050000E+00 -2.168404344969E-15
  1.340000030000E+00 -2.168404344969E-15
  1.360000010000E+00 -2.168404344969E-15
  1.380000000000E+00 -2.168404344969E-15
  1.399999980000E+00 -2.168404344969E-15
  1.419999960000E+00 -2.168404344969E-15
  1.440000060000E+00 -2.168404344969E-15
  1.460000040000E+00 -2.168404344969E-15
  1.480000020000E+00 -2.168404344969E-15
  1.500000000000E+00 -2.168404344969E-15
  1.519999980000E+00 -2.168404344969E-15
  1.539999960000E+00 -2.168404344969E-15
  1.559999940000E+00 -2.168404344969E-15
  1.580000040000E+00 -2.168404344969E-15
  1.600000020000E+00 -2.168404344969E-15
  1.620000000000E+00 -2.168404344969E-15
  1.639999990000E+00 -2.168404344969E-15
  1.659999970000E+00 -2.168404344969E-15
  1.679999950000E+00 -2.168404344969E-15
  1.700000050000E+00 -2.168404344969E-15
  1.720000030000E+00 -2.168404344969E-15
  1.740000010000E+00 -2.168404344969E-15
  1.759999990000E+00 -2.168404344969E-15
  1.779999970000E+00 -2.168404344969E-15
  1.799999950000E+00 -6.492950760236E-05
BODY 2   181
 -1.797570940000E+00  8.094534280000E-02
 -1.777651070000E+00  7.915772500000E-02
 -1.757729290000E+00  7.739003750000E-02
 -1.737805840000E+00  7.564227280000E-02
 -1.717880610000E+00  7.391442360000E-02
 -1.697953700000E+00  7.220651210000E-02
 -1.678025010000E+00  7.051852350000E-02
 -1.658094640000E+00  6.885045770000E-02
 -1.638162730000E+00  6.720232960000E-02
 -1.618229150000E+00  6.557413190000E-02
 -1.598293900000E+00  6.396587190000E-02
 -1.578357100000E+00  6.237754970000E-02
 -1.558418630000E+00  6.080916150000E-02
 -1.538478730000E+00  5.926071110000E-02
 -1.518537160000E+00  5.773220210000E-02
 -1.498594160000E+00  5.622363840000E-02
 -1.478649620000E+00  5.473501610000E-02
 -1.458703640000E+00  5.326633900000E-02
 -1.438756110000E+00  5.181760710000E-02
 -1.418807270000E+00  5.038882790000E-02
 -1.398857000000E+00  4.898000650235E-02
 -1.378905180000E+00  4.759112933230E-02
 -1.358952160000E+00  4.622220544721E-02
 -1.338997720000E+00  4.487323648448E-02
 -1.319041850000E+00  4.354421907030E-02
 -1.299084780000E+00  4.223515590926E-02
 -1.279126410000E+00  4.094605501125E-02
 -1.259166720000E+00  3.967691010867E-02
 -1.239205720000E+00  3.842772425620E-02
 -1.219243530000E+00  3.719849921472E-02
 -1.199280140000E+00  3.598924059712E-02
 -1.179315570000E+00  3.479994294688E-02
 -1.159349680000E+00  3.363061007482E-02
 -1.139382840000E+00  3.248124436087E-02
 -1.119414690000E+00  3.135184357920E-02
 -1.099445460000E+00  3.024241383066E-02
 -1.079475160000E+00  2.915295245694E-02
 -1.059503790000E+00  2.808346216314E-02
 -1.039531350000E+00  2.703394449519E-02
 -1.019557830000E+00  2.600439793176E-02
 -9.995833640000E-01  2.499482681668E-02
 -9.796078800000E-01  2.400523046721E-02
 -9.596313830000E-01  2.303560890753E-02
 -9.396539330000E-01  2.208596419326E-02
 -9.196755890000E-01  2.115629846104E-02
 -8.996962900000E-01  2.024661264049E-02
 -8.797160980000E-01  1.935690419342E-02
 -8.597350120000E-01  1.848717779179E-02
 -8.397530910000E-01  1.763743230986E-02
 -8.197702770000E-01  1.680766896317E-02
 -7.997866870000E-01  1.599788841450E-02
 -7.798022630000E-01  1.520809272338E-02
 -7.598171230000E-01  1.443828182710E-02
 -7.398311500000E-01  1.368845673803E-02
 -7.198444600000E-01  1.295861712494E-02
 -6.998571160000E-01  1.224876567635E-02
 -6.798689960000E-01  1.155890124896E-02
 -6.598802210000E-01  1.088902498239E-02
 -6.398907900000E-01  1.023913868815E-02
 -6.199007030000E-01  9.609242192926E-03
 -5.999100210000E-01  8.999335790388E-03
 -5.799186830000E-01  8.409420175172E-03
 -5.599268080000E-01  7.839496446209E-03
 -5.399343970000E-01  7.289565020892E-03
 -5.199413900000E-01  6.759626286873E-03
 -4.999479060000E-01  6.249680823549E-03
 -4.799539150000E-01  5.759729024464E-03
 -4.599594470000E-01  5.289771842258E-03
 -4.399645030000E-01  4.839809253960E-03
 -4.199691410000E-01  4.409841765801E-03
 -3.999733330000E-01  3.999869814377E-03
 -3.799771370000E-01  3.609894323434E-03
 -3.599805530000E-01  3.239914842129E-03
 -3.399836120000E-01  2.889932517804E-03
 -3.199863430000E-01  2.559947137131E-03
 -2.999887470000E-01  2.249959246878E-03
 -2.799908520000E-01  1.959969068180E-03
 -2.599926890000E-01  1.689977109454E-03
 -2.399942430000E-01  1.439983396658E-03
 -2.199955580000E-01  1.209988378448E-03
 -1.999966650000E-01  9.999922478948E-04
 -1.799975630000E-01  8.099950429685E-04
 -1.599982980000E-01  6.399970287235E-04
 -1.399988530000E-01  4.899983434875E-04
 -1.199992820000E-01  3.599991469688E-04
 -9.999958430000E-02  2.499996233448E-04
 -7.999978960000E-02  1.599998651174E-04
 -5.999990930000E-02  8.999996803291E-05
 -3.999997300000E-02  3.999999788767E-05
 -1.999999580000E-02  1.000000008419E-05
  0.000000000000E+00  0.000000000000E+00
  1.999999580000E-02  1.000000008419E-05
  3.999997300000E-02  3.999999788767E-05
  5.999990930000E-02  8.999996803291E-05
  7.999978960000E-02  1.599998651174E-04
  9.999958430000E-02  2.499996233448E-04
  1.199992820000E-01  3.599991469688E-04
  1.399988530000E-01  4.899983434875E-04
  1.599982980000E-01  6.399970287235E-04
  1.799975630000E-01  8.099950429685E-04
  1.999966650000E-01  9.999922478948E-04
  2.199955580000E-01  1.209988378448E-03
  2.399942430000E-01  1.439983396658E-03
  2.599926890000E-01  1.689977109454E-03
  2.799908520000E-01  1.959969068180E-03
  2.999887470000E-01  2.249959246878E-03
  3.199863430000E-01  2.559947137131E-03
  3.399836120000E-01  2.889932517804E-03
  3.599805530000E-01  3.239914842129E-03
  3.799771370000E-01  3.609894323434E-03
  3.999733330000E-01  3.999869814377E-03
  4.199691410000E-01  4.409841765801E-03
  4.399645030000E-01  4.839809253960E-03
  4.599594470000E-01  5.289771842258E-03
  4.799539150000E-01  5.759729024464E-03
  4.999479060000E-01  6.249680823549E-03
  5.199413900000E-01  6.759626286873E-03
  5.399343970000E-01  7.289565020892E-03
  5.599268080000E-01  7.839496446209E-03
  5.799186830000E-01  8.409420175172E-03
  5.999100210000E-01  8.999335790388E-03
  6.199007030000E-01  9.609242192926E-03
  6.398907900000E-01  1.023913868815E-02
  6.598802210000E-01  1.088902498239E-02
  6.798689960000E-01  1.155890124896E-02
  6.998571160000E-01  1.224876567635E-02
  7.198444600000E-01  1.295861712494E-02
  7.398311500000E-01  1.368845673803E-02
  7.598171230000E-01  1.443828182710E-02
  7.798022630000E-01  1.520809272338E-02
  7.997866870000E-01  1.599788841450E-02
  8.197702770000E-01  1.680766896317E-02
  8.397530910000E-01  1.763743230986E-02
  8.597350120000E-01  1.848717779179E-02
  8.797160980000E-01  1.935690419342E-02
  8.996962900000E-01  2.024661264049E-02
  9.196755890000E-01  2.115629846104E-02
  9.396539330000E-01  2.208596419326E-02
  9.596313830000E-01  2.303560890753E-02
  9.796078800000E-01  2.400523046721E-02
  9.995833640000E-01  2.499482681668E-02
  1.019557830000E+00  2.600439793176E-02
  1.039531350000E+00  2.703394449519E-02
  1.059503790000E+00  2.808346216314E-02
  1.079475160000E+00  2.915295245694E-02
  1.099445460000E+00  3.024241383066E-02
  1.119414690000E+00  3.135184357920E-02
  1.139382840000E+00  3.248124436087E-02
  1.159349680000E+00  3.363061007482E-02
  1.179315570000E+00  3.479994294688E-02
  1.199280140000E+00  3.598924059712E-02
  1.219243530000E+00  3.719849921472E-02
  1.239205720000E+00  3.842772425620E-02
  1.259166720000E+00  3.967691010867E-02
  1.279126410000E+00  4.094605501125E-02
  1.299084780000E+00  4.223515590926E-02
  1.319041850000E+00  4.354421907030E-02
  1.338997720000E+00  4.487323648448E-02
  1.358952160000E+00  4.622220544721E-02
  1.378905180000E+00  4.759112933230E-02
  1.398857000000E+00  4.898000650235E-02
  1.418807270000E+00  5.038882790000E-02
  1.438756110000E+00  5.181760710000E-02
  1.458703640000E+00  5.326633900000E-02
  1.478649620000E+00  5.473501610000E-02
  1.498594160000E+00  5.622363840000E-02
  1.518537160000E+00  5.773220210000E-02
  1.538478730000E+00  5.926071110000E-02
  1.558418630000E+00  6.080916150000E-02
  1.578357100000E+00  6.237754970000E-02
  1.598293900000E+00  6.396587190000E-02
  1.618229150000E+00  6.557413190000E-02
  1.638162730000E+00  6.720232960000E-02
  1.658094640000E+00  6.885045770000E-02
  1.678025010000E+00  7.051852350000E-02
  1.697953700000E+00  7.220651210000E-02
  1.717880610000E+00  7.391442360000E-02
  1.737805840000E+00  7.564227280000E-02
  1.757729290000E+00  7.739003750000E-02
  1.777651070000E+00  7.915772500000E-02
  1.797570940000E+00  8.094534280000E-02
STEP   5 TIME  3.00200000E+03
BODY 1   181
 -1.799999950000E+00 -6.252823676749E-05
 -1.779999970000E+00 -3.252606517452E-15
 -1.759999990000E+00 -3.252606517452E-15
 -1.740000010000E+00 -3.252606517452E-15
 -1.720000030000E+00 -3.252606517452E-15
 -1.700000050000E+00 -3.252606517452E-15
 -1.679999950000E+00 -3.252606517452E-15
 -1.659999970000E+00 -3.252606517452E-15
 -1.639999990000E+00 -3.252606517452E-15
 -1.620000000000E+00 -3.252606517452E-15
 -1.600000020000E+00 -3.252606517452E-15
 -1.580000040000E+00 -3.252606517452E-15
 -1.559999940000E+00 -3.252606517452E-15
 -1.539999960000E+00 -3.252606517452E-15
 -1.519999980000E+00 -3.252606517452E-15
 -1.500000000000E+00 -3.252606517452E-15
 -1.480000020000E+00 -3.252606517452E-15
 -1.460000040000E+00 -3.252606517452E-15
 -1.440000060000E+00 -3.252606517452E-15
 -1.419999960000E+00 -3.252606517452E-15
 -1.399999980000E+00 -3.252606517452E-15
 -1.380000000000E+00 -3.252606517452E-15
 -1.360000010000E+00 -3.252606517452E-15
 -1.340000030000E+00 -3.252606517452E-15
 -1.320000050000E+00 -3.252606517452E-15
 -1.299999950000E+00 -3.252606517452E-15
 -1.279999970000E+00 -3.252606517452E-15
 -1.259999990000E+00 -3.252606517452E-15
 -1.240000010000E+00 -3.252606517452E-15
 -1.220000030000E+00 -3.252606517452E-15
 -1.200000050000E+00 -3.252606517452E-15
 -1.179999950000E+00 -3.252606517452E-15
 -1.159999970000E+00 -3.252606517452E-15
 -1.139999990000E+00 -3.252606517452E-15
 -1.120000000000E+00 -3.252606517452E-15
 -1.100000020000E+00 -3.252606517452E-15
 -1.080000040000E+00 -3.252606517452E-15
 -1.059999940000E+00 -3.252606517452E-15
 -1.039999960000E+00 -3.252606517452E-15
 -1.019999980000E+00 -3.252606517452E-15
 -1.000000000000E+00 -3.252606517452E-15
 -9.800000190000E-01 -3.252606517452E-15
 -9.599999790000E-01 -3.252606517452E-15
 -9.399999980000E-01 -3.252606517452E-15
 -9.200000170000E-01 -3.252606517452E-15
 -8.999999760000E-01 -3.252606517452E-15
 -8.799999950000E-01 -3.252606517452E-15
 -8.600000140000E-01 -3.252606517452E-15
 -8.399999740000E-01 -3.252606517452E-15
 -8.199999930000E-01 -3.252606517452E-15
 -8.000000120000E-01 -3.252606517452E-15
 -7.799999710000E-01 -3.252606517452E-15
 -7.599999900000E-01 -3.252606517452E-15
 -7.400000100000E-01 -3.252606517452E-15
 -7.200000290000E-01 -3.252606517452E-15
 -6.999999880000E-01 -3.252606517452E-15
 -6.800000070000E-01 -3.252606517452E-15
 -6.600000260000E-01 -3.252606517452E-15
 -6.399999860000E-01 -3.252606517452E-15
 -6.200000050000E-01 -3.252606517452E-15
 -6.000000240000E-01 -3.252606517452E-15
 -5.799999830000E-01 -3.252606517452E-15
 -5.600000020000E-01 -3.252606517452E-15
 -5.400000210000E-01 -8.603228047548E-05
 -5.199999810000E-01 -5.141903186134E-04
 -5.000000000000E-01 -1.013136453877E-03
 -4.799999890000E-01 -1.498926315821E-03
 -4.600000080000E-01 -1.966071426135E-03
 -4.399999980000E-01 -2.413434734885E-03
 -4.199999870000E-01 -2.841093817896E-03
 -4.000000060000E-01 -3.248928443911E-03
 -3.799999950000E-01 -3.636943307289E-03
 -3.600000140000E-01 -4.005109108741E-03
 -3.400000040000E-01 -4.353417899202E-03
 -3.199999930000E-01 -4.681857451302E-03
 -3.000000120000E-01 -4.990418580059E-03
 -2.800000010000E-01 -5.279094027020E-03
 -2.599999900000E-01 -5.547879396641E-03
 -2.399999950000E-01 -5.796768841532E-03
 -2.199999990000E-01 -6.025758679373E-03
 -2.000000030000E-01 -6.234845249118E-03
 -1.800000070000E-01 -6.424025303229E-03
 -1.599999960000E-01 -6.593297121368E-03
 -1.400000010000E-01 -6.742658427497E-03
 -1.199999970000E-01 -6.872107796929E-03
 -1.000000010000E-01 -6.981643213477E-03
 -7.999999820000E-02 -7.071262561907E-03
 -5.999999870000E-02 -7.140962461121E-03
 -3.999999910000E-02 -7.190735829663E-03
 -1.999999960000E-02 -7.220569708764E-03
  0.000000000000E+00 -7.230461960610E-03
  1.999999960000E-02 -7.220569708764E-03
  3.999999910000E-02 -7.190735829663E-03
  5.999999870000E-02 -7.140962461120E-03
  7.999999820000E-02 -7.071262561907E-03
  1.000000010000E-01 -6.981643213477E-03
  1.199999970000E-01 -6.872107796929E-03
  1.400000010000E-01 -6.742658427497E-03
  1.599999960000E-01 -6.593297121368E-03
  1.800000070000E-01 -6.424025303228E-03
  2.000000030000E-01 -6.234845249117E-03
  2.199999990000E-01 -6.025758679373E-03
  2.399999950000E-01 -5.796768841532E-03
  2.599999900000E-01 -5.547879396640E-03
  2.800000010000E-01 -5.279094027019E-03
  3.000000120000E-01 -4.990418580059E-03
  3.199999930000E-01 -4.681857451302E-03
  3.400000040000E-01 -4.353417899202E-03
  3.600000140000E-01 -4.005109108741E-03
  3.799999950000E-01 -3.636943307289E-03
  4.000000060000E-01 -3.248928443912E-03
  4.199999870000E-01 -2.841093817896E-03
  4.399999980000E-01 -2.413434734885E-03
  4.600000080000E-01 -1.966071426135E-03
  4.799999890000E-01 -1.498926315822E-03
  5.000000000000E-01 -1.013136453878E-03
  5.199999810000E-01 -5.141903186138E-04
  5.400000210000E-01 -8.603228047553E-05
  5.600000020000E-01 -3.252606517452E-15
  5.799999830000E-01 -3.252606517452E-15
  6.000000240000E-01 -3.252606517452E-15
  6.200000050000E-01 -3.252606517452E-15
  6.399999860000E-01 -3.252606517452E-15
  6.600000260000E-01 -3.252606517452E-15
  6.800000070000E-01 -3.252606517452E-15
  6.999999880000E-01 -3.252606517452E-15
  7.200000290000E-01 -3.252606517452E-15
  7.400000100000E-01 -3.252606517452E-15
  7.599999900000E-01 -3.252606517452E-15
  7.799999710000E-01 -3.252606517452E-15
  8.000000120000E-01 -3.252606517452E-15
  8.199999930000E-01 -3.252606517452E-15
  8.399999740000E-01 -3.252606517452E-15
  8.600000140000E-01 -3.252606517452E-15
  8.799999950000E-01 -3.252606517452E-15
  8.999999760000E-01 -3.252606517452E-15
  9.200000170000E-01 -3.252606517452E-15
  9.399999980000E-01 -3.252606517452E-15
  9.599999790000E-01 -3.252606517452E-15
  9.800000190000E-01 -3.252606517452E-15
  1.000000000000E+00 -3.252606517452E-15
  1.019999980000E+00 -3.252606517452E-15
  1.039999960000E+00 -3.252606517452E-15
  1.059999940000E+00 -3.252606517452E-15
  1.080000040000E+00 -3.252606517452E-15
  1.100000020000E+00 -3.252606517452E-15
  1.120000000000E+00 -3.252606517452E-15
  1.139999990000E+00 -3.252606517452E-15
  1.159999970000E+00 -3.252606517452E-15
  1.179999950000E+00 -3.252606517452E-15
  1.200000050000E+00 -3.252606517452E-15
  1.220000030000E+00 -3.252606517452E-15
  1.240000010000E+00 -3.252606517452E-15
  1.259999990000E+00 -3.252606517452E-15
  1.279999970000E+00 -3.252606517452E-15
  1.299999950000E+00 -3.252606517452E-15
  1.320000050000E+00 -3.252606517452E-15
  1.340000030000E+00 -3.252606517452E-15
  1.360000010000E+00 -3.252606517452E-15
  1.380000000000E+00 -3.252606517452E-15
  1.399999980000E+00 -3.252606517452E-15
  1.419999960000E+00 -3.252606517452E-15
  1.440000060000E+00 -3.252606517452E-15
  1.460000040000E+00 -3.252606517452E-15
  1.480000020000E+00 -3.252606517452E-15
  1.500000000000E+00 -3.252606517452E-15
  1.519999980000E+00 -3.252606517452E-15
  1.539999960000E+00 -3.252606517452E-15
  1.559999940000E+00 -3.252606517452E-15
  1.580000040000E+00 -3.252606517452E-15
  1.600000020000E+00 -3.252606517452E-15
  1.620000000000E+00 -3.252606517452E-15
  1.639999990000E+00 -3.252606517452E-15
  1.659999970000E+00 -3.252606517452E-15
  1.679999950000E+00 -3.252606517452E-15
  1.700000050000E+00 -3.252606517452E-15
  1.720000030000E+00 -3.252606517452E-15
  1.740000010000E+00 -3.252606517452E-15
  1.759999990000E+00 -3.252606517452E-15
  1.779999970000E+00 -3.252606517452E-15
  1.799999950000E+00 -6.252823677930E-05
BODY 2   181
 -1.797570940000E+00  8.094534280000E-02
 -1.777651070000E+00  7.915772500000E-02
 -1.757729290000E+00  7.739003750000E-02
 -1.737805840000E+00  7.564227280000E-02
 -1.717880610000E+00  7.391442360000E-02
 -1.697953700000E+00  7.220651210000E-02
 -1.678025010000E+00  7.051852350000E-02
 -1.658094640000E+00  6.885045770000E-02
 -1.638162730000E+00  6.720232960000E-02
 -1.618229150000E+00  6.557413190000E-02
 -1.598293900000E+00  6.396587190000E-02
 -1.578357100000E+00  6.237754970000E-02
 -1.558418630000E+00  6.080916150000E-02
 -1.538478730000E+00  5.926071110000E-02
 -1.518537160000E+00  5.773220210000E-02
 -1.498594160000E+00  5.622363840000E-02
 -1.478649620000E+00  5.473501610000E-02
 -1.458703640000E+00  5.326633900000E-02
 -1.438756110000E+00  5.181760710000E-02
 -1.418807270000E+00  5.038882790000E-02
 -1.398857000000E+00  4.898000650235E-02
 -1.378905180000E+00  4.759112933230E-02
 -1.358952160000E+00  4.622220544721E-02
 -1.338997720000E+00  4.487323648448E-02
 -1.319041850000E+00  4.354421907030E-02
 -1.299084780000E+00  4.223515590926E-02
 -1.279126410000E+00  4.094605501125E-02
 -1.259166720000E+00  3.967691010867E-02
 -1.239205720000E+00  3.842772425620E-02
 -1.219243530000E+00  3.719849921472E-02
 -1.199280140000E+00  3.598924059712E-02
 -1.179315570000E+00  3.479994294688E-02
 -1.159349680000E+00  3.363061007482E-02
 -1.139382840000E+00  3.248124436087E-02
 -1.119414690000E+00  3.135184357920E-02
 -1.099445460000E+00  3.024241383066E-02
 -1.079475160000E+00  2.915295245694E-02
 -1.059503790000E+00  2.808346216314E-02
 -1.039531350000E+00  2.703394449519E-02
 -1.019557830000E+00  2.600439793176E-02
 -9.995833640000E-01  2.499482681668E-02
 -9.796078800000E-01  2.400523046721E-02
 -9.596313830000E-01  2.303560890753E-02
 -9.396539330000E-01  2.208596419326E-02
 -9.196755890000E-01  2.115629846104E-02
 -8.996962900000E-01  2.024661264049E-02
 -8.797160980000E-01  1.935690419342E-02
 -8.597350120000E-01  1.848717779179E-02
 -8.397530910000E-01  1.763743230986E-02
 -8.197702770000E-01  1.680766896317E-02
 -7.997866870000E-01  1.599788841450E-02
 -7.798022630000E-01  1.520809272338E-02
 -7.598171230000E-01  1.443828182710E-02
 -7.398311500000E-01  1.368845673803E-02
 -7.198444600000E-01  1.295861712494E-02
 -6.998571160000E-01  1.224876567635E-02
 -6.798689960000E-01  1.155890124896E-02
 -6.598802210000E-01  1.088902498239E-02
 -6.398907900000E-01  1.023913868815E-02
 -6.199007030000E-01  9.609242192926E-03
 -5.999100210000E-01  8.999335790388E-03
 -5.799186830000E-01  8.409420175172E-03
 -5.599268080000E-01  7.839496446209E-03
 -5.399343970000E-01  7.289565020892E-03
 -5.199413900000E-01  6.759626286873E-03
 -4.999479060000E-01  6.249680823549E-03
 -4.799539150000E-01  5.759729024464E-03
 -4.599594470000E-01  5.289771842258E-03
 -4.399645030000E-01  4.839809253960E-03
 -4.199691410000E-01  4.409841765801E-03
 -3.999733330000E-01  3.999869814377E-03
 -3.799771370000E-01  3.609894323434E-03
 -3.599805530000E-01  3.239914842129E-03
 -3.399836120000E-01  2.889932517804E-03
 -3.199863430000E-01  2.559947137131E-03
 -2.999887470000E-01  2.249959246878E-03
 -2.799908520000E-01  1.959969068180E-03
 -2.599926890000E-01  1.689977109454E-03
 -2.399942430000E-01  1.439983396658E-03
 -2.199955580000E-01  1.209988378448E-03
 -1.999966650000E-01  9.999922478948E-04
 -1.799975630000E-01  8.099950429685E-04
 -1.599982980000E-01  6.399970287235E-04
 -1.399988530000E-01  4.899983434875E-04
 -1.199992820000E-01  3.599991469688E-04
 -9.999958430000E-02  2.499996233448E-04
 -7.999978960000E-02  1.599998651174E-04
 -5.999990930000E-02  8.999996803291E-05
 -3.999997300000E-02  3.999999788767E-05
 -1.999999580000E-02  1.000000008419E-05
  0.000000000000E+00  0.000000000000E+00
  1.999999580000E-02  1.000000008419E-05
  3.999997300000E-02  3.999999788767E-05
  5.999990930000E-02  8.999996803291E-05
  7.999978960000E-02  1.599998651174E-04
  9.999958430000E-02  2.499996233448E-04
  1.199992820000E-01  3.599991469688E-04
  1.399988530000E-01  4.899983434875E-04
  1.599982980000E-01  6.399970287235E-04
  1.799975630000E-01  8.099950429685E-04
  1.999966650000E-01  9.999922478948E-04
  2.199955580000E-01  1.209988378448E-03
  2.399942430000E-01  1.439983396658E-03
  2.599926890000E-01  1.689977109454E-03
  2.799908520000E-01  1.959969068180E-03
  2.999887470000E-01  2.249959246878E-03
  3.199863430000E-01  2.559947137131E-03
  3.399836120000E-01  2.889932517804E-03
  3.599805530000E-01  3.239914842129E-03
  3.799771370000E-01  3.609894323434E-03
  3.999733330000E-01  3.999869814377E-03
  4.199691410000E-01  4.409841765801E-03
  4.399645030000E-01  4.839809253960E-03
  4.599594470000E-01  5.289771842258E-03
  4.799539150000E-01  5.759729024464E-03
  4.999479060000E-01  6.249680823549E-03
  5.199413900000E-01  6.759626286873E-03
  5.399343970000E-01  7.289565020892E-03
  5.599268080000E-01  7.839496446209E-03
  5.799186830000E-01  8.409420175172E-03
  5.999100210000E-01  8.999335790388E-03
  6.199007030000E-01  9.609242192926E-03
  6.398907900000E-01  1.023913868815E-02
  6.598802210000E-01  1.088902498239E-02
  6.798689960000E-01  1.155890124896E-02
  6.998571160000E-01  1.224876567635E-02
  7.198444600000E-01  1.295861712494E-02
  7.398311500000E-01  1.368845673803E-02
  7.598171230000E-01  1.443828182710E-02
  7.798022630000E-01  1.520809272338E-02
  7.997866870000E-01  1.599788841450E-02
  8.197702770000E-01  1.680766896317E-02
  8.397530910000E-01  1.763743230986E-02
  8.597350120000E-01  1.848717779179E-02
  8.797160980000E-01  1.935690419342E-02
  8.996962900000E-01  2.024661264049E-02
  9.196755890000E-01  2.115629846104E-02
  9.396539330000E-01  2.208596419326E-02
  9.596313830000E-01  2.303560890753E-02
  9.796078800000E-01  2.400523046721E-02
  9.995833640000E-01  2.499482681668E-02
  1.019557830000E+00  2.600439793176E-02
  1.039531350000E+00  2.703394449519E-02
  1.059503790000E+00  2.808346216314E-02
  1.079475160000E+00  2.915295245694E-02
  1.099445460000E+00  3.024241383066E-02
  1.119414690000E+00  3.135184357920E-02
  1.139382840000E+00  3.248124436087E-02
  1.159349680000E+00  3.363061007482E-02
  1.179315570000E+00  3.479994294688E-02
  1.199280140000E+00  3.598924059712E-02
  1.219243530000E+00  3.719849921472E-02
  1.239205720000E+00  3.842772425620E-02
  1.259166720000E+00  3.967691010867E-02
  1.279126410000E+00  4.094605501125E-02
  1.299084780000E+00  4.223515590926E-02
  1.319041850000E+00  4.354421907030E-02
  1.338997720000E+00  4.487323648448E-02
  1.358952160000E+00  4.622220544721E-02
  1.378905180000E+00  4.759112933230E-02
  1.398857000000E+00  4.898000650235E-02
  1.418807270000E+00  5.038882790000E-02
  1.438756110000E+00  5.181760710000E-02
  1.458703640000E+00  5.326633900000E-02
  1.478649620000E+00  5.473501610000E-02
  1.498594160000E+00  5.622363840000E-02
  1.518537160000E+00  5.773220210000E-02
  1.538478730000E+00  5.926071110000E-02
  1.558418630000E+00  6.080916150000E-02
  1.578357100000E+00  6.237754970000E-02
  1.598293900000E+00  6.396587190000E-02
  1.618229150000E+00  6.557413190000E-02
  1.638162730000E+00  6.720232960000E-02
  1.658094640000E+00  6.885045770000E-02
  1.678025010000E+00  7.051852350000E-02
  1.697953700000E+00  7.220651210000E-02
  1.717880610000E+00  7.391442360000E-02
  1.737805840000E+00  7.564227280000E-02
  1.757729290000E+00  7.739003750000E-02
  1.777651070000E+00  7.915772500000E-02
  1.797570940000E+00  8.094534280000E-02
STEP   6 TIME  4.00200000E+03
BODY 1   181
 -1.799999950000E+00 -5.880770094203E-05
 -1.779999970000E+00 -4.336808689935E-15
 -1.759999990000E+00 -4.336808689935E-15
 -1.740000010000E+00 -4.336808689935E-15
 -1.720000030000E+00 -4.336808689935E-15
 -1.700000050000E+00 -4.336808689935E-15
 -1.679999950000E+00 -4.336808689935E-15
 -1.659999970000E+00 -4.336808689935E-15
 -1.639999990000E+00 -4.336808689935E-15
 -1.620000000000E+00 -4.336808689935E-15
 -1.600000020000E+00 -4.336808689935E-15
 -1.580000040000E+00 -4.336808689935E-15
 -1.559999940000E+00 -4.336808689935E-15
 -1.539999960000E+00 -4.336808689935E-15
 -1.519999980000E+00 -4.336808689935E-15
 -1.500000000000E+00 -4.336808689935E-15
 -1.480000020000E+00 -4.336808689935E-15
 -1.460000040000E+00 -4.336808689935E-15
 -1.440000060000E+00 -4.336808689935E-15
 -1.419999960000E+00 -4.336808689935E-15
 -1.399999980000E+00 -4.336808689935E-15
 -1.380000000000E+00 -4.336808689935E-15
 -1.360000010000E+00 -4.336808689935E-15
 -1.340000030000E+00 -4.336808689935E-15
 -1.320000050000E+00 -4.336808689935E-15
 -1.299999950000E+00 -4.336808689935E-15
 -1.279999970000E+00 -4.336808689935E-15
 -1.259999990000E+00 -4.336808689935E-15
 -1.240000010000E+00 -4.336808689935E-15
 -1.220000030000E+00 -4.336808689935E-15
 -1.200000050000E+00 -4.336808689935E-15
 -1.179999950000E+00 -4.336808689935E-15
 -1.159999970000E+00 -4.336808689935E-15
 -1.139999990000E+00 -4.336808689935E-15
 -1.120000000000E+00 -4.336808689935E-15
 -1.100000020000E+00 -4.336808689935E-15
 -1.080000040000E+00 -4.336808689935E-15
 -1.059999940000E+00 -4.336808689935E-15
 -1.039999960000E+00 -4.336808689935E-15
 -1.019999980000E+00 -4.336808689935E-15
 -1.000000000000E+00 -4.336808689935E-15
 -9.800000190000E-01 -4.336808689935E-15
 -9.599999790000E-01 -4.336808689935E-15
 -9.399999980000E-01 -4.336808689935E-15
 -9.200000170000E-01 -4.336808689935E-15
 -8.999999760000E-01 -4.336808689935E-15
 -8.799999950000E-01 -4.336808689935E-15
 -8.600000140000E-01 -4.336808689935E-15
 -8.399999740000E-01 -4.336808689935E-15
 -8.199999930000E-01 -4.336808689935E-15
 -8.000000120000E-01 -4.336808689935E-15
 -7.799999710000E-01 -4.336808689935E-15
 -7.599999900000E-01 -4.336808689935E-15
 -7.400000100000E-01 -4.336808689935E-15
 -7.200000290000E-01 -4.336808689935E-15
 -6.999999880000E-01 -4.336808689935E-15
 -6.800000070000E-01 -4.336808689935E-15
 -6.600000260000E-01 -4.336808689935E-15
 -6.399999860000E-01 -4.336808689935E-15
 -6.200000050000E-01 -4.336808689935E-15
 -6.000000240000E-01 -6.072732583684E-05
 -5.799999830000E-01 -4.048324207848E-04
 -5.600000020000E-01 -9.556757590563E-04
 -5.400000210000E-01 -1.500063116954E-03
 -5.199999810000E-01 -2.027607336139E-03
 -5.000000000000E-01 -2.535153852835E-03
 -4.799999890000E-01 -3.023027978464E-03
 -4.600000080000E-01 -3.491034054036E-03
 -4.399999980000E-01 -3.939190372030E-03
 -4.199999870000E-01 -4.367468598052E-03
 -4.000000060000E-01 -4.775867596889E-03
 -3.799999950000E-01 -5.164372509182E-03
 -3.600000140000E-01 -5.532976989094E-03
 -3.400000040000E-01 -5.881679902306E-03
 -3.199999930000E-01 -6.210472934158E-03
 -3.000000120000E-01 -6.519351499467E-03
 -2.800000010000E-01 -6.808315268974E-03
 -2.599999900000E-01 -7.077359633476E-03
 -2.399999950000E-01 -7.326482144608E-03
 -2.199999990000E-01 -7.555680960939E-03
 -2.000000030000E-01 -7.764952542360E-03
 -1.800000070000E-01 -7.954298390474E-03
 -1.599999960000E-01 -8.123715954647E-03
 -1.400000010000E-01 -8.273204250000E-03
 -1.199999970000E-01 -8.402762494604E-03
 -1.000000010000E-01 -8.512389694560E-03
 -7.999999820000E-02 -8.602084646024E-03
 -5.999999870000E-02 -8.671844947177E-03
 -3.999999910000E-02 -8.721663973643E-03
 -1.999999960000E-02 -8.751527314343E-03
  0.000000000000E+00 -8.761421609437E-03
  1.999999960000E-02 -8.751527314343E-03
  3.999999910000E-02 -8.721663973643E-03
  5.999999870000E-02 -8.671844947176E-03
  7.999999820000E-02 -8.602084646024E-03
  1.000000010000E-01 -8.512389694560E-03
  1.199999970000E-01 -8.402762494604E-03
  1.400000010000E-01 -8.273204250000E-03
  1.599999960000E-01 -8.123715954647E-03
  1.800000070000E-01 -7.954298390474E-03
  2.000000030000E-01 -7.764952542360E-03
  2.199999990000E-01 -7.555680960939E-03
  2.399999950000E-01 -7.326482144608E-03
  2.599999900000E-01 -7.077359633476E-03
  2.800000010000E-01 -6.808315268974E-03
  3.000000120000E-01 -6.519351499467E-03
  3.199999930000E-01 -6.210472934159E-03
  3.400000040000E-01 -5.881679902306E-03
  3.600000140000E-01 -5.532976989093E-03
  3.799999950000E-01 -5.164372509183E-03
  4.000000060000E-01 -4.775867596889E-03
  4.199999870000E-01 -4.367468598052E-03
  4.399999980000E-01 -3.939190372030E-03
  4.600000080000E-01 -3.491034054036E-03
  4.799999890000E-01 -3.023027978464E-03
  5.000000000000E-01 -2.535153852836E-03
  5.199999810000E-01 -2.027607336139E-03
  5.400000210000E-01 -1.500063116954E-03
  5.600000020000E-01 -9.556757590564E-04
  5.799999830000E-01 -4.048324207849E-04
  6.000000240000E-01 -6.072732583671E-05
  6.200000050000E-01 -4.336808689935E-15
  6.399999860000E-01 -4.336808689935E-15
  6.600000260000E-01 -4.336808689935E-15
  6.800000070000E-01 -4.336808689935E-15
  6.999999880000E-01 -4.336808689935E-15
  7.200000290000E-01 -4.336808689935E-15
  7.400000100000E-01 -4.336808689935E-15
  7.599999900000E-01 -4.336808689935E-15
  7.799999710000E-01 -4.336808689935E-15
  8.000000120000E-01 -4.336808689935E-15
  8.199999930000E-01 -4.336808689935E-15
  8.399999740000E-01 -4.336808689935E-15
  8.600000140000E-01 -4.336808689935E-15
  8.799999950000E-01 -4.336808689935E-15
  8.999999760000E-01 -4.336808689935E-15
  9.200000170000E-01 -4.336808689935E-15
  9.399999980000E-01 -4.336808689935E-15
  9.599999790000E-01 -4.336808689935E-15
  9.800000190000E-01 -4.336808689935E-15
  1.000000000000E+00 -4.336808689935E-15
  1.019999980000E+00 -4.336808689935E-15
  1.039999960000E+00 -4.336808689935E-15
  1.059999940000E+00 -4.336808689935E-15
  1.080000040000E+00 -4.336808689935E-15
  1.100000020000E+00 -4.336808689935E-15
  1.120000000000E+00 -4.336808689935E-15
  1.139999990000E+00 -4.336808689935E-15
  1.159999970000E+00 -4.336808689935E-15
  1.179999950000E+00 -4.336808689935E-15
  1.200000050000E+00 -4.336808689935E-15
  1.220000030000E+00 -4.336808689935E-15
  1.240000010000E+00 -4.336808689935E-15
  1.259999990000E+00 -4.336808689935E-15
  1.279999970000E+00 -4.336808689935E-15
  1.299999950000E+00 -4.336808689935E-15
  1.320000050000E+00 -4.336808689935E-15
  1.340000030000E+00 -4.336808689935E-15
  1.360000010000E+00 -4.336808689935E-15
  1.380000000000E+00 -4.336808689935E-15
  1.399999980000E+00 -4.336808689935E-15
  1.419999960000E+00 -4.336808689935E-15
  1.440000060000E+00 -4.336808689935E-15
  1.460000040000E+00 -4.336808689935E-15
  1.480000020000E+00 -4.336808689935E-15
  1.500000000000E+00 -4.336808689935E-15
  1.519999980000E+00 -4.336808689935E-15
  1.539999960000E+00 -4.336808689935E-15
  1.559999940000E+00 -4.336808689935E-15
  1.580000040000E+00 -4.336808689935E-15
  1.600000020000E+00 -4.336808689935E-15
  1.620000000000E+00 -4.336808689935E-15
  1.639999990000E+00 -4.336808689935E-15
  1.659999970000E+00 -4.336808689935E-15
  1.679999950000E+00 -4.336808689935E-15
  1.700000050000E+00 -4.336808689935E-15
  1.720000030000E+00 -4.336808689935E-15
  1.740000010000E+00 -4.336808689935E-15
  1.759999990000E+00 -4.336808689935E-15
  1.779999970000E+00 -4.336808689935E-15
  1.799999950000E+00 -5.880770095065E-05
BODY 2   181
 -1.797570940000E+00  8.094534280000E-02
 -1.777651070000E+00  7.915772500000E-02
 -1.757729290000E+00  7.739003750000E-02
 -1.737805840000E+00  7.564227280000E-02
 -1.717880610000E+00  7.391442360000E-02
 -1.697953700000E+00  7.220651210000E-02
 -1.678025010000E+00  7.051852350000E-02
 -1.658094640000E+00  6.885045770000E-02
 -1.638162730000E+00  6.720232960000E-02
 -1.618229150000E+00  6.557413190000E-02
 -1.598293900000E+00  6.396587190000E-02
 -1.578357100000E+00  6.237754970000E-02
 -1.558418630000E+00  6.080916150000E-02
 -1.538478730000E+00  5.926071110000E-02
 -1.518537160000E+00  5.773220210000E-02
 -1.498594160000E+00  5.622363840000E-02
 -1.478649620000E+00  5.473501610000E-02
 -1.458703640000E+00  5.326633900000E-02
 -1.438756110000E+00  5.181760710000E-02
 -1.418807270000E+00  5.038882790000E-02
 -1.398857000000E+00  4.898000650235E-02
 -1.378905180000E+00  4.759112933230E-02
 -1.358952160000E+00  4.622220544721E-02
 -1.338997720000E+00  4.487323648448E-02
 -1.319041850000E+00  4.354421907030E-02
 -1.299084780000E+00  4.223515590926E-02
 -1.279126410000E+00  4.094605501125E-02
 -1.259166720000E+00  3.967691010867E-02
 -1.239205720000E+00  3.842772425620E-02
 -1.219243530000E+00  3.719849921472E-02
 -1.199280140000E+00  3.598924059712E-02
 -1.179315570000E+00  3.479994294688E-02
 -1.159349680000E+00  3.363061007482E-02
 -1.139382840000E+00  3.248124436087E-02
 -1.119414690000E+00  3.135184357920E-02
 -1.099445460000E+00  3.024241383066E-02
 -1.079475160000E+00  2.915295245694E-02
 -1.059503790000E+00  2.808346216314E-02
 -1.039531350000E+00  2.703394449519E-02
 -1.019557830000E+00  2.600439793176E-02
 -9.995833640000E-01  2.499482681668E-02
 -9.796078800000E-01  2.400523046721E-02
 -9.596313830000E-01  2.303560890753E-02
 -9.396539330000E-01  2.208596419326E-02
 -9.196755890000E-01  2.115629846104E-02
 -8.996962900000E-01  2.024661264049E-02
 -8.797160980000E-01  1.935690419342E-02
 -8.597350120000E-01  1.848717779179E-02
 -8.397530910000E-01  1.763743230986E-02
 -8.197702770000E-01  1.680766896317E-02
 -7.997866870000E-01  1.599788841450E-02
 -7.798022630000E-01  1.520809272338E-02
 -7.598171230000E-01  1.443828182710E-02
 -7.398311500000E-01  1.368845673803E-02
 -7.198444600000E-01  1.295861712494E-02
 -6.998571160000E-01  1.224876567635E-02
 -6.798689960000E-01  1.155890124896E-02
 -6.598802210000E-01  1.088902498239E-02
 -6.398907900000E-01  1.023913868815E-02
 -6.199007030000E-01  9.609242192926E-03
 -5.999100210000E-01  8.999335790388E-03
 -5.799186830000E-01  8.409420175172E-03
 -5.599268080000E-01  7.839496446209E-03
 -5.399343970000E-01  7.289565020892E-03
 -5.199413900000E-01  6.759626286873E-03
 -4.999479060000E-01  6.249680823549E-03
 -4.799539150000E-01  5.759729024464E-03
 -4.599594470000E-01  5.289771842258E-03
 -4.399645030000E-01  4.839809253960E-03
 -4.199691410000E-01  4.409841765801E-03
 -3.999733330000E-01  3.999869814377E-03
 -3.799771370000E-01  3.609894323434E-03
 -3.599805530000E-01  3.239914842129E-03
 -3.399836120000E-01  2.889932517804E-03
 -3.199863430000E-01  2.559947137131E-03
 -2.999887470000E-01  2.249959246878E-03
 -2.799908520000E-01  1.959969068180E-03
 -2.599926890000E-01  1.689977109454E-03
 -2.399942430000E-01  1.439983396658E-03
 -2.199955580000E-01  1.209988378448E-03
 -1.999966650000E-01  9.999922478948E-04
 -1.799975630000E-01  8.099950429685E-04
 -1.599982980000E-01  6.399970287235E-04
 -1.399988530000E-01  4.899983434875E-04
 -1.199992820000E-01  3.599991469688E-04
 -9.999958430000E-02  2.499996233448E-04
 -7.999978960000E-02  1.599998651174E-04
 -5.999990930000E-02  8.999996803291E-05
 -3.999997300000E-02  3.999999788767E-05
 -1.999999580000E-02  1.000000008419E-05
  0.000000000000E+00  0.000000000000E+00
  1.999999580000E-02  1.000000008419E-05
  3.999997300000E-02  3.999999788767E-05
  5.999990930000E-02  8.999996803291E-05
  7.999978960000E-02  1.599998651174E-04
  9.999958430000E-02  2.499996233448E-04
  1.199992820000E-01  3.599991469688E-04
  1.399988530000E-01  4.899983434875E-04
  1.599982980000E-01  6.399970287235E-04
  1.799975630000E-01  8.099950429685E-04
  1.999966650000E-01  9.999922478948E-04
  2.199955580000E-01  1.209988378448E-03
  2.399942430000E-01  1.439983396658E-03
  2.599926890000E-01  1.689977109454E-03
  2.799908520000E-01  1.959969068180E-03
  2.999887470000E-01  2.249959246878E-03
  3.199863430000E-01  2.559947137131E-03
  3.399836120000E-01  2.889932517804E-03
  3.599805530000E-01  3.239914842129E-03
  3.799771370000E-01  3.609894323434E-03
  3.999733330000E-01  3.999869814377E-03
  4.199691410000E-01  4.409841765801E-03
  4.399645030000E-01  4.839809253960E-03
  4.599594470000E-01  5.289771842258E-03
  4.799539150000E-01  5.759729024464E-03
  4.999479060000E-01  6.249680823549E-03
  5.199413900000E-01  6.759626286873E-03
  5.399343970000E-01  7.289565020892E-03
  5.599268080000E-01  7.839496446209E-03
  5.799186830000E-01  8.409420175172E-03
  5.999100210000E-01  8.999335790388E-03
  6.199007030000E-01  9.609242192926E-03
  6.398907900000E-01  1.023913868815E-02
  6.598802210000E-01  1.088902498239E-02
  6.798689960000E-01  1.155890124896E-02
  6.998571160000E-01  1.224876567635E-02
  7.198444600000E-01  1.295861712494E-02
  7.398311500000E-01  1.368845673803E-02
  7.598171230000E-01  1.443828182710E-02
  7.798022630000E-01  1.520809272338E-02
  7.997866870000E-01  1.599788841450E-02
  8.197702770000E-01  1.680766896317E-02
  8.397530910000E-01  1.763743230986E-02
  8.597350120000E-01  1.848717779179E-02
  8.797160980000E-01  1.935690419342E-02
  8.996962900000E-01  2.024661264049E-02
  9.196755890000E-01  2.115629846104E-02
  9.396539330000E-01  2.208596419326E-02
  9.596313830000E-01  2.303560890753E-02
  9.796078800000E-01  2.400523046721E-02
  9.995833640000E-01  2.499482681668E-02
  1.019557830000E+00  2.600439793176E-02
  1.039531350000E+00  2.703394449519E-02
  1.059503790000E+00  2.808346216314E-02
  1.079475160000E+00  2.915295245694E-02
  1.099445460000E+00  3.024241383066E-02
  1.119414690000E+00  3.135184357920E-02
  1.139382840000E+00  3.248124436087E-02
  1.159349680000E+00  3.363061007482E-02
  1.179315570000E+00  3.479994294688E-02
  1.199280140000E+00  3.598924059712E-02
  1.219243530000E+00  3.719849921472E-02
  1.239205720000E+00  3.842772425620E-02
  1.259166720000E+00  3.967691010867E-02
  1.279126410000E+00  4.094605501125E-02
  1.299084780000E+00  4.223515590926E-02
  1.319041850000E+00  4.354421907030E-02
  1.338997720000E+00  4.487323648448E-02
  1.358952160000E+00  4.622220544721E-02
  1.378905180000E+00  4.759112933230E-02
  1.398857000000E+00  4.898000650235E-02
  1.418807270000E+00  5.038882790000E-02
  1.438756110000E+00  5.181760710000E-02
  1.458703640000E+00  5.326633900000E-02
  1.478649620000E+00  5.473501610000E-02
  1.498594160000E+00  5.622363840000E-02
  1.518537160000E+00  5.773220210000E-02
  1.538478730000E+00  5.926071110000E-02
  1.558418630000E+00  6.080916150000E-02
  1.578357100000E+00  6.237754970000E-02
  1.598293900000E+00  6.396587190000E-02
  1.618229150000E+00  6.557413190000E-02
  1.638162730000E+00  6.720232960000E-02
  1.658094640000E+00  6.885045770000E-02
  1.678025010000E+00  7.051852350000E-02
  1.697953700000E+00  7.220651210000E-02
  1.717880610000E+00  7.391442360000E-02
  1.737805840000E+00  7.564227280000E-02
  1.757729290000E+00  7.739003750000E-02
  1.777651070000E+00  7.915772500000E-02
  1.797570940000E+00  8.094534280000E-02
STEP   7 TIME  5.00200000E+03
BODY 1   181
 -1.799999950000E+00 -5.557910256301E-05
 -1.779999970000E+00 -5.421010862416E-15
 -1.759999990000E+00 -5.421010862416E-15
 -1.740000010000E+00 -5.421010862416E-15
 -1.720000030000E+00 -5.421010862416E-15
 -1.700000050000E+00 -5.421010862416E-15
 -1.679999950000E+00 -5.421010862416E-15
 -1.659999970000E+00 -5.421010862416E-15
 -1.639999990000E+00 -5.421010862416E-15
 -1.620000000000E+00 -5.421010862416E-15
 -1.600000020000E+00 -5.421010862416E-15
 -1.580000040000E+00 -5.421010862416E-15
 -1.559999940000E+00 -5.421010862416E-15
 -1.539999960000E+00 -5.421010862416E-15
 -1.519999980000E+00 -5.421010862416E-15
 -1.500000000000E+00 -5.421010862416E-15
 -1.480000020000E+00 -5.421010862416E-15
 -1.460000040000E+00 -5.421010862416E-15
 -1.440000060000E+00 -5.421010862416E-15
 -1.419999960000E+00 -5.421010862416E-15
 -1.399999980000E+00 -5.421010862416E-15
 -1.380000000000E+00 -5.421010862416E-15
 -1.360000010000E+00 -5.421010862416E-15
 -1.340000030000E+00 -5.421010862416E-15
 -1.320000050000E+00 -5.421010862416E-15
 -1.299999950000E+00 -5.421010862416E-15
 -1.279999970000E+00 -5.421010862416E-15
 -1.259999990000E+00 -5.421010862416E-15
 -1.240000010000E+00 -5.421010862416E-15
 -1.220000030000E+00 -5.421010862416E-15
 -1.200000050000E+00 -5.421010862416E-15
 -1.179999950000E+00 -5.421010862416E-15
 -1.159999970000E+00 -5.421010862416E-15
 -1.139999990000E+00 -5.421010862416E-15
 -1.120000000000E+00 -5.421010862416E-15
 -1.100000020000E+00 -5.421010862416E-15
 -1.080000040000E+00 -5.421010862416E-15
 -1.059999940000E+00 -5.421010862416E-15
 -1.039999960000E+00 -5.421010862416E-15
 -1.019999980000E+00 -5.421010862416E-15
 -1.000000000000E+00 -5.421010862416E-15
 -9.800000190000E-01 -5.421010862416E-15
 -9.599999790000E-01 -5.421010862416E-15
 -9.399999980000E-01 -5.421010862416E-15
 -9.200000170000E-01 -5.421010862416E-15
 -8.999999760000E-01 -5.421010862416E-15
 -8.799999950000E-01 -5.421010862416E-15
 -8.600000140000E-01 -5.421010862416E-15
 -8.399999740000E-01 -5.421010862416E-15
 -8.199999930000E-01 -5.421010862416E-15
 -8.000000120000E-01 -5.421010862416E-15
 -7.799999710000E-01 -5.421010862416E-15
 -7.599999900000E-01 -5.421010862416E-15
 -7.400000100000E-01 -5.421010862416E-15
 -7.200000290000E-01 -5.421010862416E-15
 -6.999999880000E-01 -5.421010862416E-15
 -6.800000070000E-01 -5.421010862416E-15
 -6.600000260000E-01 -5.421010862416E-15
 -6.399999860000E-01 -1.005328955559E-04
 -6.200000050000E-01 -6.052637759235E-04
 -6.000000240000E-01 -1.202648825313E-03
 -5.799999830000E-01 -1.788702652547E-03
 -5.600000020000E-01 -2.356334113439E-03
 -5.400000210000E-01 -2.904085483655E-03
 -5.199999810000E-01 -3.432094280456E-03
 -5.000000000000E-01 -3.940210370782E-03
 -4.799999890000E-01 -4.428462128245E-03
 -4.600000080000E-01 -4.896823693199E-03
 -4.399999980000E-01 -5.345286353889E-03
 -4.199999870000E-01 -5.773849114385E-03
 -4.000000060000E-01 -6.182497593728E-03
 -3.799999950000E-01 -6.571230289297E-03
 -3.600000140000E-01 -6.940044891491E-03
 -3.400000040000E-01 -7.288936895010E-03
 -3.199999930000E-01 -7.617902451276E-03
 -3.000000120000E-01 -7.926936659332E-03
 -2.800000010000E-01 -8.216043552448E-03
 -2.599999900000E-01 -8.485217768111E-03
 -2.399999950000E-01 -8.734457587806E-03
 -2.199999990000E-01 -8.963761118899E-03
 -2.000000030000E-01 -9.173128406025E-03
 -1.800000070000E-01 -9.362558212459E-03
 -1.599999960000E-01 -9.532050090484E-03
 -1.400000010000E-01 -9.681602971032E-03
 -1.199999970000E-01 -9.811216594412E-03
 -1.000000010000E-01 -9.920890391501E-03
 -7.999999820000E-02 -1.001062380009E-02
 -5.999999870000E-02 -1.008041511693E-02
 -3.999999910000E-02 -1.013025890482E-02
 -1.999999960000E-02 -1.016014106753E-02
  0.000000000000E+00 -1.017003698609E-02
  1.999999960000E-02 -1.016014106753E-02
  3.999999910000E-02 -1.013025890482E-02
  5.999999870000E-02 -1.008041511693E-02
  7.999999820000E-02 -1.001062380009E-02
  1.000000010000E-01 -9.920890391501E-03
  1.199999970000E-01 -9.811216594411E-03
  1.400000010000E-01 -9.681602971032E-03
  1.599999960000E-01 -9.532050090484E-03
  1.800000070000E-01 -9.362558212459E-03
  2.000000030000E-01 -9.173128406025E-03
  2.199999990000E-01 -8.963761118899E-03
  2.399999950000E-01 -8.734457587805E-03
  2.599999900000E-01 -8.485217768110E-03
  2.800000010000E-01 -8.216043552448E-03
  3.000000120000E-01 -7.926936659332E-03
  3.199999930000E-01 -7.617902451276E-03
  3.400000040000E-01 -7.288936895010E-03
  3.600000140000E-01 -6.940044891491E-03
  3.799999950000E-01 -6.571230289297E-03
  4.000000060000E-01 -6.182497593728E-03
  4.199999870000E-01 -5.773849114385E-03
  4.399999980000E-01 -5.345286353889E-03
  4.600000080000E-01 -4.896823693200E-03
  4.799999890000E-01 -4.428462128245E-03
  5.000000000000E-01 -3.940210370782E-03
  5.199999810000E-01 -3.432094280457E-03
  5.400000210000E-01 -2.904085483654E-03
  5.600000020000E-01 -2.356334113439E-03
  5.799999830000E-01 -1.788702652547E-03
  6.000000240000E-01 -1.202648825313E-03
  6.200000050000E-01 -6.052637759233E-04
  6.399999860000E-01 -1.005328955560E-04
  6.600000260000E-01 -5.421010862416E-15
  6.800000070000E-01 -5.421010862416E-15
  6.999999880000E-01 -5.421010862416E-15
  7.200000290000E-01 -5.421010862416E-15
  7.400000100000E-01 -5.421010862416E-15
  7.599999900000E-01 -5.421010862416E-15
  7.799999710000E-01 -5.421010862416E-15
  8.000000120000E-01 -5.421010862416E-15
  8.199999930000E-01 -5.421010862416E-15
  8.399999740000E-01 -5.421010862416E-15
  8.600000140000E-01 -5.421010862416E-15
  8.799999950000E-01 -5.421010862416E-15
  8.999999760000E-01 -5.421010862416E-15
  9.200000170000E-01 -5.421010862416E-15
  9.399999980000E-01 -5.421010862416E-15
  9.599999790000E-01 -5.421010862416E-15
  9.800000190000E-01 -5.421010862416E-15
  1.000000000000E+00 -5.421010862416E-15
  1.019999980000E+00 -5.421010862416E-15
  1.039999960000E+00 -5.421010862416E-15
  1.059999940000E+00 -5.421010862416E-15
  1.080000040000E+00 -5.421010862416E-15
  1.100000020000E+00 -5.421010862416E-15
  1.120000000000E+00 -5.421010862416E-15
  1.139999990000E+00 -5.421010862416E-15
  1.159999970000E+00 -5.421010862416E-15
  1.179999950000E+00 -5.421010862416E-15
  1.200000050000E+00 -5.421010862416E-15
  1.220000030000E+00 -5.421010862416E-15
  1.240000010000E+00 -5.421010862416E-15
  1.259999990000E+00 -5.421010862416E-15
  1.279999970000E+00 -5.421010862416E-15
  1.299999950000E+00 -5.421010862416E-15
  1.320000050000E+00 -5.421010862416E-15
  1.340000030000E+00 -5.421010862416E-15
  1.360000010000E+00 -5.421010862416E-15
  1.380000000000E+00 -5.421010862416E-15
  1.399999980000E+00 -5.421010862416E-15
  1.419999960000E+00 -5.421010862416E-15
  1.440000060000E+00 -5.421010862416E-15
  1.460000040000E+00 -5.421010862416E-15
  1.480000020000E+00 -5.421010862416E-15
  1.500000000000E+00 -5.421010862416E-15
  1.519999980000E+00 -5.421010862416E-15
  1.539999960000E+00 -5.421010862416E-15
  1.559999940000E+00 -5.421010862416E-15
  1.580000040000E+00 -5.421010862416E-15
  1.600000020000E+00 -5.421010862416E-15
  1.620000000000E+00 -5.421010862416E-15
  1.639999990000E+00 -5.421010862416E-15
  1.659999970000E+00 -5.421010862416E-15
  1.679999950000E+00 -5.421010862416E-15
  1.700000050000E+00 -5.421010862416E-15
  1.720000030000E+00 -5.421010862416E-15
  1.740000010000E+00 -5.421010862416E-15
  1.759999990000E+00 -5.421010862416E-15
  1.779999970000E+00 -5.421010862416E-15
  1.799999950000E+00 -5.557910257206E-05
BODY 2   181
 -1.797570940000E+00  8.094534280000E-02
 -1.777651070000E+00  7.915772500000E-02
 -1.757729290000E+00  7.739003750000E-02
 -1.737805840000E+00  7.564227280000E-02
 -1.717880610000E+00  7.391442360000E-02
 -1.697953700000E+00  7.220651210000E-02
 -1.678025010000E+00  7.051852350000E-02
 -1.658094640000E+00  6.885045770000E-02
 -1.638162730000E+00  6.720232960000E-02
 -1.618229150000E+00  6.557413190000E-02
 -1.598293900000E+00  6.396587190000E-02
 -1.578357100000E+00  6.237754970000E-02
 -1.558418630000E+00  6.080916150000E-02
 -1.538478730000E+00  5.926071110000E-02
 -1.518537160000E+00  5.773220210000E-02
 -1.498594160000E+00  5.622363840000E-02
 -1.478649620000E+00  5.473501610000E-02
 -1.458703640000E+00  5.326633900000E-02
 -1.438756110000E+00  5.181760710000E-02
 -1.418807270000E+00  5.038882790000E-02
 -1.398857000000E+00  4.898000650235E-02
 -1.378905180000E+00  4.759112933230E-02
 -1.358952160000E+00  4.622220544721E-02
 -1.338997720000E+00  4.487323648448E-02
 -1.319041850000E+00  4.354421907030E-02
 -1.299084780000E+00  4.223515590926E-02
 -1.279126410000E+00  4.094605501125E-02
 -1.259166720000E+00  3.967691010867E-02
 -1.239205720000E+00  3.842772425620E-02
 -1.219243530000E+00  3.719849921472E-02
 -1.199280140000E+00  3.598924059712E-02
 -1.179315570000E+00  3.479994294688E-02
 -1.159349680000E+00  3.363061007482E-02
 -1.139382840000E+00  3.248124436087E-02
 -1.119414690000E+00  3.135184357920E-02
 -1.099445460000E+00  3.024241383066E-02
 -1.079475160000E+00  2.915295245694E-02
 -1.059503790000E+00  2.808346216314E-02
 -1.039531350000E+00  2.703394449519E-02
 -1.019557830000E+00  2.600439793176E-02
 -9.995833640000E-01  2.499482681668E-02
 -9.796078800000E-01  2.400523046721E-02
 -9.596313830000E-01  2.303560890753E-02
 -9.396539330000E-01  2.208596419326E-02
 -9.196755890000E-01  2.115629846104E-02
 -8.996962900000E-01  2.024661264049E-02
 -8.797160980000E-01  1.935690419342E-02
 -8.597350120000E-01  1.848717779179E-02
 -8.397530910000E-01  1.763743230986E-02
 -8.197702770000E-01  1.680766896317E-02
 -7.997866870000E-01  1.599788841450E-02
 -7.798022630000E-01  1.520809272338E-02
 -7.598171230000E-01  1.443828182710E-02
 -7.398311500000E-01  1.368845673803E-02
 -7.198444600000E-01  1.295861712494E-02
 -6.998571160000E-01  1.224876567635E-02
 -6.798689960000E-01  1.155890124896E-02
 -6.598802210000E-01  1.088902498239E-02
 -6.398907900000E-01  1.023913868815E-02
 -6.199007030000E-01  9.609242192926E-03
 -5.999100210000E-01  8.999335790388E-03
 -5.799186830000E-01  8.409420175172E-03
 -5.599268080000E-01  7.839496446209E-03
 -5.399343970000E-01  7.289565020892E-03
 -5.199413900000E-01  6.759626286873E-03
 -4.999479060000E-01  6.249680823549E-03
 -4.799539150000E-01  5.759729024464E-03
 -4.599594470000E-01  5.289771842258E-03
 -4.399645030000E-01  4.839809253960E-03
 -4.199691410000E-01  4.409841765801E-03
 -3.999733330000E-01  3.999869814377E-03
 -3.799771370000E-01  3.609894323434E-03
 -3.599805530000E-01  3.239914842129E-03
 -3.399836120000E-01  2.889932517804E-03
 -3.199863430000E-01  2.559947137131E-03
 -2.999887470000E-01  2.249959246878E-03
 -2.799908520000E-01  1.959969068180E-03
 -2.599926890000E-01  1.689977109454E-03
 -2.399942430000E-01  1.439983396658E-03
 -2.199955580000E-01  1.209988378448E-03
 -1.999966650000E-01  9.999922478948E-04
 -1.799975630000E-01  8.099950429685E-04
 -1.599982980000E-01  6.399970287235E-04
 -1.399988530000E-01  4.899983434875E-04
 -1.199992820000E-01  3.599991469688E-04
 -9.999958430000E-02  2.499996233448E-04
 -7.999978960000E-02  1.599998651174E-04
 -5.999990930000E-02  8.999996803291E-05
 -3.999997300000E-02  3.999999788767E-05
 -1.999999580000E-02  1.000000008419E-05
  0.000000000000E+00  0.000000000000E+00
  1.999999580000E-02  1.000000008419E-05
  3.999997300000E-02  3.999999788767E-05
  5.999990930000E-02  8.999996803291E-05
  7.999978960000E-02  1.599998651174E-04
  9.999958430000E-02  2.499996233448E-04
  1.199992820000E-01  3.599991469688E-04
  1.399988530000E-01  4.899983434875E-04
  1.599982980000E-01  6.399970287235E-04
  1.799975630000E-01  8.099950429685E-04
  1.999966650000E-01  9.999922478948E-04
  2.199955580000E-01  1.209988378448E-03
  2.399942430000E-01  1.439983396658E-03
  2.599926890000E-01  1.689977109454E-03
  2.799908520000E-01  1.959969068180E-03
  2.999887470000E-01  2.249959246878E-03
  3.199863430000E-01  2.559947137131E-03
  3.399836120000E-01  2.889932517804E-03
  3.599805530000E-01  3.239914842129E-03
  3.799771370000E-01  3.609894323434E-03
  3.999733330000E-01  3.999869814377E-03
  4.199691410000E-01  4.409841765801E-03
  4.399645030000E-01  4.839809253960E-03
  4.599594470000E-01  5.289771842258E-03
  4.799539150000E-01  5.759729024464E-03
  4.999479060000E-01  6.249680823549E-03
  5.199413900000E-01  6.759626286873E-03
  5.399343970000E-01  7.289565020892E-03
  5.599268080000E-01  7.839496446209E-03
  5.799186830000E-01  8.409420175172E-03
  5.999100210000E-01  8.999335790388E-03
  6.199007030000E-01  9.609242192926E-03
  6.398907900000E-01  1.023913868815E-02
  6.598802210000E-01  1.088902498239E-02
  6.798689960000E-01  1.155890124896E-02
  6.998571160000E-01  1.224876567635E-02
  7.198444600000E-01  1.295861712494E-02
  7.398311500000E-01  1.368845673803E-02
  7.598171230000E-01  1.443828182710E-02
  7.798022630000E-01  1.520809272338E-02
  7.997866870000E-01  1.599788841450E-02
  8.197702770000E-01  1.680766896317E-02
  8.397530910000E-01  1.763743230986E-02
  8.597350120000E-01  1.848717779179E-02
  8.797160980000E-01  1.935690419342E-02
  8.996962900000E-01  2.024661264049E-02
  9.196755890000E-01  2.115629846104E-02
  9.396539330000E-01  2.208596419326E-02
  9.596313830000E-01  2.303560890753E-02
  9.796078800000E-01  2.400523046721E-02
  9.995833640000E-01  2.499482681668E-02
  1.019557830000E+00  2.600439793176E-02
  1.039531350000E+00  2.703394449519E-02
  1.059503790000E+00  2.808346216314E-02
  1.079475160000E+00  2.915295245694E-02
  1.099445460000E+00  3.024241383066E-02
  1.119414690000E+00  3.135184357920E-02
  1.139382840000E+00  3.248124436087E-02
  1.159349680000E+00  3.363061007482E-02
  1.179315570000E+00  3.479994294688E-02
  1.199280140000E+00  3.598924059712E-02
  1.219243530000E+00  3.719849921472E-02
  1.239205720000E+00  3.842772425620E-02
  1.259166720000E+00  3.967691010867E-02
  1.279126410000E+00  4.094605501125E-02
  1.299084780000E+00  4.223515590926E-02
  1.319041850000E+00  4.354421907030E-02
  1.338997720000E+00  4.487323648448E-02
  1.358952160000E+00  4.622220544721E-02
  1.378905180000E+00  4.759112933230E-02
  1.398857000000E+00  4.898000650235E-02
  1.418807270000E+00  5.038882790000E-02
  1.438756110000E+00  5.181760710000E-02
  1.458703640000E+00  5.326633900000E-02
  1.478649620000E+00  5.473501610000E-02
  1.498594160000E+00  5.622363840000E-02
  1.518537160000E+00  5.773220210000E-02
  1.538478730000E+00  5.926071110000E-02
  1.558418630000E+00  6.080916150000E-02
  1.578357100000E+00  6.237754970000E-02
  1.598293900000E+00  6.396587190000E-02
  1.618229150000E+00  6.557413190000E-02
  1.638162730000E+00  6.720232960000E-02
  1.658094640000E+00  6.885045770000E-02
  1.678025010000E+00  7.051852350000E-02
  1.697953700000E+00  7.220651210000E-02
  1.717880610000E+00  7.391442360000E-02
  1.737805840000E+00  7.564227280000E-02
  1.757729290000E+00  7.739003750000E-02
  1.777651070000E+00  7.915772500000E-02
  1.797570940000E+00  8.094534280000E-02
STEP   8 TIME  6.00200000E+03
BODY 1   181
 -1.799999950000E+00 -5.288556353123E-05
 -1.779999970000E+00 -6.505213034896E-15
 -1.759999990000E+00 -6.505213034896E-15
 -1.740000010000E+00 -6.505213034896E-15
 -1.720000030000E+00 -6.505213034896E-15
 -1.700000050000E+00 -6.505213034896E-15
 -1.679999950000E+00 -6.505213034896E-15
 -1.659999970000E+00 -6.505213034896E-15
 -1.639999990000E+00 -6.505213034896E-15
 -1.620000000000E+00 -6.505213034896E-15
 -1.600000020000E+00 -6.505213034896E-15
 -1.580000040000E+00 -6.505213034896E-15
 -1.559999940000E+00 -6.505213034896E-15
 -1.539999960000E+00 -6.505213034896E-15
 -1.519999980000E+00 -6.505213034896E-15
 -1.500000000000E+00 -6.505213034896E-15
 -1.480000020000E+00 -6.505213034896E-15
 -1.460000040000E+00 -6.505213034896E-15
 -1.440000060000E+00 -6.505213034896E-15
 -1.419999960000E+00 -6.505213034896E-15
 -1.399999980000E+00 -6.505213034896E-15
 -1.380000000000E+00 -6.505213034896E-15
 -1.360000010000E+00 -6.505213034896E-15
 -1.340000030000E+00 -6.505213034896E-15
 -1.320000050000E+00 -6.505213034896E-15
 -1.299999950000E+00 -6.505213034896E-15
 -1.279999970000E+00 -6.505213034896E-15
 -1.259999990000E+00 -6.505213034896E-15
 -1.240000010000E+00 -6.505213034896E-15
 -1.220000030000E+00 -6.505213034896E-15
 -1.200000050000E+00 -6.505213034896E-15
 -1.179999950000E+00 -6.505213034896E-15
 -1.159999970000E+00 -6.505213034896E-15
 -1.139999990000E+00 -6.505213034896E-15
 -1.120000000000E+00 -6.505213034896E-15
 -1.100000020000E+00 -6.505213034896E-15
 -1.080000040000E+00 -6.505213034896E-15
 -1.059999940000E+00 -6.505213034896E-15
 -1.039999960000E+00 -6.505213034896E-15
 -1.019999980000E+00 -6.505213034896E-15
 -1.000000000000E+00 -6.505213034896E-15
 -9.800000190000E-01 -6.505213034896E-15
 -9.599999790000E-01 -6.505213034896E-15
 -9.399999980000E-01 -6.505213034896E-15
 -9.200000170000E-01 -6.505213034896E-15
 -8.999999760000E-01 -6.505213034896E-15
 -8.799999950000E-01 -6.505213034896E-15
 -8.600000140000E-01 -6.505213034896E-15
 -8.399999740000E-01 -6.505213034896E-15
 -8.199999930000E-01 -6.505213034896E-15
 -8.000000120000E-01 -6.505213034896E-15
 -7.799999710000E-01 -6.505213034896E-15
 -7.599999900000E-01 -6.505213034896E-15
 -7.400000100000E-01 -6.505213034896E-15
 -7.200000290000E-01 -6.505213034896E-15
 -6.999999880000E-01 -6.505213034897E-15
 -6.800000070000E-01 -1.063625018405E-04
 -6.600000260000E-01 -6.421053436636E-04
 -6.399999860000E-01 -1.278856404403E-03
 -6.200000050000E-01 -1.905003500529E-03
 -6.000000240000E-01 -2.512824894908E-03
 -5.799999830000E-01 -3.100718620642E-03
 -5.600000020000E-01 -3.668848942775E-03
 -5.400000210000E-01 -4.217072554952E-03
 -5.199999810000E-01 -4.745431470101E-03
 -5.000000000000E-01 -5.253872694032E-03
 -4.799999890000E-01 -5.742410969377E-03
 -4.600000080000E-01 -6.211030887986E-03
 -4.399999980000E-01 -6.659728071770E-03
 -4.199999870000E-01 -7.088504313230E-03
 -4.000000060000E-01 -7.497349483948E-03
 -3.799999950000E-01 -7.886259382866E-03
 -3.600000140000E-01 -8.255238760735E-03
 -3.400000040000E-01 -8.604280945359E-03
 -3.199999930000E-01 -8.933384238854E-03
 -3.000000120000E-01 -9.242546022573E-03
 -2.800000010000E-01 -9.531767505926E-03
 -2.599999900000E-01 -9.801046563622E-03
 -2.399999950000E-01 -1.005038150626E-02
 -2.199999990000E-01 -1.027977027701E-02
 -2.000000030000E-01 -1.048921459226E-02
 -1.800000070000E-01 -1.067871321037E-02
 -1.599999960000E-01 -1.084826582460E-02
 -1.400000010000E-01 -1.099787163617E-02
 -1.199999970000E-01 -1.112753059079E-02
 -1.000000010000E-01 -1.123724242488E-02
 -7.999999820000E-02 -1.132700685290E-02
 -5.999999870000E-02 -1.139682329193E-02
 -3.999999910000E-02 -1.144668718792E-02
 -1.999999960000E-02 -1.147658609629E-02
  0.000000000000E+00 -1.148648519947E-02
  1.999999960000E-02 -1.147658609629E-02
  3.999999910000E-02 -1.144668718792E-02
  5.999999870000E-02 -1.139682329193E-02
  7.999999820000E-02 -1.132700685290E-02
  1.000000010000E-01 -1.123724242488E-02
  1.199999970000E-01 -1.112753059079E-02
  1.400000010000E-01 -1.099787163617E-02
  1.599999960000E-01 -1.084826582460E-02
  1.800000070000E-01 -1.067871321037E-02
  2.000000030000E-01 -1.048921459226E-02
  2.199999990000E-01 -1.027977027701E-02
  2.399999950000E-01 -1.005038150626E-02
  2.599999900000E-01 -9.801046563621E-03
  2.800000010000E-01 -9.531767505926E-03
  3.000000120000E-01 -9.242546022573E-03
  3.199999930000E-01 -8.933384238855E-03
  3.400000040000E-01 -8.604280945359E-03
  3.600000140000E-01 -8.255238760735E-03
  3.799999950000E-01 -7.886259382867E-03
  4.000000060000E-01 -7.497349483949E-03
  4.199999870000E-01 -7.088504313230E-03
  4.399999980000E-01 -6.659728071771E-03
  4.600000080000E-01 -6.211030887987E-03
  4.799999890000E-01 -5.742410969377E-03
  5.000000000000E-01 -5.253872694033E-03
  5.199999810000E-01 -4.745431470102E-03
  5.400000210000E-01 -4.217072554952E-03
  5.600000020000E-01 -3.668848942775E-03
  5.799999830000E-01 -3.100718620641E-03
  6.000000240000E-01 -2.512824894908E-03
  6.200000050000E-01 -1.905003500528E-03
  6.399999860000E-01 -1.278856404403E-03
  6.600000260000E-01 -6.421053436634E-04
  6.800000070000E-01 -1.063625018404E-04
  6.999999880000E-01 -6.505213035061E-15
  7.200000290000E-01 -6.505213034896E-15
  7.400000100000E-01 -6.505213034896E-15
  7.599999900000E-01 -6.505213034896E-15
  7.799999710000E-01 -6.505213034896E-15
  8.000000120000E-01 -6.505213034896E-15
  8.199999930000E-01 -6.505213034896E-15
  8.399999740000E-01 -6.505213034896E-15
  8.600000140000E-01 -6.505213034896E-15
  8.799999950000E-01 -6.505213034896E-15
  8.999999760000E-01 -6.505213034896E-15
  9.200000170000E-01 -6.505213034896E-15
  9.399999980000E-01 -6.505213034896E-15
  9.599999790000E-01 -6.505213034896E-15
  9.800000190000E-01 -6.505213034896E-15
  1.000000000000E+00 -6.505213034896E-15
  1.019999980000E+00 -6.505213034896E-15
  1.039999960000E+00 -6.505213034896E-15
  1.059999940000E+00 -6.505213034896E-15
  1.080000040000E+00 -6.505213034896E-15
  1.100000020000E+00 -6.505213034896E-15
  1.120000000000E+00 -6.505213034896E-15
  1.139999990000E+00 -6.505213034896E-15
  1.159999970000E+00 -6.505213034896E-15
  1.179999950000E+00 -6.505213034896E-15
  1.200000050000E+00 -6.505213034896E-15
  1.220000030000E+00 -6.505213034896E-15
  1.240000010000E+00 -6.505213034896E-15
  1.259999990000E+00 -6.505213034896E-15
  1.279999970000E+00 -6.505213034896E-15
  1.299999950000E+00 -6.505213034896E-15
  1.320000050000E+00 -6.505213034896E-15
  1.340000030000E+00 -6.505213034896E-15
  1.360000010000E+00 -6.505213034896E-15
  1.380000000000E+00 -6.505213034896E-15
  1.399999980000E+00 -6.505213034896E-15
  1.419999960000E+00 -6.505213034896E-15
  1.440000060000E+00 -6.505213034896E-15
  1.460000040000E+00 -6.505213034896E-15
  1.480000020000E+00 -6.505213034896E-15
  1.500000000000E+00 -6.505213034896E-15
  1.519999980000E+00 -6.505213034896E-15
  1.539999960000E+00 -6.505213034896E-15
  1.559999940000E+00 -6.505213034896E-15
  1.580000040000E+00 -6.505213034896E-15
  1.600000020000E+00 -6.505213034896E-15
  1.620000000000E+00 -6.505213034896E-15
  1.639999990000E+00 -6.505213034896E-15
  1.659999970000E+00 -6.505213034896E-15
  1.679999950000E+00 -6.505213034896E-15
  1.700000050000E+00 -6.505213034896E-15
  1.720000030000E+00 -6.505213034896E-15
  1.740000010000E+00 -6.505213034896E-15
  1.759999990000E+00 -6.505213034896E-15
  1.779999970000E+00 -6.505213034896E-15
  1.799999950000E+00 -5.288556354381E-05
BODY 2   181
 -1.797570940000E+00  8.094534280000E-02
 -1.777651070000E+00  7.915772500000E-02
 -1.757729290000E+00  7.739003750000E-02
 -1.737805840000E+00  7.564227280000E-02
 -1.717880610000E+00  7.391442360000E-02
 -1.697953700000E+00  7.220651210000E-02
 -1.678025010000E+00  7.051852350000E-02
 -1.658094640000E+00  6.885045770000E-02
 -1.638162730000E+00  6.720232960000E-02
 -1.618229150000E+00  6.557413190000E-02
 -1.598293900000E+00  6.396587190000E-02
 -1.578357100000E+00  6.237754970000E-02
 -1.558418630000E+00  6.080916150000E-02
 -1.538478730000E+00  5.926071110000E-02
 -1.518537160000E+00  5.773220210000E-02
 -1.498594160000E+00  5.622363840000E-02
 -1.478649620000E+00  5.473501610000E-02
 -1.458703640000E+00  5.326633900000E-02
 -1.438756110000E+00  5.181760710000E-02
 -1.418807270000E+00  5.038882790000E-02
 -1.398857000000E+00  4.898000650235E-02
 -1.378905180000E+00  4.759112933230E-02
 -1.358952160000E+00  4.622220544721E-02
 -1.338997720000E+00  4.487323648448E-02
 -1.319041850000E+00  4.354421907030E-02
 -1.299084780000E+00  4.223515590926E-02
 -1.279126410000E+00  4.094605501125E-02
 -1.259166720000E+00  3.967691010867E-02
 -1.239205720000E+00  3.842772425620E-02
 -1.219243530000E+00  3.719849921472E-02
 -1.199280140000E+00  3.598924059712E-02
 -1.179315570000E+00  3.479994294688E-02
 -1.159349680000E+00  3.363061007482E-02
 -1.139382840000E+00  3.248124436087E-02
 -1.119414690000E+00  3.135184357920E-02
 -1.099445460000E+00  3.024241383066E-02
 -1.079475160000E+00  2.915295245694E-02
 -1.059503790000E+00  2.808346216314E-02
 -1.039531350000E+00  2.703394449519E-02
 -1.019557830000E+00  2.600439793176E-02
 -9.995833640000E-01  2.499482681668E-02
 -9.796078800000E-01  2.400523046721E-02
 -9.596313830000E-01  2.303560890753E-02
 -9.396539330000E-01  2.208596419326E-02
 -9.196755890000E-01  2.115629846104E-02
 -8.996962900000E-01  2.024661264049E-02
 -8.797160980000E-01  1.935690419342E-02
 -8.597350120000E-01  1.848717779179E-02
 -8.397530910000E-01  1.763743230986E-02
 -8.197702770000E-01  1.680766896317E-02
 -7.997866870000E-01  1.599788841450E-02
 -7.798022630000E-01  1.520809272338E-02
 -7.598171230000E-01  1.443828182710E-02
 -7.398311500000E-01  1.368845673803E-02
 -7.198444600000E-01  1.295861712494E-02
 -6.998571160000E-01  1.224876567635E-02
 -6.798689960000E-01  1.155890124896E-02
 -6.598802210000E-01  1.088902498239E-02
 -6.398907900000E-01  1.023913868815E-02
 -6.199007030000E-01  9.609242192926E-03
 -5.999100210000E-01  8.999335790388E-03
 -5.799186830000E-01  8.409420175172E-03
 -5.599268080000E-01  7.839496446209E-03
 -5.399343970000E-01  7.289565020892E-03
 -5.199413900000E-01  6.759626286873E-03
 -4.999479060000E-01  6.249680823549E-03
 -4.799539150000E-01  5.759729024464E-03
 -4.599594470000E-01  5.289771842258E-03
 -4.399645030000E-01  4.839809253960E-03
 -4.199691410000E-01  4.409841765801E-03
 -3.999733330000E-01  3.999869814377E-03
 -3.799771370000E-01  3.609894323434E-03
 -3.599805530000E-01  3.239914842129E-03
 -3.399836120000E-01  2.889932517804E-03
 -3.199863430000E-01  2.559947137131E-03
 -2.999887470000E-01  2.249959246878E-03
 -2.799908520000E-01  1.959969068180E-03
 -2.599926890000E-01  1.689977109454E-03
 -2.399942430000E-01  1.439983396658E-03
 -2.199955580000E-01  1.209988378448E-03
 -1.999966650000E-01  9.999922478948E-04
 -1.799975630000E-01  8.099950429685E-04
 -1.599982980000E-01  6.399970287235E-04
 -1.399988530000E-01  4.899983434875E-04
 -1.199992820000E-01  3.599991469688E-04
 -9.999958430000E-02  2.499996233448E-04
 -7.999978960000E-02  1.599998651174E-04
 -5.999990930000E-02  8.999996803291E-05
 -3.999997300000E-02  3.999999788767E-05
 -1.999999580000E-02  1.000000008419E-05
  0.000000000000E+00  0.000000000000E+00
  1.999999580000E-02  1.000000008419E-05
  3.999997300000E-02  3.999999788767E-05
  5.999990930000E-02  8.999996803291E-05
  7.999978960000E-02  1.599998651174E-04
  9.999958430000E-02  2.499996233448E-04
  1.199992820000E-01  3.599991469688E-04
  1.399988530000E-01  4.899983434875E-04
  1.599982980000E-01  6.399970287235E-04
  1.799975630000E-01  8.099950429685E-04
  1.999966650000E-01  9.999922478948E-04
  2.199955580000E-01  1.209988378448E-03
  2.399942430000E-01  1.439983396658E-03
  2.599926890000E-01  1.689977109454E-03
  2.799908520000E-01  1.959969068180E-03
  2.999887470000E-01  2.249959246878E-03
  3.199863430000E-01  2.559947137131E-03
  3.399836120000E-01  2.889932517804E-03
  3.599805530000E-01  3.239914842129E-03
  3.799771370000E-01  3.609894323434E-03
  3.999733330000E-01  3.999869814377E-03
  4.199691410000E-01  4.409841765801E-03
  4.399645030000E-01  4.839809253960E-03
  4.599594470000E-01  5.289771842258E-03
  4.799539150000E-01  5.759729024464E-03
  4.999479060000E-01  6.249680823549E-03
  5.199413900000E-01  6.759626286873E-03
  5.399343970000E-01  7.289565020892E-03
  5.599268080000E-01  7.839496446209E-03
  5.799186830000E-01  8.409420175172E-03
  5.999100210000E-01  8.999335790388E-03
  6.199007030000E-01  9.609242192926E-03
  6.398907900000E-01  1.023913868815E-02
  6.598802210000E-01  1.088902498239E-02
  6.798689960000E-01  1.155890124896E-02
  6.998571160000E-01  1.224876567635E-02
  7.198444600000E-01  1.295861712494E-02
  7.398311500000E-01  1.368845673803E-02
  7.598171230000E-01  1.443828182710E-02
  7.798022630000E-01  1.520809272338E-02
  7.997866870000E-01  1.599788841450E-02
  8.197702770000E-01  1.680766896317E-02
  8.397530910000E-01  1.763743230986E-02
  8.597350120000E-01  1.848717779179E-02
  8.797160980000E-01  1.935690419342E-02
  8.996962900000E-01  2.024661264049E-02
  9.196755890000E-01  2.115629846104E-02
  9.396539330000E-01  2.208596419326E-02
  9.596313830000E-01  2.303560890753E-02
  9.796078800000E-01  2.400523046721E-02
  9.995833640000E-01  2.499482681668E-02
  1.019557830000E+00  2.600439793176E-02
  1.039531350000E+00  2.703394449519E-02
  1.059503790000E+00  2.808346216314E-02
  1.079475160000E+00  2.915295245694E-02
  1.099445460000E+00  3.024241383066E-02
  1.119414690000E+00  3.135184357920E-02
  1.139382840000E+00  3.248124436087E-02
  1.159349680000E+00  3.363061007482E-02
  1.179315570000E+00  3.479994294688E-02
  1.199280140000E+00  3.598924059712E-02
  1.219243530000E+00  3.719849921472E-02
  1.239205720000E+00  3.842772425620E-02
  1.259166720000E+00  3.967691010867E-02
  1.279126410000E+00  4.094605501125E-02
  1.299084780000E+00  4.223515590926E-02
  1.319041850000E+00  4.354421907030E-02
  1.338997720000E+00  4.487323648448E-02
  1.358952160000E+00  4.622220544721E-02
  1.378905180000E+00  4.759112933230E-02
  1.398857000000E+00  4.898000650235E-02
  1.418807270000E+00  5.038882790000E-02
  1.438756110000E+00  5.181760710000E-02
  1.458703640000E+00  5.326633900000E-02
  1.478649620000E+00  5.473501610000E-02
  1.498594160000E+00  5.622363840000E-02
  1.518537160000E+00  5.773220210000E-02
  1.538478730000E+00  5.926071110000E-02
  1.558418630000E+00  6.080916150000E-02
  1.578357100000E+00  6.237754970000E-02
  1.598293900000E+00  6.396587190000E-02
  1.618229150000E+00  6.557413190000E-02
  1.638162730000E+00  6.720232960000E-02
  1.658094640000E+00  6.885045770000E-02
  1.678025010000E+00  7.051852350000E-02
  1.697953700000E+00  7.220651210000E-02
  1.717880610000E+00  7.391442360000E-02
  1.737805840000E+00  7.564227280000E-02
  1.757729290000E+00  7.739003750000E-02
  1.777651070000E+00  7.915772500000E-02
  1.797570940000E+00  8.094534280000E-02
STEP   9 TIME  7.00200000E+03
BODY 1   181
 -1.799999950000E+00 -5.062061008442E-05
 -1.779999970000E+00 -7.589415207376E-15
 -1.759999990000E+00 -7.589415207376E-15
 -1.740000010000E+00 -7.589415207376E-15
 -1.720000030000E+00 -7.589415207376E-15
 -1.700000050000E+00 -7.589415207376E-15
 -1.679999950000E+00 -7.589415207376E-15
 -1.659999970000E+00 -7.589415207376E-15
 -1.639999990000E+00 -7.589415207376E-15
 -1.620000000000E+00 -7.589415207376E-15
 -1.600000020000E+00 -7.589415207376E-15
 -1.580000040000E+00 -7.589415207376E-15
 -1.559999940000E+00 -7.589415207376E-15
 -1.539999960000E+00 -7.589415207376E-15
 -1.519999980000E+00 -7.589415207376E-15
 -1.500000000000E+00 -7.589415207376E-15
 -1.480000020000E+00 -7.589415207376E-15
 -1.460000040000E+00 -7.589415207376E-15
 -1.440000060000E+00 -7.589415207376E-15
 -1.419999960000E+00 -7.589415207376E-15
 -1.399999980000E+00 -7.589415207376E-15
 -1.380000000000E+00 -7.589415207376E-15
 -1.360000010000E+00 -7.589415207376E-15
 -1.340000030000E+00 -7.589415207376E-15
 -1.320000050000E+00 -7.589415207376E-15
 -1.299999950000E+00 -7.589415207376E-15
 -1.279999970000E+00 -7.589415207376E-15
 -1.259999990000E+00 -7.589415207376E-15
 -1.240000010000E+00 -7.589415207376E-15
 -1.220000030000E+00 -7.589415207376E-15
 -1.200000050000E+00 -7.589415207376E-15
 -1.179999950000E+00 -7.589415207376E-15
 -1.159999970000E+00 -7.589415207376E-15
 -1.139999990000E+00 -7.589415207376E-15
 -1.120000000000E+00 -7.589415207376E-15
 -1.100000020000E+00 -7.589415207376E-15
 -1.080000040000E+00 -7.589415207376E-15
 -1.059999940000E+00 -7.589415207376E-15
 -1.039999960000E+00 -7.589415207376E-15
 -1.019999980000E+00 -7.589415207376E-15
 -1.000000000000E+00 -7.589415207376E-15
 -9.800000190000E-01 -7.589415207376E-15
 -9.599999790000E-01 -7.589415207376E-15
 -9.399999980000E-01 -7.589415207376E-15
 -9.200000170000E-01 -7.589415207376E-15
 -8.999999760000E-01 -7.589415207376E-15
 -8.799999950000E-01 -7.589415207376E-15
 -8.600000140000E-01 -7.589415207376E-15
 -8.399999740000E-01 -7.589415207376E-15
 -8.199999930000E-01 -7.589415207376E-15
 -8.000000120000E-01 -7.589415207376E-15
 -7.799999710000E-01 -7.589415207376E-15
 -7.599999900000E-01 -7.589415207376E-15
 -7.400000100000E-01 -7.589415207376E-15
 -7.200000290000E-01 -8.211662154757E-05
 -6.999999880000E-01 -5.340528057850E-04
 -6.800000070000E-01 -1.204001387719E-03
 -6.600000260000E-01 -1.868899547081E-03
 -6.399999860000E-01 -2.517073487161E-03
 -6.200000050000E-01 -3.145058967167E-03
 -6.000000240000E-01 -3.753334618464E-03
 -5.799999830000E-01 -4.341666204692E-03
 -5.600000020000E-01 -4.910116535931E-03
 -5.400000210000E-01 -5.458641679350E-03
 -5.199999810000E-01 -5.987262636972E-03
 -5.000000000000E-01 -6.495946286475E-03
 -4.799999890000E-01 -6.984701506527E-03
 -4.600000080000E-01 -7.453522335725E-03
 -4.399999980000E-01 -7.902403393116E-03
 -4.199999870000E-01 -8.331350258229E-03
 -4.000000060000E-01 -8.740351581782E-03
 -3.799999950000E-01 -9.129407070391E-03
 -3.600000140000E-01 -9.498518285635E-03
 -3.400000040000E-01 -9.847682131567E-03
 -3.199999930000E-01 -1.017689735554E-02
 -3.000000120000E-01 -1.048616155005E-02
 -2.800000010000E-01 -1.077547694475E-02
 -2.599999900000E-01 -1.104484185936E-02
 -2.399999950000E-01 -1.129425513140E-02
 -2.199999990000E-01 -1.152371477411E-02
 -2.000000030000E-01 -1.173322297097E-02
 -1.800000070000E-01 -1.192277867456E-02
 -1.599999960000E-01 -1.209238180206E-02
 -1.400000010000E-01 -1.224203169150E-02
 -1.199999970000E-01 -1.237172838898E-02
 -1.000000010000E-01 -1.248147169112E-02
 -7.999999820000E-02 -1.257126225237E-02
 -5.999999870000E-02 -1.264109944783E-02
 -3.999999910000E-02 -1.269097970183E-02
 -1.999999960000E-02 -1.272089298979E-02
  0.000000000000E+00 -1.273079650679E-02
  1.999999960000E-02 -1.272089298979E-02
  3.999999910000E-02 -1.269097970183E-02
  5.999999870000E-02 -1.264109944783E-02
  7.999999820000E-02 -1.257126225237E-02
  1.000000010000E-01 -1.248147169112E-02
  1.199999970000E-01 -1.237172838898E-02
  1.400000010000E-01 -1.224203169150E-02
  1.599999960000E-01 -1.209238180206E-02
  1.800000070000E-01 -1.192277867456E-02
  2.000000030000E-01 -1.173322297097E-02
  2.199999990000E-01 -1.152371477411E-02
  2.399999950000E-01 -1.129425513140E-02
  2.599999900000E-01 -1.104484185936E-02
  2.800000010000E-01 -1.077547694475E-02
  3.000000120000E-01 -1.048616155005E-02
  3.199999930000E-01 -1.017689735554E-02
  3.400000040000E-01 -9.847682131567E-03
  3.600000140000E-01 -9.498518285635E-03
  3.799999950000E-01 -9.129407070391E-03
  4.000000060000E-01 -8.740351581782E-03
  4.199999870000E-01 -8.331350258229E-03
  4.399999980000E-01 -7.902403393116E-03
  4.600000080000E-01 -7.453522335725E-03
  4.799999890000E-01 -6.984701506527E-03
  5.000000000000E-01 -6.495946286476E-03
  5.199999810000E-01 -5.987262636972E-03
  5.400000210000E-01 -5.458641679350E-03
  5.600000020000E-01 -4.910116535931E-03
  5.799999830000E-01 -4.341666204691E-03
  6.000000240000E-01 -3.753334618463E-03
  6.200000050000E-01 -3.145058967167E-03
  6.399999860000E-01 -2.517073487160E-03
  6.600000260000E-01 -1.868899547081E-03
  6.800000070000E-01 -1.204001387719E-03
  6.999999880000E-01 -5.340528057849E-04
  7.200000290000E-01 -8.211662154755E-05
  7.400000100000E-01 -7.589415207376E-15
  7.599999900000E-01 -7.589415207376E-15
  7.799999710000E-01 -7.589415207376E-15
  8.000000120000E-01 -7.589415207376E-15
  8.199999930000E-01 -7.589415207376E-15
  8.399999740000E-01 -7.589415207376E-15
  8.600000140000E-01 -7.589415207376E-15
  8.799999950000E-01 -7.589415207376E-15
  8.999999760000E-01 -7.589415207376E-15
  9.200000170000E-01 -7.589415207376E-15
  9.399999980000E-01 -7.589415207376E-15
  9.599999790000E-01 -7.589415207376E-15
  9.800000190000E-01 -7.589415207376E-15
  1.000000000000E+00 -7.589415207376E-15
  1.019999980000E+00 -7.589415207376E-15
  1.039999960000E+00 -7.589415207376E-15
  1.059999940000E+00 -7.589415207376E-15
  1.080000040000E+00 -7.589415207376E-15
  1.100000020000E+00 -7.589415207376E-15
  1.120000000000E+00 -7.589415207376E-15
  1.139999990000E+00 -7.589415207376E-15
  1.159999970000E+00 -7.589415207376E-15
  1.179999950000E+00 -7.589415207376E-15
  1.200000050000E+00 -7.589415207376E-15
  1.220000030000E+00 -7.589415207376E-15
  1.240000010000E+00 -7.589415207376E-15
  1.259999990000E+00 -7.589415207376E-15
  1.279999970000E+00 -7.589415207376E-15
  1.299999950000E+00 -7.589415207376E-15
  1.320000050000E+00 -7.589415207376E-15
  1.340000030000E+00 -7.589415207376E-15
  1.360000010000E+00 -7.589415207376E-15
  1.380000000000E+00 -7.589415207376E-15
  1.399999980000E+00 -7.589415207376E-15
  1.419999960000E+00 -7.589415207376E-15
  1.440000060000E+00 -7.589415207376E-15
  1.460000040000E+00 -7.589415207376E-15
  1.480000020000E+00 -7.589415207376E-15
  1.500000000000E+00 -7.589415207376E-15
  1.519999980000E+00 -7.589415207376E-15
  1.539999960000E+00 -7.589415207376E-15
  1.559999940000E+00 -7.589415207376E-15
  1.580000040000E+00 -7.589415207376E-15
  1.600000020000E+00 -7.589415207376E-15
  1.620000000000E+00 -7.589415207376E-15
  1.639999990000E+00 -7.589415207376E-15
  1.659999970000E+00 -7.589415207376E-15
  1.679999950000E+00 -7.589415207376E-15
  1.700000050000E+00 -7.589415207376E-15
  1.720000030000E+00 -7.589415207376E-15
  1.740000010000E+00 -7.589415207376E-15
  1.759999990000E+00 -7.589415207376E-15
  1.779999970000E+00 -7.589415207376E-15
  1.799999950000E+00 -5.062061010613E-05
BODY 2   181
 -1.797570940000E+00  8.094534280000E-02
 -1.777651070000E+00  7.915772500000E-02
 -1.757729290000E+00  7.739003750000E-02
 -1.737805840000E+00  7.564227280000E-02
 -1.717880610000E+00  7.391442360000E-02
 -1.697953700000E+00  7.220651210000E-02
 -1.678025010000E+00  7.051852350000E-02
 -1.658094640000E+00  6.885045770000E-02
 -1.638162730000E+00  6.720232960000E-02
 -1.618229150000E+00  6.557413190000E-02
 -1.598293900000E+00  6.396587190000E-02
 -1.578357100000E+00  6.237754970000E-02
 -1.558418630000E+00  6.080916150000E-02
 -1.538478730000E+00  5.926071110000E-02
 -1.518537160000E+00  5.773220210000E-02
 -1.498594160000E+00  5.622363840000E-02
 -1.478649620000E+00  5.473501610000E-02
 -1.458703640000E+00  5.326633900000E-02
 -1.438756110000E+00  5.181760710000E-02
 -1.418807270000E+00  5.038882790000E-02
 -1.398857000000E+00  4.898000650235E-02
 -1.378905180000E+00  4.759112933230E-02
 -1.358952160000E+00  4.622220544721E-02
 -1.338997720000E+00  4.487323648448E-02
 -1.319041850000E+00  4.354421907030E-02
 -1.299084780000E+00  4.223515590926E-02
 -1.279126410000E+00  4.094605501125E-02
 -1.259166720000E+00  3.967691010867E-02
 -1.239205720000E+00  3.842772425620E-02
 -1.219243530000E+00  3.719849921472E-02
 -1.199280140000E+00  3.598924059712E-02
 -1.179315570000E+00  3.479994294688E-02
 -1.159349680000E+00  3.363061007482E-02
 -1.139382840000E+00  3.248124436087E-02
 -1.119414690000E+00  3.135184357920E-02
 -1.099445460000E+00  3.024241383066E-02
 -1.079475160000E+00  2.915295245694E-02
 -1.059503790000E+00  2.808346216314E-02
 -1.039531350000E+00  2.703394449519E-02
 -1.019557830000E+00  2.600439793176E-02
 -9.995833640000E-01  2.499482681668E-02
 -9.796078800000E-01  2.400523046721E-02
 -9.596313830000E-01  2.303560890753E-02
 -9.396539330000E-01  2.208596419326E-02
 -9.196755890000E-01  2.115629846104E-02
 -8.996962900000E-01  2.024661264049E-02
 -8.797160980000E-01  1.935690419342E-02
 -8.597350120000E-01  1.848717779179E-02
 -8.397530910000E-01  1.763743230986E-02
 -8.197702770000E-01  1.680766896317E-02
 -7.997866870000E-01  1.599788841450E-02
 -7.798022630000E-01  1.520809272338E-02
 -7.598171230000E-01  1.443828182710E-02
 -7.398311500000E-01  1.368845673803E-02
 -7.198444600000E-01  1.295861712494E-02
 -6.998571160000E-01  1.224876567635E-02
 -6.798689960000E-01  1.155890124896E-02
 -6.598802210000E-01  1.088902498239E-02
 -6.398907900000E-01  1.023913868815E-02
 -6.199007030000E-01  9.609242192926E-03
 -5.999100210000E-01  8.999335790388E-03
 -5.799186830000E-01  8.409420175172E-03
 -5.599268080000E-01  7.839496446209E-03
 -5.399343970000E-01  7.289565020892E-03
 -5.199413900000E-01  6.759626286873E-03
 -4.999479060000E-01  6.249680823549E-03
 -4.799539150000E-01  5.759729024464E-03
 -4.599594470000E-01  5.289771842258E-03
 -4.399645030000E-01  4.839809253960E-03
 -4.199691410000E-01  4.409841765801E-03
 -3.999733330000E-01  3.999869814377E-03
 -3.799771370000E-01  3.609894323434E-03
 -3.599805530000E-01  3.239914842129E-03
 -3.399836120000E-01  2.889932517804E-03
 -3.199863430000E-01  2.559947137131E-03
 -2.999887470000E-01  2.249959246878E-03
 -2.799908520000E-01  1.959969068180E-03
 -2.599926890000E-01  1.689977109454E-03
 -2.399942430000E-01  1.439983396658E-03
 -2.199955580000E-01  1.209988378448E-03
 -1.999966650000E-01  9.999922478948E-04
 -1.799975630000E-01  8.099950429685E-04
 -1.599982980000E-01  6.399970287235E-04
 -1.399988530000E-01  4.899983434875E-04
 -1.199992820000E-01  3.599991469688E-04
 -9.999958430000E-02  2.499996233448E-04
 -7.999978960000E-02  1.599998651174E-04
 -5.999990930000E-02  8.999996803291E-05
 -3.999997300000E-02  3.999999788767E-05
 -1.999999580000E-02  1.000000008419E-05
  0.000000000000E+00  0.000000000000E+00
  1.999999580000E-02  1.000000008419E-05
  3.999997300000E-02  3.999999788767E-05
  5.999990930000E-02  8.999996803291E-05
  7.999978960000E-02  1.599998651174E-04
  9.999958430000E-02  2.499996233448E-04
  1.199992820000E-01  3.599991469688E-04
  1.399988530000E-01  4.899983434875E-04
  1.599982980000E-01  6.399970287235E-04
  1.799975630000E-01  8.099950429685E-04
  1.999966650000E-01  9.999922478948E-04
  2.199955580000E-01  1.209988378448E-03
  2.399942430000E-01  1.439983396658E-03
  2.599926890000E-01  1.689977109454E-03
  2.799908520000E-01  1.959969068180E-03
  2.999887470000E-01  2.249959246878E-03
  3.199863430000E-01  2.559947137131E-03
  3.399836120000E-01  2.889932517804E-03
  3.599805530000E-01  3.239914842129E-03
  3.799771370000E-01  3.609894323434E-03
  3.999733330000E-01  3.999869814377E-03
  4.199691410000E-01  4.409841765801E-03
  4.399645030000E-01  4.839809253960E-03
  4.599594470000E-01  5.289771842258E-03
  4.799539150000E-01  5.759729024464E-03
  4.999479060000E-01  6.249680823549E-03
  5.199413900000E-01  6.759626286873E-03
  5.399343970000E-01  7.289565020892E-03
  5.599268080000E-01  7.839496446209E-03
  5.799186830000E-01  8.409420175172E-03
  5.999100210000E-01  8.999335790388E-03
  6.199007030000E-01  9.609242192926E-03
  6.398907900000E-01  1.023913868815E-02
  6.598802210000E-01  1.088902498239E-02
  6.798689960000E-01  1.155890124896E-02
  6.998571160000E-01  1.224876567635E-02
  7.198444600000E-01  1.295861712494E-02
  7.398311500000E-01  1.368845673803E-02
  7.598171230000E-01  1.443828182710E-02
  7.798022630000E-01  1.520809272338E-02
  7.997866870000E-01  1.599788841450E-02
  8.197702770000E-01  1.680766896317E-02
  8.397530910000E-01  1.763743230986E-02
  8.597350120000E-01  1.848717779179E-02
  8.797160980000E-01  1.935690419342E-02
  8.996962900000E-01  2.024661264049E-02
  9.196755890000E-01  2.115629846104E-02
  9.396539330000E-01  2.208596419326E-02
  9.596313830000E-01  2.303560890753E-02
  9.796078800000E-01  2.400523046721E-02
  9.995833640000E-01  2.499482681668E-02
  1.019557830000E+00  2.600439793176E-02
  1.039531350000E+00  2.703394449519E-02
  1.059503790000E+00  2.808346216314E-02
  1.079475160000E+00  2.915295245694E-02
  1.099445460000E+00  3.024241383066E-02
  1.119414690000E+00  3.135184357920E-02
  1.139382840000E+00  3.248124436087E-02
  1.159349680000E+00  3.363061007482E-02
  1.179315570000E+00  3.479994294688E-02
  1.199280140000E+00  3.598924059712E-02
  1.219243530000E+00  3.719849921472E-02
  1.239205720000E+00  3.842772425620E-02
  1.259166720000E+00  3.967691010867E-02
  1.279126410000E+00  4.094605501125E-02
  1.299084780000E+00  4.223515590926E-02
  1.319041850000E+00  4.354421907030E-02
  1.338997720000E+00  4.487323648448E-02
  1.358952160000E+00  4.622220544721E-02
  1.378905180000E+00  4.759112933230E-02
  1.398857000000E+00  4.898000650235E-02
  1.418807270000E+00  5.038882790000E-02
  1.438756110000E+00  5.181760710000E-02
  1.458703640000E+00  5.326633900000E-02
  1.478649620000E+00  5.473501610000E-02
  1.498594160000E+00  5.622363840000E-02
  1.518537160000E+00  5.773220210000E-02
  1.538478730000E+00  5.926071110000E-02
  1.558418630000E+00  6.080916150000E-02
  1.578357100000E+00  6.237754970000E-02
  1.598293900000E+00  6.396587190000E-02
  1.618229150000E+00  6.557413190000E-02
  1.638162730000E+00  6.720232960000E-02
  1.658094640000E+00  6.885045770000E-02
  1.678025010000E+00  7.051852350000E-02
  1.697953700000E+00  7.220651210000E-02
  1.717880610000E+00  7.391442360000E-02
  1.737805840000E+00  7.564227280000E-02
  1.757729290000E+00  7.739003750000E-02
  1.777651070000E+00  7.915772500000E-02
  1.797570940000E+00  8.094534280000E-02
STEP  10 TIME  8.00200000E+03
BODY 1   181
 -1.799999950000E+00 -4.868772253040E-05
 -1.779999970000E+00 -8.673617379854E-15
 -1.759999990000E+00 -8.673617379854E-15
 -1.740000010000E+00 -8.673617379854E-15
 -1.720000030000E+00 -8.673617379854E-15
 -1.700000050000E+00 -8.673617379854E-15
 -1.679999950000E+00 -8.673617379854E-15
 -1.659999970000E+00 -8.673617379854E-15
 -1.639999990000E+00 -8.673617379854E-15
 -1.620000000000E+00 -8.673617379854E-15
 -1.600000020000E+00 -8.673617379854E-15
 -1.580000040000E+00 -8.673617379854E-15
 -1.559999940000E+00 -8.673617379854E-15
 -1.539999960000E+00 -8.673617379854E-15
 -1.519999980000E+00 -8.673617379854E-15
 -1.500000000000E+00 -8.673617379854E-15
 -1.480000020000E+00 -8.673617379854E-15
 -1.460000040000E+00 -8.673617379854E-15
 -1.440000060000E+00 -8.673617379854E-15
 -1.419999960000E+00 -8.673617379854E-15
 -1.399999980000E+00 -8.673617379854E-15
 -1.380000000000E+00 -8.673617379854E-15
 -1.360000010000E+00 -8.673617379854E-15
 -1.340000030000E+00 -8.673617379854E-15
 -1.320000050000E+00 -8.673617379854E-15
 -1.299999950000E+00 -8.673617379854E-15
 -1.279999970000E+00 -8.673617379854E-15
 -1.259999990000E+00 -8.673617379854E-15
 -1.240000010000E+00 -8.673617379854E-15
 -1.220000030000E+00 -8.673617379854E-15
 -1.200000050000E+00 -8.673617379854E-15
 -1.179999950000E+00 -8.673617379854E-15
 -1.159999970000E+00 -8.673617379854E-15
 -1.139999990000E+00 -8.673617379854E-15
 -1.120000000000E+00 -8.673617379854E-15
 -1.100000020000E+00 -8.673617379854E-15
 -1.080000040000E+00 -8.673617379854E-15
 -1.059999940000E+00 -8.673617379854E-15
 -1.039999960000E+00 -8.673617379854E-15
 -1.019999980000E+00 -8.673617379854E-15
 -1.000000000000E+00 -8.673617379854E-15
 -9.800000190000E-01 -8.673617379854E-15
 -9.599999790000E-01 -8.673617379854E-15
 -9.399999980000E-01 -8.673617379854E-15
 -9.200000170000E-01 -8.673617379854E-15
 -8.999999760000E-01 -8.673617379854E-15
 -8.799999950000E-01 -8.673617379854E-15
 -8.600000140000E-01 -8.673617379854E-15
 -8.399999740000E-01 -8.673617379854E-15
 -8.199999930000E-01 -8.673617379854E-15
 -8.000000120000E-01 -8.673617379854E-15
 -7.799999710000E-01 -8.673617379854E-15
 -7.599999900000E-01 -3.153220366918E-05
 -7.400000100000E-01 -2.965368390593E-04
 -7.200000290000E-01 -9.937109310416E-04
 -6.999999880000E-01 -1.696023937074E-03
 -6.800000070000E-01 -2.384719167641E-03
 -6.600000260000E-01 -3.052785010376E-03
 -6.399999860000E-01 -3.701228625778E-03
 -6.200000050000E-01 -4.329671068693E-03
 -6.000000240000E-01 -4.938223876297E-03
 -5.799999830000E-01 -5.526840359138E-03
 -5.600000020000E-01 -6.095535938109E-03
 -5.400000210000E-01 -6.644288087203E-03
 -5.199999810000E-01 -7.173114776461E-03
 -5.000000000000E-01 -7.681989757912E-03
 -4.799999890000E-01 -8.170915563337E-03
 -4.600000080000E-01 -8.639897868121E-03
 -4.399999980000E-01 -9.088929722162E-03
 -4.199999870000E-01 -9.518013261508E-03
 -4.000000060000E-01 -9.927140489975E-03
 -3.799999950000E-01 -1.031631416048E-02
 -3.600000140000E-01 -1.068553369764E-02
 -3.400000040000E-01 -1.103479808131E-02
 -3.199999930000E-01 -1.136410627135E-02
 -3.000000120000E-01 -1.167345441894E-02
 -2.800000010000E-01 -1.196284787138E-02
 -2.599999900000E-01 -1.223228400753E-02
 -2.399999950000E-01 -1.248176198194E-02
 -2.199999990000E-01 -1.271128279153E-02
 -2.000000030000E-01 -1.292084539775E-02
 -1.800000070000E-01 -1.311044948116E-02
 -1.599999960000E-01 -1.328009546152E-02
 -1.400000010000E-01 -1.342978277825E-02
 -1.199999970000E-01 -1.355951162163E-02
 -1.000000010000E-01 -1.366928189711E-02
 -7.999999820000E-02 -1.375909382054E-02
 -5.999999870000E-02 -1.382894753126E-02
 -3.999999910000E-02 -1.387884073058E-02
 -1.999999960000E-02 -1.390876594663E-02
  0.000000000000E+00 -1.391867461896E-02
  1.999999960000E-02 -1.390876594663E-02
  3.999999910000E-02 -1.387884073058E-02
  5.999999870000E-02 -1.382894753126E-02
  7.999999820000E-02 -1.375909382054E-02
  1.000000010000E-01 -1.366928189711E-02
  1.199999970000E-01 -1.355951162163E-02
  1.400000010000E-01 -1.342978277825E-02
  1.599999960000E-01 -1.328009546152E-02
  1.800000070000E-01 -1.311044948116E-02
  2.000000030000E-01 -1.292084539775E-02
  2.199999990000E-01 -1.271128279153E-02
  2.399999950000E-01 -1.248176198194E-02
  2.599999900000E-01 -1.223228400753E-02
  2.800000010000E-01 -1.196284787138E-02
  3.000000120000E-01 -1.167345441894E-02
  3.199999930000E-01 -1.136410627135E-02
  3.400000040000E-01 -1.103479808131E-02
  3.600000140000E-01 -1.068553369764E-02
  3.799999950000E-01 -1.031631416048E-02
  4.000000060000E-01 -9.927140489976E-03
  4.199999870000E-01 -9.518013261508E-03
  4.399999980000E-01 -9.088929722162E-03
  4.600000080000E-01 -8.639897868122E-03
  4.799999890000E-01 -8.170915563337E-03
  5.000000000000E-01 -7.681989757912E-03
  5.199999810000E-01 -7.173114776461E-03
  5.400000210000E-01 -6.644288087202E-03
  5.600000020000E-01 -6.095535938109E-03
  5.799999830000E-01 -5.526840359138E-03
  6.000000240000E-01 -4.938223876297E-03
  6.200000050000E-01 -4.329671068692E-03
  6.399999860000E-01 -3.701228625778E-03
  6.600000260000E-01 -3.052785010376E-03
  6.800000070000E-01 -2.384719167641E-03
  6.999999880000E-01 -1.696023937074E-03
  7.200000290000E-01 -9.937109310417E-04
  7.400000100000E-01 -2.965368390594E-04
  7.599999900000E-01 -3.153220366920E-05
  7.799999710000E-01 -8.673617379870E-15
  8.000000120000E-01 -8.673617379854E-15
  8.199999930000E-01 -8.673617379854E-15
  8.399999740000E-01 -8.673617379854E-15
  8.600000140000E-01 -8.673617379854E-15
  8.799999950000E-01 -8.673617379854E-15
  8.999999760000E-01 -8.673617379854E-15
  9.200000170000E-01 -8.673617379854E-15
  9.399999980000E-01 -8.673617379854E-15
  9.599999790000E-01 -8.673617379854E-15
  9.800000190000E-01 -8.673617379854E-15
  1.000000000000E+00 -8.673617379854E-15
  1.019999980000E+00 -8.673617379854E-15
  1.039999960000E+00 -8.673617379854E-15
  1.059999940000E+00 -8.673617379854E-15
  1.080000040000E+00 -8.673617379854E-15
  1.100000020000E+00 -8.673617379854E-15
  1.120000000000E+00 -8.673617379854E-15
  1.139999990000E+00 -8.673617379854E-15
  1.159999970000E+00 -8.673617379854E-15
  1.179999950000E+00 -8.673617379854E-15
  1.200000050000E+00 -8.673617379854E-15
  1.220000030000E+00 -8.673617379854E-15
  1.240000010000E+00 -8.673617379854E-15
  1.259999990000E+00 -8.673617379854E-15
  1.279999970000E+00 -8.673617379854E-15
  1.299999950000E+00 -8.673617379854E-15
  1.320000050000E+00 -8.673617379854E-15
  1.340000030000E+00 -8.673617379854E-15
  1.360000010000E+00 -8.673617379854E-15
  1.380000000000E+00 -8.673617379854E-15
  1.399999980000E+00 -8.673617379854E-15
  1.419999960000E+00 -8.673617379854E-15
  1.440000060000E+00 -8.673617379854E-15
  1.460000040000E+00 -8.673617379854E-15
  1.480000020000E+00 -8.673617379854E-15
  1.500000000000E+00 -8.673617379854E-15
  1.519999980000E+00 -8.673617379854E-15
  1.539999960000E+00 -8.673617379854E-15
  1.559999940000E+00 -8.673617379854E-15
  1.580000040000E+00 -8.673617379854E-15
  1.600000020000E+00 -8.673617379854E-15
  1.620000000000E+00 -8.673617379854E-15
  1.639999990000E+00 -8.673617379854E-15
  1.659999970000E+00 -8.673617379854E-15
  1.679999950000E+00 -8.673617379854E-15
  1.700000050000E+00 -8.673617379854E-15
  1.720000030000E+00 -8.673617379854E-15
  1.740000010000E+00 -8.673617379854E-15
  1.759999990000E+00 -8.673617379854E-15
  1.779999970000E+00 -8.673617379854E-15
  1.799999950000E+00 -4.868772257179E-05
BODY 2   181
 -1.797570940000E+00  8.094534280000E-02
 -1.777651070000E+00  7.915772500000E-02
 -1.757729290000E+00  7.739003750000E-02
 -1.737805840000E+00  7.564227280000E-02
 -1.717880610000E+00  7.391442360000E-02
 -1.697953700000E+00  7.220651210000E-02
 -1.678025010000E+00  7.051852350000E-02
 -1.658094640000E+00  6.885045770000E-02
 -1.638162730000E+00  6.720232960000E-02
 -1.618229150000E+00  6.557413190000E-02
 -1.598293900000E+00  6.396587190000E-02
 -1.578357100000E+00  6.237754970000E-02
 -1.558418630000E+00  6.080916150000E-02
 -1.538478730000E+00  5.926071110000E-02
 -1.518537160000E+00  5.773220210000E-02
 -1.498594160000E+00  5.622363840000E-02
 -1.478649620000E+00  5.473501610000E-02
 -1.458703640000E+00  5.326633900000E-02
 -1.438756110000E+00  5.181760710000E-02
 -1.418807270000E+00  5.038882790000E-02
 -1.398857000000E+00  4.898000650235E-02
 -1.378905180000E+00  4.759112933230E-02
 -1.358952160000E+00  4.622220544721E-02
 -1.338997720000E+00  4.487323648448E-02
 -1.319041850000E+00  4.354421907030E-02
 -1.299084780000E+00  4.223515590926E-02
 -1.279126410000E+00  4.094605501125E-02
 -1.259166720000E+00  3.967691010867E-02
 -1.239205720000E+00  3.842772425620E-02
 -1.219243530000E+00  3.719849921472E-02
 -1.199280140000E+00  3.598924059712E-02
 -1.179315570000E+00  3.479994294688E-02
 -1.159349680000E+00  3.363061007482E-02
 -1.139382840000E+00  3.248124436087E-02
 -1.119414690000E+00  3.135184357920E-02
 -1.099445460000E+00  3.024241383066E-02
 -1.079475160000E+00  2.915295245694E-02
 -1.059503790000E+00  2.808346216314E-02
 -1.039531350000E+00  2.703394449519E-02
 -1.019557830000E+00  2.600439793176E-02
 -9.995833640000E-01  2.499482681668E-02
 -9.796078800000E-01  2.400523046721E-02
 -9.596313830000E-01  2.303560890753E-02
 -9.396539330000E-01  2.208596419326E-02
 -9.196755890000E-01  2.115629846104E-02
 -8.996962900000E-01  2.024661264049E-02
 -8.797160980000E-01  1.935690419342E-02
 -8.597350120000E-01  1.848717779179E-02
 -8.397530910000E-01  1.763743230986E-02
 -8.197702770000E-01  1.680766896317E-02
 -7.997866870000E-01  1.599788841450E-02
 -7.798022630000E-01  1.520809272338E-02
 -7.598171230000E-01  1.443828182710E-02
 -7.398311500000E-01  1.368845673803E-02
 -7.198444600000E-01  1.295861712494E-02
 -6.998571160000E-01  1.224876567635E-02
 -6.798689960000E-01  1.155890124896E-02
 -6.598802210000E-01  1.088902498239E-02
 -6.398907900000E-01  1.023913868815E-02
 -6.199007030000E-01  9.609242192926E-03
 -5.999100210000E-01  8.999335790388E-03
 -5.799186830000E-01  8.409420175172E-03
 -5.599268080000E-01  7.839496446209E-03
 -5.399343970000E-01  7.289565020892E-03
 -5.199413900000E-01  6.759626286873E-03
 -4.999479060000E-01  6.249680823549E-03
 -4.799539150000E-01  5.759729024464E-03
 -4.599594470000E-01  5.289771842258E-03
 -4.399645030000E-01  4.839809253960E-03
 -4.199691410000E-01  4.409841765801E-03
 -3.999733330000E-01  3.999869814377E-03
 -3.799771370000E-01  3.609894323434E-03
 -3.599805530000E-01  3.239914842129E-03
 -3.399836120000E-01  2.889932517804E-03
 -3.199863430000E-01  2.559947137131E-03
 -2.999887470000E-01  2.249959246878E-03
 -2.799908520000E-01  1.959969068180E-03
 -2.599926890000E-01  1.689977109454E-03
 -2.399942430000E-01  1.439983396658E-03
 -2.199955580000E-01  1.209988378448E-03
 -1.999966650000E-01  9.999922478948E-04
 -1.799975630000E-01  8.099950429685E-04
 -1.599982980000E-01  6.399970287235E-04
 -1.399988530000E-01  4.899983434875E-04
 -1.199992820000E-01  3.599991469688E-04
 -9.999958430000E-02  2.499996233448E-04
 -7.999978960000E-02  1.599998651174E-04
 -5.999990930000E-02  8.999996803291E-05
 -3.999997300000E-02  3.999999788767E-05
 -1.999999580000E-02  1.000000008419E-05
  0.000000000000E+00  0.000000000000E+00
  1.999999580000E-02  1.000000008419E-05
  3.999997300000E-02  3.999999788767E-05
  5.999990930000E-02  8.999996803291E-05
  7.999978960000E-02  1.599998651174E-04
  9.999958430000E-02  2.499996233448E-04
  1.199992820000E-01  3.599991469688E-04
  1.399988530000E-01  4.899983434875E-04
  1.599982980000E-01  6.399970287235E-04
  1.799975630000E-01  8.099950429685E-04
  1.999966650000E-01  9.999922478948E-04
  2.199955580000E-01  1.209988378448E-03
  2.399942430000E-01  1.439983396658E-03
  2.599926890000E-01  1.689977109454E-03
  2.799908520000E-01  1.959969068180E-03
  2.999887470000E-01  2.249959246878E-03
  3.199863430000E-01  2.559947137131E-03
  3.399836120000E-01  2.889932517804E-03
  3.599805530000E-01  3.239914842129E-03
  3.799771370000E-01  3.609894323434E-03
  3.999733330000E-01  3.999869814377E-03
  4.199691410000E-01  4.409841765801E-03
  4.399645030000E-01  4.839809253960E-03
  4.599594470000E-01  5.289771842258E-03
  4.799539150000E-01  5.759729024464E-03
  4.999479060000E-01  6.249680823549E-03
  5.199413900000E-01  6.759626286873E-03
  5.399343970000E-01  7.289565020892E-03
  5.599268080000E-01  7.839496446209E-03
  5.799186830000E-01  8.409420175172E-03
  5.999100210000E-01  8.999335790388E-03
  6.199007030000E-01  9.609242192926E-03
  6.398907900000E-01  1.023913868815E-02
  6.598802210000E-01  1.088902498239E-02
  6.798689960000E-01  1.155890124896E-02
  6.998571160000E-01  1.224876567635E-02
  7.198444600000E-01  1.295861712494E-02
  7.398311500000E-01  1.368845673803E-02
  7.598171230000E-01  1.443828182710E-02
  7.798022630000E-01  1.520809272338E-02
  7.997866870000E-01  1.599788841450E-02
  8.197702770000E-01  1.680766896317E-02
  8.397530910000E-01  1.763743230986E-02
  8.597350120000E-01  1.848717779179E-02
  8.797160980000E-01  1.935690419342E-02
  8.996962900000E-01  2.024661264049E-02
  9.196755890000E-01  2.115629846104E-02
  9.396539330000E-01  2.208596419326E-02
  9.596313830000E-01  2.303560890753E-02
  9.796078800000E-01  2.400523046721E-02
  9.995833640000E-01  2.499482681668E-02
  1.019557830000E+00  2.600439793176E-02
  1.039531350000E+00  2.703394449519E-02
  1.059503790000E+00  2.808346216314E-02
  1.079475160000E+00  2.915295245694E-02
  1.099445460000E+00  3.024241383066E-02
  1.119414690000E+00  3.135184357920E-02
  1.139382840000E+00  3.248124436087E-02
  1.159349680000E+00  3.363061007482E-02
  1.179315570000E+00  3.479994294688E-02
  1.199280140000E+00  3.598924059712E-02
  1.219243530000E+00  3.719849921472E-02
  1.239205720000E+00  3.842772425620E-02
  1.259166720000E+00  3.967691010867E-02
  1.279126410000E+00  4.094605501125E-02
  1.299084780000E+00  4.223515590926E-02
  1.319041850000E+00  4.354421907030E-02
  1.338997720000E+00  4.487323648448E-02
  1.358952160000E+00  4.622220544721E-02
  1.378905180000E+00  4.759112933230E-02
  1.398857000000E+00  4.898000650235E-02
  1.418807270000E+00  5.038882790000E-02
  1.438756110000E+00  5.181760710000E-02
  1.458703640000E+00  5.326633900000E-02
  1.478649620000E+00  5.473501610000E-02
  1.498594160000E+00  5.622363840000E-02
  1.518537160000E+00  5.773220210000E-02
  1.538478730000E+00  5.926071110000E-02
  1.558418630000E+00  6.080916150000E-02
  1.578357100000E+00  6.237754970000E-02
  1.598293900000E+00  6.396587190000E-02
  1.618229150000E+00  6.557413190000E-02
  1.638162730000E+00  6.720232960000E-02
  1.658094640000E+00  6.885045770000E-02
  1.678025010000E+00  7.051852350000E-02
  1.697953700000E+00  7.220651210000E-02
  1.717880610000E+00  7.391442360000E-02
  1.737805840000E+00  7.564227280000E-02
  1.757729290000E+00  7.739003750000E-02
  1.777651070000E+00  7.915772500000E-02
  1.797570940000E+00  8.094534280000E-02
STEP  11 TIME  9.00200000E+03
BODY 1   181
 -1.799999950000E+00 -4.701413120792E-05
 -1.779999970000E+00 -9.757819552332E-15
 -1.759999990000E+00 -9.757819552332E-15
 -1.740000010000E+00 -9.757819552332E-15
 -1.720000030000E+00 -9.757819552332E-15
 -1.700000050000E+00 -9.757819552332E-15
 -1.679999950000E+00 -9.757819552332E-15
 -1.659999970000E+00 -9.757819552332E-15
 -1.639999990000E+00 -9.757819552332E-15
 -1.620000000000E+00 -9.757819552332E-15
 -1.600000020000E+00 -9.757819552332E-15
 -1.580000040000E+00 -9.757819552332E-15
 -1.559999940000E+00 -9.757819552332E-15
 -1.539999960000E+00 -9.757819552332E-15
 -1.519999980000E+00 -9.757819552332E-15
 -1.500000000000E+00 -9.757819552332E-15
 -1.480000020000E+00 -9.757819552332E-15
 -1.460000040000E+00 -9.757819552332E-15
 -1.440000060000E+00 -9.757819552332E-15
 -1.419999960000E+00 -9.757819552332E-15
 -1.399999980000E+00 -9.757819552332E-15
 -1.380000000000E+00 -9.757819552332E-15
 -1.360000010000E+00 -9.757819552332E-15
 -1.340000030000E+00 -9.757819552332E-15
 -1.320000050000E+00 -9.757819552332E-15
 -1.299999950000E+00 -9.757819552332E-15
 -1.279999970000E+00 -9.757819552332E-15
 -1.259999990000E+00 -9.757819552332E-15
 -1.240000010000E+00 -9.757819552332E-15
 -1.220000030000E+00 -9.757819552332E-15
 -1.200000050000E+00 -9.757819552332E-15
 -1.179999950000E+00 -9.757819552332E-15
 -1.159999970000E+00 -9.757819552332E-15
 -1.139999990000E+00 -9.757819552332E-15
 -1.120000000000E+00 -9.757819552332E-15
 -1.100000020000E+00 -9.757819552332E-15
 -1.080000040000E+00 -9.757819552332E-15
 -1.059999940000E+00 -9.757819552332E-15
 -1.039999960000E+00 -9.757819552332E-15
 -1.019999980000E+00 -9.757819552332E-15
 -1.000000000000E+00 -9.757819552332E-15
 -9.800000190000E-01 -9.757819552332E-15
 -9.599999790000E-01 -9.757819552332E-15
 -9.399999980000E-01 -9.757819552332E-15
 -9.200000170000E-01 -9.757819552332E-15
 -8.999999760000E-01 -9.757819552332E-15
 -8.799999950000E-01 -9.757819552332E-15
 -8.600000140000E-01 -9.757819552332E-15
 -8.399999740000E-01 -9.757819552332E-15
 -8.199999930000E-01 -9.757819552332E-15
 -8.000000120000E-01 -9.757819552332E-15
 -7.799999710000E-01 -1.065541289424E-04
 -7.599999900000E-01 -6.658781778337E-04
 -7.400000100000E-01 -1.398107335032E-03
 -7.200000290000E-01 -2.123963318170E-03
 -6.999999880000E-01 -2.832264219065E-03
 -6.800000070000E-01 -3.520493447594E-03
 -6.600000260000E-01 -4.188921369492E-03
 -6.399999860000E-01 -4.837421729007E-03
 -6.200000050000E-01 -5.466006051624E-03
 -6.000000240000E-01 -6.074670731539E-03
 -5.799999830000E-01 -6.663397222293E-03
 -5.600000020000E-01 -7.232195323080E-03
 -5.400000210000E-01 -7.781042899830E-03
 -5.199999810000E-01 -8.309951024691E-03
 -5.000000000000E-01 -8.818910610671E-03
 -4.799999890000E-01 -9.307909088611E-03
 -4.600000080000E-01 -9.776963072152E-03
 -4.399999980000E-01 -1.022606046346E-02
 -4.199999870000E-01 -1.065520034419E-02
 -4.000000060000E-01 -1.106438420826E-02
 -3.799999950000E-01 -1.145361056277E-02
 -3.600000140000E-01 -1.182287630406E-02
 -3.400000040000E-01 -1.217218479468E-02
 -3.199999930000E-01 -1.250153399239E-02
 -3.000000120000E-01 -1.281092259416E-02
 -2.800000010000E-01 -1.310035242509E-02
 -2.599999900000E-01 -1.336982148922E-02
 -2.399999950000E-01 -1.361933016085E-02
 -2.199999990000E-01 -1.384887772046E-02
 -2.000000030000E-01 -1.405846352566E-02
 -1.800000070000E-01 -1.424808893220E-02
 -1.599999960000E-01 -1.441775380431E-02
 -1.400000010000E-01 -1.456745775526E-02
 -1.199999970000E-01 -1.469720089110E-02
 -1.000000010000E-01 -1.480698311555E-02
 -7.999999820000E-02 -1.489680457948E-02
 -5.999999870000E-02 -1.496666576204E-02
 -3.999999910000E-02 -1.501656488094E-02
 -1.999999960000E-02 -1.504649736815E-02
  0.000000000000E+00 -1.505641088527E-02
  1.999999960000E-02 -1.504649736815E-02
  3.999999910000E-02 -1.501656488094E-02
  5.999999870000E-02 -1.496666576204E-02
  7.999999820000E-02 -1.489680457948E-02
  1.000000010000E-01 -1.480698311555E-02
  1.199999970000E-01 -1.469720089110E-02
  1.400000010000E-01 -1.456745775526E-02
  1.599999960000E-01 -1.441775380431E-02
  1.800000070000E-01 -1.424808893220E-02
  2.000000030000E-01 -1.405846352566E-02
  2.199999990000E-01 -1.384887772046E-02
  2.399999950000E-01 -1.361933016085E-02
  2.599999900000E-01 -1.336982148922E-02
  2.800000010000E-01 -1.310035242509E-02
  3.000000120000E-01 -1.281092259416E-02
  3.199999930000E-01 -1.250153399239E-02
  3.400000040000E-01 -1.217218479468E-02
  3.600000140000E-01 -1.182287630406E-02
  3.799999950000E-01 -1.145361056277E-02
  4.000000060000E-01 -1.106438420827E-02
  4.199999870000E-01 -1.065520034419E-02
  4.399999980000E-01 -1.022606046346E-02
  4.600000080000E-01 -9.776963072153E-03
  4.799999890000E-01 -9.307909088610E-03
  5.000000000000E-01 -8.818910610672E-03
  5.199999810000E-01 -8.309951024691E-03
  5.400000210000E-01 -7.781042899830E-03
  5.600000020000E-01 -7.232195323080E-03
  5.799999830000E-01 -6.663397222293E-03
  6.000000240000E-01 -6.074670731539E-03
  6.200000050000E-01 -5.466006051623E-03
  6.399999860000E-01 -4.837421729007E-03
  6.600000260000E-01 -4.188921369492E-03
  6.800000070000E-01 -3.520493447593E-03
  6.999999880000E-01 -2.832264219064E-03
  7.200000290000E-01 -2.123963318169E-03
  7.400000100000E-01 -1.398107335033E-03
  7.599999900000E-01 -6.658781778333E-04
  7.799999710000E-01 -1.065541289424E-04
  8.000000120000E-01 -9.757819552332E-15
  8.199999930000E-01 -9.757819552332E-15
  8.399999740000E-01 -9.757819552332E-15
  8.600000140000E-01 -9.757819552332E-15
  8.799999950000E-01 -9.757819552332E-15
  8.999999760000E-01 -9.757819552332E-15
  9.200000170000E-01 -9.757819552332E-15
  9.399999980000E-01 -9.757819552332E-15
  9.599999790000E-01 -9.757819552332E-15
  9.800000190000E-01 -9.757819552332E-15
  1.000000000000E+00 -9.757819552332E-15
  1.019999980000E+00 -9.757819552332E-15
  1.039999960000E+00 -9.757819552332E-15
  1.059999940000E+00 -9.757819552332E-15
  1.080000040000E+00 -9.757819552332E-15
  1.100000020000E+00 -9.757819552332E-15
  1.120000000000E+00 -9.757819552332E-15
  1.139999990000E+00 -9.757819552332E-15
  1.159999970000E+00 -9.757819552332E-15
  1.179999950000E+00 -9.757819552332E-15
  1.200000050000E+00 -9.757819552332E-15
  1.220000030000E+00 -9.757819552332E-15
  1.240000010000E+00 -9.757819552332E-15
  1.259999990000E+00 -9.757819552332E-15
  1.279999970000E+00 -9.757819552332E-15
  1.299999950000E+00 -9.757819552332E-15
  1.320000050000E+00 -9.757819552332E-15
  1.340000030000E+00 -9.757819552332E-15
  1.360000010000E+00 -9.757819552332E-15
  1.380000000000E+00 -9.757819552332E-15
  1.399999980000E+00 -9.757819552332E-15
  1.419999960000E+00 -9.757819552332E-15
  1.440000060000E+00 -9.757819552332E-15
  1.460000040000E+00 -9.757819552332E-15
  1.480000020000E+00 -9.757819552332E-15
  1.500000000000E+00 -9.757819552332E-15
  1.519999980000E+00 -9.757819552332E-15
  1.539999960000E+00 -9.757819552332E-15
  1.559999940000E+00 -9.757819552332E-15
  1.580000040000E+00 -9.757819552332E-15
  1.600000020000E+00 -9.757819552332E-15
  1.620000000000E+00 -9.757819552332E-15
  1.639999990000E+00 -9.757819552332E-15
  1.659999970000E+00 -9.757819552332E-15
  1.679999950000E+00 -9.757819552332E-15
  1.700000050000E+00 -9.757819552332E-15
  1.720000030000E+00 -9.757819552332E-15
  1.740000010000E+00 -9.757819552332E-15
  1.759999990000E+00 -9.757819552332E-15
  1.779999970000E+00 -9.757819552332E-15
  1.799999950000E+00 -4.701413128828E-05
BODY 2   181
 -1.797570940000E+00  8.094534280000E-02
 -1.777651070000E+00  7.915772500000E-02
 -1.757729290000E+00  7.739003750000E-02
 -1.737805840000E+00  7.564227280000E-02
 -1.717880610000E+00  7.391442360000E-02
 -1.697953700000E+00  7.220651210000E-02
 -1.678025010000E+00  7.051852350000E-02
 -1.658094640000E+00  6.885045770000E-02
 -1.638162730000E+00  6.720232960000E-02
 -1.618229150000E+00  6.557413190000E-02
 -1.598293900000E+00  6.396587190000E-02
 -1.578357100000E+00  6.237754970000E-02
 -1.558418630000E+00  6.080916150000E-02
 -1.538478730000E+00  5.926071110000E-02
 -1.518537160000E+00  5.773220210000E-02
 -1.498594160000E+00  5.622363840000E-02
 -1.478649620000E+00  5.473501610000E-02
 -1.458703640000E+00  5.326633900000E-02
 -1.438756110000E+00  5.181760710000E-02
 -1.418807270000E+00  5.038882790000E-02
 -1.398857000000E+00  4.898000650235E-02
 -1.378905180000E+00  4.759112933230E-02
 -1.358952160000E+00  4.622220544721E-02
 -1.338997720000E+00  4.487323648448E-02
 -1.319041850000E+00  4.354421907030E-02
 -1.299084780000E+00  4.223515590926E-02
 -1.279126410000E+00  4.094605501125E-02
 -1.259166720000E+00  3.967691010867E-02
 -1.239205720000E+00  3.842772425620E-02
 -1.219243530000E+00  3.719849921472E-02
 -1.199280140000E+00  3.598924059712E-02
 -1.179315570000E+00  3.479994294688E-02
 -1.159349680000E+00  3.363061007482E-02
 -1.139382840000E+00  3.248124436087E-02
 -1.119414690000E+00  3.135184357920E-02
 -1.099445460000E+00  3.024241383066E-02
 -1.079475160000E+00  2.915295245694E-02
 -1.059503790000E+00  2.808346216314E-02
 -1.039531350000E+00  2.703394449519E-02
 -1.019557830000E+00  2.600439793176E-02
 -9.995833640000E-01  2.499482681668E-02
 -9.796078800000E-01  2.400523046721E-02
 -9.596313830000E-01  2.303560890753E-02
 -9.396539330000E-01  2.208596419326E-02
 -9.196755890000E-01  2.115629846104E-02
 -8.996962900000E-01  2.024661264049E-02
 -8.797160980000E-01  1.935690419342E-02
 -8.597350120000E-01  1.848717779179E-02
 -8.397530910000E-01  1.763743230986E-02
 -8.197702770000E-01  1.680766896317E-02
 -7.997866870000E-01  1.599788841450E-02
 -7.798022630000E-01  1.520809272338E-02
 -7.598171230000E-01  1.443828182710E-02
 -7.398311500000E-01  1.368845673803E-02
 -7.198444600000E-01  1.295861712494E-02
 -6.998571160000E-01  1.224876567635E-02
 -6.798689960000E-01  1.155890124896E-02
 -6.598802210000E-01  1.088902498239E-02
 -6.398907900000E-01  1.023913868815E-02
 -6.199007030000E-01  9.609242192926E-03
 -5.999100210000E-01  8.999335790388E-03
 -5.799186830000E-01  8.409420175172E-03
 -5.599268080000E-01  7.839496446209E-03
 -5.399343970000E-01  7.289565020892E-03
 -5.199413900000E-01  6.759626286873E-03
 -4.999479060000E-01  6.249680823549E-03
 -4.799539150000E-01  5.759729024464E-03
 -4.599594470000E-01  5.289771842258E-03
 -4.399645030000E-01  4.839809253960E-03
 -4.199691410000E-01  4.409841765801E-03
 -3.999733330000E-01  3.999869814377E-03
 -3.799771370000E-01  3.609894323434E-03
 -3.599805530000E-01  3.239914842129E-03
 -3.399836120000E-01  2.889932517804E-03
 -3.199863430000E-01  2.559947137131E-03
 -2.999887470000E-01  2.249959246878E-03
 -2.799908520000E-01  1.959969068180E-03
 -2.599926890000E-01  1.689977109454E-03
 -2.399942430000E-01  1.439983396658E-03
 -2.199955580000E-01  1.209988378448E-03
 -1.999966650000E-01  9.999922478948E-04
 -1.799975630000E-01  8.099950429685E-04
 -1.599982980000E-01  6.399970287235E-04
 -1.399988530000E-01  4.899983434875E-04
 -1.199992820000E-01  3.599991469688E-04
 -9.999958430000E-02  2.499996233448E-04
 -7.999978960000E-02  1.599998651174E-04
 -5.999990930000E-02  8.999996803291E-05
 -3.999997300000E-02  3.999999788767E-05
 -1.999999580000E-02  1.000000008419E-05
  0.000000000000E+00  0.000000000000E+00
  1.999999580000E-02  1.000000008419E-05
  3.999997300000E-02  3.999999788767E-05
  5.999990930000E-02  8.999996803291E-05
  7.999978960000E-02  1.599998651174E-04
  9.999958430000E-02  2.499996233448E-04
  1.199992820000E-01  3.599991469688E-04
  1.399988530000E-01  4.899983434875E-04
  1.599982980000E-01  6.399970287235E-04
  1.799975630000E-01  8.099950429685E-04
  1.999966650000E-01  9.999922478948E-04
  2.199955580000E-01  1.209988378448E-03
  2.399942430000E-01  1.439983396658E-03
  2.599926890000E-01  1.689977109454E-03
  2.799908520000E-01  1.959969068180E-03
  2.999887470000E-01  2.249959246878E-03
  3.199863430000E-01  2.559947137131E-03
  3.399836120000E-01  2.889932517804E-03
  3.599805530000E-01  3.239914842129E-03
  3.799771370000E-01  3.609894323434E-03
  3.999733330000E-01  3.999869814377E-03
  4.199691410000E-01  4.409841765801E-03
  4.399645030000E-01  4.839809253960E-03
  4.599594470000E-01  5.289771842258E-03
  4.799539150000E-01  5.759729024464E-03
  4.999479060000E-01  6.249680823549E-03
  5.199413900000E-01  6.759626286873E-03
  5.399343970000E-01  7.289565020892E-03
  5.599268080000E-01  7.839496446209E-03
  5.799186830000E-01  8.409420175172E-03
  5.999100210000E-01  8.999335790388E-03
  6.199007030000E-01  9.609242192926E-03
  6.398907900000E-01  1.023913868815E-02
  6.598802210000E-01  1.088902498239E-02
  6.798689960000E-01  1.155890124896E-02
  6.998571160000E-01  1.224876567635E-02
  7.198444600000E-01  1.295861712494E-02
  7.398311500000E-01  1.368845673803E-02
  7.598171230000E-01  1.443828182710E-02
  7.798022630000E-01  1.520809272338E-02
  7.997866870000E-01  1.599788841450E-02
  8.197702770000E-01  1.680766896317E-02
  8.397530910000E-01  1.763743230986E-02
  8.597350120000E-01  1.848717779179E-02
  8.797160980000E-01  1.935690419342E-02
  8.996962900000E-01  2.024661264049E-02
  9.196755890000E-01  2.115629846104E-02
  9.396539330000E-01  2.208596419326E-02
  9.596313830000E-01  2.303560890753E-02
  9.796078800000E-01  2.400523046721E-02
  9.995833640000E-01  2.499482681668E-02
  1.019557830000E+00  2.600439793176E-02
  1.039531350000E+00  2.703394449519E-02
  1.059503790000E+00  2.808346216314E-02
  1.079475160000E+00  2.915295245694E-02
  1.099445460000E+00  3.024241383066E-02
  1.119414690000E+00  3.135184357920E-02
  1.139382840000E+00  3.248124436087E-02
  1.159349680000E+00  3.363061007482E-02
  1.179315570000E+00  3.479994294688E-02
  1.199280140000E+00  3.598924059712E-02
  1.219243530000E+00  3.719849921472E-02
  1.239205720000E+00  3.842772425620E-02
  1.259166720000E+00  3.967691010867E-02
  1.279126410000E+00  4.094605501125E-02
  1.299084780000E+00  4.223515590926E-02
  1.319041850000E+00  4.354421907030E-02
  1.338997720000E+00  4.487323648448E-02
  1.358952160000E+00  4.622220544721E-02
  1.378905180000E+00  4.759112933230E-02
  1.398857000000E+00  4.898000650235E-02
  1.418807270000E+00  5.038882790000E-02
  1.438756110000E+00  5.181760710000E-02
  1.458703640000E+00  5.326633900000E-02
  1.478649620000E+00  5.473501610000E-02
  1.498594160000E+00  5.622363840000E-02
  1.518537160000E+00  5.773220210000E-02
  1.538478730000E+00  5.926071110000E-02
  1.558418630000E+00  6.080916150000E-02
  1.578357100000E+00  6.237754970000E-02
  1.598293900000E+00  6.396587190000E-02
  1.618229150000E+00  6.557413190000E-02
  1.638162730000E+00  6.720232960000E-02
  1.658094640000E+00  6.885045770000E-02
  1.678025010000E+00  7.051852350000E-02
  1.697953700000E+00  7.220651210000E-02
  1.717880610000E+00  7.391442360000E-02
  1.737805840000E+00  7.564227280000E-02
  1.757729290000E+00  7.739003750000E-02
  1.777651070000E+00  7.915772500000E-02
  1.797570940000E+00  8.094534280000E-02
STEP  12 TIME  1.00020000E+04
BODY 1   181
 -1.799999950000E+00 -4.554633112041E-05
 -1.779999970000E+00 -1.084202172481E-14
 -1.759999990000E+00 -1.084202172481E-14
 -1.740000010000E+00 -1.084202172481E-14
 -1.720000030000E+00 -1.084202172481E-14
 -1.700000050000E+00 -1.084202172481E-14
 -1.679999950000E+00 -1.084202172481E-14
 -1.659999970000E+00 -1.084202172481E-14
 -1.639999990000E+00 -1.084202172481E-14
 -1.620000000000E+00 -1.084202172481E-14
 -1.600000020000E+00 -1.084202172481E-14
 -1.580000040000E+00 -1.084202172481E-14
 -1.559999940000E+00 -1.084202172481E-14
 -1.539999960000E+00 -1.084202172481E-14
 -1.519999980000E+00 -1.084202172481E-14
 -1.500000000000E+00 -1.084202172481E-14
 -1.480000020000E+00 -1.084202172481E-14
 -1.460000040000E+00 -1.084202172481E-14
 -1.440000060000E+00 -1.084202172481E-14
 -1.419999960000E+00 -1.084202172481E-14
 -1.399999980000E+00 -1.084202172481E-14
 -1.380000000000E+00 -1.084202172481E-14
 -1.360000010000E+00 -1.084202172481E-14
 -1.340000030000E+00 -1.084202172481E-14
 -1.320000050000E+00 -1.084202172481E-14
 -1.299999950000E+00 -1.084202172481E-14
 -1.279999970000E+00 -1.084202172481E-14
 -1.259999990000E+00 -1.084202172481E-14
 -1.240000010000E+00 -1.084202172481E-14
 -1.220000030000E+00 -1.084202172481E-14
 -1.200000050000E+00 -1.084202172481E-14
 -1.179999950000E+00 -1.084202172481E-14
 -1.159999970000E+00 -1.084202172481E-14
 -1.139999990000E+00 -1.084202172481E-14
 -1.120000000000E+00 -1.084202172481E-14
 -1.100000020000E+00 -1.084202172481E-14
 -1.080000040000E+00 -1.084202172481E-14
 -1.059999940000E+00 -1.084202172481E-14
 -1.039999960000E+00 -1.084202172481E-14
 -1.019999980000E+00 -1.084202172481E-14
 -1.000000000000E+00 -1.084202172481E-14
 -9.800000190000E-01 -1.084202172481E-14
 -9.599999790000E-01 -1.084202172481E-14
 -9.399999980000E-01 -1.084202172481E-14
 -9.200000170000E-01 -1.084202172481E-14
 -8.999999760000E-01 -1.084202172481E-14
 -8.799999950000E-01 -1.084202172481E-14
 -8.600000140000E-01 -1.084202172481E-14
 -8.399999740000E-01 -1.084202172481E-14
 -8.199999930000E-01 -1.519448939889E-05
 -8.000000120000E-01 -2.292271133453E-04
 -7.799999710000E-01 -9.798479425271E-04
 -7.599999900000E-01 -1.741192237659E-03
 -7.400000100000E-01 -2.490322714340E-03
 -7.200000290000E-01 -3.218608782434E-03
 -6.999999880000E-01 -3.927228805209E-03
 -6.800000070000E-01 -4.615830953978E-03
 -6.600000260000E-01 -5.284528286536E-03
 -6.399999860000E-01 -5.933284316075E-03
 -6.200000050000E-01 -6.562098060447E-03
 -6.000000240000E-01 -7.170970236502E-03
 -5.799999830000E-01 -7.759889923486E-03
 -5.600000020000E-01 -8.328856776989E-03
 -5.400000210000E-01 -8.877870306317E-03
 -5.199999810000E-01 -9.406916527131E-03
 -5.000000000000E-01 -9.916008222810E-03
 -4.799999890000E-01 -1.040513663224E-02
 -4.600000080000E-01 -1.087430915248E-02
 -4.399999980000E-01 -1.132351618281E-02
 -4.199999870000E-01 -1.175275178347E-02
 -4.000000060000E-01 -1.216202932739E-02
 -3.799999950000E-01 -1.255134304842E-02
 -3.600000140000E-01 -1.292068792190E-02
 -3.400000040000E-01 -1.327007112032E-02
 -3.199999930000E-01 -1.359948893682E-02
 -3.000000120000E-01 -1.390894078354E-02
 -2.800000010000E-01 -1.419842657788E-02
 -2.599999900000E-01 -1.446794775189E-02
 -2.399999950000E-01 -1.471750376654E-02
 -2.199999990000E-01 -1.494709463554E-02
 -2.000000030000E-01 -1.515671999496E-02
 -1.800000070000E-01 -1.534638043689E-02
 -1.599999960000E-01 -1.551607610693E-02
 -1.400000010000E-01 -1.566580705371E-02
 -1.199999970000E-01 -1.579557340478E-02
 -1.000000010000E-01 -1.590537509594E-02
 -7.999999820000E-02 -1.599521225868E-02
 -5.999999870000E-02 -1.606508545063E-02
 -3.999999910000E-02 -1.611499340925E-02
 -1.999999960000E-02 -1.614493448087E-02
  0.000000000000E+00 -1.615485443528E-02
  1.999999960000E-02 -1.614493448087E-02
  3.999999910000E-02 -1.611499340925E-02
  5.999999870000E-02 -1.606508545063E-02
  7.999999820000E-02 -1.599521225868E-02
  1.000000010000E-01 -1.590537509594E-02
  1.199999970000E-01 -1.579557340478E-02
  1.400000010000E-01 -1.566580705371E-02
  1.599999960000E-01 -1.551607610693E-02
  1.800000070000E-01 -1.534638043689E-02
  2.000000030000E-01 -1.515671999496E-02
  2.199999990000E-01 -1.494709463554E-02
  2.399999950000E-01 -1.471750376654E-02
  2.599999900000E-01 -1.446794775189E-02
  2.800000010000E-01 -1.419842657788E-02
  3.000000120000E-01 -1.390894078354E-02
  3.199999930000E-01 -1.359948893682E-02
  3.400000040000E-01 -1.327007112032E-02
  3.600000140000E-01 -1.292068792190E-02
  3.799999950000E-01 -1.255134304842E-02
  4.000000060000E-01 -1.216202932739E-02
  4.199999870000E-01 -1.175275178347E-02
  4.399999980000E-01 -1.132351618281E-02
  4.600000080000E-01 -1.087430915248E-02
  4.799999890000E-01 -1.040513663224E-02
  5.000000000000E-01 -9.916008222811E-03
  5.199999810000E-01 -9.406916527132E-03
  5.400000210000E-01 -8.877870306316E-03
  5.600000020000E-01 -8.328856776989E-03
  5.799999830000E-01 -7.759889923486E-03
  6.000000240000E-01 -7.170970236502E-03
  6.200000050000E-01 -6.562098060447E-03
  6.399999860000E-01 -5.933284316075E-03
  6.600000260000E-01 -5.284528286536E-03
  6.800000070000E-01 -4.615830953978E-03
  6.999999880000E-01 -3.927228805209E-03
  7.200000290000E-01 -3.218608782434E-03
  7.400000100000E-01 -2.490322714340E-03
  7.599999900000E-01 -1.741192237659E-03
  7.799999710000E-01 -9.798479425267E-04
  8.000000120000E-01 -2.292271133453E-04
  8.199999930000E-01 -1.519448939892E-05
  8.399999740000E-01 -1.084202172481E-14
  8.600000140000E-01 -1.084202172481E-14
  8.799999950000E-01 -1.084202172481E-14
  8.999999760000E-01 -1.084202172481E-14
  9.200000170000E-01 -1.084202172481E-14
  9.399999980000E-01 -1.084202172481E-14
  9.599999790000E-01 -1.084202172481E-14
  9.800000190000E-01 -1.084202172481E-14
  1.000000000000E+00 -1.084202172481E-14
  1.019999980000E+00 -1.084202172481E-14
  1.039999960000E+00 -1.084202172481E-14
  1.059999940000E+00 -1.084202172481E-14
  1.080000040000E+00 -1.084202172481E-14
  1.100000020000E+00 -1.084202172481E-14
  1.120000000000E+00 -1.084202172481E-14
  1.139999990000E+00 -1.084202172481E-14
  1.159999970000E+00 -1.084202172481E-14
  1.179999950000E+00 -1.084202172481E-14
  1.200000050000E+00 -1.084202172481E-14
  1.220000030000E+00 -1.084202172481E-14
  1.240000010000E+00 -1.084202172481E-14
  1.259999990000E+00 -1.084202172481E-14
  1.279999970000E+00 -1.084202172481E-14
  1.299999950000E+00 -1.084202172481E-14
  1.320000050000E+00 -1.084202172481E-14
  1.340000030000E+00 -1.084202172481E-14
  1.360000010000E+00 -1.084202172481E-14
  1.380000000000E+00 -1.084202172481E-14
  1.399999980000E+00 -1.084202172481E-14
  1.419999960000E+00 -1.084202172481E-14
  1.440000060000E+00 -1.084202172481E-14
  1.460000040000E+00 -1.084202172481E-14
  1.480000020000E+00 -1.084202172481E-14
  1.500000000000E+00 -1.084202172481E-14
  1.519999980000E+00 -1.084202172481E-14
  1.539999960000E+00 -1.084202172481E-14
  1.559999940000E+00 -1.084202172481E-14
  1.580000040000E+00 -1.084202172481E-14
  1.600000020000E+00 -1.084202172481E-14
  1.620000000000E+00 -1.084202172481E-14
  1.639999990000E+00 -1.084202172481E-14
  1.659999970000E+00 -1.084202172481E-14
  1.679999950000E+00 -1.084202172481E-14
  1.700000050000E+00 -1.084202172481E-14
  1.720000030000E+00 -1.084202172481E-14
  1.740000010000E+00 -1.084202172481E-14
  1.759999990000E+00 -1.084202172481E-14
  1.779999970000E+00 -1.084202172481E-14
  1.799999950000E+00 -4.554633127484E-05
BODY 2   181
 -1.797570940000E+00  8.094534280000E-02
 -1.777651070000E+00  7.915772500000E-02
 -1.757729290000E+00  7.739003750000E-02
 -1.737805840000E+00  7.564227280000E-02
 -1.717880610000E+00  7.391442360000E-02
 -1.697953700000E+00  7.220651210000E-02
 -1.678025010000E+00  7.051852350000E-02
 -1.658094640000E+00  6.885045770000E-02
 -1.638162730000E+00  6.720232960000E-02
 -1.618229150000E+00  6.557413190000E-02
 -1.598293900000E+00  6.396587190000E-02
 -1.578357100000E+00  6.237754970000E-02
 -1.558418630000E+00  6.080916150000E-02
 -1.538478730000E+00  5.926071110000E-02
 -1.518537160000E+00  5.773220210000E-02
 -1.498594160000E+00  5.622363840000E-02
 -1.478649620000E+00  5.473501610000E-02
 -1.458703640000E+00  5.326633900000E-02
 -1.438756110000E+00  5.181760710000E-02
 -1.418807270000E+00  5.038882790000E-02
 -1.398857000000E+00  4.898000650235E-02
 -1.378905180000E+00  4.759112933230E-02
 -1.358952160000E+00  4.622220544721E-02
 -1.338997720000E+00  4.487323648448E-02
 -1.319041850000E+00  4.354421907030E-02
 -1.299084780000E+00  4.223515590926E-02
 -1.279126410000E+00  4.094605501125E-02
 -1.259166720000E+00  3.967691010867E-02
 -1.239205720000E+00  3.842772425620E-02
 -1.219243530000E+00  3.719849921472E-02
 -1.199280140000E+00  3.598924059712E-02
 -1.179315570000E+00  3.479994294688E-02
 -1.159349680000E+00  3.363061007482E-02
 -1.139382840000E+00  3.248124436087E-02
 -1.119414690000E+00  3.135184357920E-02
 -1.099445460000E+00  3.024241383066E-02
 -1.079475160000E+00  2.915295245694E-02
 -1.059503790000E+00  2.808346216314E-02
 -1.039531350000E+00  2.703394449519E-02
 -1.019557830000E+00  2.600439793176E-02
 -9.995833640000E-01  2.499482681668E-02
 -9.796078800000E-01  2.400523046721E-02
 -9.596313830000E-01  2.303560890753E-02
 -9.396539330000E-01  2.208596419326E-02
 -9.196755890000E-01  2.115629846104E-02
 -8.996962900000E-01  2.024661264049E-02
 -8.797160980000E-01  1.935690419342E-02
 -8.597350120000E-01  1.848717779179E-02
 -8.397530910000E-01  1.763743230986E-02
 -8.197702770000E-01  1.680766896317E-02
 -7.997866870000E-01  1.599788841450E-02
 -7.798022630000E-01  1.520809272338E-02
 -7.598171230000E-01  1.443828182710E-02
 -7.398311500000E-01  1.368845673803E-02
 -7.198444600000E-01  1.295861712494E-02
 -6.998571160000E-01  1.224876567635E-02
 -6.798689960000E-01  1.155890124896E-02
 -6.598802210000E-01  1.088902498239E-02
 -6.398907900000E-01  1.023913868815E-02
 -6.199007030000E-01  9.609242192926E-03
 -5.999100210000E-01  8.999335790388E-03
 -5.799186830000E-01  8.409420175172E-03
 -5.599268080000E-01  7.839496446209E-03
 -5.399343970000E-01  7.289565020892E-03
 -5.199413900000E-01  6.759626286873E-03
 -4.999479060000E-01  6.249680823549E-03
 -4.799539150000E-01  5.759729024464E-03
 -4.599594470000E-01  5.289771842258E-03
 -4.399645030000E-01  4.839809253960E-03
 -4.199691410000E-01  4.409841765801E-03
 -3.999733330000E-01  3.999869814377E-03
 -3.799771370000E-01  3.609894323434E-03
 -3.599805530000E-01  3.239914842129E-03
 -3.399836120000E-01  2.889932517804E-03
 -3.199863430000E-01  2.559947137131E-03
 -2.999887470000E-01  2.249959246878E-03
 -2.799908520000E-01  1.959969068180E-03
 -2.599926890000E-01  1.689977109454E-03
 -2.399942430000E-01  1.439983396658E-03
 -2.199955580000E-01  1.209988378448E-03
 -1.999966650000E-01  9.999922478948E-04
 -1.799975630000E-01  8.099950429685E-04
 -1.599982980000E-01  6.399970287235E-04
 -1.399988530000E-01  4.899983434875E-04
 -1.199992820000E-01  3.599991469688E-04
 -9.999958430000E-02  2.499996233448E-04
 -7.999978960000E-02  1.599998651174E-04
 -5.999990930000E-02  8.999996803291E-05
 -3.999997300000E-02  3.999999788767E-05
 -1.999999580000E-02  1.000000008419E-05
  0.000000000000E+00  0.000000000000E+00
  1.999999580000E-02  1.000000008419E-05
  3.999997300000E-02  3.999999788767E-05
  5.999990930000E-02  8.999996803291E-05
  7.999978960000E-02  1.599998651174E-04
  9.999958430000E-02  2.499996233448E-04
  1.199992820000E-01  3.599991469688E-04
  1.399988530000E-01  4.899983434875E-04
  1.599982980000E-01  6.399970287235E-04
  1.799975630000E-01  8.099950429685E-04
  1.999966650000E-01  9.999922478948E-04
  2.199955580000E-01  1.209988378448E-03
  2.399942430000E-01  1.439983396658E-03
  2.599926890000E-01  1.689977109454E-03
  2.799908520000E-01  1.959969068180E-03
  2.999887470000E-01  2.249959246878E-03
  3.199863430000E-01  2.559947137131E-03
  3.399836120000E-01  2.889932517804E-03
  3.599805530000E-01  3.239914842129E-03
  3.799771370000E-01  3.609894323434E-03
  3.999733330000E-01  3.999869814377E-03
  4.199691410000E-01  4.409841765801E-03
  4.399645030000E-01  4.839809253960E-03
  4.599594470000E-01  5.289771842258E-03
  4.799539150000E-01  5.759729024464E-03
  4.999479060000E-01  6.249680823549E-03
  5.199413900000E-01  6.759626286873E-03
  5.399343970000E-01  7.289565020892E-03
  5.599268080000E-01  7.839496446209E-03
  5.799186830000E-01  8.409420175172E-03
  5.999100210000E-01  8.999335790388E-03
  6.199007030000E-01  9.609242192926E-03
  6.398907900000E-01  1.023913868815E-02
  6.598802210000E-01  1.088902498239E-02
  6.798689960000E-01  1.155890124896E-02
  6.998571160000E-01  1.224876567635E-02
  7.198444600000E-01  1.295861712494E-02
  7.398311500000E-01  1.368845673803E-02
  7.598171230000E-01  1.443828182710E-02
  7.798022630000E-01  1.520809272338E-02
  7.997866870000E-01  1.599788841450E-02
  8.197702770000E-01  1.680766896317E-02
  8.397530910000E-01  1.763743230986E-02
  8.597350120000E-01  1.848717779179E-02
  8.797160980000E-01  1.935690419342E-02
  8.996962900000E-01  2.024661264049E-02
  9.196755890000E-01  2.115629846104E-02
  9.396539330000E-01  2.208596419326E-02
  9.596313830000E-01  2.303560890753E-02
  9.796078800000E-01  2.400523046721E-02
  9.995833640000E-01  2.499482681668E-02
  1.019557830000E+00  2.600439793176E-02
  1.039531350000E+00  2.703394449519E-02
  1.059503790000E+00  2.808346216314E-02
  1.079475160000E+00  2.915295245694E-02
  1.099445460000E+00  3.024241383066E-02
  1.119414690000E+00  3.135184357920E-02
  1.139382840000E+00  3.248124436087E-02
  1.159349680000E+00  3.363061007482E-02
  1.179315570000E+00  3.479994294688E-02
  1.199280140000E+00  3.598924059712E-02
  1.219243530000E+00  3.719849921472E-02
  1.239205720000E+00  3.842772425620E-02
  1.259166720000E+00  3.967691010867E-02
  1.279126410000E+00  4.094605501125E-02
  1.299084780000E+00  4.223515590926E-02
  1.319041850000E+00  4.354421907030E-02
  1.338997720000E+00  4.487323648448E-02
  1.358952160000E+00  4.622220544721E-02
  1.378905180000E+00  4.759112933230E-02
  1.398857000000E+00  4.898000650235E-02
  1.418807270000E+00  5.038882790000E-02
  1.438756110000E+00  5.181760710000E-02
  1.458703640000E+00  5.326633900000E-02
  1.478649620000E+00  5.473501610000E-02
  1.498594160000E+00  5.622363840000E-02
  1.518537160000E+00  5.773220210000E-02
  1.538478730000E+00  5.926071110000E-02
  1.558418630000E+00  6.080916150000E-02
  1.578357100000E+00  6.237754970000E-02
  1.598293900000E+00  6.396587190000E-02
  1.618229150000E+00  6.557413190000E-02
  1.638162730000E+00  6.720232960000E-02
  1.658094640000E+00  6.885045770000E-02
  1.678025010000E+00  7.051852350000E-02
  1.697953700000E+00  7.220651210000E-02
  1.717880610000E+00  7.391442360000E-02
  1.737805840000E+00  7.564227280000E-02
  1.757729290000E+00  7.739003750000E-02
  1.777651070000E+00  7.915772500000E-02
  1.797570940000E+00  8.094534280000E-02
STEP  13 TIME  1.10020000E+04
BODY 1   181
 -1.799999950000E+00 -4.424467568327E-05
 -1.779999970000E+00 -1.192622389728E-14
 -1.759999990000E+00 -1.192622389728E-14
 -1.740000010000E+00 -1.192622389728E-14
 -1.720000030000E+00 -1.192622389728E-14
 -1.700000050000E+00 -1.192622389728E-14
 -1.679999950000E+00 -1.192622389728E-14
 -1.659999970000E+00 -1.192622389728E-14
 -1.639999990000E+00 -1.192622389728E-14
 -1.620000000000E+00 -1.192622389728E-14
 -1.600000020000E+00 -1.192622389728E-14
 -1.580000040000E+00 -1.192622389728E-14
 -1.559999940000E+00 -1.192622389728E-14
 -1.539999960000E+00 -1.192622389728E-14
 -1.519999980000E+00 -1.192622389728E-14
 -1.500000000000E+00 -1.192622389728E-14
 -1.480000020000E+00 -1.192622389728E-14
 -1.460000040000E+00 -1.192622389728E-14
 -1.440000060000E+00 -1.192622389728E-14
 -1.419999960000E+00 -1.192622389728E-14
 -1.399999980000E+00 -1.192622389728E-14
 -1.380000000000E+00 -1.192622389728E-14
 -1.360000010000E+00 -1.192622389728E-14
 -1.340000030000E+00 -1.192622389728E-14
 -1.320000050000E+00 -1.192622389728E-14
 -1.299999950000E+00 -1.192622389728E-14
 -1.279999970000E+00 -1.192622389728E-14
 -1.259999990000E+00 -1.192622389728E-14
 -1.240000010000E+00 -1.192622389728E-14
 -1.220000030000E+00 -1.192622389728E-14
 -1.200000050000E+00 -1.192622389728E-14
 -1.179999950000E+00 -1.192622389728E-14
 -1.159999970000E+00 -1.192622389728E-14
 -1.139999990000E+00 -1.192622389728E-14
 -1.120000000000E+00 -1.192622389728E-14
 -1.100000020000E+00 -1.192622389728E-14
 -1.080000040000E+00 -1.192622389728E-14
 -1.059999940000E+00 -1.192622389728E-14
 -1.039999960000E+00 -1.192622389728E-14
 -1.019999980000E+00 -1.192622389728E-14
 -1.000000000000E+00 -1.192622389728E-14
 -9.800000190000E-01 -1.192622389728E-14
 -9.599999790000E-01 -1.192622389728E-14
 -9.399999980000E-01 -1.192622389728E-14
 -9.200000170000E-01 -1.192622389728E-14
 -8.999999760000E-01 -1.192622389728E-14
 -8.799999950000E-01 -1.192622389728E-14
 -8.600000140000E-01 -1.192622389728E-14
 -8.399999740000E-01 -6.267405399558E-05
 -8.199999930000E-01 -4.662142459782E-04
 -8.000000120000E-01 -1.246849623768E-03
 -7.799999710000E-01 -2.030496158042E-03
 -7.599999900000E-01 -2.799339506986E-03
 -7.400000100000E-01 -3.547653532085E-03
 -7.200000290000E-01 -4.276299077654E-03
 -6.999999880000E-01 -4.984962398783E-03
 -6.800000070000E-01 -5.673711066755E-03
 -6.600000260000E-01 -6.342523735415E-03
 -6.399999860000E-01 -6.991379530914E-03
 -6.200000050000E-01 -7.620297244579E-03
 -6.000000240000E-01 -8.229247670422E-03
 -5.799999830000E-01 -8.818259468039E-03
 -5.600000020000E-01 -9.387293597815E-03
 -5.400000210000E-01 -9.936376913503E-03
 -5.199999810000E-01 -1.046549432511E-02
 -5.000000000000E-01 -1.097465529745E-02
 -4.799999890000E-01 -1.146384560174E-02
 -4.600000080000E-01 -1.193306631377E-02
 -4.399999980000E-01 -1.238232278972E-02
 -4.199999870000E-01 -1.281161409877E-02
 -4.000000060000E-01 -1.322093945765E-02
 -3.799999950000E-01 -1.361029586802E-02
 -3.600000140000E-01 -1.397968402024E-02
 -3.400000040000E-01 -1.432910434518E-02
 -3.199999930000E-01 -1.465855700029E-02
 -3.000000120000E-01 -1.496804153305E-02
 -2.800000010000E-01 -1.525755803625E-02
 -2.599999900000E-01 -1.552710746555E-02
 -2.399999950000E-01 -1.577668899401E-02
 -2.199999990000E-01 -1.600630357031E-02
 -2.000000030000E-01 -1.621595080348E-02
 -1.800000070000E-01 -1.640563054390E-02
 -1.599999960000E-01 -1.657534351846E-02
 -1.400000010000E-01 -1.672508942168E-02
 -1.199999970000E-01 -1.685486875925E-02
 -1.000000010000E-01 -1.696468137130E-02
 -7.999999820000E-02 -1.705452735419E-02
 -5.999999870000E-02 -1.712440723695E-02
 -3.999999910000E-02 -1.717432000031E-02
 -1.999999960000E-02 -1.720426637691E-02
  0.000000000000E+00 -1.721419208159E-02
  1.999999960000E-02 -1.720426637691E-02
  3.999999910000E-02 -1.717432000031E-02
  5.999999870000E-02 -1.712440723695E-02
  7.999999820000E-02 -1.705452735419E-02
  1.000000010000E-01 -1.696468137130E-02
  1.199999970000E-01 -1.685486875925E-02
  1.400000010000E-01 -1.672508942168E-02
  1.599999960000E-01 -1.657534351846E-02
  1.800000070000E-01 -1.640563054390E-02
  2.000000030000E-01 -1.621595080348E-02
  2.199999990000E-01 -1.600630357031E-02
  2.399999950000E-01 -1.577668899401E-02
  2.599999900000E-01 -1.552710746555E-02
  2.800000010000E-01 -1.525755803625E-02
  3.000000120000E-01 -1.496804153305E-02
  3.199999930000E-01 -1.465855700029E-02
  3.400000040000E-01 -1.432910434518E-02
  3.600000140000E-01 -1.397968402024E-02
  3.799999950000E-01 -1.361029586802E-02
  4.000000060000E-01 -1.322093945765E-02
  4.199999870000E-01 -1.281161409877E-02
  4.399999980000E-01 -1.238232278972E-02
  4.600000080000E-01 -1.193306631377E-02
  4.799999890000E-01 -1.146384560174E-02
  5.000000000000E-01 -1.097465529745E-02
  5.199999810000E-01 -1.046549432511E-02
  5.400000210000E-01 -9.936376913503E-03
  5.600000020000E-01 -9.387293597815E-03
  5.799999830000E-01 -8.818259468038E-03
  6.000000240000E-01 -8.229247670422E-03
  6.200000050000E-01 -7.620297244578E-03
  6.399999860000E-01 -6.991379530914E-03
  6.600000260000E-01 -6.342523735415E-03
  6.800000070000E-01 -5.673711066755E-03
  6.999999880000E-01 -4.984962398782E-03
  7.200000290000E-01 -4.276299077654E-03
  7.400000100000E-01 -3.547653532085E-03
  7.599999900000E-01 -2.799339506986E-03
  7.799999710000E-01 -2.030496158042E-03
  8.000000120000E-01 -1.246849623767E-03
  8.199999930000E-01 -4.662142459785E-04
  8.399999740000E-01 -6.267405399573E-05
  8.600000140000E-01 -1.192622389728E-14
  8.799999950000E-01 -1.192622389728E-14
  8.999999760000E-01 -1.192622389728E-14
  9.200000170000E-01 -1.192622389728E-14
  9.399999980000E-01 -1.192622389728E-14
  9.599999790000E-01 -1.192622389728E-14
  9.800000190000E-01 -1.192622389728E-14
  1.000000000000E+00 -1.192622389728E-14
  1.019999980000E+00 -1.192622389728E-14
  1.039999960000E+00 -1.192622389728E-14
  1.059999940000E+00 -1.192622389728E-14
  1.080000040000E+00 -1.192622389728E-14
  1.100000020000E+00 -1.192622389728E-14
  1.120000000000E+00 -1.192622389728E-14
  1.139999990000E+00 -1.192622389728E-14
  1.159999970000E+00 -1.192622389728E-14
  1.179999950000E+00 -1.192622389728E-14
  1.200000050000E+00 -1.192622389728E-14
  1.220000030000E+00 -1.192622389728E-14
  1.240000010000E+00 -1.192622389728E-14
  1.259999990000E+00 -1.192622389728E-14
  1.279999970000E+00 -1.192622389728E-14
  1.299999950000E+00 -1.192622389728E-14
  1.320000050000E+00 -1.192622389728E-14
  1.340000030000E+00 -1.192622389728E-14
  1.360000010000E+00 -1.192622389728E-14
  1.380000000000E+00 -1.192622389728E-14
  1.399999980000E+00 -1.192622389728E-14
  1.419999960000E+00 -1.192622389728E-14
  1.440000060000E+00 -1.192622389728E-14
  1.460000040000E+00 -1.192622389728E-14
  1.480000020000E+00 -1.192622389728E-14
  1.500000000000E+00 -1.192622389728E-14
  1.519999980000E+00 -1.192622389728E-14
  1.539999960000E+00 -1.192622389728E-14
  1.559999940000E+00 -1.192622389728E-14
  1.580000040000E+00 -1.192622389728E-14
  1.600000020000E+00 -1.192622389728E-14
  1.620000000000E+00 -1.192622389728E-14
  1.639999990000E+00 -1.192622389728E-14
  1.659999970000E+00 -1.192622389728E-14
  1.679999950000E+00 -1.192622389728E-14
  1.700000050000E+00 -1.192622389728E-14
  1.720000030000E+00 -1.192622389728E-14
  1.740000010000E+00 -1.192622389728E-14
  1.759999990000E+00 -1.192622389728E-14
  1.779999970000E+00 -1.192622389728E-14
  1.799999950000E+00 -4.424467597304E-05
BODY 2   181
 -1.797570940000E+00  8.094534280000E-02
 -1.777651070000E+00  7.915772500000E-02
 -1.757729290000E+00  7.739003750000E-02
 -1.737805840000E+00  7.564227280000E-02
 -1.717880610000E+00  7.391442360000E-02
 -1.697953700000E+00  7.220651210000E-02
 -1.678025010000E+00  7.051852350000E-02
 -1.658094640000E+00  6.885045770000E-02
 -1.638162730000E+00  6.720232960000E-02
 -1.618229150000E+00  6.557413190000E-02
 -1.598293900000E+00  6.396587190000E-02
 -1.578357100000E+00  6.237754970000E-02
 -1.558418630000E+00  6.080916150000E-02
 -1.538478730000E+00  5.926071110000E-02
 -1.518537160000E+00  5.773220210000E-02
 -1.498594160000E+00  5.622363840000E-02
 -1.478649620000E+00  5.473501610000E-02
 -1.458703640000E+00  5.326633900000E-02
 -1.438756110000E+00  5.181760710000E-02
 -1.418807270000E+00  5.038882790000E-02
 -1.398857000000E+00  4.898000650235E-02
 -1.378905180000E+00  4.759112933230E-02
 -1.358952160000E+00  4.622220544721E-02
 -1.338997720000E+00  4.487323648448E-02
 -1.319041850000E+00  4.354421907030E-02
 -1.299084780000E+00  4.223515590926E-02
 -1.279126410000E+00  4.094605501125E-02
 -1.259166720000E+00  3.967691010867E-02
 -1.239205720000E+00  3.842772425620E-02
 -1.219243530000E+00  3.719849921472E-02
 -1.199280140000E+00  3.598924059712E-02
 -1.179315570000E+00  3.479994294688E-02
 -1.159349680000E+00  3.363061007482E-02
 -1.139382840000E+00  3.248124436087E-02
 -1.119414690000E+00  3.135184357920E-02
 -1.099445460000E+00  3.024241383066E-02
 -1.079475160000E+00  2.915295245694E-02
 -1.059503790000E+00  2.808346216314E-02
 -1.039531350000E+00  2.703394449519E-02
 -1.019557830000E+00  2.600439793176E-02
 -9.995833640000E-01  2.499482681668E-02
 -9.796078800000E-01  2.400523046721E-02
 -9.596313830000E-01  2.303560890753E-02
 -9.396539330000E-01  2.208596419326E-02
 -9.196755890000E-01  2.115629846104E-02
 -8.996962900000E-01  2.024661264049E-02
 -8.797160980000E-01  1.935690419342E-02
 -8.597350120000E-01  1.848717779179E-02
 -8.397530910000E-01  1.763743230986E-02
 -8.197702770000E-01  1.680766896317E-02
 -7.997866870000E-01  1.599788841450E-02
 -7.798022630000E-01  1.520809272338E-02
 -7.598171230000E-01  1.443828182710E-02
 -7.398311500000E-01  1.368845673803E-02
 -7.198444600000E-01  1.295861712494E-02
 -6.998571160000E-01  1.224876567635E-02
 -6.798689960000E-01  1.155890124896E-02
 -6.598802210000E-01  1.088902498239E-02
 -6.398907900000E-01  1.023913868815E-02
 -6.199007030000E-01  9.609242192926E-03
 -5.999100210000E-01  8.999335790388E-03
 -5.799186830000E-01  8.409420175172E-03
 -5.599268080000E-01  7.839496446209E-03
 -5.399343970000E-01  7.289565020892E-03
 -5.199413900000E-01  6.759626286873E-03
 -4.999479060000E-01  6.249680823549E-03
 -4.799539150000E-01  5.759729024464E-03
 -4.599594470000E-01  5.289771842258E-03
 -4.399645030000E-01  4.839809253960E-03
 -4.199691410000E-01  4.409841765801E-03
 -3.999733330000E-01  3.999869814377E-03
 -3.799771370000E-01  3.609894323434E-03
 -3.599805530000E-01  3.239914842129E-03
 -3.399836120000E-01  2.889932517804E-03
 -3.199863430000E-01  2.559947137131E-03
 -2.999887470000E-01  2.249959246878E-03
 -2.799908520000E-01  1.959969068180E-03
 -2.599926890000E-01  1.689977109454E-03
 -2.399942430000E-01  1.439983396658E-03
 -2.199955580000E-01  1.209988378448E-03
 -1.999966650000E-01  9.999922478948E-04
 -1.799975630000E-01  8.099950429685E-04
 -1.599982980000E-01  6.399970287235E-04
 -1.399988530000E-01  4.899983434875E-04
 -1.199992820000E-01  3.599991469688E-04
 -9.999958430000E-02  2.499996233448E-04
 -7.999978960000E-02  1.599998651174E-04
 -5.999990930000E-02  8.999996803291E-05
 -3.999997300000E-02  3.999999788767E-05
 -1.999999580000E-02  1.000000008419E-05
  0.000000000000E+00  0.000000000000E+00
  1.999999580000E-02  1.000000008419E-05
  3.999997300000E-02  3.999999788767E-05
  5.999990930000E-02  8.999996803291E-05
  7.999978960000E-02  1.599998651174E-04
  9.999958430000E-02  2.499996233448E-04
  1.199992820000E-01  3.599991469688E-04
  1.399988530000E-01  4.899983434875E-04
  1.599982980000E-01  6.399970287235E-04
  1.799975630000E-01  8.099950429685E-04
  1.999966650000E-01  9.999922478948E-04
  2.199955580000E-01  1.209988378448E-03
  2.399942430000E-01  1.439983396658E-03
  2.599926890000E-01  1.689977109454E-03
  2.799908520000E-01  1.959969068180E-03
  2.999887470000E-01  2.249959246878E-03
  3.199863430000E-01  2.559947137131E-03
  3.399836120000E-01  2.889932517804E-03
  3.599805530000E-01  3.239914842129E-03
  3.799771370000E-01  3.609894323434E-03
  3.999733330000E-01  3.999869814377E-03
  4.199691410000E-01  4.409841765801E-03
  4.399645030000E-01  4.839809253960E-03
  4.599594470000E-01  5.289771842258E-03
  4.799539150000E-01  5.759729024464E-03
  4.999479060000E-01  6.249680823549E-03
  5.199413900000E-01  6.759626286873E-03
  5.399343970000E-01  7.289565020892E-03
  5.599268080000E-01  7.839496446209E-03
  5.799186830000E-01  8.409420175172E-03
  5.999100210000E-01  8.999335790388E-03
  6.199007030000E-01  9.609242192926E-03
  6.398907900000E-01  1.023913868815E-02
  6.598802210000E-01  1.088902498239E-02
  6.798689960000E-01  1.155890124896E-02
  6.998571160000E-01  1.224876567635E-02
  7.198444600000E-01  1.295861712494E-02
  7.398311500000E-01  1.368845673803E-02
  7.598171230000E-01  1.443828182710E-02
  7.798022630000E-01  1.520809272338E-02
  7.997866870000E-01  1.599788841450E-02
  8.197702770000E-01  1.680766896317E-02
  8.397530910000E-01  1.763743230986E-02
  8.597350120000E-01  1.848717779179E-02
  8.797160980000E-01  1.935690419342E-02
  8.996962900000E-01  2.024661264049E-02
  9.196755890000E-01  2.115629846104E-02
  9.396539330000E-01  2.208596419326E-02
  9.596313830000E-01  2.303560890753E-02
  9.796078800000E-01  2.400523046721E-02
  9.995833640000E-01  2.499482681668E-02
  1.019557830000E+00  2.600439793176E-02
  1.039531350000E+00  2.703394449519E-02
  1.059503790000E+00  2.808346216314E-02
  1.079475160000E+00  2.915295245694E-02
  1.099445460000E+00  3.024241383066E-02
  1.119414690000E+00  3.135184357920E-02
  1.139382840000E+00  3.248124436087E-02
  1.159349680000E+00  3.363061007482E-02
  1.179315570000E+00  3.479994294688E-02
  1.199280140000E+00  3.598924059712E-02
  1.219243530000E+00  3.719849921472E-02
  1.239205720000E+00  3.842772425620E-02
  1.259166720000E+00  3.967691010867E-02
  1.279126410000E+00  4.094605501125E-02
  1.299084780000E+00  4.223515590926E-02
  1.319041850000E+00  4.354421907030E-02
  1.338997720000E+00  4.487323648448E-02
  1.358952160000E+00  4.622220544721E-02
  1.378905180000E+00  4.759112933230E-02
  1.398857000000E+00  4.898000650235E-02
  1.418807270000E+00  5.038882790000E-02
  1.438756110000E+00  5.181760710000E-02
  1.458703640000E+00  5.326633900000E-02
  1.478649620000E+00  5.473501610000E-02
  1.498594160000E+00  5.622363840000E-02
  1.518537160000E+00  5.773220210000E-02
  1.538478730000E+00  5.926071110000E-02
  1.558418630000E+00  6.080916150000E-02
  1.578357100000E+00  6.237754970000E-02
  1.598293900000E+00  6.396587190000E-02
  1.618229150000E+00  6.557413190000E-02
  1.638162730000E+00  6.720232960000E-02
  1.658094640000E+00  6.885045770000E-02
  1.678025010000E+00  7.051852350000E-02
  1.697953700000E+00  7.220651210000E-02
  1.717880610000E+00  7.391442360000E-02
  1.737805840000E+00  7.564227280000E-02
  1.757729290000E+00  7.739003750000E-02
  1.777651070000E+00  7.915772500000E-02
  1.797570940000E+00  8.094534280000E-02
STEP  14 TIME  1.20020000E+04
BODY 1   181
 -1.799999950000E+00 -4.307931030491E-05
 -1.779999970000E+00 -1.301042606976E-14
 -1.759999990000E+00 -1.301042606976E-14
 -1.740000010000E+00 -1.301042606976E-14
 -1.720000030000E+00 -1.301042606976E-14
 -1.700000050000E+00 -1.301042606976E-14
 -1.679999950000E+00 -1.301042606976E-14
 -1.659999970000E+00 -1.301042606976E-14
 -1.639999990000E+00 -1.301042606976E-14
 -1.620000000000E+00 -1.301042606976E-14
 -1.600000020000E+00 -1.301042606976E-14
 -1.580000040000E+00 -1.301042606976E-14
 -1.559999940000E+00 -1.301042606976E-14
 -1.539999960000E+00 -1.301042606976E-14
 -1.519999980000E+00 -1.301042606976E-14
 -1.500000000000E+00 -1.301042606976E-14
 -1.480000020000E+00 -1.301042606976E-14
 -1.460000040000E+00 -1.301042606976E-14
 -1.440000060000E+00 -1.301042606976E-14
 -1.419999960000E+00 -1.301042606976E-14
 -1.399999980000E+00 -1.301042606976E-14
 -1.380000000000E+00 -1.301042606976E-14
 -1.360000010000E+00 -1.301042606976E-14
 -1.340000030000E+00 -1.301042606976E-14
 -1.320000050000E+00 -1.301042606976E-14
 -1.299999950000E+00 -1.301042606976E-14
 -1.279999970000E+00 -1.301042606976E-14
 -1.259999990000E+00 -1.301042606976E-14
 -1.240000010000E+00 -1.301042606976E-14
 -1.220000030000E+00 -1.301042606976E-14
 -1.200000050000E+00 -1.301042606976E-14
 -1.179999950000E+00 -1.301042606976E-14
 -1.159999970000E+00 -1.301042606976E-14
 -1.139999990000E+00 -1.301042606976E-14
 -1.120000000000E+00 -1.301042606976E-14
 -1.100000020000E+00 -1.301042606976E-14
 -1.080000040000E+00 -1.301042606976E-14
 -1.059999940000E+00 -1.301042606976E-14
 -1.039999960000E+00 -1.301042606976E-14
 -1.019999980000E+00 -1.301042606976E-14
 -1.000000000000E+00 -1.301042606976E-14
 -9.800000190000E-01 -1.301042606976E-14
 -9.599999790000E-01 -1.301042606976E-14
 -9.399999980000E-01 -1.301042606976E-14
 -9.200000170000E-01 -1.301042606976E-14
 -8.999999760000E-01 -1.301042606976E-14
 -8.799999950000E-01 -1.301042606976E-14
 -8.600000140000E-01 -1.006765582438E-04
 -8.399999740000E-01 -6.565697971052E-04
 -8.199999930000E-01 -1.464013973935E-03
 -8.000000120000E-01 -2.269404480447E-03
 -7.799999710000E-01 -3.058054666691E-03
 -7.599999900000E-01 -3.826522678206E-03
 -7.400000100000E-01 -4.575203498420E-03
 -7.200000290000E-01 -5.303925569877E-03
 -6.999999880000E-01 -6.012717496012E-03
 -6.800000070000E-01 -6.701571113613E-03
 -6.600000260000E-01 -7.370481628744E-03
 -6.399999860000E-01 -8.019436355556E-03
 -6.200000050000E-01 -8.648440396130E-03
 -6.000000240000E-01 -9.257477584494E-03
 -5.799999830000E-01 -9.846561123318E-03
 -5.600000020000E-01 -1.041567034660E-02
 -5.400000210000E-01 -1.096482426967E-02
 -5.199999810000E-01 -1.149400402055E-02
 -5.000000000000E-01 -1.200321357681E-02
 -4.799999890000E-01 -1.249245659822E-02
 -4.600000080000E-01 -1.296172732105E-02
 -4.399999980000E-01 -1.341103583890E-02
 -4.199999870000E-01 -1.384037183325E-02
 -4.000000060000E-01 -1.424972997562E-02
 -3.799999950000E-01 -1.463912400888E-02
 -3.600000140000E-01 -1.500854743068E-02
 -3.400000040000E-01 -1.535799723717E-02
 -3.199999930000E-01 -1.568747947297E-02
 -3.000000120000E-01 -1.599699134053E-02
 -2.800000010000E-01 -1.628653491330E-02
 -2.599999900000E-01 -1.655610580088E-02
 -2.399999950000E-01 -1.680570849472E-02
 -2.199999990000E-01 -1.703534206854E-02
 -2.000000030000E-01 -1.724500682058E-02
 -1.800000070000E-01 -1.743470270134E-02
 -1.599999960000E-01 -1.760442976571E-02
 -1.400000010000E-01 -1.775418788346E-02
 -1.199999970000E-01 -1.788397757617E-02
 -1.000000010000E-01 -1.799379891731E-02
 -7.999999820000E-02 -1.808365193552E-02
 -5.999999870000E-02 -1.815353713425E-02
 -3.999999910000E-02 -1.820345359319E-02
 -1.999999960000E-02 -1.823340391585E-02
  0.000000000000E+00 -1.824333484189E-02
  1.999999960000E-02 -1.823340391585E-02
  3.999999910000E-02 -1.820345359319E-02
  5.999999870000E-02 -1.815353713425E-02
  7.999999820000E-02 -1.808365193552E-02
  1.000000010000E-01 -1.799379891731E-02
  1.199999970000E-01 -1.788397757617E-02
  1.400000010000E-01 -1.775418788346E-02
  1.599999960000E-01 -1.760442976571E-02
  1.800000070000E-01 -1.743470270134E-02
  2.000000030000E-01 -1.724500682058E-02
  2.199999990000E-01 -1.703534206854E-02
  2.399999950000E-01 -1.680570849472E-02
  2.599999900000E-01 -1.655610580087E-02
  2.800000010000E-01 -1.628653491330E-02
  3.000000120000E-01 -1.599699134053E-02
  3.199999930000E-01 -1.568747947297E-02
  3.400000040000E-01 -1.535799723717E-02
  3.600000140000E-01 -1.500854743068E-02
  3.799999950000E-01 -1.463912400888E-02
  4.000000060000E-01 -1.424972997562E-02
  4.199999870000E-01 -1.384037183325E-02
  4.399999980000E-01 -1.341103583890E-02
  4.600000080000E-01 -1.296172732105E-02
  4.799999890000E-01 -1.249245659822E-02
  5.000000000000E-01 -1.200321357681E-02
  5.199999810000E-01 -1.149400402055E-02
  5.400000210000E-01 -1.096482426967E-02
  5.600000020000E-01 -1.041567034660E-02
  5.799999830000E-01 -9.846561123318E-03
  6.000000240000E-01 -9.257477584494E-03
  6.200000050000E-01 -8.648440396130E-03
  6.399999860000E-01 -8.019436355556E-03
  6.600000260000E-01 -7.370481628744E-03
  6.800000070000E-01 -6.701571113613E-03
  6.999999880000E-01 -6.012717496012E-03
  7.200000290000E-01 -5.303925569877E-03
  7.400000100000E-01 -4.575203498420E-03
  7.599999900000E-01 -3.826522678204E-03
  7.799999710000E-01 -3.058054666691E-03
  8.000000120000E-01 -2.269404480446E-03
  8.199999930000E-01 -1.464013973935E-03
  8.399999740000E-01 -6.565697971048E-04
  8.600000140000E-01 -1.006765582431E-04
  8.799999950000E-01 -1.301042606991E-14
  8.999999760000E-01 -1.301042606976E-14
  9.200000170000E-01 -1.301042606976E-14
  9.399999980000E-01 -1.301042606976E-14
  9.599999790000E-01 -1.301042606976E-14
  9.800000190000E-01 -1.301042606976E-14
  1.000000000000E+00 -1.301042606976E-14
  1.019999980000E+00 -1.301042606976E-14
  1.039999960000E+00 -1.301042606976E-14
  1.059999940000E+00 -1.301042606976E-14
  1.080000040000E+00 -1.301042606976E-14
  1.100000020000E+00 -1.301042606976E-14
  1.120000000000E+00 -1.301042606976E-14
  1.139999990000E+00 -1.301042606976E-14
  1.159999970000E+00 -1.301042606976E-14
  1.179999950000E+00 -1.301042606976E-14
  1.200000050000E+00 -1.301042606976E-14
  1.220000030000E+00 -1.301042606976E-14
  1.240000010000E+00 -1.301042606976E-14
  1.259999990000E+00 -1.301042606976E-14
  1.279999970000E+00 -1.301042606976E-14
  1.299999950000E+00 -1.301042606976E-14
  1.320000050000E+00 -1.301042606976E-14
  1.340000030000E+00 -1.301042606976E-14
  1.360000010000E+00 -1.301042606976E-14
  1.380000000000E+00 -1.301042606976E-14
  1.399999980000E+00 -1.301042606976E-14
  1.419999960000E+00 -1.301042606976E-14
  1.440000060000E+00 -1.301042606976E-14
  1.460000040000E+00 -1.301042606976E-14
  1.480000020000E+00 -1.301042606976E-14
  1.500000000000E+00 -1.301042606976E-14
  1.519999980000E+00 -1.301042606976E-14
  1.539999960000E+00 -1.301042606976E-14
  1.559999940000E+00 -1.301042606976E-14
  1.580000040000E+00 -1.301042606976E-14
  1.600000020000E+00 -1.301042606976E-14
  1.620000000000E+00 -1.301042606976E-14
  1.639999990000E+00 -1.301042606976E-14
  1.659999970000E+00 -1.301042606976E-14
  1.679999950000E+00 -1.301042606976E-14
  1.700000050000E+00 -1.301042606976E-14
  1.720000030000E+00 -1.301042606976E-14
  1.740000010000E+00 -1.301042606976E-14
  1.759999990000E+00 -1.301042606976E-14
  1.779999970000E+00 -1.301042606976E-14
  1.799999950000E+00 -4.307931083418E-05
BODY 2   181
 -1.797570940000E+00  8.094534280000E-02
 -1.777651070000E+00  7.915772500000E-02
 -1.757729290000E+00  7.739003750000E-02
 -1.737805840000E+00  7.564227280000E-02
 -1.717880610000E+00  7.391442360000E-02
 -1.697953700000E+00  7.220651210000E-02
 -1.678025010000E+00  7.051852350000E-02
 -1.658094640000E+00  6.885045770000E-02
 -1.638162730000E+00  6.720232960000E-02
 -1.618229150000E+00  6.557413190000E-02
 -1.598293900000E+00  6.396587190000E-02
 -1.578357100000E+00  6.237754970000E-02
 -1.558418630000E+00  6.080916150000E-02
 -1.538478730000E+00  5.926071110000E-02
 -1.518537160000E+00  5.773220210000E-02
 -1.498594160000E+00  5.622363840000E-02
 -1.478649620000E+00  5.473501610000E-02
 -1.458703640000E+00  5.326633900000E-02
 -1.438756110000E+00  5.181760710000E-02
 -1.418807270000E+00  5.038882790000E-02
 -1.398857000000E+00  4.898000650235E-02
 -1.378905180000E+00  4.759112933230E-02
 -1.358952160000E+00  4.622220544721E-02
 -1.338997720000E+00  4.487323648448E-02
 -1.319041850000E+00  4.354421907030E-02
 -1.299084780000E+00  4.223515590926E-02
 -1.279126410000E+00  4.094605501125E-02
 -1.259166720000E+00  3.967691010867E-02
 -1.239205720000E+00  3.842772425620E-02
 -1.219243530000E+00  3.719849921472E-02
 -1.199280140000E+00  3.598924059712E-02
 -1.179315570000E+00  3.479994294688E-02
 -1.159349680000E+00  3.363061007482E-02
 -1.139382840000E+00  3.248124436087E-02
 -1.119414690000E+00  3.135184357920E-02
 -1.099445460000E+00  3.024241383066E-02
 -1.079475160000E+00  2.915295245694E-02
 -1.059503790000E+00  2.808346216314E-02
 -1.039531350000E+00  2.703394449519E-02
 -1.019557830000E+00  2.600439793176E-02
 -9.995833640000E-01  2.499482681668E-02
 -9.796078800000E-01  2.400523046721E-02
 -9.596313830000E-01  2.303560890753E-02
 -9.396539330000E-01  2.208596419326E-02
 -9.196755890000E-01  2.115629846104E-02
 -8.996962900000E-01  2.024661264049E-02
 -8.797160980000E-01  1.935690419342E-02
 -8.597350120000E-01  1.848717779179E-02
 -8.397530910000E-01  1.763743230986E-02
 -8.197702770000E-01  1.680766896317E-02
 -7.997866870000E-01  1.599788841450E-02
 -7.798022630000E-01  1.520809272338E-02
 -7.598171230000E-01  1.443828182710E-02
 -7.398311500000E-01  1.368845673803E-02
 -7.198444600000E-01  1.295861712494E-02
 -6.998571160000E-01  1.224876567635E-02
 -6.798689960000E-01  1.155890124896E-02
 -6.598802210000E-01  1.088902498239E-02
 -6.398907900000E-01  1.023913868815E-02
 -6.199007030000E-01  9.609242192926E-03
 -5.999100210000E-01  8.999335790388E-03
 -5.799186830000E-01  8.409420175172E-03
 -5.599268080000E-01  7.839496446209E-03
 -5.399343970000E-01  7.289565020892E-03
 -5.199413900000E-01  6.759626286873E-03
 -4.999479060000E-01  6.249680823549E-03
 -4.799539150000E-01  5.759729024464E-03
 -4.599594470000E-01  5.289771842258E-03
 -4.399645030000E-01  4.839809253960E-03
 -4.199691410000E-01  4.409841765801E-03
 -3.999733330000E-01  3.999869814377E-03
 -3.799771370000E-01  3.609894323434E-03
 -3.599805530000E-01  3.239914842129E-03
 -3.399836120000E-01  2.889932517804E-03
 -3.199863430000E-01  2.559947137131E-03
 -2.999887470000E-01  2.249959246878E-03
 -2.799908520000E-01  1.959969068180E-03
 -2.599926890000E-01  1.689977109454E-03
 -2.399942430000E-01  1.439983396658E-03
 -2.199955580000E-01  1.209988378448E-03
 -1.999966650000E-01  9.999922478948E-04
 -1.799975630000E-01  8.099950429685E-04
 -1.599982980000E-01  6.399970287235E-04
 -1.399988530000E-01  4.899983434875E-04
 -1.199992820000E-01  3.599991469688E-04
 -9.999958430000E-02  2.499996233448E-04
 -7.999978960000E-02  1.599998651174E-04
 -5.999990930000E-02  8.999996803291E-05
 -3.999997300000E-02  3.999999788767E-05
 -1.999999580000E-02  1.000000008419E-05
  0.000000000000E+00  0.000000000000E+00
  1.999999580000E-02  1.000000008419E-05
  3.999997300000E-02  3.999999788767E-05
  5.999990930000E-02  8.999996803291E-05
  7.999978960000E-02  1.599998651174E-04
  9.999958430000E-02  2.499996233448E-04
  1.199992820000E-01  3.599991469688E-04
  1.399988530000E-01  4.899983434875E-04
  1.599982980000E-01  6.399970287235E-04
  1.799975630000E-01  8.099950429685E-04
  1.999966650000E-01  9.999922478948E-04
  2.199955580000E-01  1.209988378448E-03
  2.399942430000E-01  1.439983396658E-03
  2.599926890000E-01  1.689977109454E-03
  2.799908520000E-01  1.959969068180E-03
  2.999887470000E-01  2.249959246878E-03
  3.199863430000E-01  2.559947137131E-03
  3.399836120000E-01  2.889932517804E-03
  3.599805530000E-01  3.239914842129E-03
  3.799771370000E-01  3.609894323434E-03
  3.999733330000E-01  3.999869814377E-03
  4.199691410000E-01  4.409841765801E-03
  4.399645030000E-01  4.839809253960E-03
  4.599594470000E-01  5.289771842258E-03
  4.799539150000E-01  5.759729024464E-03
  4.999479060000E-01  6.249680823549E-03
  5.199413900000E-01  6.759626286873E-03
  5.399343970000E-01  7.289565020892E-03
  5.599268080000E-01  7.839496446209E-03
  5.799186830000E-01  8.409420175172E-03
  5.999100210000E-01  8.999335790388E-03
  6.199007030000E-01  9.609242192926E-03
  6.398907900000E-01  1.023913868815E-02
  6.598802210000E-01  1.088902498239E-02
  6.798689960000E-01  1.155890124896E-02
  6.998571160000E-01  1.224876567635E-02
  7.198444600000E-01  1.295861712494E-02
  7.398311500000E-01  1.368845673803E-02
  7.598171230000E-01  1.443828182710E-02
  7.798022630000E-01  1.520809272338E-02
  7.997866870000E-01  1.599788841450E-02
  8.197702770000E-01  1.680766896317E-02
  8.397530910000E-01  1.763743230986E-02
  8.597350120000E-01  1.848717779179E-02
  8.797160980000E-01  1.935690419342E-02
  8.996962900000E-01  2.024661264049E-02
  9.196755890000E-01  2.115629846104E-02
  9.396539330000E-01  2.208596419326E-02
  9.596313830000E-01  2.303560890753E-02
  9.796078800000E-01  2.400523046721E-02
  9.995833640000E-01  2.499482681668E-02
  1.019557830000E+00  2.600439793176E-02
  1.039531350000E+00  2.703394449519E-02
  1.059503790000E+00  2.808346216314E-02
  1.079475160000E+00  2.915295245694E-02
  1.099445460000E+00  3.024241383066E-02
  1.119414690000E+00  3.135184357920E-02
  1.139382840000E+00  3.248124436087E-02
  1.159349680000E+00  3.363061007482E-02
  1.179315570000E+00  3.479994294688E-02
  1.199280140000E+00  3.598924059712E-02
  1.219243530000E+00  3.719849921472E-02
  1.239205720000E+00  3.842772425620E-02
  1.259166720000E+00  3.967691010867E-02
  1.279126410000E+00  4.094605501125E-02
  1.299084780000E+00  4.223515590926E-02
  1.319041850000E+00  4.354421907030E-02
  1.338997720000E+00  4.487323648448E-02
  1.358952160000E+00  4.622220544721E-02
  1.378905180000E+00  4.759112933230E-02
  1.398857000000E+00  4.898000650235E-02
  1.418807270000E+00  5.038882790000E-02
  1.438756110000E+00  5.181760710000E-02
  1.458703640000E+00  5.326633900000E-02
  1.478649620000E+00  5.473501610000E-02
  1.498594160000E+00  5.622363840000E-02
  1.518537160000E+00  5.773220210000E-02
  1.538478730000E+00  5.926071110000E-02
  1.558418630000E+00  6.080916150000E-02
  1.578357100000E+00  6.237754970000E-02
  1.598293900000E+00  6.396587190000E-02
  1.618229150000E+00  6.557413190000E-02
  1.638162730000E+00  6.720232960000E-02
  1.658094640000E+00  6.885045770000E-02
  1.678025010000E+00  7.051852350000E-02
  1.697953700000E+00  7.220651210000E-02
  1.717880610000E+00  7.391442360000E-02
  1.737805840000E+00  7.564227280000E-02
  1.757729290000E+00  7.739003750000E-02
  1.777651070000E+00  7.915772500000E-02
  1.797570940000E+00  8.094534280000E-02
STEP  15 TIME  1.30020000E+04
BODY 1   181
 -1.799999950000E+00 -4.202735465800E-05
 -1.779999970000E+00 -1.409462824223E-14
 -1.759999990000E+00 -1.409462824223E-14
 -1.740000010000E+00 -1.409462824223E-14
 -1.720000030000E+00 -1.409462824223E-14
 -1.700000050000E+00 -1.409462824223E-14
 -1.679999950000E+00 -1.409462824223E-14
 -1.659999970000E+00 -1.409462824223E-14
 -1.639999990000E+00 -1.409462824223E-14
 -1.620000000000E+00 -1.409462824223E-14
 -1.600000020000E+00 -1.409462824223E-14
 -1.580000040000E+00 -1.409462824223E-14
 -1.559999940000E+00 -1.409462824223E-14
 -1.539999960000E+00 -1.409462824223E-14
 -1.519999980000E+00 -1.409462824223E-14
 -1.500000000000E+00 -1.409462824223E-14
 -1.480000020000E+00 -1.409462824223E-14
 -1.460000040000E+00 -1.409462824223E-14
 -1.440000060000E+00 -1.409462824223E-14
 -1.419999960000E+00 -1.409462824223E-14
 -1.399999980000E+00 -1.409462824223E-14
 -1.380000000000E+00 -1.409462824223E-14
 -1.360000010000E+00 -1.409462824223E-14
 -1.340000030000E+00 -1.409462824223E-14
 -1.320000050000E+00 -1.409462824223E-14
 -1.299999950000E+00 -1.409462824223E-14
 -1.279999970000E+00 -1.409462824223E-14
 -1.259999990000E+00 -1.409462824223E-14
 -1.240000010000E+00 -1.409462824223E-14
 -1.220000030000E+00 -1.409462824223E-14
 -1.200000050000E+00 -1.409462824223E-14
 -1.179999950000E+00 -1.409462824223E-14
 -1.159999970000E+00 -1.409462824223E-14
 -1.139999990000E+00 -1.409462824223E-14
 -1.120000000000E+00 -1.409462824223E-14
 -1.100000020000E+00 -1.409462824223E-14
 -1.080000040000E+00 -1.409462824223E-14
 -1.059999940000E+00 -1.409462824223E-14
 -1.039999960000E+00 -1.409462824223E-14
 -1.019999980000E+00 -1.409462824223E-14
 -1.000000000000E+00 -1.409462824223E-14
 -9.800000190000E-01 -1.409462824223E-14
 -9.599999790000E-01 -1.409462824223E-14
 -9.399999980000E-01 -1.409462824223E-14
 -9.200000170000E-01 -1.409462824223E-14
 -8.999999760000E-01 -1.409462824224E-14
 -8.799999950000E-01 -1.297351355641E-04
 -8.600000140000E-01 -8.012501204033E-04
 -8.399999740000E-01 -1.633559687480E-03
 -8.199999930000E-01 -2.460514635048E-03
 -8.000000120000E-01 -3.269112680794E-03
 -7.799999710000E-01 -4.057695810678E-03
 -7.599999900000E-01 -4.826411301040E-03
 -7.400000100000E-01 -5.575202358495E-03
 -7.200000290000E-01 -6.304074184741E-03
 -6.999999880000E-01 -7.012977606110E-03
 -6.800000070000E-01 -7.701942050157E-03
 -6.600000260000E-01 -8.370936331241E-03
 -6.399999860000E-01 -9.019982945540E-03
 -6.200000050000E-01 -9.649061169736E-03
 -6.000000240000E-01 -1.025817469103E-02
 -5.799999830000E-01 -1.084732183589E-02
 -5.600000020000E-01 -1.141649975464E-02
 -5.400000210000E-01 -1.196569805036E-02
 -5.199999810000E-01 -1.249493512311E-02
 -5.000000000000E-01 -1.300419408440E-02
 -4.799999890000E-01 -1.349349044057E-02
 -4.600000080000E-01 -1.396280874050E-02
 -4.399999980000E-01 -1.441215204618E-02
 -4.199999870000E-01 -1.484152452178E-02
 -4.000000060000E-01 -1.525092347608E-02
 -3.799999950000E-01 -1.564035027545E-02
 -3.600000140000E-01 -1.600980483802E-02
 -3.400000040000E-01 -1.635928770942E-02
 -3.199999930000E-01 -1.668879444573E-02
 -3.000000120000E-01 -1.699833098630E-02
 -2.800000010000E-01 -1.728789713987E-02
 -2.599999900000E-01 -1.755749202600E-02
 -2.399999950000E-01 -1.780711295294E-02
 -2.199999990000E-01 -1.803676405929E-02
 -2.000000030000E-01 -1.824644362706E-02
 -1.800000070000E-01 -1.843615358270E-02
 -1.599999960000E-01 -1.860589543277E-02
 -1.400000010000E-01 -1.875566686895E-02
 -1.199999970000E-01 -1.888546693455E-02
 -1.000000010000E-01 -1.899529704580E-02
 -7.999999820000E-02 -1.908515700567E-02
 -5.999999870000E-02 -1.915504747900E-02
 -3.999999910000E-02 -1.920496752750E-02
 -1.999999960000E-02 -1.923492128584E-02
  0.000000000000E+00 -1.924485714370E-02
  1.999999960000E-02 -1.923492128584E-02
  3.999999910000E-02 -1.920496752750E-02
  5.999999870000E-02 -1.915504747900E-02
  7.999999820000E-02 -1.908515700567E-02
  1.000000010000E-01 -1.899529704580E-02
  1.199999970000E-01 -1.888546693455E-02
  1.400000010000E-01 -1.875566686895E-02
  1.599999960000E-01 -1.860589543277E-02
  1.800000070000E-01 -1.843615358270E-02
  2.000000030000E-01 -1.824644362706E-02
  2.199999990000E-01 -1.803676405929E-02
  2.399999950000E-01 -1.780711295294E-02
  2.599999900000E-01 -1.755749202599E-02
  2.800000010000E-01 -1.728789713987E-02
  3.000000120000E-01 -1.699833098630E-02
  3.199999930000E-01 -1.668879444573E-02
  3.400000040000E-01 -1.635928770942E-02
  3.600000140000E-01 -1.600980483802E-02
  3.799999950000E-01 -1.564035027545E-02
  4.000000060000E-01 -1.525092347608E-02
  4.199999870000E-01 -1.484152452178E-02
  4.399999980000E-01 -1.441215204618E-02
  4.600000080000E-01 -1.396280874050E-02
  4.799999890000E-01 -1.349349044057E-02
  5.000000000000E-01 -1.300419408440E-02
  5.199999810000E-01 -1.249493512311E-02
  5.400000210000E-01 -1.196569805036E-02
  5.600000020000E-01 -1.141649975463E-02
  5.799999830000E-01 -1.084732183589E-02
  6.000000240000E-01 -1.025817469103E-02
  6.200000050000E-01 -9.649061169736E-03
  6.399999860000E-01 -9.019982945540E-03
  6.600000260000E-01 -8.370936331240E-03
  6.800000070000E-01 -7.701942050158E-03
  6.999999880000E-01 -7.012977606110E-03
  7.200000290000E-01 -6.304074184740E-03
  7.400000100000E-01 -5.575202358495E-03
  7.599999900000E-01 -4.826411301039E-03
  7.799999710000E-01 -4.057695810678E-03
  8.000000120000E-01 -3.269112680794E-03
  8.199999930000E-01 -2.460514635049E-03
  8.399999740000E-01 -1.633559687480E-03
  8.600000140000E-01 -8.012501204033E-04
  8.799999950000E-01 -1.297351355641E-04
  8.999999760000E-01 -1.409462824392E-14
  9.200000170000E-01 -1.409462824223E-14
  9.399999980000E-01 -1.409462824223E-14
  9.599999790000E-01 -1.409462824223E-14
  9.800000190000E-01 -1.409462824223E-14
  1.000000000000E+00 -1.409462824223E-14
  1.019999980000E+00 -1.409462824223E-14
  1.039999960000E+00 -1.409462824223E-14
  1.059999940000E+00 -1.409462824223E-14
  1.080000040000E+00 -1.409462824223E-14
  1.100000020000E+00 -1.409462824223E-14
  1.120000000000E+00 -1.409462824223E-14
  1.139999990000E+00 -1.409462824223E-14
  1.159999970000E+00 -1.409462824223E-14
  1.179999950000E+00 -1.409462824223E-14
  1.200000050000E+00 -1.409462824223E-14
  1.220000030000E+00 -1.409462824223E-14
  1.240000010000E+00 -1.409462824223E-14
  1.259999990000E+00 -1.409462824223E-14
  1.279999970000E+00 -1.409462824223E-14
  1.299999950000E+00 -1.409462824223E-14
  1.320000050000E+00 -1.409462824223E-14
  1.340000030000E+00 -1.409462824223E-14
  1.360000010000E+00 -1.409462824223E-14
  1.380000000000E+00 -1.409462824223E-14
  1.399999980000E+00 -1.409462824223E-14
  1.419999960000E+00 -1.409462824223E-14
  1.440000060000E+00 -1.409462824223E-14
  1.460000040000E+00 -1.409462824223E-14
  1.480000020000E+00 -1.409462824223E-14
  1.500000000000E+00 -1.409462824223E-14
  1.519999980000E+00 -1.409462824223E-14
  1.539999960000E+00 -1.409462824223E-14
  1.559999940000E+00 -1.409462824223E-14
  1.580000040000E+00 -1.409462824223E-14
  1.600000020000E+00 -1.409462824223E-14
  1.620000000000E+00 -1.409462824223E-14
  1.639999990000E+00 -1.409462824223E-14
  1.659999970000E+00 -1.409462824223E-14
  1.679999950000E+00 -1.409462824223E-14
  1.700000050000E+00 -1.409462824223E-14
  1.720000030000E+00 -1.409462824223E-14
  1.740000010000E+00 -1.409462824223E-14
  1.759999990000E+00 -1.409462824223E-14
  1.779999970000E+00 -1.409462824223E-14
  1.799999950000E+00 -4.202735559891E-05
BODY 2   181
 -1.797570940000E+00  8.094534280000E-02
 -1.777651070000E+00  7.915772500000E-02
 -1.757729290000E+00  7.739003750000E-02
 -1.737805840000E+00  7.564227280000E-02
 -1.717880610000E+00  7.391442360000E-02
 -1.697953700000E+00  7.220651210000E-02
 -1.678025010000E+00  7.051852350000E-02
 -1.658094640000E+00  6.885045770000E-02
 -1.638162730000E+00  6.720232960000E-02
 -1.618229150000E+00  6.557413190000E-02
 -1.598293900000E+00  6.396587190000E-02
 -1.578357100000E+00  6.237754970000E-02
 -1.558418630000E+00  6.080916150000E-02
 -1.538478730000E+00  5.926071110000E-02
 -1.518537160000E+00  5.773220210000E-02
 -1.498594160000E+00  5.622363840000E-02
 -1.478649620000E+00  5.473501610000E-02
 -1.458703640000E+00  5.326633900000E-02
 -1.438756110000E+00  5.181760710000E-02
 -1.418807270000E+00  5.038882790000E-02
 -1.398857000000E+00  4.898000650235E-02
 -1.378905180000E+00  4.759112933230E-02
 -1.358952160000E+00  4.622220544721E-02
 -1.338997720000E+00  4.487323648448E-02
 -1.319041850000E+00  4.354421907030E-02
 -1.299084780000E+00  4.223515590926E-02
 -1.279126410000E+00  4.094605501125E-02
 -1.259166720000E+00  3.967691010867E-02
 -1.239205720000E+00  3.842772425620E-02
 -1.219243530000E+00  3.719849921472E-02
 -1.199280140000E+00  3.598924059712E-02
 -1.179315570000E+00  3.479994294688E-02
 -1.159349680000E+00  3.363061007482E-02
 -1.139382840000E+00  3.248124436087E-02
 -1.119414690000E+00  3.135184357920E-02
 -1.099445460000E+00  3.024241383066E-02
 -1.079475160000E+00  2.915295245694E-02
 -1.059503790000E+00  2.808346216314E-02
 -1.039531350000E+00  2.703394449519E-02
 -1.019557830000E+00  2.600439793176E-02
 -9.995833640000E-01  2.499482681668E-02
 -9.796078800000E-01  2.400523046721E-02
 -9.596313830000E-01  2.303560890753E-02
 -9.396539330000E-01  2.208596419326E-02
 -9.196755890000E-01  2.115629846104E-02
 -8.996962900000E-01  2.024661264049E-02
 -8.797160980000E-01  1.935690419342E-02
 -8.597350120000E-01  1.848717779179E-02
 -8.397530910000E-01  1.763743230986E-02
 -8.197702770000E-01  1.680766896317E-02
 -7.997866870000E-01  1.599788841450E-02
 -7.798022630000E-01  1.520809272338E-02
 -7.598171230000E-01  1.443828182710E-02
 -7.398311500000E-01  1.368845673803E-02
 -7.198444600000E-01  1.295861712494E-02
 -6.998571160000E-01  1.224876567635E-02
 -6.798689960000E-01  1.155890124896E-02
 -6.598802210000E-01  1.088902498239E-02
 -6.398907900000E-01  1.023913868815E-02
 -6.199007030000E-01  9.609242192926E-03
 -5.999100210000E-01  8.999335790388E-03
 -5.799186830000E-01  8.409420175172E-03
 -5.599268080000E-01  7.839496446209E-03
 -5.399343970000E-01  7.289565020892E-03
 -5.199413900000E-01  6.759626286873E-03
 -4.999479060000E-01  6.249680823549E-03
 -4.799539150000E-01  5.759729024464E-03
 -4.599594470000E-01  5.289771842258E-03
 -4.399645030000E-01  4.839809253960E-03
 -4.199691410000E-01  4.409841765801E-03
 -3.999733330000E-01  3.999869814377E-03
 -3.799771370000E-01  3.609894323434E-03
 -3.599805530000E-01  3.239914842129E-03
 -3.399836120000E-01  2.889932517804E-03
 -3.199863430000E-01  2.559947137131E-03
 -2.999887470000E-01  2.249959246878E-03
 -2.799908520000E-01  1.959969068180E-03
 -2.599926890000E-01  1.689977109454E-03
 -2.399942430000E-01  1.439983396658E-03
 -2.199955580000E-01  1.209988378448E-03
 -1.999966650000E-01  9.999922478948E-04
 -1.799975630000E-01  8.099950429685E-04
 -1.599982980000E-01  6.399970287235E-04
 -1.399988530000E-01  4.899983434875E-04
 -1.199992820000E-01  3.599991469688E-04
 -9.999958430000E-02  2.499996233448E-04
 -7.999978960000E-02  1.599998651174E-04
 -5.999990930000E-02  8.999996803291E-05
 -3.999997300000E-02  3.999999788767E-05
 -1.999999580000E-02  1.000000008419E-05
  0.000000000000E+00  0.000000000000E+00
  1.999999580000E-02  1.000000008419E-05
  3.999997300000E-02  3.999999788767E-05
  5.999990930000E-02  8.999996803291E-05
  7.999978960000E-02  1.599998651174E-04
  9.999958430000E-02  2.499996233448E-04
  1.199992820000E-01  3.599991469688E-04
  1.399988530000E-01  4.899983434875E-04
  1.599982980000E-01  6.399970287235E-04
  1.799975630000E-01  8.099950429685E-04
  1.999966650000E-01  9.999922478948E-04
  2.199955580000E-01  1.209988378448E-03
  2.399942430000E-01  1.439983396658E-03
  2.599926890000E-01  1.689977109454E-03
  2.799908520000E-01  1.959969068180E-03
  2.999887470000E-01  2.249959246878E-03
  3.199863430000E-01  2.559947137131E-03
  3.399836120000E-01  2.889932517804E-03
  3.599805530000E-01  3.239914842129E-03
  3.799771370000E-01  3.609894323434E-03
  3.999733330000E-01  3.999869814377E-03
  4.199691410000E-01  4.409841765801E-03
  4.399645030000E-01  4.839809253960E-03
  4.599594470000E-01  5.289771842258E-03
  4.799539150000E-01  5.759729024464E-03
  4.999479060000E-01  6.249680823549E-03
  5.199413900000E-01  6.759626286873E-03
  5.399343970000E-01  7.289565020892E-03
  5.599268080000E-01  7.839496446209E-03
  5.799186830000E-01  8.409420175172E-03
  5.999100210000E-01  8.999335790388E-03
  6.199007030000E-01  9.609242192926E-03
  6.398907900000E-01  1.023913868815E-02
  6.598802210000E-01  1.088902498239E-02
  6.798689960000E-01  1.155890124896E-02
  6.998571160000E-01  1.224876567635E-02
  7.198444600000E-01  1.295861712494E-02
  7.398311500000E-01  1.368845673803E-02
  7.598171230000E-01  1.443828182710E-02
  7.798022630000E-01  1.520809272338E-02
  7.997866870000E-01  1.599788841450E-02
  8.197702770000E-01  1.680766896317E-02
  8.397530910000E-01  1.763743230986E-02
  8.597350120000E-01  1.848717779179E-02
  8.797160980000E-01  1.935690419342E-02
  8.996962900000E-01  2.024661264049E-02
  9.196755890000E-01  2.115629846104E-02
  9.396539330000E-01  2.208596419326E-02
  9.596313830000E-01  2.303560890753E-02
  9.796078800000E-01  2.400523046721E-02
  9.995833640000E-01  2.499482681668E-02
  1.019557830000E+00  2.600439793176E-02
  1.039531350000E+00  2.703394449519E-02
  1.059503790000E+00  2.808346216314E-02
  1.079475160000E+00  2.915295245694E-02
  1.099445460000E+00  3.024241383066E-02
  1.119414690000E+00  3.135184357920E-02
  1.139382840000E+00  3.248124436087E-02
  1.159349680000E+00  3.363061007482E-02
  1.179315570000E+00  3.479994294688E-02
  1.199280140000E+00  3.598924059712E-02
  1.219243530000E+00  3.719849921472E-02
  1.239205720000E+00  3.842772425620E-02
  1.259166720000E+00  3.967691010867E-02
  1.279126410000E+00  4.094605501125E-02
  1.299084780000E+00  4.223515590926E-02
  1.319041850000E+00  4.354421907030E-02
  1.338997720000E+00  4.487323648448E-02
  1.358952160000E+00  4.622220544721E-02
  1.378905180000E+00  4.759112933230E-02
  1.398857000000E+00  4.898000650235E-02
  1.418807270000E+00  5.038882790000E-02
  1.438756110000E+00  5.181760710000E-02
  1.458703640000E+00  5.326633900000E-02
  1.478649620000E+00  5.473501610000E-02
  1.498594160000E+00  5.622363840000E-02
  1.518537160000E+00  5.773220210000E-02
  1.538478730000E+00  5.926071110000E-02
  1.558418630000E+00  6.080916150000E-02
  1.578357100000E+00  6.237754970000E-02
  1.598293900000E+00  6.396587190000E-02
  1.618229150000E+00  6.557413190000E-02
  1.638162730000E+00  6.720232960000E-02
  1.658094640000E+00  6.885045770000E-02
  1.678025010000E+00  7.051852350000E-02
  1.697953700000E+00  7.220651210000E-02
  1.717880610000E+00  7.391442360000E-02
  1.737805840000E+00  7.564227280000E-02
  1.757729290000E+00  7.739003750000E-02
  1.777651070000E+00  7.915772500000E-02
  1.797570940000E+00  8.094534280000E-02
STEP  16 TIME  1.40020000E+04
BODY 1   181
 -1.799999950000E+00 -4.107097425313E-05
 -1.779999970000E+00 -1.517883041471E-14
 -1.759999990000E+00 -1.517883041471E-14
 -1.740000010000E+00 -1.517883041471E-14
 -1.720000030000E+00 -1.517883041471E-14
 -1.700000050000E+00 -1.517883041471E-14
 -1.679999950000E+00 -1.517883041471E-14
 -1.659999970000E+00 -1.517883041471E-14
 -1.639999990000E+00 -1.517883041471E-14
 -1.620000000000E+00 -1.517883041471E-14
 -1.600000020000E+00 -1.517883041471E-14
 -1.580000040000E+00 -1.517883041471E-14
 -1.559999940000E+00 -1.517883041471E-14
 -1.539999960000E+00 -1.517883041471E-14
 -1.519999980000E+00 -1.517883041471E-14
 -1.500000000000E+00 -1.517883041471E-14
 -1.480000020000E+00 -1.517883041471E-14
 -1.460000040000E+00 -1.517883041471E-14
 -1.440000060000E+00 -1.517883041471E-14
 -1.419999960000E+00 -1.517883041471E-14
 -1.399999980000E+00 -1.517883041471E-14
 -1.380000000000E+00 -1.517883041471E-14
 -1.360000010000E+00 -1.517883041471E-14
 -1.340000030000E+00 -1.517883041471E-14
 -1.320000050000E+00 -1.517883041471E-14
 -1.299999950000E+00 -1.517883041471E-14
 -1.279999970000E+00 -1.517883041471E-14
 -1.259999990000E+00 -1.517883041471E-14
 -1.240000010000E+00 -1.517883041471E-14
 -1.220000030000E+00 -1.517883041471E-14
 -1.200000050000E+00 -1.517883041471E-14
 -1.179999950000E+00 -1.517883041471E-14
 -1.159999970000E+00 -1.517883041471E-14
 -1.139999990000E+00 -1.517883041471E-14
 -1.120000000000E+00 -1.517883041471E-14
 -1.100000020000E+00 -1.517883041471E-14
 -1.080000040000E+00 -1.517883041471E-14
 -1.059999940000E+00 -1.517883041471E-14
 -1.039999960000E+00 -1.517883041471E-14
 -1.019999980000E+00 -1.517883041471E-14
 -1.000000000000E+00 -1.517883041471E-14
 -9.800000190000E-01 -1.517883041471E-14
 -9.599999790000E-01 -1.517883041471E-14
 -9.399999980000E-01 -1.517883041471E-14
 -9.200000170000E-01 -1.517883041471E-14
 -8.999999760000E-01 -1.505505122013E-04
 -8.799999950000E-01 -9.044553213350E-04
 -8.600000140000E-01 -1.760120853656E-03
 -8.399999740000E-01 -2.608184368663E-03
 -8.199999930000E-01 -3.436729359895E-03
 -8.000000120000E-01 -4.245418453905E-03
 -7.799999710000E-01 -5.034218130300E-03
 -7.599999900000E-01 -5.803059209872E-03
 -7.400000100000E-01 -6.551981177482E-03
 -7.200000290000E-01 -7.280931070579E-03
 -6.999999880000E-01 -7.989947099779E-03
 -6.800000070000E-01 -8.679004094141E-03
 -6.600000260000E-01 -9.348097353815E-03
 -6.399999860000E-01 -9.997234197463E-03
 -6.200000050000E-01 -1.062638515244E-02
 -6.000000240000E-01 -1.123557799252E-02
 -5.799999830000E-01 -1.182478866649E-02
 -5.600000020000E-01 -1.239403470607E-02
 -5.400000210000E-01 -1.294330372717E-02
 -5.199999810000E-01 -1.347261216329E-02
 -5.000000000000E-01 -1.398193697315E-02
 -4.799999890000E-01 -1.447128655423E-02
 -4.600000080000E-01 -1.494066234961E-02
 -4.399999980000E-01 -1.539006358127E-02
 -4.199999870000E-01 -1.581949592377E-02
 -4.000000060000E-01 -1.622895166849E-02
 -3.799999950000E-01 -1.661843358998E-02
 -3.600000140000E-01 -1.698794501359E-02
 -3.400000040000E-01 -1.733748496109E-02
 -3.199999930000E-01 -1.766705431534E-02
 -3.000000120000E-01 -1.797665151982E-02
 -2.800000010000E-01 -1.826627988234E-02
 -2.599999900000E-01 -1.853594411236E-02
 -2.399999950000E-01 -1.878564537197E-02
 -2.199999990000E-01 -1.901538010326E-02
 -2.000000030000E-01 -1.922515584766E-02
 -1.800000070000E-01 -1.941497685621E-02
 -1.599999960000E-01 -1.958485301789E-02
 -1.400000010000E-01 -1.973480313284E-02
 -1.199999970000E-01 -1.986486578788E-02
 -1.000000010000E-01 -1.997528136086E-02
 -7.999999820000E-02 -2.006543973780E-02
 -5.999999870000E-02 -2.013458668473E-02
 -3.999999910000E-02 -2.018434916992E-02
 -1.999999960000E-02 -2.021420371391E-02
  0.000000000000E+00 -2.022397042169E-02
  1.999999960000E-02 -2.021420371391E-02
  3.999999910000E-02 -2.018434916992E-02
  5.999999870000E-02 -2.013458668473E-02
  7.999999820000E-02 -2.006543973780E-02
  1.000000010000E-01 -1.997528136086E-02
  1.199999970000E-01 -1.986486578788E-02
  1.400000010000E-01 -1.973480313284E-02
  1.599999960000E-01 -1.958485301789E-02
  1.800000070000E-01 -1.941497685621E-02
  2.000000030000E-01 -1.922515584766E-02
  2.199999990000E-01 -1.901538010326E-02
  2.399999950000E-01 -1.878564537197E-02
  2.599999900000E-01 -1.853594411236E-02
  2.800000010000E-01 -1.826627988234E-02
  3.000000120000E-01 -1.797665151982E-02
  3.199999930000E-01 -1.766705431535E-02
  3.400000040000E-01 -1.733748496109E-02
  3.600000140000E-01 -1.698794501359E-02
  3.799999950000E-01 -1.661843358998E-02
  4.000000060000E-01 -1.622895166850E-02
  4.199999870000E-01 -1.581949592377E-02
  4.399999980000E-01 -1.539006358127E-02
  4.600000080000E-01 -1.494066234962E-02
  4.799999890000E-01 -1.447128655423E-02
  5.000000000000E-01 -1.398193697315E-02
  5.199999810000E-01 -1.347261216330E-02
  5.400000210000E-01 -1.294330372717E-02
  5.600000020000E-01 -1.239403470607E-02
  5.799999830000E-01 -1.182478866649E-02
  6.000000240000E-01 -1.123557799252E-02
  6.200000050000E-01 -1.062638515244E-02
  6.399999860000E-01 -9.997234197462E-03
  6.600000260000E-01 -9.348097353815E-03
  6.800000070000E-01 -8.679004094141E-03
  6.999999880000E-01 -7.989947099779E-03
  7.200000290000E-01 -7.280931070579E-03
  7.400000100000E-01 -6.551981177483E-03
  7.599999900000E-01 -5.803059209872E-03
  7.799999710000E-01 -5.034218130299E-03
  8.000000120000E-01 -4.245418453905E-03
  8.199999930000E-01 -3.436729359895E-03
  8.399999740000E-01 -2.608184368664E-03
  8.600000140000E-01 -1.760120853656E-03
  8.799999950000E-01 -9.044553213352E-04
  8.999999760000E-01 -1.505505122012E-04
  9.200000170000E-01 -1.517883041471E-14
  9.399999980000E-01 -1.517883041471E-14
  9.599999790000E-01 -1.517883041471E-14
  9.800000190000E-01 -1.517883041471E-14
  1.000000000000E+00 -1.517883041471E-14
  1.019999980000E+00 -1.517883041471E-14
  1.039999960000E+00 -1.517883041471E-14
  1.059999940000E+00 -1.517883041471E-14
  1.080000040000E+00 -1.517883041471E-14
  1.100000020000E+00 -1.517883041471E-14
  1.120000000000E+00 -1.517883041471E-14
  1.139999990000E+00 -1.517883041471E-14
  1.159999970000E+00 -1.517883041471E-14
  1.179999950000E+00 -1.517883041471E-14
  1.200000050000E+00 -1.517883041471E-14
  1.220000030000E+00 -1.517883041471E-14
  1.240000010000E+00 -1.517883041471E-14
  1.259999990000E+00 -1.517883041471E-14
  1.279999970000E+00 -1.517883041471E-14
  1.299999950000E+00 -1.517883041471E-14
  1.320000050000E+00 -1.517883041471E-14
  1.340000030000E+00 -1.517883041471E-14
  1.360000010000E+00 -1.517883041471E-14
  1.380000000000E+00 -1.517883041471E-14
  1.399999980000E+00 -1.517883041471E-14
  1.419999960000E+00 -1.517883041471E-14
  1.440000060000E+00 -1.517883041471E-14
  1.460000040000E+00 -1.517883041471E-14
  1.480000020000E+00 -1.517883041471E-14
  1.500000000000E+00 -1.517883041471E-14
  1.519999980000E+00 -1.517883041471E-14
  1.539999960000E+00 -1.517883041471E-14
  1.559999940000E+00 -1.517883041471E-14
  1.580000040000E+00 -1.517883041471E-14
  1.600000020000E+00 -1.517883041471E-14
  1.620000000000E+00 -1.517883041471E-14
  1.639999990000E+00 -1.517883041471E-14
  1.659999970000E+00 -1.517883041471E-14
  1.679999950000E+00 -1.517883041471E-14
  1.700000050000E+00 -1.517883041471E-14
  1.720000030000E+00 -1.517883041471E-14
  1.740000010000E+00 -1.517883041471E-14
  1.759999990000E+00 -1.517883041471E-14
  1.779999970000E+00 -1.517883041471E-14
  1.799999950000E+00 -4.107097588450E-05
BODY 2   181
 -1.797570940000E+00  8.094534280000E-02
 -1.777651070000E+00  7.915772500000E-02
 -1.757729290000E+00  7.739003750000E-02
 -1.737805840000E+00  7.564227280000E-02
 -1.717880610000E+00  7.391442360000E-02
 -1.697953700000E+00  7.220651210000E-02
 -1.678025010000E+00  7.051852350000E-02
 -1.658094640000E+00  6.885045770000E-02
 -1.638162730000E+00  6.720232960000E-02
 -1.618229150000E+00  6.557413190000E-02
 -1.598293900000E+00  6.396587190000E-02
 -1.578357100000E+00  6.237754970000E-02
 -1.558418630000E+00  6.080916150000E-02
 -1.538478730000E+00  5.926071110000E-02
 -1.518537160000E+00  5.773220210000E-02
 -1.498594160000E+00  5.622363840000E-02
 -1.478649620000E+00  5.473501610000E-02
 -1.458703640000E+00  5.326633900000E-02
 -1.438756110000E+00  5.181760710000E-02
 -1.418807270000E+00  5.038882790000E-02
 -1.398857000000E+00  4.898000650235E-02
 -1.378905180000E+00  4.759112933230E-02
 -1.358952160000E+00  4.622220544721E-02
 -1.338997720000E+00  4.487323648448E-02
 -1.319041850000E+00  4.354421907030E-02
 -1.299084780000E+00  4.223515590926E-02
 -1.279126410000E+00  4.094605501125E-02
 -1.259166720000E+00  3.967691010867E-02
 -1.239205720000E+00  3.842772425620E-02
 -1.219243530000E+00  3.719849921472E-02
 -1.199280140000E+00  3.598924059712E-02
 -1.179315570000E+00  3.479994294688E-02
 -1.159349680000E+00  3.363061007482E-02
 -1.139382840000E+00  3.248124436087E-02
 -1.119414690000E+00  3.135184357920E-02
 -1.099445460000E+00  3.024241383066E-02
 -1.079475160000E+00  2.915295245694E-02
 -1.059503790000E+00  2.808346216314E-02
 -1.039531350000E+00  2.703394449519E-02
 -1.019557830000E+00  2.600439793176E-02
 -9.995833640000E-01  2.499482681668E-02
 -9.796078800000E-01  2.400523046721E-02
 -9.596313830000E-01  2.303560890753E-02
 -9.396539330000E-01  2.208596419326E-02
 -9.196755890000E-01  2.115629846104E-02
 -8.996962900000E-01  2.024661264049E-02
 -8.797160980000E-01  1.935690419342E-02
 -8.597350120000E-01  1.848717779179E-02
 -8.397530910000E-01  1.763743230986E-02
 -8.197702770000E-01  1.680766896317E-02
 -7.997866870000E-01  1.599788841450E-02
 -7.798022630000E-01  1.520809272338E-02
 -7.598171230000E-01  1.443828182710E-02
 -7.398311500000E-01  1.368845673803E-02
 -7.198444600000E-01  1.295861712494E-02
 -6.998571160000E-01  1.224876567635E-02
 -6.798689960000E-01  1.155890124896E-02
 -6.598802210000E-01  1.088902498239E-02
 -6.398907900000E-01  1.023913868815E-02
 -6.199007030000E-01  9.609242192926E-03
 -5.999100210000E-01  8.999335790388E-03
 -5.799186830000E-01  8.409420175172E-03
 -5.599268080000E-01  7.839496446209E-03
 -5.399343970000E-01  7.289565020892E-03
 -5.199413900000E-01  6.759626286873E-03
 -4.999479060000E-01  6.249680823549E-03
 -4.799539150000E-01  5.759729024464E-03
 -4.599594470000E-01  5.289771842258E-03
 -4.399645030000E-01  4.839809253960E-03
 -4.199691410000E-01  4.409841765801E-03
 -3.999733330000E-01  3.999869814377E-03
 -3.799771370000E-01  3.609894323434E-03
 -3.599805530000E-01  3.239914842129E-03
 -3.399836120000E-01  2.889932517804E-03
 -3.199863430000E-01  2.559947137131E-03
 -2.999887470000E-01  2.249959246878E-03
 -2.799908520000E-01  1.959969068180E-03
 -2.599926890000E-01  1.689977109454E-03
 -2.399942430000E-01  1.439983396658E-03
 -2.199955580000E-01  1.209988378448E-03
 -1.999966650000E-01  9.999922478948E-04
 -1.799975630000E-01  8.099950429685E-04
 -1.599982980000E-01  6.399970287235E-04
 -1.399988530000E-01  4.899983434875E-04
 -1.199992820000E-01  3.599991469688E-04
 -9.999958430000E-02  2.499996233448E-04
 -7.999978960000E-02  1.599998651174E-04
 -5.999990930000E-02  8.999996803291E-05
 -3.999997300000E-02  3.999999788767E-05
 -1.999999580000E-02  1.000000008419E-05
  0.000000000000E+00  0.000000000000E+00
  1.999999580000E-02  1.000000008419E-05
  3.999997300000E-02  3.999999788767E-05
  5.999990930000E-02  8.999996803291E-05
  7.999978960000E-02  1.599998651174E-04
  9.999958430000E-02  2.499996233448E-04
  1.199992820000E-01  3.599991469688E-04
  1.399988530000E-01  4.899983434875E-04
  1.599982980000E-01  6.399970287235E-04
  1.799975630000E-01  8.099950429685E-04
  1.999966650000E-01  9.999922478948E-04
  2.199955580000E-01  1.209988378448E-03
  2.399942430000E-01  1.439983396658E-03
  2.599926890000E-01  1.689977109454E-03
  2.799908520000E-01  1.959969068180E-03
  2.999887470000E-01  2.249959246878E-03
  3.199863430000E-01  2.559947137131E-03
  3.399836120000E-01  2.889932517804E-03
  3.599805530000E-01  3.239914842129E-03
  3.799771370000E-01  3.609894323434E-03
  3.999733330000E-01  3.999869814377E-03
  4.199691410000E-01  4.409841765801E-03
  4.399645030000E-01  4.839809253960E-03
  4.599594470000E-01  5.289771842258E-03
  4.799539150000E-01  5.759729024464E-03
  4.999479060000E-01  6.249680823549E-03
  5.199413900000E-01  6.759626286873E-03
  5.399343970000E-01  7.289565020892E-03
  5.599268080000E-01  7.839496446209E-03
  5.799186830000E-01  8.409420175172E-03
  5.999100210000E-01  8.999335790388E-03
  6.199007030000E-01  9.609242192926E-03
  6.398907900000E-01  1.023913868815E-02
  6.598802210000E-01  1.088902498239E-02
  6.798689960000E-01  1.155890124896E-02
  6.998571160000E-01  1.224876567635E-02
  7.198444600000E-01  1.295861712494E-02
  7.398311500000E-01  1.368845673803E-02
  7.598171230000E-01  1.443828182710E-02
  7.798022630000E-01  1.520809272338E-02
  7.997866870000E-01  1.599788841450E-02
  8.197702770000E-01  1.680766896317E-02
  8.397530910000E-01  1.763743230986E-02
  8.597350120000E-01  1.848717779179E-02
  8.797160980000E-01  1.935690419342E-02
  8.996962900000E-01  2.024661264049E-02
  9.196755890000E-01  2.115629846104E-02
  9.396539330000E-01  2.208596419326E-02
  9.596313830000E-01  2.303560890753E-02
  9.796078800000E-01  2.400523046721E-02
  9.995833640000E-01  2.499482681668E-02
  1.019557830000E+00  2.600439793176E-02
  1.039531350000E+00  2.703394449519E-02
  1.059503790000E+00  2.808346216314E-02
  1.079475160000E+00  2.915295245694E-02
  1.099445460000E+00  3.024241383066E-02
  1.119414690000E+00  3.135184357920E-02
  1.139382840000E+00  3.248124436087E-02
  1.159349680000E+00  3.363061007482E-02
  1.179315570000E+00  3.479994294688E-02
  1.199280140000E+00  3.598924059712E-02
  1.219243530000E+00  3.719849921472E-02
  1.239205720000E+00  3.842772425620E-02
  1.259166720000E+00  3.967691010867E-02
  1.279126410000E+00  4.094605501125E-02
  1.299084780000E+00  4.223515590926E-02
  1.319041850000E+00  4.354421907030E-02
  1.338997720000E+00  4.487323648448E-02
  1.358952160000E+00  4.622220544721E-02
  1.378905180000E+00  4.759112933230E-02
  1.398857000000E+00  4.898000650235E-02
  1.418807270000E+00  5.038882790000E-02
  1.438756110000E+00  5.181760710000E-02
  1.458703640000E+00  5.326633900000E-02
  1.478649620000E+00  5.473501610000E-02
  1.498594160000E+00  5.622363840000E-02
  1.518537160000E+00  5.773220210000E-02
  1.538478730000E+00  5.926071110000E-02
  1.558418630000E+00  6.080916150000E-02
  1.578357100000E+00  6.237754970000E-02
  1.598293900000E+00  6.396587190000E-02
  1.618229150000E+00  6.557413190000E-02
  1.638162730000E+00  6.720232960000E-02
  1.658094640000E+00  6.885045770000E-02
  1.678025010000E+00  7.051852350000E-02
  1.697953700000E+00  7.220651210000E-02
  1.717880610000E+00  7.391442360000E-02
  1.737805840000E+00  7.564227280000E-02
  1.757729290000E+00  7.739003750000E-02
  1.777651070000E+00  7.915772500000E-02
  1.797570940000E+00  8.094534280000E-02
STEP  17 TIME  1.50020000E+04
BODY 1   181
 -1.799999950000E+00 -4.019604991265E-05
 -1.779999970000E+00 -1.626303258718E-14
 -1.759999990000E+00 -1.626303258718E-14
 -1.740000010000E+00 -1.626303258718E-14
 -1.720000030000E+00 -1.626303258718E-14
 -1.700000050000E+00 -1.626303258718E-14
 -1.679999950000E+00 -1.626303258718E-14
 -1.659999970000E+00 -1.626303258718E-14
 -1.639999990000E+00 -1.626303258718E-14
 -1.620000000000E+00 -1.626303258718E-14
 -1.600000020000E+00 -1.626303258718E-14
 -1.580000040000E+00 -1.626303258718E-14
 -1.559999940000E+00 -1.626303258718E-14
 -1.539999960000E+00 -1.626303258718E-14
 -1.519999980000E+00 -1.626303258718E-14
 -1.500000000000E+00 -1.626303258718E-14
 -1.480000020000E+00 -1.626303258718E-14
 -1.460000040000E+00 -1.626303258718E-14
 -1.440000060000E+00 -1.626303258718E-14
 -1.419999960000E+00 -1.626303258718E-14
 -1.399999980000E+00 -1.626303258718E-14
 -1.380000000000E+00 -1.626303258718E-14
 -1.360000010000E+00 -1.626303258718E-14
 -1.340000030000E+00 -1.626303258718E-14
 -1.320000050000E+00 -1.626303258718E-14
 -1.299999950000E+00 -1.626303258718E-14
 -1.279999970000E+00 -1.626303258718E-14
 -1.259999990000E+00 -1.626303258718E-14
 -1.240000010000E+00 -1.626303258718E-14
 -1.220000030000E+00 -1.626303258718E-14
 -1.200000050000E+00 -1.626303258718E-14
 -1.179999950000E+00 -1.626303258718E-14
 -1.159999970000E+00 -1.626303258718E-14
 -1.139999990000E+00 -1.626303258718E-14
 -1.120000000000E+00 -1.626303258718E-14
 -1.100000020000E+00 -1.626303258718E-14
 -1.080000040000E+00 -1.626303258718E-14
 -1.059999940000E+00 -1.626303258718E-14
 -1.039999960000E+00 -1.626303258718E-14
 -1.019999980000E+00 -1.626303258718E-14
 -1.000000000000E+00 -1.626303258718E-14
 -9.800000190000E-01 -1.626303258718E-14
 -9.599999790000E-01 -1.626303258718E-14
 -9.399999980000E-01 -1.626303258718E-14
 -9.200000170000E-01 -1.646317163688E-04
 -8.999999760000E-01 -9.746416807259E-04
 -8.799999950000E-01 -1.852338672820E-03
 -8.600000140000E-01 -2.720978275790E-03
 -8.399999740000E-01 -3.569500937915E-03
 -8.199999930000E-01 -4.398290557682E-03
 -8.000000120000E-01 -5.207161574178E-03
 -7.799999710000E-01 -5.996052712401E-03
 -7.599999900000E-01 -6.765039397886E-03
 -7.400000100000E-01 -7.514076375498E-03
 -7.200000290000E-01 -8.243142459473E-03
 -6.999999880000E-01 -8.952263326256E-03
 -6.800000070000E-01 -9.641396746507E-03
 -6.600000260000E-01 -1.031057278834E-02
 -6.399999860000E-01 -1.095977598058E-02
 -6.200000050000E-01 -1.158900552764E-02
 -6.000000240000E-01 -1.219826736658E-02
 -5.799999830000E-01 -1.278755343031E-02
 -5.600000020000E-01 -1.335686877786E-02
 -5.400000210000E-01 -1.390620752839E-02
 -5.199999810000E-01 -1.443556242966E-02
 -5.000000000000E-01 -1.494494774035E-02
 -4.799999890000E-01 -1.543435607442E-02
 -4.600000080000E-01 -1.590379843111E-02
 -4.399999980000E-01 -1.635326455081E-02
 -4.199999870000E-01 -1.678275080274E-02
 -4.000000060000E-01 -1.719227280464E-02
 -3.799999950000E-01 -1.758182563029E-02
 -3.600000140000E-01 -1.795140451666E-02
 -3.400000040000E-01 -1.830102157040E-02
 -3.199999930000E-01 -1.863068203352E-02
 -3.000000120000E-01 -1.894039090017E-02
 -2.800000010000E-01 -1.923015302195E-02
 -2.599999900000E-01 -1.950000744374E-02
 -2.399999950000E-01 -1.974996861565E-02
 -2.199999990000E-01 -1.998047473712E-02
 -2.000000030000E-01 -2.019026545947E-02
 -1.800000070000E-01 -2.037913455455E-02
 -1.599999960000E-01 -2.054864983107E-02
 -1.400000010000E-01 -2.069824120912E-02
 -1.199999970000E-01 -2.082794350806E-02
 -1.000000010000E-01 -2.093769745357E-02
 -7.999999820000E-02 -2.102750533409E-02
 -5.999999870000E-02 -2.109735624865E-02
 -3.999999910000E-02 -2.114725293746E-02
 -1.999999960000E-02 -2.117720096164E-02
  0.000000000000E+00 -2.118697796767E-02
  1.999999960000E-02 -2.117720096164E-02
  3.999999910000E-02 -2.114725293746E-02
  5.999999870000E-02 -2.109735624865E-02
  7.999999820000E-02 -2.102750533409E-02
  1.000000010000E-01 -2.093769745357E-02
  1.199999970000E-01 -2.082794350806E-02
  1.400000010000E-01 -2.069824120912E-02
  1.599999960000E-01 -2.054864983107E-02
  1.800000070000E-01 -2.037913455455E-02
  2.000000030000E-01 -2.019026545947E-02
  2.199999990000E-01 -1.998047473712E-02
  2.399999950000E-01 -1.974996861565E-02
  2.599999900000E-01 -1.950000744374E-02
  2.800000010000E-01 -1.923015302195E-02
  3.000000120000E-01 -1.894039090017E-02
  3.199999930000E-01 -1.863068203352E-02
  3.400000040000E-01 -1.830102157040E-02
  3.600000140000E-01 -1.795140451666E-02
  3.799999950000E-01 -1.758182563030E-02
  4.000000060000E-01 -1.719227280464E-02
  4.199999870000E-01 -1.678275080274E-02
  4.399999980000E-01 -1.635326455081E-02
  4.600000080000E-01 -1.590379843111E-02
  4.799999890000E-01 -1.543435607442E-02
  5.000000000000E-01 -1.494494774035E-02
  5.199999810000E-01 -1.443556242966E-02
  5.400000210000E-01 -1.390620752839E-02
  5.600000020000E-01 -1.335686877786E-02
  5.799999830000E-01 -1.278755343031E-02
  6.000000240000E-01 -1.219826736658E-02
  6.200000050000E-01 -1.158900552764E-02
  6.399999860000E-01 -1.095977598058E-02
  6.600000260000E-01 -1.031057278834E-02
  6.800000070000E-01 -9.641396746507E-03
  6.999999880000E-01 -8.952263326255E-03
  7.200000290000E-01 -8.243142459473E-03
  7.400000100000E-01 -7.514076375498E-03
  7.599999900000E-01 -6.765039397886E-03
  7.799999710000E-01 -5.996052712401E-03
  8.000000120000E-01 -5.207161574178E-03
  8.199999930000E-01 -4.398290557683E-03
  8.399999740000E-01 -3.569500937916E-03
  8.600000140000E-01 -2.720978275790E-03
  8.799999950000E-01 -1.852338672820E-03
  8.999999760000E-01 -9.746416807256E-04
  9.200000170000E-01 -1.646317163689E-04
  9.399999980000E-01 -1.626303258751E-14
  9.599999790000E-01 -1.626303258718E-14
  9.800000190000E-01 -1.626303258718E-14
  1.000000000000E+00 -1.626303258718E-14
  1.019999980000E+00 -1.626303258718E-14
  1.039999960000E+00 -1.626303258718E-14
  1.059999940000E+00 -1.626303258718E-14
  1.080000040000E+00 -1.626303258718E-14
  1.100000020000E+00 -1.626303258718E-14
  1.120000000000E+00 -1.626303258718E-14
  1.139999990000E+00 -1.626303258718E-14
  1.159999970000E+00 -1.626303258718E-14
  1.179999950000E+00 -1.626303258718E-14
  1.200000050000E+00 -1.626303258718E-14
  1.220000030000E+00 -1.626303258718E-14
  1.240000010000E+00 -1.626303258718E-14
  1.259999990000E+00 -1.626303258718E-14
  1.279999970000E+00 -1.626303258718E-14
  1.299999950000E+00 -1.626303258718E-14
  1.320000050000E+00 -1.626303258718E-14
  1.340000030000E+00 -1.626303258718E-14
  1.360000010000E+00 -1.626303258718E-14
  1.380000000000E+00 -1.626303258718E-14
  1.399999980000E+00 -1.626303258718E-14
  1.419999960000E+00 -1.626303258718E-14
  1.440000060000E+00 -1.626303258718E-14
  1.460000040000E+00 -1.626303258718E-14
  1.480000020000E+00 -1.626303258718E-14
  1.500000000000E+00 -1.626303258718E-14
  1.519999980000E+00 -1.626303258718E-14
  1.539999960000E+00 -1.626303258718E-14
  1.559999940000E+00 -1.626303258718E-14
  1.580000040000E+00 -1.626303258718E-14
  1.600000020000E+00 -1.626303258718E-14
  1.620000000000E+00 -1.626303258718E-14
  1.639999990000E+00 -1.626303258718E-14
  1.659999970000E+00 -1.626303258718E-14
  1.679999950000E+00 -1.626303258718E-14
  1.700000050000E+00 -1.626303258718E-14
  1.720000030000E+00 -1.626303258718E-14
  1.740000010000E+00 -1.626303258718E-14
  1.759999990000E+00 -1.626303258718E-14
  1.779999970000E+00 -1.626303258718E-14
  1.799999950000E+00 -4.019605267674E-05
BODY 2   181
 -1.797570940000E+00  8.094534280000E-02
 -1.777651070000E+00  7.915772500000E-02
 -1.757729290000E+00  7.739003750000E-02
 -1.737805840000E+00  7.564227280000E-02
 -1.717880610000E+00  7.391442360000E-02
 -1.697953700000E+00  7.220651210000E-02
 -1.678025010000E+00  7.051852350000E-02
 -1.658094640000E+00  6.885045770000E-02
 -1.638162730000E+00  6.720232960000E-02
 -1.618229150000E+00  6.557413190000E-02
 -1.598293900000E+00  6.396587190000E-02
 -1.578357100000E+00  6.237754970000E-02
 -1.558418630000E+00  6.080916150000E-02
 -1.538478730000E+00  5.926071110000E-02
 -1.518537160000E+00  5.773220210000E-02
 -1.498594160000E+00  5.622363840000E-02
 -1.478649620000E+00  5.473501610000E-02
 -1.458703640000E+00  5.326633900000E-02
 -1.438756110000E+00  5.181760710000E-02
 -1.418807270000E+00  5.038882790000E-02
 -1.398857000000E+00  4.898000650235E-02
 -1.378905180000E+00  4.759112933230E-02
 -1.358952160000E+00  4.622220544721E-02
 -1.338997720000E+00  4.487323648448E-02
 -1.319041850000E+00  4.354421907030E-02
 -1.299084780000E+00  4.223515590926E-02
 -1.279126410000E+00  4.094605501125E-02
 -1.259166720000E+00  3.967691010867E-02
 -1.239205720000E+00  3.842772425620E-02
 -1.219243530000E+00  3.719849921472E-02
 -1.199280140000E+00  3.598924059712E-02
 -1.179315570000E+00  3.479994294688E-02
 -1.159349680000E+00  3.363061007482E-02
 -1.139382840000E+00  3.248124436087E-02
 -1.119414690000E+00  3.135184357920E-02
 -1.099445460000E+00  3.024241383066E-02
 -1.079475160000E+00  2.915295245694E-02
 -1.059503790000E+00  2.808346216314E-02
 -1.039531350000E+00  2.703394449519E-02
 -1.019557830000E+00  2.600439793176E-02
 -9.995833640000E-01  2.499482681668E-02
 -9.796078800000E-01  2.400523046721E-02
 -9.596313830000E-01  2.303560890753E-02
 -9.396539330000E-01  2.208596419326E-02
 -9.196755890000E-01  2.115629846104E-02
 -8.996962900000E-01  2.024661264049E-02
 -8.797160980000E-01  1.935690419342E-02
 -8.597350120000E-01  1.848717779179E-02
 -8.397530910000E-01  1.763743230986E-02
 -8.197702770000E-01  1.680766896317E-02
 -7.997866870000E-01  1.599788841450E-02
 -7.798022630000E-01  1.520809272338E-02
 -7.598171230000E-01  1.443828182710E-02
 -7.398311500000E-01  1.368845673803E-02
 -7.198444600000E-01  1.295861712494E-02
 -6.998571160000E-01  1.224876567635E-02
 -6.798689960000E-01  1.155890124896E-02
 -6.598802210000E-01  1.088902498239E-02
 -6.398907900000E-01  1.023913868815E-02
 -6.199007030000E-01  9.609242192926E-03
 -5.999100210000E-01  8.999335790388E-03
 -5.799186830000E-01  8.409420175172E-03
 -5.599268080000E-01  7.839496446209E-03
 -5.399343970000E-01  7.289565020892E-03
 -5.199413900000E-01  6.759626286873E-03
 -4.999479060000E-01  6.249680823549E-03
 -4.799539150000E-01  5.759729024464E-03
 -4.599594470000E-01  5.289771842258E-03
 -4.399645030000E-01  4.839809253960E-03
 -4.199691410000E-01  4.409841765801E-03
 -3.999733330000E-01  3.999869814377E-03
 -3.799771370000E-01  3.609894323434E-03
 -3.599805530000E-01  3.239914842129E-03
 -3.399836120000E-01  2.889932517804E-03
 -3.199863430000E-01  2.559947137131E-03
 -2.999887470000E-01  2.249959246878E-03
 -2.799908520000E-01  1.959969068180E-03
 -2.599926890000E-01  1.689977109454E-03
 -2.399942430000E-01  1.439983396658E-03
 -2.199955580000E-01  1.209988378448E-03
 -1.999966650000E-01  9.999922478948E-04
 -1.799975630000E-01  8.099950429685E-04
 -1.599982980000E-01  6.399970287235E-04
 -1.399988530000E-01  4.899983434875E-04
 -1.199992820000E-01  3.599991469688E-04
 -9.999958430000E-02  2.499996233448E-04
 -7.999978960000E-02  1.599998651174E-04
 -5.999990930000E-02  8.999996803291E-05
 -3.999997300000E-02  3.999999788767E-05
 -1.999999580000E-02  1.000000008419E-05
  0.000000000000E+00  0.000000000000E+00
  1.999999580000E-02  1.000000008419E-05
  3.999997300000E-02  3.999999788767E-05
  5.999990930000E-02  8.999996803291E-05
  7.999978960000E-02  1.599998651174E-04
  9.999958430000E-02  2.499996233448E-04
  1.199992820000E-01  3.599991469688E-04
  1.399988530000E-01  4.899983434875E-04
  1.599982980000E-01  6.399970287235E-04
  1.799975630000E-01  8.099950429685E-04
  1.999966650000E-01  9.999922478948E-04
  2.199955580000E-01  1.209988378448E-03
  2.399942430000E-01  1.439983396658E-03
  2.599926890000E-01  1.689977109454E-03
  2.799908520000E-01  1.959969068180E-03
  2.999887470000E-01  2.249959246878E-03
  3.199863430000E-01  2.559947137131E-03
  3.399836120000E-01  2.889932517804E-03
  3.599805530000E-01  3.239914842129E-03
  3.799771370000E-01  3.609894323434E-03
  3.999733330000E-01  3.999869814377E-03
  4.199691410000E-01  4.409841765801E-03
  4.399645030000E-01  4.839809253960E-03
  4.599594470000E-01  5.289771842258E-03
  4.799539150000E-01  5.759729024464E-03
  4.999479060000E-01  6.249680823549E-03
  5.199413900000E-01  6.759626286873E-03
  5.399343970000E-01  7.289565020892E-03
  5.599268080000E-01  7.839496446209E-03
  5.799186830000E-01  8.409420175172E-03
  5.999100210000E-01  8.999335790388E-03
  6.199007030000E-01  9.609242192926E-03
  6.398907900000E-01  1.023913868815E-02
  6.598802210000E-01  1.088902498239E-02
  6.798689960000E-01  1.155890124896E-02
  6.998571160000E-01  1.224876567635E-02
  7.198444600000E-01  1.295861712494E-02
  7.398311500000E-01  1.368845673803E-02
  7.598171230000E-01  1.443828182710E-02
  7.798022630000E-01  1.520809272338E-02
  7.997866870000E-01  1.599788841450E-02
  8.197702770000E-01  1.680766896317E-02
  8.397530910000E-01  1.763743230986E-02
  8.597350120000E-01  1.848717779179E-02
  8.797160980000E-01  1.935690419342E-02
  8.996962900000E-01  2.024661264049E-02
  9.196755890000E-01  2.115629846104E-02
  9.396539330000E-01  2.208596419326E-02
  9.596313830000E-01  2.303560890753E-02
  9.796078800000E-01  2.400523046721E-02
  9.995833640000E-01  2.499482681668E-02
  1.019557830000E+00  2.600439793176E-02
  1.039531350000E+00  2.703394449519E-02
  1.059503790000E+00  2.808346216314E-02
  1.079475160000E+00  2.915295245694E-02
  1.099445460000E+00  3.024241383066E-02
  1.119414690000E+00  3.135184357920E-02
  1.139382840000E+00  3.248124436087E-02
  1.159349680000E+00  3.363061007482E-02
  1.179315570000E+00  3.479994294688E-02
  1.199280140000E+00  3.598924059712E-02
  1.219243530000E+00  3.719849921472E-02
  1.239205720000E+00  3.842772425620E-02
  1.259166720000E+00  3.967691010867E-02
  1.279126410000E+00  4.094605501125E-02
  1.299084780000E+00  4.223515590926E-02
  1.319041850000E+00  4.354421907030E-02
  1.338997720000E+00  4.487323648448E-02
  1.358952160000E+00  4.622220544721E-02
  1.378905180000E+00  4.759112933230E-02
  1.398857000000E+00  4.898000650235E-02
  1.418807270000E+00  5.038882790000E-02
  1.438756110000E+00  5.181760710000E-02
  1.458703640000E+00  5.326633900000E-02
  1.478649620000E+00  5.473501610000E-02
  1.498594160000E+00  5.622363840000E-02
  1.518537160000E+00  5.773220210000E-02
  1.538478730000E+00  5.926071110000E-02
  1.558418630000E+00  6.080916150000E-02
  1.578357100000E+00  6.237754970000E-02
  1.598293900000E+00  6.396587190000E-02
  1.618229150000E+00  6.557413190000E-02
  1.638162730000E+00  6.720232960000E-02
  1.658094640000E+00  6.885045770000E-02
  1.678025010000E+00  7.051852350000E-02
  1.697953700000E+00  7.220651210000E-02
  1.717880610000E+00  7.391442360000E-02
  1.737805840000E+00  7.564227280000E-02
  1.757729290000E+00  7.739003750000E-02
  1.777651070000E+00  7.915772500000E-02
  1.797570940000E+00  8.094534280000E-02
STEP  18 TIME  1.60020000E+04
BODY 1   181
 -1.799999950000E+00 -3.939124617636E-05
 -1.779999970000E+00 -1.734723475965E-14
 -1.759999990000E+00 -1.734723475965E-14
 -1.740000010000E+00 -1.734723475965E-14
 -1.720000030000E+00 -1.734723475965E-14
 -1.700000050000E+00 -1.734723475965E-14
 -1.679999950000E+00 -1.734723475965E-14
 -1.659999970000E+00 -1.734723475965E-14
 -1.639999990000E+00 -1.734723475965E-14
 -1.620000000000E+00 -1.734723475965E-14
 -1.600000020000E+00 -1.734723475965E-14
 -1.580000040000E+00 -1.734723475965E-14
 -1.559999940000E+00 -1.734723475965E-14
 -1.539999960000E+00 -1.734723475965E-14
 -1.519999980000E+00 -1.734723475965E-14
 -1.500000000000E+00 -1.734723475965E-14
 -1.480000020000E+00 -1.734723475965E-14
 -1.460000040000E+00 -1.734723475965E-14
 -1.440000060000E+00 -1.734723475965E-14
 -1.419999960000E+00 -1.734723475965E-14
 -1.399999980000E+00 -1.734723475965E-14
 -1.380000000000E+00 -1.734723475965E-14
 -1.360000010000E+00 -1.734723475965E-14
 -1.340000030000E+00 -1.734723475965E-14
 -1.320000050000E+00 -1.734723475965E-14
 -1.299999950000E+00 -1.734723475965E-14
 -1.279999970000E+00 -1.734723475965E-14
 -1.259999990000E+00 -1.734723475965E-14
 -1.240000010000E+00 -1.734723475965E-14
 -1.220000030000E+00 -1.734723475965E-14
 -1.200000050000E+00 -1.734723475965E-14
 -1.179999950000E+00 -1.734723475965E-14
 -1.159999970000E+00 -1.734723475965E-14
 -1.139999990000E+00 -1.734723475965E-14
 -1.120000000000E+00 -1.734723475965E-14
 -1.100000020000E+00 -1.734723475965E-14
 -1.080000040000E+00 -1.734723475965E-14
 -1.059999940000E+00 -1.734723475965E-14
 -1.039999960000E+00 -1.734723475965E-14
 -1.019999980000E+00 -1.734723475965E-14
 -1.000000000000E+00 -1.734723475965E-14
 -9.800000190000E-01 -1.734723475965E-14
 -9.599999790000E-01 -1.734723475966E-14
 -9.399999980000E-01 -1.700778910457E-04
 -9.200000170000E-01 -1.004740151392E-03
 -8.999999760000E-01 -1.902698080112E-03
 -8.799999950000E-01 -2.791504470230E-03
 -8.600000140000E-01 -3.660074819826E-03
 -8.399999740000E-01 -4.508946130360E-03
 -8.199999930000E-01 -5.337894716360E-03
 -8.000000120000E-01 -6.146858761173E-03
 -7.799999710000E-01 -6.935917809194E-03
 -7.599999900000E-01 -7.705018616783E-03
 -7.400000100000E-01 -8.454120629204E-03
 -7.200000290000E-01 -9.183284408689E-03
 -6.999999880000E-01 -9.892475130447E-03
 -6.800000070000E-01 -1.058169296485E-02
 -6.600000260000E-01 -1.125094654261E-02
 -6.399999860000E-01 -1.190020671403E-02
 -6.200000050000E-01 -1.252950621135E-02
 -6.000000240000E-01 -1.313880878883E-02
 -5.799999830000E-01 -1.372814924368E-02
 -5.600000020000E-01 -1.429749797278E-02
 -5.400000210000E-01 -1.484687765885E-02
 -5.199999810000E-01 -1.537627418211E-02
 -5.000000000000E-01 -1.588570262208E-02
 -4.799999890000E-01 -1.637514919810E-02
 -4.600000080000E-01 -1.684461028515E-02
 -4.399999980000E-01 -1.729410497326E-02
 -4.199999870000E-01 -1.772362605632E-02
 -4.000000060000E-01 -1.813317268150E-02
 -3.799999950000E-01 -1.852275838173E-02
 -3.600000140000E-01 -1.889238797962E-02
 -3.400000040000E-01 -1.924206689232E-02
 -3.199999930000E-01 -1.957183357612E-02
 -3.000000120000E-01 -1.988182400932E-02
 -2.800000010000E-01 -2.017177374010E-02
 -2.599999900000E-01 -2.044076888595E-02
 -2.399999950000E-01 -2.069028162712E-02
 -2.199999990000E-01 -2.091983662976E-02
 -2.000000030000E-01 -2.112947753374E-02
 -1.800000070000E-01 -2.131915819009E-02
 -1.599999960000E-01 -2.148888162429E-02
 -1.400000010000E-01 -2.163864134758E-02
 -1.199999970000E-01 -2.176843561308E-02
 -1.000000010000E-01 -2.187826107588E-02
 -7.999999820000E-02 -2.196811787952E-02
 -5.999999870000E-02 -2.203800431800E-02
 -3.999999910000E-02 -2.208792436603E-02
 -1.999999960000E-02 -2.211788585980E-02
  0.000000000000E+00 -2.212766643043E-02
  1.999999960000E-02 -2.211788585980E-02
  3.999999910000E-02 -2.208792436603E-02
  5.999999870000E-02 -2.203800431800E-02
  7.999999820000E-02 -2.196811787952E-02
  1.000000010000E-01 -2.187826107588E-02
  1.199999970000E-01 -2.176843561308E-02
  1.400000010000E-01 -2.163864134758E-02
  1.599999960000E-01 -2.148888162429E-02
  1.800000070000E-01 -2.131915819009E-02
  2.000000030000E-01 -2.112947753374E-02
  2.199999990000E-01 -2.091983662976E-02
  2.399999950000E-01 -2.069028162712E-02
  2.599999900000E-01 -2.044076888595E-02
  2.800000010000E-01 -2.017177374010E-02
  3.000000120000E-01 -1.988182400932E-02
  3.199999930000E-01 -1.957183357612E-02
  3.400000040000E-01 -1.924206689232E-02
  3.600000140000E-01 -1.889238797962E-02
  3.799999950000E-01 -1.852275838173E-02
  4.000000060000E-01 -1.813317268150E-02
  4.199999870000E-01 -1.772362605632E-02
  4.399999980000E-01 -1.729410497326E-02
  4.600000080000E-01 -1.684461028515E-02
  4.799999890000E-01 -1.637514919810E-02
  5.000000000000E-01 -1.588570262208E-02
  5.199999810000E-01 -1.537627418211E-02
  5.400000210000E-01 -1.484687765885E-02
  5.600000020000E-01 -1.429749797278E-02
  5.799999830000E-01 -1.372814924367E-02
  6.000000240000E-01 -1.313880878883E-02
  6.200000050000E-01 -1.252950621135E-02
  6.399999860000E-01 -1.190020671403E-02
  6.600000260000E-01 -1.125094654261E-02
  6.800000070000E-01 -1.058169296485E-02
  6.999999880000E-01 -9.892475130446E-03
  7.200000290000E-01 -9.183284408688E-03
  7.400000100000E-01 -8.454120629204E-03
  7.599999900000E-01 -7.705018616783E-03
  7.799999710000E-01 -6.935917809194E-03
  8.000000120000E-01 -6.146858761172E-03
  8.199999930000E-01 -5.337894716360E-03
  8.399999740000E-01 -4.508946130360E-03
  8.600000140000E-01 -3.660074819827E-03
  8.799999950000E-01 -2.791504470230E-03
  8.999999760000E-01 -1.902698080112E-03
  9.200000170000E-01 -1.004740151392E-03
  9.399999980000E-01 -1.700778910458E-04
  9.599999790000E-01 -1.734723476382E-14
  9.800000190000E-01 -1.734723475965E-14
  1.000000000000E+00 -1.734723475965E-14
  1.019999980000E+00 -1.734723475965E-14
  1.039999960000E+00 -1.734723475965E-14
  1.059999940000E+00 -1.734723475965E-14
  1.080000040000E+00 -1.734723475965E-14
  1.100000020000E+00 -1.734723475965E-14
  1.120000000000E+00 -1.734723475965E-14
  1.139999990000E+00 -1.734723475965E-14
  1.159999970000E+00 -1.734723475965E-14
  1.179999950000E+00 -1.734723475965E-14
  1.200000050000E+00 -1.734723475965E-14
  1.220000030000E+00 -1.734723475965E-14
  1.240000010000E+00 -1.734723475965E-14
  1.259999990000E+00 -1.734723475965E-14
  1.279999970000E+00 -1.734723475965E-14
  1.299999950000E+00 -1.734723475965E-14
  1.320000050000E+00 -1.734723475965E-14
  1.340000030000E+00 -1.734723475965E-14
  1.360000010000E+00 -1.734723475965E-14
  1.380000000000E+00 -1.734723475965E-14
  1.399999980000E+00 -1.734723475965E-14
  1.419999960000E+00 -1.734723475965E-14
  1.440000060000E+00 -1.734723475965E-14
  1.460000040000E+00 -1.734723475965E-14
  1.480000020000E+00 -1.734723475965E-14
  1.500000000000E+00 -1.734723475965E-14
  1.519999980000E+00 -1.734723475965E-14
  1.539999960000E+00 -1.734723475965E-14
  1.559999940000E+00 -1.734723475965E-14
  1.580000040000E+00 -1.734723475965E-14
  1.600000020000E+00 -1.734723475965E-14
  1.620000000000E+00 -1.734723475965E-14
  1.639999990000E+00 -1.734723475965E-14
  1.659999970000E+00 -1.734723475965E-14
  1.679999950000E+00 -1.734723475965E-14
  1.700000050000E+00 -1.734723475965E-14
  1.720000030000E+00 -1.734723475965E-14
  1.740000010000E+00 -1.734723475965E-14
  1.759999990000E+00 -1.734723475965E-14
  1.779999970000E+00 -1.734723475965E-14
  1.799999950000E+00 -3.939125076212E-05
BODY 2   181
 -1.797570940000E+00  8.094534280000E-02
 -1.777651070000E+00  7.915772500000E-02
 -1.757729290000E+00  7.739003750000E-02
 -1.737805840000E+00  7.564227280000E-02
 -1.717880610000E+00  7.391442360000E-02
 -1.697953700000E+00  7.220651210000E-02
 -1.678025010000E+00  7.051852350000E-02
 -1.658094640000E+00  6.885045770000E-02
 -1.638162730000E+00  6.720232960000E-02
 -1.618229150000E+00  6.557413190000E-02
 -1.598293900000E+00  6.396587190000E-02
 -1.578357100000E+00  6.237754970000E-02
 -1.558418630000E+00  6.080916150000E-02
 -1.538478730000E+00  5.926071110000E-02
 -1.518537160000E+00  5.773220210000E-02
 -1.498594160000E+00  5.622363840000E-02
 -1.478649620000E+00  5.473501610000E-02
 -1.458703640000E+00  5.326633900000E-02
 -1.438756110000E+00  5.181760710000E-02
 -1.418807270000E+00  5.038882790000E-02
 -1.398857000000E+00  4.898000650235E-02
 -1.378905180000E+00  4.759112933230E-02
 -1.358952160000E+00  4.622220544721E-02
 -1.338997720000E+00  4.487323648448E-02
 -1.319041850000E+00  4.354421907030E-02
 -1.299084780000E+00  4.223515590926E-02
 -1.279126410000E+00  4.094605501125E-02
 -1.259166720000E+00  3.967691010867E-02
 -1.239205720000E+00  3.842772425620E-02
 -1.219243530000E+00  3.719849921472E-02
 -1.199280140000E+00  3.598924059712E-02
 -1.179315570000E+00  3.479994294688E-02
 -1.159349680000E+00  3.363061007482E-02
 -1.139382840000E+00  3.248124436087E-02
 -1.119414690000E+00  3.135184357920E-02
 -1.099445460000E+00  3.024241383066E-02
 -1.079475160000E+00  2.915295245694E-02
 -1.059503790000E+00  2.808346216314E-02
 -1.039531350000E+00  2.703394449519E-02
 -1.019557830000E+00  2.600439793176E-02
 -9.995833640000E-01  2.499482681668E-02
 -9.796078800000E-01  2.400523046721E-02
 -9.596313830000E-01  2.303560890753E-02
 -9.396539330000E-01  2.208596419326E-02
 -9.196755890000E-01  2.115629846104E-02
 -8.996962900000E-01  2.024661264049E-02
 -8.797160980000E-01  1.935690419342E-02
 -8.597350120000E-01  1.848717779179E-02
 -8.397530910000E-01  1.763743230986E-02
 -8.197702770000E-01  1.680766896317E-02
 -7.997866870000E-01  1.599788841450E-02
 -7.798022630000E-01  1.520809272338E-02
 -7.598171230000E-01  1.443828182710E-02
 -7.398311500000E-01  1.368845673803E-02
 -7.198444600000E-01  1.295861712494E-02
 -6.998571160000E-01  1.224876567635E-02
 -6.798689960000E-01  1.155890124896E-02
 -6.598802210000E-01  1.088902498239E-02
 -6.398907900000E-01  1.023913868815E-02
 -6.199007030000E-01  9.609242192926E-03
 -5.999100210000E-01  8.999335790388E-03
 -5.799186830000E-01  8.409420175172E-03
 -5.599268080000E-01  7.839496446209E-03
 -5.399343970000E-01  7.289565020892E-03
 -5.199413900000E-01  6.759626286873E-03
 -4.999479060000E-01  6.249680823549E-03
 -4.799539150000E-01  5.759729024464E-03
 -4.599594470000E-01  5.289771842258E-03
 -4.399645030000E-01  4.839809253960E-03
 -4.199691410000E-01  4.409841765801E-03
 -3.999733330000E-01  3.999869814377E-03
 -3.799771370000E-01  3.609894323434E-03
 -3.599805530000E-01  3.239914842129E-03
 -3.399836120000E-01  2.889932517804E-03
 -3.199863430000E-01  2.559947137131E-03
 -2.999887470000E-01  2.249959246878E-03
 -2.799908520000E-01  1.959969068180E-03
 -2.599926890000E-01  1.689977109454E-03
 -2.399942430000E-01  1.439983396658E-03
 -2.199955580000E-01  1.209988378448E-03
 -1.999966650000E-01  9.999922478948E-04
 -1.799975630000E-01  8.099950429685E-04
 -1.599982980000E-01  6.399970287235E-04
 -1.399988530000E-01  4.899983434875E-04
 -1.199992820000E-01  3.599991469688E-04
 -9.999958430000E-02  2.499996233448E-04
 -7.999978960000E-02  1.599998651174E-04
 -5.999990930000E-02  8.999996803291E-05
 -3.999997300000E-02  3.999999788767E-05
 -1.999999580000E-02  1.000000008419E-05
  0.000000000000E+00  0.000000000000E+00
  1.999999580000E-02  1.000000008419E-05
  3.999997300000E-02  3.999999788767E-05
  5.999990930000E-02  8.999996803291E-05
  7.999978960000E-02  1.599998651174E-04
  9.999958430000E-02  2.499996233448E-04
  1.199992820000E-01  3.599991469688E-04
  1.399988530000E-01  4.899983434875E-04
  1.599982980000E-01  6.399970287235E-04
  1.799975630000E-01  8.099950429685E-04
  1.999966650000E-01  9.999922478948E-04
  2.199955580000E-01  1.209988378448E-03
  2.399942430000E-01  1.439983396658E-03
  2.599926890000E-01  1.689977109454E-03
  2.799908520000E-01  1.959969068180E-03
  2.999887470000E-01  2.249959246878E-03
  3.199863430000E-01  2.559947137131E-03
  3.399836120000E-01  2.889932517804E-03
  3.599805530000E-01  3.239914842129E-03
  3.799771370000E-01  3.609894323434E-03
  3.999733330000E-01  3.999869814377E-03
  4.199691410000E-01  4.409841765801E-03
  4.399645030000E-01  4.839809253960E-03
  4.599594470000E-01  5.289771842258E-03
  4.799539150000E-01  5.759729024464E-03
  4.999479060000E-01  6.249680823549E-03
  5.199413900000E-01  6.759626286873E-03
  5.399343970000E-01  7.289565020892E-03
  5.599268080000E-01  7.839496446209E-03
  5.799186830000E-01  8.409420175172E-03
  5.999100210000E-01  8.999335790388E-03
  6.199007030000E-01  9.609242192926E-03
  6.398907900000E-01  1.023913868815E-02
  6.598802210000E-01  1.088902498239E-02
  6.798689960000E-01  1.155890124896E-02
  6.998571160000E-01  1.224876567635E-02
  7.198444600000E-01  1.295861712494E-02
  7.398311500000E-01  1.368845673803E-02
  7.598171230000E-01  1.443828182710E-02
  7.798022630000E-01  1.520809272338E-02
  7.997866870000E-01  1.599788841450E-02
  8.197702770000E-01  1.680766896317E-02
  8.397530910000E-01  1.763743230986E-02
  8.597350120000E-01  1.848717779179E-02
  8.797160980000E-01  1.935690419342E-02
  8.996962900000E-01  2.024661264049E-02
  9.196755890000E-01  2.115629846104E-02
  9.396539330000E-01  2.208596419326E-02
  9.596313830000E-01  2.303560890753E-02
  9.796078800000E-01  2.400523046721E-02
  9.995833640000E-01  2.499482681668E-02
  1.019557830000E+00  2.600439793176E-02
  1.039531350000E+00  2.703394449519E-02
  1.059503790000E+00  2.808346216314E-02
  1.079475160000E+00  2.915295245694E-02
  1.099445460000E+00  3.024241383066E-02
  1.119414690000E+00  3.135184357920E-02
  1.139382840000E+00  3.248124436087E-02
  1.159349680000E+00  3.363061007482E-02
  1.179315570000E+00  3.479994294688E-02
  1.199280140000E+00  3.598924059712E-02
  1.219243530000E+00  3.719849921472E-02
  1.239205720000E+00  3.842772425620E-02
  1.259166720000E+00  3.967691010867E-02
  1.279126410000E+00  4.094605501125E-02
  1.299084780000E+00  4.223515590926E-02
  1.319041850000E+00  4.354421907030E-02
  1.338997720000E+00  4.487323648448E-02
  1.358952160000E+00  4.622220544721E-02
  1.378905180000E+00  4.759112933230E-02
  1.398857000000E+00  4.898000650235E-02
  1.418807270000E+00  5.038882790000E-02
  1.438756110000E+00  5.181760710000E-02
  1.458703640000E+00  5.326633900000E-02
  1.478649620000E+00  5.473501610000E-02
  1.498594160000E+00  5.622363840000E-02
  1.518537160000E+00  5.773220210000E-02
  1.538478730000E+00  5.926071110000E-02
  1.558418630000E+00  6.080916150000E-02
  1.578357100000E+00  6.237754970000E-02
  1.598293900000E+00  6.396587190000E-02
  1.618229150000E+00  6.557413190000E-02
  1.638162730000E+00  6.720232960000E-02
  1.658094640000E+00  6.885045770000E-02
  1.678025010000E+00  7.051852350000E-02
  1.697953700000E+00  7.220651210000E-02
  1.717880610000E+00  7.391442360000E-02
  1.737805840000E+00  7.564227280000E-02
  1.757729290000E+00  7.739003750000E-02
  1.777651070000E+00  7.915772500000E-02
  1.797570940000E+00  8.094534280000E-02
STEP  19 TIME  1.70020000E+04
BODY 1   181
 -1.799999950000E+00 -3.864734827101E-05
 -1.779999970000E+00 -1.843143693212E-14
 -1.759999990000E+00 -1.843143693212E-14
 -1.740000010000E+00 -1.843143693212E-14
 -1.720000030000E+00 -1.843143693212E-14
 -1.700000050000E+00 -1.843143693212E-14
 -1.679999950000E+00 -1.843143693212E-14
 -1.659999970000E+00 -1.843143693212E-14
 -1.639999990000E+00 -1.843143693212E-14
 -1.620000000000E+00 -1.843143693212E-14
 -1.600000020000E+00 -1.843143693212E-14
 -1.580000040000E+00 -1.843143693212E-14
 -1.559999940000E+00 -1.843143693212E-14
 -1.539999960000E+00 -1.843143693212E-14
 -1.519999980000E+00 -1.843143693212E-14
 -1.500000000000E+00 -1.843143693212E-14
 -1.480000020000E+00 -1.843143693212E-14
 -1.460000040000E+00 -1.843143693212E-14
 -1.440000060000E+00 -1.843143693212E-14
 -1.419999960000E+00 -1.843143693212E-14
 -1.399999980000E+00 -1.843143693212E-14
 -1.380000000000E+00 -1.843143693212E-14
 -1.360000010000E+00 -1.843143693212E-14
 -1.340000030000E+00 -1.843143693212E-14
 -1.320000050000E+00 -1.843143693212E-14
 -1.299999950000E+00 -1.843143693212E-14
 -1.279999970000E+00 -1.843143693212E-14
 -1.259999990000E+00 -1.843143693212E-14
 -1.240000010000E+00 -1.843143693212E-14
 -1.220000030000E+00 -1.843143693212E-14
 -1.200000050000E+00 -1.843143693212E-14
 -1.179999950000E+00 -1.843143693212E-14
 -1.159999970000E+00 -1.843143693212E-14
 -1.139999990000E+00 -1.843143693212E-14
 -1.120000000000E+00 -1.843143693212E-14
 -1.100000020000E+00 -1.843143693212E-14
 -1.080000040000E+00 -1.843143693212E-14
 -1.059999940000E+00 -1.843143693212E-14
 -1.039999960000E+00 -1.843143693212E-14
 -1.019999980000E+00 -1.843143693212E-14
 -1.000000000000E+00 -1.843143693212E-14
 -9.800000190000E-01 -1.843143693212E-14
 -9.599999790000E-01 -1.672283085439E-04
 -9.399999980000E-01 -9.969592691934E-04
 -9.200000170000E-01 -1.913424703112E-03
 -8.999999760000E-01 -2.822048986291E-03
 -8.799999950000E-01 -3.710738130846E-03
 -8.600000140000E-01 -4.579663519183E-03
 -8.399999740000E-01 -5.428699569616E-03
 -8.199999930000E-01 -6.257757377594E-03
 -8.000000120000E-01 -7.066859228607E-03
 -7.799999710000E-01 -7.856019973055E-03
 -7.599999900000E-01 -8.625184836969E-03
 -7.400000100000E-01 -9.374408079923E-03
 -7.200000290000E-01 -1.010366665887E-02
 -6.999999880000E-01 -1.081291951703E-02
 -6.800000070000E-01 -1.150220877138E-02
 -6.600000260000E-01 -1.217150557461E-02
 -6.399999860000E-01 -1.282083284358E-02
 -6.200000050000E-01 -1.345017942334E-02
 -6.000000240000E-01 -1.405954152760E-02
 -5.799999830000E-01 -1.464892904800E-02
 -5.600000020000E-01 -1.521832990836E-02
 -5.400000210000E-01 -1.576774626013E-02
 -5.199999810000E-01 -1.629719152446E-02
 -5.000000000000E-01 -1.680664141149E-02
 -4.799999890000E-01 -1.729612568675E-02
 -4.600000080000E-01 -1.776563074130E-02
 -4.399999980000E-01 -1.821516239655E-02
 -4.199999870000E-01 -1.864472988332E-02
 -4.000000060000E-01 -1.905434025545E-02
 -3.799999950000E-01 -1.944402307455E-02
 -3.600000140000E-01 -1.981384200873E-02
 -3.400000040000E-01 -2.016374896615E-02
 -3.199999930000E-01 -2.049281351318E-02
 -3.000000120000E-01 -2.080231016880E-02
 -2.800000010000E-01 -2.109183869568E-02
 -2.599999900000E-01 -2.136143820119E-02
 -2.399999950000E-01 -2.161107127922E-02
 -2.199999990000E-01 -2.184074360094E-02
 -2.000000030000E-01 -2.205044632078E-02
 -1.800000070000E-01 -2.224017905029E-02
 -1.599999960000E-01 -2.240994033771E-02
 -1.400000010000E-01 -2.255972944931E-02
 -1.199999970000E-01 -2.268954560928E-02
 -1.000000010000E-01 -2.279938867811E-02
 -7.999999820000E-02 -2.288925935230E-02
 -5.999999870000E-02 -2.295915633437E-02
 -3.999999910000E-02 -2.300908370177E-02
 -1.999999960000E-02 -2.303905004068E-02
  0.000000000000E+00 -2.304883243844E-02
  1.999999960000E-02 -2.303905004068E-02
  3.999999910000E-02 -2.300908370177E-02
  5.999999870000E-02 -2.295915633437E-02
  7.999999820000E-02 -2.288925935230E-02
  1.000000010000E-01 -2.279938867811E-02
  1.199999970000E-01 -2.268954560928E-02
  1.400000010000E-01 -2.255972944931E-02
  1.599999960000E-01 -2.240994033771E-02
  1.800000070000E-01 -2.224017905029E-02
  2.000000030000E-01 -2.205044632078E-02
  2.199999990000E-01 -2.184074360094E-02
  2.399999950000E-01 -2.161107127922E-02
  2.599999900000E-01 -2.136143820119E-02
  2.800000010000E-01 -2.109183869568E-02
  3.000000120000E-01 -2.080231016880E-02
  3.199999930000E-01 -2.049281351318E-02
  3.400000040000E-01 -2.016374896615E-02
  3.600000140000E-01 -1.981384200873E-02
  3.799999950000E-01 -1.944402307455E-02
  4.000000060000E-01 -1.905434025545E-02
  4.199999870000E-01 -1.864472988332E-02
  4.399999980000E-01 -1.821516239655E-02
  4.600000080000E-01 -1.776563074130E-02
  4.799999890000E-01 -1.729612568675E-02
  5.000000000000E-01 -1.680664141149E-02
  5.199999810000E-01 -1.629719152446E-02
  5.400000210000E-01 -1.576774626013E-02
  5.600000020000E-01 -1.521832990836E-02
  5.799999830000E-01 -1.464892904800E-02
  6.000000240000E-01 -1.405954152760E-02
  6.200000050000E-01 -1.345017942334E-02
  6.399999860000E-01 -1.282083284358E-02
  6.600000260000E-01 -1.217150557461E-02
  6.800000070000E-01 -1.150220877138E-02
  6.999999880000E-01 -1.081291951703E-02
  7.200000290000E-01 -1.010366665887E-02
  7.400000100000E-01 -9.374408079923E-03
  7.599999900000E-01 -8.625184836968E-03
  7.799999710000E-01 -7.856019973055E-03
  8.000000120000E-01 -7.066859228607E-03
  8.199999930000E-01 -6.257757377595E-03
  8.399999740000E-01 -5.428699569616E-03
  8.600000140000E-01 -4.579663519183E-03
  8.799999950000E-01 -3.710738130847E-03
  8.999999760000E-01 -2.822048986291E-03
  9.200000170000E-01 -1.913424703112E-03
  9.399999980000E-01 -9.969592691932E-04
  9.599999790000E-01 -1.672283085439E-04
  9.800000190000E-01 -1.843143693212E-14
  1.000000000000E+00 -1.843143693212E-14
  1.019999980000E+00 -1.843143693212E-14
  1.039999960000E+00 -1.843143693212E-14
  1.059999940000E+00 -1.843143693212E-14
  1.080000040000E+00 -1.843143693212E-14
  1.100000020000E+00 -1.843143693212E-14
  1.120000000000E+00 -1.843143693212E-14
  1.139999990000E+00 -1.843143693212E-14
  1.159999970000E+00 -1.843143693212E-14
  1.179999950000E+00 -1.843143693212E-14
  1.200000050000E+00 -1.843143693212E-14
  1.220000030000E+00 -1.843143693212E-14
  1.240000010000E+00 -1.843143693212E-14
  1.259999990000E+00 -1.843143693212E-14
  1.279999970000E+00 -1.843143693212E-14
  1.299999950000E+00 -1.843143693212E-14
  1.320000050000E+00 -1.843143693212E-14
  1.340000030000E+00 -1.843143693212E-14
  1.360000010000E+00 -1.843143693212E-14
  1.380000000000E+00 -1.843143693212E-14
  1.399999980000E+00 -1.843143693212E-14
  1.419999960000E+00 -1.843143693212E-14
  1.440000060000E+00 -1.843143693212E-14
  1.460000040000E+00 -1.843143693212E-14
  1.480000020000E+00 -1.843143693212E-14
  1.500000000000E+00 -1.843143693212E-14
  1.519999980000E+00 -1.843143693212E-14
  1.539999960000E+00 -1.843143693212E-14
  1.559999940000E+00 -1.843143693212E-14
  1.580000040000E+00 -1.843143693212E-14
  1.600000020000E+00 -1.843143693212E-14
  1.620000000000E+00 -1.843143693212E-14
  1.639999990000E+00 -1.843143693212E-14
  1.659999970000E+00 -1.843143693212E-14
  1.679999950000E+00 -1.843143693212E-14
  1.700000050000E+00 -1.843143693212E-14
  1.720000030000E+00 -1.843143693212E-14
  1.740000010000E+00 -1.843143693212E-14
  1.759999990000E+00 -1.843143693212E-14
  1.779999970000E+00 -1.843143693212E-14
  1.799999950000E+00 -3.864735573399E-05
BODY 2   181
 -1.797570940000E+00  8.094534280000E-02
 -1.777651070000E+00  7.915772500000E-02
 -1.757729290000E+00  7.739003750000E-02
 -1.737805840000E+00  7.564227280000E-02
 -1.717880610000E+00  7.391442360000E-02
 -1.697953700000E+00  7.220651210000E-02
 -1.678025010000E+00  7.051852350000E-02
 -1.658094640000E+00  6.885045770000E-02
 -1.638162730000E+00  6.720232960000E-02
 -1.618229150000E+00  6.557413190000E-02
 -1.598293900000E+00  6.396587190000E-02
 -1.578357100000E+00  6.237754970000E-02
 -1.558418630000E+00  6.080916150000E-02
 -1.538478730000E+00  5.926071110000E-02
 -1.518537160000E+00  5.773220210000E-02
 -1.498594160000E+00  5.622363840000E-02
 -1.478649620000E+00  5.473501610000E-02
 -1.458703640000E+00  5.326633900000E-02
 -1.438756110000E+00  5.181760710000E-02
 -1.418807270000E+00  5.038882790000E-02
 -1.398857000000E+00  4.898000650235E-02
 -1.378905180000E+00  4.759112933230E-02
 -1.358952160000E+00  4.622220544721E-02
 -1.338997720000E+00  4.487323648448E-02
 -1.319041850000E+00  4.354421907030E-02
 -1.299084780000E+00  4.223515590926E-02
 -1.279126410000E+00  4.094605501125E-02
 -1.259166720000E+00  3.967691010867E-02
 -1.239205720000E+00  3.842772425620E-02
 -1.219243530000E+00  3.719849921472E-02
 -1.199280140000E+00  3.598924059712E-02
 -1.179315570000E+00  3.479994294688E-02
 -1.159349680000E+00  3.363061007482E-02
 -1.139382840000E+00  3.248124436087E-02
 -1.119414690000E+00  3.135184357920E-02
 -1.099445460000E+00  3.024241383066E-02
 -1.079475160000E+00  2.915295245694E-02
 -1.059503790000E+00  2.808346216314E-02
 -1.039531350000E+00  2.703394449519E-02
 -1.019557830000E+00  2.600439793176E-02
 -9.995833640000E-01  2.499482681668E-02
 -9.796078800000E-01  2.400523046721E-02
 -9.596313830000E-01  2.303560890753E-02
 -9.396539330000E-01  2.208596419326E-02
 -9.196755890000E-01  2.115629846104E-02
 -8.996962900000E-01  2.024661264049E-02
 -8.797160980000E-01  1.935690419342E-02
 -8.597350120000E-01  1.848717779179E-02
 -8.397530910000E-01  1.763743230986E-02
 -8.197702770000E-01  1.680766896317E-02
 -7.997866870000E-01  1.599788841450E-02
 -7.798022630000E-01  1.520809272338E-02
 -7.598171230000E-01  1.443828182710E-02
 -7.398311500000E-01  1.368845673803E-02
 -7.198444600000E-01  1.295861712494E-02
 -6.998571160000E-01  1.224876567635E-02
 -6.798689960000E-01  1.155890124896E-02
 -6.598802210000E-01  1.088902498239E-02
 -6.398907900000E-01  1.023913868815E-02
 -6.199007030000E-01  9.609242192926E-03
 -5.999100210000E-01  8.999335790388E-03
 -5.799186830000E-01  8.409420175172E-03
 -5.599268080000E-01  7.839496446209E-03
 -5.399343970000E-01  7.289565020892E-03
 -5.199413900000E-01  6.759626286873E-03
 -4.999479060000E-01  6.249680823549E-03
 -4.799539150000E-01  5.759729024464E-03
 -4.599594470000E-01  5.289771842258E-03
 -4.399645030000E-01  4.839809253960E-03
 -4.199691410000E-01  4.409841765801E-03
 -3.999733330000E-01  3.999869814377E-03
 -3.799771370000E-01  3.609894323434E-03
 -3.599805530000E-01  3.239914842129E-03
 -3.399836120000E-01  2.889932517804E-03
 -3.199863430000E-01  2.559947137131E-03
 -2.999887470000E-01  2.249959246878E-03
 -2.799908520000E-01  1.959969068180E-03
 -2.599926890000E-01  1.689977109454E-03
 -2.399942430000E-01  1.439983396658E-03
 -2.199955580000E-01  1.209988378448E-03
 -1.999966650000E-01  9.999922478948E-04
 -1.799975630000E-01  8.099950429685E-04
 -1.599982980000E-01  6.399970287235E-04
 -1.399988530000E-01  4.899983434875E-04
 -1.199992820000E-01  3.599991469688E-04
 -9.999958430000E-02  2.499996233448E-04
 -7.999978960000E-02  1.599998651174E-04
 -5.999990930000E-02  8.999996803291E-05
 -3.999997300000E-02  3.999999788767E-05
 -1.999999580000E-02  1.000000008419E-05
  0.000000000000E+00  0.000000000000E+00
  1.999999580000E-02  1.000000008419E-05
  3.999997300000E-02  3.999999788767E-05
  5.999990930000E-02  8.999996803291E-05
  7.999978960000E-02  1.599998651174E-04
  9.999958430000E-02  2.499996233448E-04
  1.199992820000E-01  3.599991469688E-04
  1.399988530000E-01  4.899983434875E-04
  1.599982980000E-01  6.399970287235E-04
  1.799975630000E-01  8.099950429685E-04
  1.999966650000E-01  9.999922478948E-04
  2.199955580000E-01  1.209988378448E-03
  2.399942430000E-01  1.439983396658E-03
  2.599926890000E-01  1.689977109454E-03
  2.799908520000E-01  1.959969068180E-03
  2.999887470000E-01  2.249959246878E-03
  3.199863430000E-01  2.559947137131E-03
  3.399836120000E-01  2.889932517804E-03
  3.599805530000E-01  3.239914842129E-03
  3.799771370000E-01  3.609894323434E-03
  3.999733330000E-01  3.999869814377E-03
  4.199691410000E-01  4.409841765801E-03
  4.399645030000E-01  4.839809253960E-03
  4.599594470000E-01  5.289771842258E-03
  4.799539150000E-01  5.759729024464E-03
  4.999479060000E-01  6.249680823549E-03
  5.199413900000E-01  6.759626286873E-03
  5.399343970000E-01  7.289565020892E-03
  5.599268080000E-01  7.839496446209E-03
  5.799186830000E-01  8.409420175172E-03
  5.999100210000E-01  8.999335790388E-03
  6.199007030000E-01  9.609242192926E-03
  6.398907900000E-01  1.023913868815E-02
  6.598802210000E-01  1.088902498239E-02
  6.798689960000E-01  1.155890124896E-02
  6.998571160000E-01  1.224876567635E-02
  7.198444600000E-01  1.295861712494E-02
  7.398311500000E-01  1.368845673803E-02
  7.598171230000E-01  1.443828182710E-02
  7.798022630000E-01  1.520809272338E-02
  7.997866870000E-01  1.599788841450E-02
  8.197702770000E-01  1.680766896317E-02
  8.397530910000E-01  1.763743230986E-02
  8.597350120000E-01  1.848717779179E-02
  8.797160980000E-01  1.935690419342E-02
  8.996962900000E-01  2.024661264049E-02
  9.196755890000E-01  2.115629846104E-02
  9.396539330000E-01  2.208596419326E-02
  9.596313830000E-01  2.303560890753E-02
  9.796078800000E-01  2.400523046721E-02
  9.995833640000E-01  2.499482681668E-02
  1.019557830000E+00  2.600439793176E-02
  1.039531350000E+00  2.703394449519E-02
  1.059503790000E+00  2.808346216314E-02
  1.079475160000E+00  2.915295245694E-02
  1.099445460000E+00  3.024241383066E-02
  1.119414690000E+00  3.135184357920E-02
  1.139382840000E+00  3.248124436087E-02
  1.159349680000E+00  3.363061007482E-02
  1.179315570000E+00  3.479994294688E-02
  1.199280140000E+00  3.598924059712E-02
  1.219243530000E+00  3.719849921472E-02
  1.239205720000E+00  3.842772425620E-02
  1.259166720000E+00  3.967691010867E-02
  1.279126410000E+00  4.094605501125E-02
  1.299084780000E+00  4.223515590926E-02
  1.319041850000E+00  4.354421907030E-02
  1.338997720000E+00  4.487323648448E-02
  1.358952160000E+00  4.622220544721E-02
  1.378905180000E+00  4.759112933230E-02
  1.398857000000E+00  4.898000650235E-02
  1.418807270000E+00  5.038882790000E-02
  1.438756110000E+00  5.181760710000E-02
  1.458703640000E+00  5.326633900000E-02
  1.478649620000E+00  5.473501610000E-02
  1.498594160000E+00  5.622363840000E-02
  1.518537160000E+00  5.773220210000E-02
  1.538478730000E+00  5.926071110000E-02
  1.558418630000E+00  6.080916150000E-02
  1.578357100000E+00  6.237754970000E-02
  1.598293900000E+00  6.396587190000E-02
  1.618229150000E+00  6.557413190000E-02
  1.638162730000E+00  6.720232960000E-02
  1.658094640000E+00  6.885045770000E-02
  1.678025010000E+00  7.051852350000E-02
  1.697953700000E+00  7.220651210000E-02
  1.717880610000E+00  7.391442360000E-02
  1.737805840000E+00  7.564227280000E-02
  1.757729290000E+00  7.739003750000E-02
  1.777651070000E+00  7.915772500000E-02
  1.797570940000E+00  8.094534280000E-02
STEP  20 TIME  1.80020000E+04
BODY 1   181
 -1.799999950000E+00 -3.795678265031E-05
 -1.779999970000E+00 -1.951563910459E-14
 -1.759999990000E+00 -1.951563910459E-14
 -1.740000010000E+00 -1.951563910459E-14
 -1.720000030000E+00 -1.951563910459E-14
 -1.700000050000E+00 -1.951563910459E-14
 -1.679999950000E+00 -1.951563910459E-14
 -1.659999970000E+00 -1.951563910459E-14
 -1.639999990000E+00 -1.951563910459E-14
 -1.620000000000E+00 -1.951563910459E-14
 -1.600000020000E+00 -1.951563910459E-14
 -1.580000040000E+00 -1.951563910459E-14
 -1.559999940000E+00 -1.951563910459E-14
 -1.539999960000E+00 -1.951563910459E-14
 -1.519999980000E+00 -1.951563910459E-14
 -1.500000000000E+00 -1.951563910459E-14
 -1.480000020000E+00 -1.951563910459E-14
 -1.460000040000E+00 -1.951563910459E-14
 -1.440000060000E+00 -1.951563910459E-14
 -1.419999960000E+00 -1.951563910459E-14
 -1.399999980000E+00 -1.951563910459E-14
 -1.380000000000E+00 -1.951563910459E-14
 -1.360000010000E+00 -1.951563910459E-14
 -1.340000030000E+00 -1.951563910459E-14
 -1.320000050000E+00 -1.951563910459E-14
 -1.299999950000E+00 -1.951563910459E-14
 -1.279999970000E+00 -1.951563910459E-14
 -1.259999990000E+00 -1.951563910459E-14
 -1.240000010000E+00 -1.951563910459E-14
 -1.220000030000E+00 -1.951563910459E-14
 -1.200000050000E+00 -1.951563910459E-14
 -1.179999950000E+00 -1.951563910459E-14
 -1.159999970000E+00 -1.951563910459E-14
 -1.139999990000E+00 -1.951563910459E-14
 -1.120000000000E+00 -1.951563910459E-14
 -1.100000020000E+00 -1.951563910459E-14
 -1.080000040000E+00 -1.951563910459E-14
 -1.059999940000E+00 -1.951563910459E-14
 -1.039999960000E+00 -1.951563910459E-14
 -1.019999980000E+00 -1.951563910459E-14
 -1.000000000000E+00 -1.951563910459E-14
 -9.800000190000E-01 -1.565137169819E-04
 -9.599999790000E-01 -9.530654083628E-04
 -9.399999980000E-01 -1.886373752633E-03
 -9.200000170000E-01 -2.814466368541E-03
 -8.999999760000E-01 -3.723320749061E-03
 -8.799999950000E-01 -4.612298788130E-03
 -8.600000140000E-01 -5.481421911612E-03
 -8.399999740000E-01 -6.330569917294E-03
 -8.199999930000E-01 -7.159718313394E-03
 -8.000000120000E-01 -7.968947806388E-03
 -7.799999710000E-01 -8.758206428455E-03
 -7.599999900000E-01 -9.527480381366E-03
 -7.400000100000E-01 -1.027679121248E-02
 -7.200000290000E-01 -1.100609520210E-02
 -6.999999880000E-01 -1.171543987962E-02
 -6.800000070000E-01 -1.240480392377E-02
 -6.600000260000E-01 -1.307418448471E-02
 -6.399999860000E-01 -1.372359526390E-02
 -6.200000050000E-01 -1.435300631655E-02
 -6.000000240000E-01 -1.496244695036E-02
 -5.799999830000E-01 -1.555189699642E-02
 -5.600000020000E-01 -1.612137526791E-02
 -5.400000210000E-01 -1.667086796754E-02
 -5.199999810000E-01 -1.720039993631E-02
 -5.000000000000E-01 -1.770995045093E-02
 -4.799999890000E-01 -1.819953053244E-02
 -4.600000080000E-01 -1.866915968110E-02
 -4.399999980000E-01 -1.911886874277E-02
 -4.199999870000E-01 -1.954867169301E-02
 -4.000000060000E-01 -1.995896721488E-02
 -3.799999950000E-01 -2.034862954137E-02
 -3.600000140000E-01 -2.071736972229E-02
 -3.400000040000E-01 -2.106672610040E-02
 -3.199999930000E-01 -2.139613864927E-02
 -3.000000120000E-01 -2.170565081841E-02
 -2.800000010000E-01 -2.199520893955E-02
 -2.599999900000E-01 -2.226481096534E-02
 -2.399999950000E-01 -2.251444728917E-02
 -2.199999990000E-01 -2.274411512377E-02
 -2.000000030000E-01 -2.295381457936E-02
 -1.800000070000E-01 -2.314354449051E-02
 -1.599999960000E-01 -2.331330382345E-02
 -1.400000010000E-01 -2.346309145123E-02
 -1.199999970000E-01 -2.359290659854E-02
 -1.000000010000E-01 -2.370274849151E-02
 -7.999999820000E-02 -2.379261800679E-02
 -5.999999870000E-02 -2.386251401896E-02
 -3.999999910000E-02 -2.391244060771E-02
 -1.999999960000E-02 -2.394240726205E-02
  0.000000000000E+00 -2.395219066286E-02
  1.999999960000E-02 -2.394240726205E-02
  3.999999910000E-02 -2.391244060771E-02
  5.999999870000E-02 -2.386251401896E-02
  7.999999820000E-02 -2.379261800679E-02
  1.000000010000E-01 -2.370274849151E-02
  1.199999970000E-01 -2.359290659854E-02
  1.400000010000E-01 -2.346309145123E-02
  1.599999960000E-01 -2.331330382345E-02
  1.800000070000E-01 -2.314354449051E-02
  2.000000030000E-01 -2.295381457936E-02
  2.199999990000E-01 -2.274411512377E-02
  2.399999950000E-01 -2.251444728917E-02
  2.599999900000E-01 -2.226481096534E-02
  2.800000010000E-01 -2.199520893955E-02
  3.000000120000E-01 -2.170565081841E-02
  3.199999930000E-01 -2.139613864927E-02
  3.400000040000E-01 -2.106672610040E-02
  3.600000140000E-01 -2.071736972229E-02
  3.799999950000E-01 -2.034862954137E-02
  4.000000060000E-01 -1.995896721488E-02
  4.199999870000E-01 -1.954867169301E-02
  4.399999980000E-01 -1.911886874277E-02
  4.600000080000E-01 -1.866915968110E-02
  4.799999890000E-01 -1.819953053244E-02
  5.000000000000E-01 -1.770995045093E-02
  5.199999810000E-01 -1.720039993631E-02
  5.400000210000E-01 -1.667086796754E-02
  5.600000020000E-01 -1.612137526791E-02
  5.799999830000E-01 -1.555189699642E-02
  6.000000240000E-01 -1.496244695036E-02
  6.200000050000E-01 -1.435300631655E-02
  6.399999860000E-01 -1.372359526390E-02
  6.600000260000E-01 -1.307418448471E-02
  6.800000070000E-01 -1.240480392377E-02
  6.999999880000E-01 -1.171543987962E-02
  7.200000290000E-01 -1.100609520210E-02
  7.400000100000E-01 -1.027679121248E-02
  7.599999900000E-01 -9.527480381365E-03
  7.799999710000E-01 -8.758206428453E-03
  8.000000120000E-01 -7.968947806388E-03
  8.199999930000E-01 -7.159718313394E-03
  8.399999740000E-01 -6.330569917295E-03
  8.600000140000E-01 -5.481421911611E-03
  8.799999950000E-01 -4.612298788130E-03
  8.999999760000E-01 -3.723320749061E-03
  9.200000170000E-01 -2.814466368541E-03
  9.399999980000E-01 -1.886373752632E-03
  9.599999790000E-01 -9.530654083634E-04
  9.800000190000E-01 -1.565137169822E-04
  1.000000000000E+00 -1.951563910459E-14
  1.019999980000E+00 -1.951563910459E-14
  1.039999960000E+00 -1.951563910459E-14
  1.059999940000E+00 -1.951563910459E-14
  1.080000040000E+00 -1.951563910459E-14
  1.100000020000E+00 -1.951563910459E-14
  1.120000000000E+00 -1.951563910459E-14
  1.139999990000E+00 -1.951563910459E-14
  1.159999970000E+00 -1.951563910459E-14
  1.179999950000E+00 -1.951563910459E-14
  1.200000050000E+00 -1.951563910459E-14
  1.220000030000E+00 -1.951563910459E-14
  1.240000010000E+00 -1.951563910459E-14
  1.259999990000E+00 -1.951563910459E-14
  1.279999970000E+00 -1.951563910459E-14
  1.299999950000E+00 -1.951563910459E-14
  1.320000050000E+00 -1.951563910459E-14
  1.340000030000E+00 -1.951563910459E-14
  1.360000010000E+00 -1.951563910459E-14
  1.380000000000E+00 -1.951563910459E-14
  1.399999980000E+00 -1.951563910459E-14
  1.419999960000E+00 -1.951563910459E-14
  1.440000060000E+00 -1.951563910459E-14
  1.460000040000E+00 -1.951563910459E-14
  1.480000020000E+00 -1.951563910459E-14
  1.500000000000E+00 -1.951563910459E-14
  1.519999980000E+00 -1.951563910459E-14
  1.539999960000E+00 -1.951563910459E-14
  1.559999940000E+00 -1.951563910459E-14
  1.580000040000E+00 -1.951563910459E-14
  1.600000020000E+00 -1.951563910459E-14
  1.620000000000E+00 -1.951563910459E-14
  1.639999990000E+00 -1.951563910459E-14
  1.659999970000E+00 -1.951563910459E-14
  1.679999950000E+00 -1.951563910459E-14
  1.700000050000E+00 -1.951563910459E-14
  1.720000030000E+00 -1.951563910459E-14
  1.740000010000E+00 -1.951563910459E-14
  1.759999990000E+00 -1.951563910459E-14
  1.779999970000E+00 -1.951563910459E-14
  1.799999950000E+00 -3.795679458368E-05
BODY 2   181
 -1.797570940000E+00  8.094534280000E-02
 -1.777651070000E+00  7.915772500000E-02
 -1.757729290000E+00  7.739003750000E-02
 -1.737805840000E+00  7.564227280000E-02
 -1.717880610000E+00  7.391442360000E-02
 -1.697953700000E+00  7.220651210000E-02
 -1.678025010000E+00  7.051852350000E-02
 -1.658094640000E+00  6.885045770000E-02
 -1.638162730000E+00  6.720232960000E-02
 -1.618229150000E+00  6.557413190000E-02
 -1.598293900000E+00  6.396587190000E-02
 -1.578357100000E+00  6.237754970000E-02
 -1.558418630000E+00  6.080916150000E-02
 -1.538478730000E+00  5.926071110000E-02
 -1.518537160000E+00  5.773220210000E-02
 -1.498594160000E+00  5.622363840000E-02
 -1.478649620000E+00  5.473501610000E-02
 -1.458703640000E+00  5.326633900000E-02
 -1.438756110000E+00  5.181760710000E-02
 -1.418807270000E+00  5.038882790000E-02
 -1.398857000000E+00  4.898000650235E-02
 -1.378905180000E+00  4.759112933230E-02
 -1.358952160000E+00  4.622220544721E-02
 -1.338997720000E+00  4.487323648448E-02
 -1.319041850000E+00  4.354421907030E-02
 -1.299084780000E+00  4.223515590926E-02
 -1.279126410000E+00  4.094605501125E-02
 -1.259166720000E+00  3.967691010867E-02
 -1.239205720000E+00  3.842772425620E-02
 -1.219243530000E+00  3.719849921472E-02
 -1.199280140000E+00  3.598924059712E-02
 -1.179315570000E+00  3.479994294688E-02
 -1.159349680000E+00  3.363061007482E-02
 -1.139382840000E+00  3.248124436087E-02
 -1.119414690000E+00  3.135184357920E-02
 -1.099445460000E+00  3.024241383066E-02
 -1.079475160000E+00  2.915295245694E-02
 -1.059503790000E+00  2.808346216314E-02
 -1.039531350000E+00  2.703394449519E-02
 -1.019557830000E+00  2.600439793176E-02
 -9.995833640000E-01  2.499482681668E-02
 -9.796078800000E-01  2.400523046721E-02
 -9.596313830000E-01  2.303560890753E-02
 -9.396539330000E-01  2.208596419326E-02
 -9.196755890000E-01  2.115629846104E-02
 -8.996962900000E-01  2.024661264049E-02
 -8.797160980000E-01  1.935690419342E-02
 -8.597350120000E-01  1.848717779179E-02
 -8.397530910000E-01  1.763743230986E-02
 -8.197702770000E-01  1.680766896317E-02
 -7.997866870000E-01  1.599788841450E-02
 -7.798022630000E-01  1.520809272338E-02
 -7.598171230000E-01  1.443828182710E-02
 -7.398311500000E-01  1.368845673803E-02
 -7.198444600000E-01  1.295861712494E-02
 -6.998571160000E-01  1.224876567635E-02
 -6.798689960000E-01  1.155890124896E-02
 -6.598802210000E-01  1.088902498239E-02
 -6.398907900000E-01  1.023913868815E-02
 -6.199007030000E-01  9.609242192926E-03
 -5.999100210000E-01  8.999335790388E-03
 -5.799186830000E-01  8.409420175172E-03
 -5.599268080000E-01  7.839496446209E-03
 -5.399343970000E-01  7.289565020892E-03
 -5.199413900000E-01  6.759626286873E-03
 -4.999479060000E-01  6.249680823549E-03
 -4.799539150000E-01  5.759729024464E-03
 -4.599594470000E-01  5.289771842258E-03
 -4.399645030000E-01  4.839809253960E-03
 -4.199691410000E-01  4.409841765801E-03
 -3.999733330000E-01  3.999869814377E-03
 -3.799771370000E-01  3.609894323434E-03
 -3.599805530000E-01  3.239914842129E-03
 -3.399836120000E-01  2.889932517804E-03
 -3.199863430000E-01  2.559947137131E-03
 -2.999887470000E-01  2.249959246878E-03
 -2.799908520000E-01  1.959969068180E-03
 -2.599926890000E-01  1.689977109454E-03
 -2.399942430000E-01  1.439983396658E-03
 -2.199955580000E-01  1.209988378448E-03
 -1.999966650000E-01  9.999922478948E-04
 -1.799975630000E-01  8.099950429685E-04
 -1.599982980000E-01  6.399970287235E-04
 -1.399988530000E-01  4.899983434875E-04
 -1.199992820000E-01  3.599991469688E-04
 -9.999958430000E-02  2.499996233448E-04
 -7.999978960000E-02  1.599998651174E-04
 -5.999990930000E-02  8.999996803291E-05
 -3.999997300000E-02  3.999999788767E-05
 -1.999999580000E-02  1.000000008419E-05
  0.000000000000E+00  0.000000000000E+00
  1.999999580000E-02  1.000000008419E-05
  3.999997300000E-02  3.999999788767E-05
  5.999990930000E-02  8.999996803291E-05
  7.999978960000E-02  1.599998651174E-04
  9.999958430000E-02  2.499996233448E-04
  1.199992820000E-01  3.599991469688E-04
  1.399988530000E-01  4.899983434875E-04
  1.599982980000E-01  6.399970287235E-04
  1.799975630000E-01  8.099950429685E-04
  1.999966650000E-01  9.999922478948E-04
  2.199955580000E-01  1.209988378448E-03
  2.399942430000E-01  1.439983396658E-03
  2.599926890000E-01  1.689977109454E-03
  2.799908520000E-01  1.959969068180E-03
  2.999887470000E-01  2.249959246878E-03
  3.199863430000E-01  2.559947137131E-03
  3.399836120000E-01  2.889932517804E-03
  3.599805530000E-01  3.239914842129E-03
  3.799771370000E-01  3.609894323434E-03
  3.999733330000E-01  3.999869814377E-03
  4.199691410000E-01  4.409841765801E-03
  4.399645030000E-01  4.839809253960E-03
  4.599594470000E-01  5.289771842258E-03
  4.799539150000E-01  5.759729024464E-03
  4.999479060000E-01  6.249680823549E-03
  5.199413900000E-01  6.759626286873E-03
  5.399343970000E-01  7.289565020892E-03
  5.599268080000E-01  7.839496446209E-03
  5.799186830000E-01  8.409420175172E-03
  5.999100210000E-01  8.999335790388E-03
  6.199007030000E-01  9.609242192926E-03
  6.398907900000E-01  1.023913868815E-02
  6.598802210000E-01  1.088902498239E-02
  6.798689960000E-01  1.155890124896E-02
  6.998571160000E-01  1.224876567635E-02
  7.198444600000E-01  1.295861712494E-02
  7.398311500000E-01  1.368845673803E-02
  7.598171230000E-01  1.443828182710E-02
  7.798022630000E-01  1.520809272338E-02
  7.997866870000E-01  1.599788841450E-02
  8.197702770000E-01  1.680766896317E-02
  8.397530910000E-01  1.763743230986E-02
  8.597350120000E-01  1.848717779179E-02
  8.797160980000E-01  1.935690419342E-02
  8.996962900000E-01  2.024661264049E-02
  9.196755890000E-01  2.115629846104E-02
  9.396539330000E-01  2.208596419326E-02
  9.596313830000E-01  2.303560890753E-02
  9.796078800000E-01  2.400523046721E-02
  9.995833640000E-01  2.499482681668E-02
  1.019557830000E+00  2.600439793176E-02
  1.039531350000E+00  2.703394449519E-02
  1.059503790000E+00  2.808346216314E-02
  1.079475160000E+00  2.915295245694E-02
  1.099445460000E+00  3.024241383066E-02
  1.119414690000E+00  3.135184357920E-02
  1.139382840000E+00  3.248124436087E-02
  1.159349680000E+00  3.363061007482E-02
  1.179315570000E+00  3.479994294688E-02
  1.199280140000E+00  3.598924059712E-02
  1.219243530000E+00  3.719849921472E-02
  1.239205720000E+00  3.842772425620E-02
  1.259166720000E+00  3.967691010867E-02
  1.279126410000E+00  4.094605501125E-02
  1.299084780000E+00  4.223515590926E-02
  1.319041850000E+00  4.354421907030E-02
  1.338997720000E+00  4.487323648448E-02
  1.358952160000E+00  4.622220544721E-02
  1.378905180000E+00  4.759112933230E-02
  1.398857000000E+00  4.898000650235E-02
  1.418807270000E+00  5.038882790000E-02
  1.438756110000E+00  5.181760710000E-02
  1.458703640000E+00  5.326633900000E-02
  1.478649620000E+00  5.473501610000E-02
  1.498594160000E+00  5.622363840000E-02
  1.518537160000E+00  5.773220210000E-02
  1.538478730000E+00  5.926071110000E-02
  1.558418630000E+00  6.080916150000E-02
  1.578357100000E+00  6.237754970000E-02
  1.598293900000E+00  6.396587190000E-02
  1.618229150000E+00  6.557413190000E-02
  1.638162730000E+00  6.720232960000E-02
  1.658094640000E+00  6.885045770000E-02
  1.678025010000E+00  7.051852350000E-02
  1.697953700000E+00  7.220651210000E-02
  1.717880610000E+00  7.391442360000E-02
  1.737805840000E+00  7.564227280000E-02
  1.757729290000E+00  7.739003750000E-02
  1.777651070000E+00  7.915772500000E-02
  1.797570940000E+00  8.094534280000E-02
STEP  21 TIME  1.90020000E+04
BODY 1   181
 -1.799999950000E+00 -3.731326525352E-05
 -1.779999970000E+00 -2.059984127706E-14
 -1.759999990000E+00 -2.059984127706E-14
 -1.740000010000E+00 -2.059984127706E-14
 -1.720000030000E+00 -2.059984127706E-14
 -1.700000050000E+00 -2.059984127706E-14
 -1.679999950000E+00 -2.059984127706E-14
 -1.659999970000E+00 -2.059984127706E-14
 -1.639999990000E+00 -2.059984127706E-14
 -1.620000000000E+00 -2.059984127706E-14
 -1.600000020000E+00 -2.059984127706E-14
 -1.580000040000E+00 -2.059984127706E-14
 -1.559999940000E+00 -2.059984127706E-14
 -1.539999960000E+00 -2.059984127706E-14
 -1.519999980000E+00 -2.059984127706E-14
 -1.500000000000E+00 -2.059984127706E-14
 -1.480000020000E+00 -2.059984127706E-14
 -1.460000040000E+00 -2.059984127706E-14
 -1.440000060000E+00 -2.059984127706E-14
 -1.419999960000E+00 -2.059984127706E-14
 -1.399999980000E+00 -2.059984127706E-14
 -1.380000000000E+00 -2.059984127706E-14
 -1.360000010000E+00 -2.059984127706E-14
 -1.340000030000E+00 -2.059984127706E-14
 -1.320000050000E+00 -2.059984127706E-14
 -1.299999950000E+00 -2.059984127706E-14
 -1.279999970000E+00 -2.059984127706E-14
 -1.259999990000E+00 -2.059984127706E-14
 -1.240000010000E+00 -2.059984127706E-14
 -1.220000030000E+00 -2.059984127706E-14
 -1.200000050000E+00 -2.059984127706E-14
 -1.179999950000E+00 -2.059984127706E-14
 -1.159999970000E+00 -2.059984127706E-14
 -1.139999990000E+00 -2.059984127706E-14
 -1.120000000000E+00 -2.059984127706E-14
 -1.100000020000E+00 -2.059984127706E-14
 -1.080000040000E+00 -2.059984127706E-14
 -1.059999940000E+00 -2.059984127706E-14
 -1.039999960000E+00 -2.059984127706E-14
 -1.019999980000E+00 -2.059984127986E-14
 -1.000000000000E+00 -1.384692295408E-04
 -9.800000190000E-01 -8.741143517134E-04
 -9.599999790000E-01 -1.822725000411E-03
 -9.399999980000E-01 -2.769916466691E-03
 -9.200000170000E-01 -3.698967818482E-03
 -8.999999760000E-01 -4.608009132791E-03
 -8.799999950000E-01 -5.497231838789E-03
 -8.600000140000E-01 -6.366450489547E-03
 -8.399999740000E-01 -7.215664329471E-03
 -8.199999930000E-01 -8.044965611834E-03
 -8.000000120000E-01 -8.854301691626E-03
 -7.799999710000E-01 -9.643614819764E-03
 -7.599999900000E-01 -1.041298167674E-02
 -7.400000100000E-01 -1.116235100180E-02
 -7.200000290000E-01 -1.189174946586E-02
 -6.999999880000E-01 -1.260118133155E-02
 -6.800000070000E-01 -1.329059724739E-02
 -6.600000260000E-01 -1.396004707736E-02
 -6.399999860000E-01 -1.460949965753E-02
 -6.200000050000E-01 -1.523897485885E-02
 -6.000000240000E-01 -1.584846234838E-02
 -5.799999830000E-01 -1.643797308197E-02
 -5.600000020000E-01 -1.700749255414E-02
 -5.400000210000E-01 -1.755704103713E-02
 -5.199999810000E-01 -1.808659427155E-02
 -5.000000000000E-01 -1.859616974585E-02
 -4.799999890000E-01 -1.908577954769E-02
 -4.600000080000E-01 -1.955536235199E-02
 -4.399999980000E-01 -2.000496882592E-02
 -4.199999870000E-01 -2.043450586294E-02
 -4.000000060000E-01 -2.084400679148E-02
 -3.799999950000E-01 -2.123354463533E-02
 -3.600000140000E-01 -2.160305124655E-02
 -3.400000040000E-01 -2.195259930744E-02
 -3.199999930000E-01 -2.228215984834E-02
 -3.000000120000E-01 -2.259174896712E-02
 -2.800000010000E-01 -2.288136115091E-02
 -2.599999900000E-01 -2.315100224803E-02
 -2.399999950000E-01 -2.340066995508E-02
 -2.199999990000E-01 -2.363036421592E-02
 -2.000000030000E-01 -2.384008406599E-02
 -1.800000070000E-01 -2.402983000049E-02
 -1.599999960000E-01 -2.419960293344E-02
 -1.400000010000E-01 -2.434940216194E-02
 -1.199999970000E-01 -2.447922714851E-02
 -1.000000010000E-01 -2.458907719154E-02
 -7.999999820000E-02 -2.467895322308E-02
 -5.999999870000E-02 -2.474885420919E-02
 -3.999999910000E-02 -2.479878399422E-02
 -1.999999960000E-02 -2.482875360398E-02
  0.000000000000E+00 -2.483854014812E-02
  1.999999960000E-02 -2.482875360398E-02
  3.999999910000E-02 -2.479878399422E-02
  5.999999870000E-02 -2.474885420919E-02
  7.999999820000E-02 -2.467895322308E-02
  1.000000010000E-01 -2.458907719154E-02
  1.199999970000E-01 -2.447922714851E-02
  1.400000010000E-01 -2.434940216194E-02
  1.599999960000E-01 -2.419960293344E-02
  1.800000070000E-01 -2.402983000049E-02
  2.000000030000E-01 -2.384008406599E-02
  2.199999990000E-01 -2.363036421592E-02
  2.399999950000E-01 -2.340066995508E-02
  2.599999900000E-01 -2.315100224803E-02
  2.800000010000E-01 -2.288136115091E-02
  3.000000120000E-01 -2.259174896712E-02
  3.199999930000E-01 -2.228215984834E-02
  3.400000040000E-01 -2.195259930744E-02
  3.600000140000E-01 -2.160305124655E-02
  3.799999950000E-01 -2.123354463533E-02
  4.000000060000E-01 -2.084400679148E-02
  4.199999870000E-01 -2.043450586294E-02
  4.399999980000E-01 -2.000496882592E-02
  4.600000080000E-01 -1.955536235199E-02
  4.799999890000E-01 -1.908577954769E-02
  5.000000000000E-01 -1.859616974585E-02
  5.199999810000E-01 -1.808659427155E-02
  5.400000210000E-01 -1.755704103713E-02
  5.600000020000E-01 -1.700749255414E-02
  5.799999830000E-01 -1.643797308197E-02
  6.000000240000E-01 -1.584846234838E-02
  6.200000050000E-01 -1.523897485885E-02
  6.399999860000E-01 -1.460949965753E-02
  6.600000260000E-01 -1.396004707736E-02
  6.800000070000E-01 -1.329059724739E-02
  6.999999880000E-01 -1.260118133155E-02
  7.200000290000E-01 -1.189174946586E-02
  7.400000100000E-01 -1.116235100180E-02
  7.599999900000E-01 -1.041298167674E-02
  7.799999710000E-01 -9.643614819763E-03
  8.000000120000E-01 -8.854301691626E-03
  8.199999930000E-01 -8.044965611834E-03
  8.399999740000E-01 -7.215664329471E-03
  8.600000140000E-01 -6.366450489546E-03
  8.799999950000E-01 -5.497231838789E-03
  8.999999760000E-01 -4.608009132791E-03
  9.200000170000E-01 -3.698967818481E-03
  9.399999980000E-01 -2.769916466691E-03
  9.599999790000E-01 -1.822725000411E-03
  9.800000190000E-01 -8.741143517138E-04
  1.000000000000E+00 -1.384692295411E-04
  1.019999980000E+00 -2.059984127986E-14
  1.039999960000E+00 -2.059984127706E-14
  1.059999940000E+00 -2.059984127706E-14
  1.080000040000E+00 -2.059984127706E-14
  1.100000020000E+00 -2.059984127706E-14
  1.120000000000E+00 -2.059984127706E-14
  1.139999990000E+00 -2.059984127706E-14
  1.159999970000E+00 -2.059984127706E-14
  1.179999950000E+00 -2.059984127706E-14
  1.200000050000E+00 -2.059984127706E-14
  1.220000030000E+00 -2.059984127706E-14
  1.240000010000E+00 -2.059984127706E-14
  1.259999990000E+00 -2.059984127706E-14
  1.279999970000E+00 -2.059984127706E-14
  1.299999950000E+00 -2.059984127706E-14
  1.320000050000E+00 -2.059984127706E-14
  1.340000030000E+00 -2.059984127706E-14
  1.360000010000E+00 -2.059984127706E-14
  1.380000000000E+00 -2.059984127706E-14
  1.399999980000E+00 -2.059984127706E-14
  1.419999960000E+00 -2.059984127706E-14
  1.440000060000E+00 -2.059984127706E-14
  1.460000040000E+00 -2.059984127706E-14
  1.480000020000E+00 -2.059984127706E-14
  1.500000000000E+00 -2.059984127706E-14
  1.519999980000E+00 -2.059984127706E-14
  1.539999960000E+00 -2.059984127706E-14
  1.559999940000E+00 -2.059984127706E-14
  1.580000040000E+00 -2.059984127706E-14
  1.600000020000E+00 -2.059984127706E-14
  1.620000000000E+00 -2.059984127706E-14
  1.639999990000E+00 -2.059984127706E-14
  1.659999970000E+00 -2.059984127706E-14
  1.679999950000E+00 -2.059984127706E-14
  1.700000050000E+00 -2.059984127706E-14
  1.720000030000E+00 -2.059984127706E-14
  1.740000010000E+00 -2.059984127706E-14
  1.759999990000E+00 -2.059984127706E-14
  1.779999970000E+00 -2.059984127706E-14
  1.799999950000E+00 -3.731328403010E-05
BODY 2   181
 -1.797570940000E+00  8.094534280000E-02
 -1.777651070000E+00  7.915772500000E-02
 -1.757729290000E+00  7.739003750000E-02
 -1.737805840000E+00  7.564227280000E-02
 -1.717880610000E+00  7.391442360000E-02
 -1.697953700000E+00  7.220651210000E-02
 -1.678025010000E+00  7.051852350000E-02
 -1.658094640000E+00  6.885045770000E-02
 -1.638162730000E+00  6.720232960000E-02
 -1.618229150000E+00  6.557413190000E-02
 -1.598293900000E+00  6.396587190000E-02
 -1.578357100000E+00  6.237754970000E-02
 -1.558418630000E+00  6.080916150000E-02
 -1.538478730000E+00  5.926071110000E-02
 -1.518537160000E+00  5.773220210000E-02
 -1.498594160000E+00  5.622363840000E-02
 -1.478649620000E+00  5.473501610000E-02
 -1.458703640000E+00  5.326633900000E-02
 -1.438756110000E+00  5.181760710000E-02
 -1.418807270000E+00  5.038882790000E-02
 -1.398857000000E+00  4.898000650235E-02
 -1.378905180000E+00  4.759112933230E-02
 -1.358952160000E+00  4.622220544721E-02
 -1.338997720000E+00  4.487323648448E-02
 -1.319041850000E+00  4.354421907030E-02
 -1.299084780000E+00  4.223515590926E-02
 -1.279126410000E+00  4.094605501125E-02
 -1.259166720000E+00  3.967691010867E-02
 -1.239205720000E+00  3.842772425620E-02
 -1.219243530000E+00  3.719849921472E-02
 -1.199280140000E+00  3.598924059712E-02
 -1.179315570000E+00  3.479994294688E-02
 -1.159349680000E+00  3.363061007482E-02
 -1.139382840000E+00  3.248124436087E-02
 -1.119414690000E+00  3.135184357920E-02
 -1.099445460000E+00  3.024241383066E-02
 -1.079475160000E+00  2.915295245694E-02
 -1.059503790000E+00  2.808346216314E-02
 -1.039531350000E+00  2.703394449519E-02
 -1.019557830000E+00  2.600439793176E-02
 -9.995833640000E-01  2.499482681668E-02
 -9.796078800000E-01  2.400523046721E-02
 -9.596313830000E-01  2.303560890753E-02
 -9.396539330000E-01  2.208596419326E-02
 -9.196755890000E-01  2.115629846104E-02
 -8.996962900000E-01  2.024661264049E-02
 -8.797160980000E-01  1.935690419342E-02
 -8.597350120000E-01  1.848717779179E-02
 -8.397530910000E-01  1.763743230986E-02
 -8.197702770000E-01  1.680766896317E-02
 -7.997866870000E-01  1.599788841450E-02
 -7.798022630000E-01  1.520809272338E-02
 -7.598171230000E-01  1.443828182710E-02
 -7.398311500000E-01  1.368845673803E-02
 -7.198444600000E-01  1.295861712494E-02
 -6.998571160000E-01  1.224876567635E-02
 -6.798689960000E-01  1.155890124896E-02
 -6.598802210000E-01  1.088902498239E-02
 -6.398907900000E-01  1.023913868815E-02
 -6.199007030000E-01  9.609242192926E-03
 -5.999100210000E-01  8.999335790388E-03
 -5.799186830000E-01  8.409420175172E-03
 -5.599268080000E-01  7.839496446209E-03
 -5.399343970000E-01  7.289565020892E-03
 -5.199413900000E-01  6.759626286873E-03
 -4.999479060000E-01  6.249680823549E-03
 -4.799539150000E-01  5.759729024464E-03
 -4.599594470000E-01  5.289771842258E-03
 -4.399645030000E-01  4.839809253960E-03
 -4.199691410000E-01  4.409841765801E-03
 -3.999733330000E-01  3.999869814377E-03
 -3.799771370000E-01  3.609894323434E-03
 -3.599805530000E-01  3.239914842129E-03
 -3.399836120000E-01  2.889932517804E-03
 -3.199863430000E-01  2.559947137131E-03
 -2.999887470000E-01  2.249959246878E-03
 -2.799908520000E-01  1.959969068180E-03
 -2.599926890000E-01  1.689977109454E-03
 -2.399942430000E-01  1.439983396658E-03
 -2.199955580000E-01  1.209988378448E-03
 -1.999966650000E-01  9.999922478948E-04
 -1.799975630000E-01  8.099950429685E-04
 -1.599982980000E-01  6.399970287235E-04
 -1.399988530000E-01  4.899983434875E-04
 -1.199992820000E-01  3.599991469688E-04
 -9.999958430000E-02  2.499996233448E-04
 -7.999978960000E-02  1.599998651174E-04
 -5.999990930000E-02  8.999996803291E-05
 -3.999997300000E-02  3.999999788767E-05
 -1.999999580000E-02  1.000000008419E-05
  0.000000000000E+00  0.000000000000E+00
  1.999999580000E-02  1.000000008419E-05
  3.999997300000E-02  3.999999788767E-05
  5.999990930000E-02  8.999996803291E-05
  7.999978960000E-02  1.599998651174E-04
  9.999958430000E-02  2.499996233448E-04
  1.199992820000E-01  3.599991469688E-04
  1.399988530000E-01  4.899983434875E-04
  1.599982980000E-01  6.399970287235E-04
  1.799975630000E-01  8.099950429685E-04
  1.999966650000E-01  9.999922478948E-04
  2.199955580000E-01  1.209988378448E-03
  2.399942430000E-01  1.439983396658E-03
  2.599926890000E-01  1.689977109454E-03
  2.799908520000E-01  1.959969068180E-03
  2.999887470000E-01  2.249959246878E-03
  3.199863430000E-01  2.559947137131E-03
  3.399836120000E-01  2.889932517804E-03
  3.599805530000E-01  3.239914842129E-03
  3.799771370000E-01  3.609894323434E-03
  3.999733330000E-01  3.999869814377E-03
  4.199691410000E-01  4.409841765801E-03
  4.399645030000E-01  4.839809253960E-03
  4.599594470000E-01  5.289771842258E-03
  4.799539150000E-01  5.759729024464E-03
  4.999479060000E-01  6.249680823549E-03
  5.199413900000E-01  6.759626286873E-03
  5.399343970000E-01  7.289565020892E-03
  5.599268080000E-01  7.839496446209E-03
  5.799186830000E-01  8.409420175172E-03
  5.999100210000E-01  8.999335790388E-03
  6.199007030000E-01  9.609242192926E-03
  6.398907900000E-01  1.023913868815E-02
  6.598802210000E-01  1.088902498239E-02
  6.798689960000E-01  1.155890124896E-02
  6.998571160000E-01  1.224876567635E-02
  7.198444600000E-01  1.295861712494E-02
  7.398311500000E-01  1.368845673803E-02
  7.598171230000E-01  1.443828182710E-02
  7.798022630000E-01  1.520809272338E-02
  7.997866870000E-01  1.599788841450E-02
  8.197702770000E-01  1.680766896317E-02
  8.397530910000E-01  1.763743230986E-02
  8.597350120000E-01  1.848717779179E-02
  8.797160980000E-01  1.935690419342E-02
  8.996962900000E-01  2.024661264049E-02
  9.196755890000E-01  2.115629846104E-02
  9.396539330000E-01  2.208596419326E-02
  9.596313830000E-01  2.303560890753E-02
  9.796078800000E-01  2.400523046721E-02
  9.995833640000E-01  2.499482681668E-02
  1.019557830000E+00  2.600439793176E-02
  1.039531350000E+00  2.703394449519E-02
  1.059503790000E+00  2.808346216314E-02
  1.079475160000E+00  2.915295245694E-02
  1.099445460000E+00  3.024241383066E-02
  1.119414690000E+00  3.135184357920E-02
  1.139382840000E+00  3.248124436087E-02
  1.159349680000E+00  3.363061007482E-02
  1.179315570000E+00  3.479994294688E-02
  1.199280140000E+00  3.598924059712E-02
  1.219243530000E+00  3.719849921472E-02
  1.239205720000E+00  3.842772425620E-02
  1.259166720000E+00  3.967691010867E-02
  1.279126410000E+00  4.094605501125E-02
  1.299084780000E+00  4.223515590926E-02
  1.319041850000E+00  4.354421907030E-02
  1.338997720000E+00  4.487323648448E-02
  1.358952160000E+00  4.622220544721E-02
  1.378905180000E+00  4.759112933230E-02
  1.398857000000E+00  4.898000650235E-02
  1.418807270000E+00  5.038882790000E-02
  1.438756110000E+00  5.181760710000E-02
  1.458703640000E+00  5.326633900000E-02
  1.478649620000E+00  5.473501610000E-02
  1.498594160000E+00  5.622363840000E-02
  1.518537160000E+00  5.773220210000E-02
  1.538478730000E+00  5.926071110000E-02
  1.558418630000E+00  6.080916150000E-02
  1.578357100000E+00  6.237754970000E-02
  1.598293900000E+00  6.396587190000E-02
  1.618229150000E+00  6.557413190000E-02
  1.638162730000E+00  6.720232960000E-02
  1.658094640000E+00  6.885045770000E-02
  1.678025010000E+00  7.051852350000E-02
  1.697953700000E+00  7.220651210000E-02
  1.717880610000E+00  7.391442360000E-02
  1.737805840000E+00  7.564227280000E-02
  1.757729290000E+00  7.739003750000E-02
  1.777651070000E+00  7.915772500000E-02
  1.797570940000E+00  8.094534280000E-02
STEP  22 TIME  2.00020000E+04
BODY 1   181
 -1.799999950000E+00 -3.671154032461E-05
 -1.779999970000E+00 -2.168404344952E-14
 -1.759999990000E+00 -2.168404344952E-14
 -1.740000010000E+00 -2.168404344952E-14
 -1.720000030000E+00 -2.168404344952E-14
 -1.700000050000E+00 -2.168404344952E-14
 -1.679999950000E+00 -2.168404344952E-14
 -1.659999970000E+00 -2.168404344952E-14
 -1.639999990000E+00 -2.168404344952E-14
 -1.620000000000E+00 -2.168404344952E-14
 -1.600000020000E+00 -2.168404344952E-14
 -1.580000040000E+00 -2.168404344952E-14
 -1.559999940000E+00 -2.168404344952E-14
 -1.539999960000E+00 -2.168404344952E-14
 -1.519999980000E+00 -2.168404344952E-14
 -1.500000000000E+00 -2.168404344952E-14
 -1.480000020000E+00 -2.168404344952E-14
 -1.460000040000E+00 -2.168404344952E-14
 -1.440000060000E+00 -2.168404344952E-14
 -1.419999960000E+00 -2.168404344952E-14
 -1.399999980000E+00 -2.168404344952E-14
 -1.380000000000E+00 -2.168404344952E-14
 -1.360000010000E+00 -2.168404344952E-14
 -1.340000030000E+00 -2.168404344952E-14
 -1.320000050000E+00 -2.168404344952E-14
 -1.299999950000E+00 -2.168404344952E-14
 -1.279999970000E+00 -2.168404344952E-14
 -1.259999990000E+00 -2.168404344952E-14
 -1.240000010000E+00 -2.168404344952E-14
 -1.220000030000E+00 -2.168404344952E-14
 -1.200000050000E+00 -2.168404344952E-14
 -1.179999950000E+00 -2.168404344952E-14
 -1.159999970000E+00 -2.168404344952E-14
 -1.139999990000E+00 -2.168404344952E-14
 -1.120000000000E+00 -2.168404344952E-14
 -1.100000020000E+00 -2.168404344952E-14
 -1.080000040000E+00 -2.168404344952E-14
 -1.059999940000E+00 -2.168404344952E-14
 -1.039999960000E+00 -2.168404345294E-14
 -1.019999980000E+00 -1.136395175118E-04
 -1.000000000000E+00 -7.606493622781E-04
 -9.800000190000E-01 -1.723200543440E-03
 -9.599999790000E-01 -2.688982900251E-03
 -9.399999980000E-01 -3.638255108364E-03
 -9.200000170000E-01 -4.567359633995E-03
 -8.999999760000E-01 -5.476690737596E-03
 -8.799999950000E-01 -6.365980069083E-03
 -8.600000140000E-01 -7.235257908965E-03
 -8.399999740000E-01 -8.084633083997E-03
 -8.199999930000E-01 -8.914035864373E-03
 -8.000000120000E-01 -9.723397405627E-03
 -7.799999710000E-01 -1.051282537547E-02
 -7.599999900000E-01 -1.128227345737E-02
 -7.400000100000E-01 -1.203170512115E-02
 -7.200000290000E-01 -1.276117252750E-02
 -6.999999880000E-01 -1.347063122538E-02
 -6.800000070000E-01 -1.416011406821E-02
 -6.600000260000E-01 -1.482961199504E-02
 -6.399999860000E-01 -1.547912073662E-02
 -6.200000050000E-01 -1.610865333871E-02
 -6.000000240000E-01 -1.671819353571E-02
 -5.799999830000E-01 -1.730776898132E-02
 -5.600000020000E-01 -1.787735912446E-02
 -5.400000210000E-01 -1.842699902306E-02
 -5.199999810000E-01 -1.895670667766E-02
 -5.000000000000E-01 -1.946649266640E-02
 -4.799999890000E-01 -1.995677401331E-02
 -4.600000080000E-01 -2.042640415009E-02
 -4.399999980000E-01 -2.087514206391E-02
 -4.199999870000E-01 -2.130447679468E-02
 -4.000000060000E-01 -2.171385606465E-02
 -3.799999950000E-01 -2.210333775378E-02
 -3.600000140000E-01 -2.247285233891E-02
 -3.400000040000E-01 -2.282240587282E-02
 -3.199999930000E-01 -2.315199030430E-02
 -3.000000120000E-01 -2.346160270924E-02
 -2.800000010000E-01 -2.375124235846E-02
 -2.599999900000E-01 -2.402090524232E-02
 -2.399999950000E-01 -2.427059449861E-02
 -2.199999990000E-01 -2.450030838292E-02
 -2.000000030000E-01 -2.471004650875E-02
 -1.800000070000E-01 -2.489980915637E-02
 -1.599999960000E-01 -2.506959607327E-02
 -1.400000010000E-01 -2.521940684209E-02
 -1.199999970000E-01 -2.534924188463E-02
 -1.000000010000E-01 -2.545910045013E-02
 -7.999999820000E-02 -2.554898341488E-02
 -5.999999870000E-02 -2.561888975303E-02
 -3.999999910000E-02 -2.566882312748E-02
 -1.999999960000E-02 -2.569879558843E-02
  0.000000000000E+00 -2.570858523554E-02
  1.999999960000E-02 -2.569879558843E-02
  3.999999910000E-02 -2.566882312748E-02
  5.999999870000E-02 -2.561888975303E-02
  7.999999820000E-02 -2.554898341488E-02
  1.000000010000E-01 -2.545910045013E-02
  1.199999970000E-01 -2.534924188462E-02
  1.400000010000E-01 -2.521940684209E-02
  1.599999960000E-01 -2.506959607327E-02
  1.800000070000E-01 -2.489980915637E-02
  2.000000030000E-01 -2.471004650875E-02
  2.199999990000E-01 -2.450030838292E-02
  2.399999950000E-01 -2.427059449861E-02
  2.599999900000E-01 -2.402090524232E-02
  2.800000010000E-01 -2.375124235846E-02
  3.000000120000E-01 -2.346160270924E-02
  3.199999930000E-01 -2.315199030430E-02
  3.400000040000E-01 -2.282240587282E-02
  3.600000140000E-01 -2.247285233891E-02
  3.799999950000E-01 -2.210333775378E-02
  4.000000060000E-01 -2.171385606465E-02
  4.199999870000E-01 -2.130447679468E-02
  4.399999980000E-01 -2.087514206391E-02
  4.600000080000E-01 -2.042640415010E-02
  4.799999890000E-01 -1.995677401331E-02
  5.000000000000E-01 -1.946649266640E-02
  5.199999810000E-01 -1.895670667766E-02
  5.400000210000E-01 -1.842699902306E-02
  5.600000020000E-01 -1.787735912446E-02
  5.799999830000E-01 -1.730776898132E-02
  6.000000240000E-01 -1.671819353571E-02
  6.200000050000E-01 -1.610865333871E-02
  6.399999860000E-01 -1.547912073662E-02
  6.600000260000E-01 -1.482961199504E-02
  6.800000070000E-01 -1.416011406821E-02
  6.999999880000E-01 -1.347063122538E-02
  7.200000290000E-01 -1.276117252750E-02
  7.400000100000E-01 -1.203170512115E-02
  7.599999900000E-01 -1.128227345736E-02
  7.799999710000E-01 -1.051282537547E-02
  8.000000120000E-01 -9.723397405627E-03
  8.199999930000E-01 -8.914035864374E-03
  8.399999740000E-01 -8.084633083997E-03
  8.600000140000E-01 -7.235257908965E-03
  8.799999950000E-01 -6.365980069083E-03
  8.999999760000E-01 -5.476690737597E-03
  9.200000170000E-01 -4.567359633996E-03
  9.399999980000E-01 -3.638255108364E-03
  9.599999790000E-01 -2.688982900251E-03
  9.800000190000E-01 -1.723200543440E-03
  1.000000000000E+00 -7.606493622786E-04
  1.019999980000E+00 -1.136395175120E-04
  1.039999960000E+00 -2.168404345294E-14
  1.059999940000E+00 -2.168404344952E-14
  1.080000040000E+00 -2.168404344952E-14
  1.100000020000E+00 -2.168404344952E-14
  1.120000000000E+00 -2.168404344952E-14
  1.139999990000E+00 -2.168404344952E-14
  1.159999970000E+00 -2.168404344952E-14
  1.179999950000E+00 -2.168404344952E-14
  1.200000050000E+00 -2.168404344952E-14
  1.220000030000E+00 -2.168404344952E-14
  1.240000010000E+00 -2.168404344952E-14
  1.259999990000E+00 -2.168404344952E-14
  1.279999970000E+00 -2.168404344952E-14
  1.299999950000E+00 -2.168404344952E-14
  1.320000050000E+00 -2.168404344952E-14
  1.340000030000E+00 -2.168404344952E-14
  1.360000010000E+00 -2.168404344952E-14
  1.380000000000E+00 -2.168404344952E-14
  1.399999980000E+00 -2.168404344952E-14
  1.419999960000E+00 -2.168404344952E-14
  1.440000060000E+00 -2.168404344952E-14
  1.460000040000E+00 -2.168404344952E-14
  1.480000020000E+00 -2.168404344952E-14
  1.500000000000E+00 -2.168404344952E-14
  1.519999980000E+00 -2.168404344952E-14
  1.539999960000E+00 -2.168404344952E-14
  1.559999940000E+00 -2.168404344952E-14
  1.580000040000E+00 -2.168404344952E-14
  1.600000020000E+00 -2.168404344952E-14
  1.620000000000E+00 -2.168404344952E-14
  1.639999990000E+00 -2.168404344952E-14
  1.659999970000E+00 -2.168404344952E-14
  1.679999950000E+00 -2.168404344952E-14
  1.700000050000E+00 -2.168404344952E-14
  1.720000030000E+00 -2.168404344952E-14
  1.740000010000E+00 -2.168404344952E-14
  1.759999990000E+00 -2.168404344952E-14
  1.779999970000E+00 -2.168404344952E-14
  1.799999950000E+00 -3.671156943323E-05
BODY 2   181
 -1.797570940000E+00  8.094534280000E-02
 -1.777651070000E+00  7.915772500000E-02
 -1.757729290000E+00  7.739003750000E-02
 -1.737805840000E+00  7.564227280000E-02
 -1.717880610000E+00  7.391442360000E-02
 -1.697953700000E+00  7.220651210000E-02
 -1.678025010000E+00  7.051852350000E-02
 -1.658094640000E+00  6.885045770000E-02
 -1.638162730000E+00  6.720232960000E-02
 -1.618229150000E+00  6.557413190000E-02
 -1.598293900000E+00  6.396587190000E-02
 -1.578357100000E+00  6.237754970000E-02
 -1.558418630000E+00  6.080916150000E-02
 -1.538478730000E+00  5.926071110000E-02
 -1.518537160000E+00  5.773220210000E-02
 -1.498594160000E+00  5.622363840000E-02
 -1.478649620000E+00  5.473501610000E-02
 -1.458703640000E+00  5.326633900000E-02
 -1.438756110000E+00  5.181760710000E-02
 -1.418807270000E+00  5.038882790000E-02
 -1.398857000000E+00  4.898000650235E-02
 -1.378905180000E+00  4.759112933230E-02
 -1.358952160000E+00  4.622220544721E-02
 -1.338997720000E+00  4.487323648448E-02
 -1.319041850000E+00  4.354421907030E-02
 -1.299084780000E+00  4.223515590926E-02
 -1.279126410000E+00  4.094605501125E-02
 -1.259166720000E+00  3.967691010867E-02
 -1.239205720000E+00  3.842772425620E-02
 -1.219243530000E+00  3.719849921472E-02
 -1.199280140000E+00  3.598924059712E-02
 -1.179315570000E+00  3.479994294688E-02
 -1.159349680000E+00  3.363061007482E-02
 -1.139382840000E+00  3.248124436087E-02
 -1.119414690000E+00  3.135184357920E-02
 -1.099445460000E+00  3.024241383066E-02
 -1.079475160000E+00  2.915295245694E-02
 -1.059503790000E+00  2.808346216314E-02
 -1.039531350000E+00  2.703394449519E-02
 -1.019557830000E+00  2.600439793176E-02
 -9.995833640000E-01  2.499482681668E-02
 -9.796078800000E-01  2.400523046721E-02
 -9.596313830000E-01  2.303560890753E-02
 -9.396539330000E-01  2.208596419326E-02
 -9.196755890000E-01  2.115629846104E-02
 -8.996962900000E-01  2.024661264049E-02
 -8.797160980000E-01  1.935690419342E-02
 -8.597350120000E-01  1.848717779179E-02
 -8.397530910000E-01  1.763743230986E-02
 -8.197702770000E-01  1.680766896317E-02
 -7.997866870000E-01  1.599788841450E-02
 -7.798022630000E-01  1.520809272338E-02
 -7.598171230000E-01  1.443828182710E-02
 -7.398311500000E-01  1.368845673803E-02
 -7.198444600000E-01  1.295861712494E-02
 -6.998571160000E-01  1.224876567635E-02
 -6.798689960000E-01  1.155890124896E-02
 -6.598802210000E-01  1.088902498239E-02
 -6.398907900000E-01  1.023913868815E-02
 -6.199007030000E-01  9.609242192926E-03
 -5.999100210000E-01  8.999335790388E-03
 -5.799186830000E-01  8.409420175172E-03
 -5.599268080000E-01  7.839496446209E-03
 -5.399343970000E-01  7.289565020892E-03
 -5.199413900000E-01  6.759626286873E-03
 -4.999479060000E-01  6.249680823549E-03
 -4.799539150000E-01  5.759729024464E-03
 -4.599594470000E-01  5.289771842258E-03
 -4.399645030000E-01  4.839809253960E-03
 -4.199691410000E-01  4.409841765801E-03
 -3.999733330000E-01  3.999869814377E-03
 -3.799771370000E-01  3.609894323434E-03
 -3.599805530000E-01  3.239914842129E-03
 -3.399836120000E-01  2.889932517804E-03
 -3.199863430000E-01  2.559947137131E-03
 -2.999887470000E-01  2.249959246878E-03
 -2.799908520000E-01  1.959969068180E-03
 -2.599926890000E-01  1.689977109454E-03
 -2.399942430000E-01  1.439983396658E-03
 -2.199955580000E-01  1.209988378448E-03
 -1.999966650000E-01  9.999922478948E-04
 -1.799975630000E-01  8.099950429685E-04
 -1.599982980000E-01  6.399970287235E-04
 -1.399988530000E-01  4.899983434875E-04
 -1.199992820000E-01  3.599991469688E-04
 -9.999958430000E-02  2.499996233448E-04
 -7.999978960000E-02  1.599998651174E-04
 -5.999990930000E-02  8.999996803291E-05
 -3.999997300000E-02  3.999999788767E-05
 -1.999999580000E-02  1.000000008419E-05
  0.000000000000E+00  0.000000000000E+00
  1.999999580000E-02  1.000000008419E-05
  3.999997300000E-02  3.999999788767E-05
  5.999990930000E-02  8.999996803291E-05
  7.999978960000E-02  1.599998651174E-04
  9.999958430000E-02  2.499996233448E-04
  1.199992820000E-01  3.599991469688E-04
  1.399988530000E-01  4.899983434875E-04
  1.599982980000E-01  6.399970287235E-04
  1.799975630000E-01  8.099950429685E-04
  1.999966650000E-01  9.999922478948E-04
  2.199955580000E-01  1.209988378448E-03
  2.399942430000E-01  1.439983396658E-03
  2.599926890000E-01  1.689977109454E-03
  2.799908520000E-01  1.959969068180E-03
  2.999887470000E-01  2.249959246878E-03
  3.199863430000E-01  2.559947137131E-03
  3.399836120000E-01  2.889932517804E-03
  3.599805530000E-01  3.239914842129E-03
  3.799771370000E-01  3.609894323434E-03
  3.999733330000E-01  3.999869814377E-03
  4.199691410000E-01  4.409841765801E-03
  4.399645030000E-01  4.839809253960E-03
  4.599594470000E-01  5.289771842258E-03
  4.799539150000E-01  5.759729024464E-03
  4.999479060000E-01  6.249680823549E-03
  5.199413900000E-01  6.759626286873E-03
  5.399343970000E-01  7.289565020892E-03
  5.599268080000E-01  7.839496446209E-03
  5.799186830000E-01  8.409420175172E-03
  5.999100210000E-01  8.999335790388E-03
  6.199007030000E-01  9.609242192926E-03
  6.398907900000E-01  1.023913868815E-02
  6.598802210000E-01  1.088902498239E-02
  6.798689960000E-01  1.155890124896E-02
  6.998571160000E-01  1.224876567635E-02
  7.198444600000E-01  1.295861712494E-02
  7.398311500000E-01  1.368845673803E-02
  7.598171230000E-01  1.443828182710E-02
  7.798022630000E-01  1.520809272338E-02
  7.997866870000E-01  1.599788841450E-02
  8.197702770000E-01  1.680766896317E-02
  8.397530910000E-01  1.763743230986E-02
  8.597350120000E-01  1.848717779179E-02
  8.797160980000E-01  1.935690419342E-02
  8.996962900000E-01  2.024661264049E-02
  9.196755890000E-01  2.115629846104E-02
  9.396539330000E-01  2.208596419326E-02
  9.596313830000E-01  2.303560890753E-02
  9.796078800000E-01  2.400523046721E-02
  9.995833640000E-01  2.499482681668E-02
  1.019557830000E+00  2.600439793176E-02
  1.039531350000E+00  2.703394449519E-02
  1.059503790000E+00  2.808346216314E-02
  1.079475160000E+00  2.915295245694E-02
  1.099445460000E+00  3.024241383066E-02
  1.119414690000E+00  3.135184357920E-02
  1.139382840000E+00  3.248124436087E-02
  1.159349680000E+00  3.363061007482E-02
  1.179315570000E+00  3.479994294688E-02
  1.199280140000E+00  3.598924059712E-02
  1.219243530000E+00  3.719849921472E-02
  1.239205720000E+00  3.842772425620E-02
  1.259166720000E+00  3.967691010867E-02
  1.279126410000E+00  4.094605501125E-02
  1.299084780000E+00  4.223515590926E-02
  1.319041850000E+00  4.354421907030E-02
  1.338997720000E+00  4.487323648448E-02
  1.358952160000E+00  4.622220544721E-02
  1.378905180000E+00  4.759112933230E-02
  1.398857000000E+00  4.898000650235E-02
  1.418807270000E+00  5.038882790000E-02
  1.438756110000E+00  5.181760710000E-02
  1.458703640000E+00  5.326633900000E-02
  1.478649620000E+00  5.473501610000E-02
  1.498594160000E+00  5.622363840000E-02
  1.518537160000E+00  5.773220210000E-02
  1.538478730000E+00  5.926071110000E-02
  1.558418630000E+00  6.080916150000E-02
  1.578357100000E+00  6.237754970000E-02
  1.598293900000E+00  6.396587190000E-02
  1.618229150000E+00  6.557413190000E-02
  1.638162730000E+00  6.720232960000E-02
  1.658094640000E+00  6.885045770000E-02
  1.678025010000E+00  7.051852350000E-02
  1.697953700000E+00  7.220651210000E-02
  1.717880610000E+00  7.391442360000E-02
  1.737805840000E+00  7.564227280000E-02
  1.757729290000E+00  7.739003750000E-02
  1.777651070000E+00  7.915772500000E-02
  1.797570940000E+00  8.094534280000E-02
STEP  23 TIME  2.10020000E+04
BODY 1   181
 -1.799999950000E+00 -3.614718474683E-05
 -1.779999970000E+00 -2.276824562199E-14
 -1.759999990000E+00 -2.276824562199E-14
 -1.740000010000E+00 -2.276824562199E-14
 -1.720000030000E+00 -2.276824562199E-14
 -1.700000050000E+00 -2.276824562199E-14
 -1.679999950000E+00 -2.276824562199E-14
 -1.659999970000E+00 -2.276824562199E-14
 -1.639999990000E+00 -2.276824562199E-14
 -1.620000000000E+00 -2.276824562199E-14
 -1.600000020000E+00 -2.276824562199E-14
 -1.580000040000E+00 -2.276824562199E-14
 -1.559999940000E+00 -2.276824562199E-14
 -1.539999960000E+00 -2.276824562199E-14
 -1.519999980000E+00 -2.276824562199E-14
 -1.500000000000E+00 -2.276824562199E-14
 -1.480000020000E+00 -2.276824562199E-14
 -1.460000040000E+00 -2.276824562199E-14
 -1.440000060000E+00 -2.276824562199E-14
 -1.419999960000E+00 -2.276824562199E-14
 -1.399999980000E+00 -2.276824562199E-14
 -1.380000000000E+00 -2.276824562199E-14
 -1.360000010000E+00 -2.276824562199E-14
 -1.340000030000E+00 -2.276824562199E-14
 -1.320000050000E+00 -2.276824562199E-14
 -1.299999950000E+00 -2.276824562199E-14
 -1.279999970000E+00 -2.276824562199E-14
 -1.259999990000E+00 -2.276824562199E-14
 -1.240000010000E+00 -2.276824562199E-14
 -1.220000030000E+00 -2.276824562199E-14
 -1.200000050000E+00 -2.276824562199E-14
 -1.179999950000E+00 -2.276824562199E-14
 -1.159999970000E+00 -2.276824562199E-14
 -1.139999990000E+00 -2.276824562199E-14
 -1.120000000000E+00 -2.276824562199E-14
 -1.100000020000E+00 -2.276824562199E-14
 -1.080000040000E+00 -2.276824562199E-14
 -1.059999940000E+00 -2.276824562415E-14
 -1.039999960000E+00 -8.269168158268E-05
 -1.019999980000E+00 -6.139551772757E-04
 -1.000000000000E+00 -1.589464574895E-03
 -9.800000190000E-01 -2.573471332903E-03
 -9.599999790000E-01 -3.542975767579E-03
 -9.399999980000E-01 -4.492149887989E-03
 -9.200000170000E-01 -5.421591626864E-03
 -8.999999760000E-01 -6.330947661166E-03
 -8.799999950000E-01 -7.220296871815E-03
 -8.600000140000E-01 -8.089738972774E-03
 -8.399999740000E-01 -8.939209933086E-03
 -8.199999930000E-01 -9.768623701467E-03
 -8.000000120000E-01 -1.057810705530E-02
 -7.799999710000E-01 -1.136761378272E-02
 -7.599999900000E-01 -1.213707502001E-02
 -7.400000100000E-01 -1.288657895295E-02
 -7.200000290000E-01 -1.361607954835E-02
 -6.999999880000E-01 -1.432559774707E-02
 -6.800000070000E-01 -1.501513972663E-02
 -6.600000260000E-01 -1.568466476111E-02
 -6.399999860000E-01 -1.633422621258E-02
 -6.200000050000E-01 -1.696377324605E-02
 -6.000000240000E-01 -1.757336061540E-02
 -5.799999830000E-01 -1.816294845132E-02
 -5.600000020000E-01 -1.873259392037E-02
 -5.400000210000E-01 -1.928230162374E-02
 -5.199999810000E-01 -1.981224295781E-02
 -5.000000000000E-01 -2.032207620198E-02
 -4.799999890000E-01 -2.081100639252E-02
 -4.600000080000E-01 -2.128041884330E-02
 -4.399999980000E-01 -2.172984929033E-02
 -4.199999870000E-01 -2.215936457426E-02
 -4.000000060000E-01 -2.256890175917E-02
 -3.799999950000E-01 -2.295846327834E-02
 -3.600000140000E-01 -2.332805309756E-02
 -3.400000040000E-01 -2.367766487034E-02
 -3.199999930000E-01 -2.400729771184E-02
 -3.000000120000E-01 -2.431695250966E-02
 -2.800000010000E-01 -2.460662854867E-02
 -2.599999900000E-01 -2.487632560129E-02
 -2.399999950000E-01 -2.512604344773E-02
 -2.199999990000E-01 -2.535578181056E-02
 -2.000000030000E-01 -2.556554184640E-02
 -1.800000070000E-01 -2.575532407484E-02
 -1.599999960000E-01 -2.592512839288E-02
 -1.400000010000E-01 -2.607495451475E-02
 -1.199999970000E-01 -2.620480226135E-02
 -1.000000010000E-01 -2.631467108752E-02
 -7.999999820000E-02 -2.640456212963E-02
 -5.999999870000E-02 -2.647447461141E-02
 -3.999999910000E-02 -2.652441210101E-02
 -1.999999960000E-02 -2.655438754336E-02
  0.000000000000E+00 -2.656418025846E-02
  1.999999960000E-02 -2.655438754336E-02
  3.999999910000E-02 -2.652441210101E-02
  5.999999870000E-02 -2.647447461141E-02
  7.999999820000E-02 -2.640456212963E-02
  1.000000010000E-01 -2.631467108752E-02
  1.199999970000E-01 -2.620480226135E-02
  1.400000010000E-01 -2.607495451475E-02
  1.599999960000E-01 -2.592512839288E-02
  1.800000070000E-01 -2.575532407484E-02
  2.000000030000E-01 -2.556554184640E-02
  2.199999990000E-01 -2.535578181056E-02
  2.399999950000E-01 -2.512604344773E-02
  2.599999900000E-01 -2.487632560129E-02
  2.800000010000E-01 -2.460662854867E-02
  3.000000120000E-01 -2.431695250966E-02
  3.199999930000E-01 -2.400729771184E-02
  3.400000040000E-01 -2.367766487034E-02
  3.600000140000E-01 -2.332805309756E-02
  3.799999950000E-01 -2.295846327834E-02
  4.000000060000E-01 -2.256890175917E-02
  4.199999870000E-01 -2.215936457426E-02
  4.399999980000E-01 -2.172984929033E-02
  4.600000080000E-01 -2.128041884331E-02
  4.799999890000E-01 -2.081100639252E-02
  5.000000000000E-01 -2.032207620199E-02
  5.199999810000E-01 -1.981224295781E-02
  5.400000210000E-01 -1.928230162374E-02
  5.600000020000E-01 -1.873259392037E-02
  5.799999830000E-01 -1.816294845132E-02
  6.000000240000E-01 -1.757336061540E-02
  6.200000050000E-01 -1.696377324605E-02
  6.399999860000E-01 -1.633422621258E-02
  6.600000260000E-01 -1.568466476111E-02
  6.800000070000E-01 -1.501513972663E-02
  6.999999880000E-01 -1.432559774707E-02
  7.200000290000E-01 -1.361607954835E-02
  7.400000100000E-01 -1.288657895295E-02
  7.599999900000E-01 -1.213707502001E-02
  7.799999710000E-01 -1.136761378272E-02
  8.000000120000E-01 -1.057810705530E-02
  8.199999930000E-01 -9.768623701467E-03
  8.399999740000E-01 -8.939209933087E-03
  8.600000140000E-01 -8.089738972774E-03
  8.799999950000E-01 -7.220296871816E-03
  8.999999760000E-01 -6.330947661167E-03
  9.200000170000E-01 -5.421591626864E-03
  9.399999980000E-01 -4.492149887989E-03
  9.599999790000E-01 -3.542975767579E-03
  9.800000190000E-01 -2.573471332904E-03
  1.000000000000E+00 -1.589464574896E-03
  1.019999980000E+00 -6.139551772759E-04
  1.039999960000E+00 -8.269168158279E-05
  1.059999940000E+00 -2.276824562360E-14
  1.080000040000E+00 -2.276824562199E-14
  1.100000020000E+00 -2.276824562199E-14
  1.120000000000E+00 -2.276824562199E-14
  1.139999990000E+00 -2.276824562199E-14
  1.159999970000E+00 -2.276824562199E-14
  1.179999950000E+00 -2.276824562199E-14
  1.200000050000E+00 -2.276824562199E-14
  1.220000030000E+00 -2.276824562199E-14
  1.240000010000E+00 -2.276824562199E-14
  1.259999990000E+00 -2.276824562199E-14
  1.279999970000E+00 -2.276824562199E-14
  1.299999950000E+00 -2.276824562199E-14
  1.320000050000E+00 -2.276824562199E-14
  1.340000030000E+00 -2.276824562199E-14
  1.360000010000E+00 -2.276824562199E-14
  1.380000000000E+00 -2.276824562199E-14
  1.399999980000E+00 -2.276824562199E-14
  1.419999960000E+00 -2.276824562199E-14
  1.440000060000E+00 -2.276824562199E-14
  1.460000040000E+00 -2.276824562199E-14
  1.480000020000E+00 -2.276824562199E-14
  1.500000000000E+00 -2.276824562199E-14
  1.519999980000E+00 -2.276824562199E-14
  1.539999960000E+00 -2.276824562199E-14
  1.559999940000E+00 -2.276824562199E-14
  1.580000040000E+00 -2.276824562199E-14
  1.600000020000E+00 -2.276824562199E-14
  1.620000000000E+00 -2.276824562199E-14
  1.639999990000E+00 -2.276824562199E-14
  1.659999970000E+00 -2.276824562199E-14
  1.679999950000E+00 -2.276824562199E-14
  1.700000050000E+00 -2.276824562199E-14
  1.720000030000E+00 -2.276824562199E-14
  1.740000010000E+00 -2.276824562199E-14
  1.759999990000E+00 -2.276824562199E-14
  1.779999970000E+00 -2.276824562199E-14
  1.799999950000E+00 -3.614722925907E-05
BODY 2   181
 -1.797570940000E+00  8.094534280000E-02
 -1.777651070000E+00  7.915772500000E-02
 -1.757729290000E+00  7.739003750000E-02
 -1.737805840000E+00  7.564227280000E-02
 -1.717880610000E+00  7.391442360000E-02
 -1.697953700000E+00  7.220651210000E-02
 -1.678025010000E+00  7.051852350000E-02
 -1.658094640000E+00  6.885045770000E-02
 -1.638162730000E+00  6.720232960000E-02
 -1.618229150000E+00  6.557413190000E-02
 -1.598293900000E+00  6.396587190000E-02
 -1.578357100000E+00  6.237754970000E-02
 -1.558418630000E+00  6.080916150000E-02
 -1.538478730000E+00  5.926071110000E-02
 -1.518537160000E+00  5.773220210000E-02
 -1.498594160000E+00  5.622363840000E-02
 -1.478649620000E+00  5.473501610000E-02
 -1.458703640000E+00  5.326633900000E-02
 -1.438756110000E+00  5.181760710000E-02
 -1.418807270000E+00  5.038882790000E-02
 -1.398857000000E+00  4.898000650235E-02
 -1.378905180000E+00  4.759112933230E-02
 -1.358952160000E+00  4.622220544721E-02
 -1.338997720000E+00  4.487323648448E-02
 -1.319041850000E+00  4.354421907030E-02
 -1.299084780000E+00  4.223515590926E-02
 -1.279126410000E+00  4.094605501125E-02
 -1.259166720000E+00  3.967691010867E-02
 -1.239205720000E+00  3.842772425620E-02
 -1.219243530000E+00  3.719849921472E-02
 -1.199280140000E+00  3.598924059712E-02
 -1.179315570000E+00  3.479994294688E-02
 -1.159349680000E+00  3.363061007482E-02
 -1.139382840000E+00  3.248124436087E-02
 -1.119414690000E+00  3.135184357920E-02
 -1.099445460000E+00  3.024241383066E-02
 -1.079475160000E+00  2.915295245694E-02
 -1.059503790000E+00  2.808346216314E-02
 -1.039531350000E+00  2.703394449519E-02
 -1.019557830000E+00  2.600439793176E-02
 -9.995833640000E-01  2.499482681668E-02
 -9.796078800000E-01  2.400523046721E-02
 -9.596313830000E-01  2.303560890753E-02
 -9.396539330000E-01  2.208596419326E-02
 -9.196755890000E-01  2.115629846104E-02
 -8.996962900000E-01  2.024661264049E-02
 -8.797160980000E-01  1.935690419342E-02
 -8.597350120000E-01  1.848717779179E-02
 -8.397530910000E-01  1.763743230986E-02
 -8.197702770000E-01  1.680766896317E-02
 -7.997866870000E-01  1.599788841450E-02
 -7.798022630000E-01  1.520809272338E-02
 -7.598171230000E-01  1.443828182710E-02
 -7.398311500000E-01  1.368845673803E-02
 -7.198444600000E-01  1.295861712494E-02
 -6.998571160000E-01  1.224876567635E-02
 -6.798689960000E-01  1.155890124896E-02
 -6.598802210000E-01  1.088902498239E-02
 -6.398907900000E-01  1.023913868815E-02
 -6.199007030000E-01  9.609242192926E-03
 -5.999100210000E-01  8.999335790388E-03
 -5.799186830000E-01  8.409420175172E-03
 -5.599268080000E-01  7.839496446209E-03
 -5.399343970000E-01  7.289565020892E-03
 -5.199413900000E-01  6.759626286873E-03
 -4.999479060000E-01  6.249680823549E-03
 -4.799539150000E-01  5.759729024464E-03
 -4.599594470000E-01  5.289771842258E-03
 -4.399645030000E-01  4.839809253960E-03
 -4.199691410000E-01  4.409841765801E-03
 -3.999733330000E-01  3.999869814377E-03
 -3.799771370000E-01  3.609894323434E-03
 -3.599805530000E-01  3.239914842129E-03
 -3.399836120000E-01  2.889932517804E-03
 -3.199863430000E-01  2.559947137131E-03
 -2.999887470000E-01  2.249959246878E-03
 -2.799908520000E-01  1.959969068180E-03
 -2.599926890000E-01  1.689977109454E-03
 -2.399942430000E-01  1.439983396658E-03
 -2.199955580000E-01  1.209988378448E-03
 -1.999966650000E-01  9.999922478948E-04
 -1.799975630000E-01  8.099950429685E-04
 -1.599982980000E-01  6.399970287235E-04
 -1.399988530000E-01  4.899983434875E-04
 -1.199992820000E-01  3.599991469688E-04
 -9.999958430000E-02  2.499996233448E-04
 -7.999978960000E-02  1.599998651174E-04
 -5.999990930000E-02  8.999996803291E-05
 -3.999997300000E-02  3.999999788767E-05
 -1.999999580000E-02  1.000000008419E-05
  0.000000000000E+00  0.000000000000E+00
  1.999999580000E-02  1.000000008419E-05
  3.999997300000E-02  3.999999788767E-05
  5.999990930000E-02  8.999996803291E-05
  7.999978960000E-02  1.599998651174E-04
  9.999958430000E-02  2.499996233448E-04
  1.199992820000E-01  3.599991469688E-04
  1.399988530000E-01  4.899983434875E-04
  1.599982980000E-01  6.399970287235E-04
  1.799975630000E-01  8.099950429685E-04
  1.999966650000E-01  9.999922478948E-04
  2.199955580000E-01  1.209988378448E-03
  2.399942430000E-01  1.439983396658E-03
  2.599926890000E-01  1.689977109454E-03
  2.799908520000E-01  1.959969068180E-03
  2.999887470000E-01  2.249959246878E-03
  3.199863430000E-01  2.559947137131E-03
  3.399836120000E-01  2.889932517804E-03
  3.599805530000E-01  3.239914842129E-03
  3.799771370000E-01  3.609894323434E-03
  3.999733330000E-01  3.999869814377E-03
  4.199691410000E-01  4.409841765801E-03
  4.399645030000E-01  4.839809253960E-03
  4.599594470000E-01  5.289771842258E-03
  4.799539150000E-01  5.759729024464E-03
  4.999479060000E-01  6.249680823549E-03
  5.199413900000E-01  6.759626286873E-03
  5.399343970000E-01  7.289565020892E-03
  5.599268080000E-01  7.839496446209E-03
  5.799186830000E-01  8.409420175172E-03
  5.999100210000E-01  8.999335790388E-03
  6.199007030000E-01  9.609242192926E-03
  6.398907900000E-01  1.023913868815E-02
  6.598802210000E-01  1.088902498239E-02
  6.798689960000E-01  1.155890124896E-02
  6.998571160000E-01  1.224876567635E-02
  7.198444600000E-01  1.295861712494E-02
  7.398311500000E-01  1.368845673803E-02
  7.598171230000E-01  1.443828182710E-02
  7.798022630000E-01  1.520809272338E-02
  7.997866870000E-01  1.599788841450E-02
  8.197702770000E-01  1.680766896317E-02
  8.397530910000E-01  1.763743230986E-02
  8.597350120000E-01  1.848717779179E-02
  8.797160980000E-01  1.935690419342E-02
  8.996962900000E-01  2.024661264049E-02
  9.196755890000E-01  2.115629846104E-02
  9.396539330000E-01  2.208596419326E-02
  9.596313830000E-01  2.303560890753E-02
  9.796078800000E-01  2.400523046721E-02
  9.995833640000E-01  2.499482681668E-02
  1.019557830000E+00  2.600439793176E-02
  1.039531350000E+00  2.703394449519E-02
  1.059503790000E+00  2.808346216314E-02
  1.079475160000E+00  2.915295245694E-02
  1.099445460000E+00  3.024241383066E-02
  1.119414690000E+00  3.135184357920E-02
  1.139382840000E+00  3.248124436087E-02
  1.159349680000E+00  3.363061007482E-02
  1.179315570000E+00  3.479994294688E-02
  1.199280140000E+00  3.598924059712E-02
  1.219243530000E+00  3.719849921472E-02
  1.239205720000E+00  3.842772425620E-02
  1.259166720000E+00  3.967691010867E-02
  1.279126410000E+00  4.094605501125E-02
  1.299084780000E+00  4.223515590926E-02
  1.319041850000E+00  4.354421907030E-02
  1.338997720000E+00  4.487323648448E-02
  1.358952160000E+00  4.622220544721E-02
  1.378905180000E+00  4.759112933230E-02
  1.398857000000E+00  4.898000650235E-02
  1.418807270000E+00  5.038882790000E-02
  1.438756110000E+00  5.181760710000E-02
  1.458703640000E+00  5.326633900000E-02
  1.478649620000E+00  5.473501610000E-02
  1.498594160000E+00  5.622363840000E-02
  1.518537160000E+00  5.773220210000E-02
  1.538478730000E+00  5.926071110000E-02
  1.558418630000E+00  6.080916150000E-02
  1.578357100000E+00  6.237754970000E-02
  1.598293900000E+00  6.396587190000E-02
  1.618229150000E+00  6.557413190000E-02
  1.638162730000E+00  6.720232960000E-02
  1.658094640000E+00  6.885045770000E-02
  1.678025010000E+00  7.051852350000E-02
  1.697953700000E+00  7.220651210000E-02
  1.717880610000E+00  7.391442360000E-02
  1.737805840000E+00  7.564227280000E-02
  1.757729290000E+00  7.739003750000E-02
  1.777651070000E+00  7.915772500000E-02
  1.797570940000E+00  8.094534280000E-02
STEP  24 TIME  2.20020000E+04
BODY 1   181
 -1.799999950000E+00 -3.561646084366E-05
 -1.779999970000E+00 -2.385244779445E-14
 -1.759999990000E+00 -2.385244779445E-14
 -1.740000010000E+00 -2.385244779445E-14
 -1.720000030000E+00 -2.385244779445E-14
 -1.700000050000E+00 -2.385244779445E-14
 -1.679999950000E+00 -2.385244779445E-14
 -1.659999970000E+00 -2.385244779445E-14
 -1.639999990000E+00 -2.385244779445E-14
 -1.620000000000E+00 -2.385244779445E-14
 -1.600000020000E+00 -2.385244779445E-14
 -1.580000040000E+00 -2.385244779445E-14
 -1.559999940000E+00 -2.385244779445E-14
 -1.539999960000E+00 -2.385244779445E-14
 -1.519999980000E+00 -2.385244779445E-14
 -1.500000000000E+00 -2.385244779445E-14
 -1.480000020000E+00 -2.385244779445E-14
 -1.460000040000E+00 -2.385244779445E-14
 -1.440000060000E+00 -2.385244779445E-14
 -1.419999960000E+00 -2.385244779445E-14
 -1.399999980000E+00 -2.385244779445E-14
 -1.380000000000E+00 -2.385244779445E-14
 -1.360000010000E+00 -2.385244779445E-14
 -1.340000030000E+00 -2.385244779445E-14
 -1.320000050000E+00 -2.385244779445E-14
 -1.299999950000E+00 -2.385244779445E-14
 -1.279999970000E+00 -2.385244779445E-14
 -1.259999990000E+00 -2.385244779445E-14
 -1.240000010000E+00 -2.385244779445E-14
 -1.220000030000E+00 -2.385244779445E-14
 -1.200000050000E+00 -2.385244779445E-14
 -1.179999950000E+00 -2.385244779445E-14
 -1.159999970000E+00 -2.385244779445E-14
 -1.139999990000E+00 -2.385244779445E-14
 -1.120000000000E+00 -2.385244779445E-14
 -1.100000020000E+00 -2.385244779445E-14
 -1.080000040000E+00 -2.385244779445E-14
 -1.059999940000E+00 -4.624946961483E-05
 -1.039999960000E+00 -4.362097931122E-04
 -1.019999980000E+00 -1.424037615071E-03
 -1.000000000000E+00 -2.425948391469E-03
 -9.800000190000E-01 -3.415598990959E-03
 -9.599999790000E-01 -4.384833107597E-03
 -9.399999980000E-01 -5.334386237392E-03
 -9.200000170000E-01 -6.263790419664E-03
 -8.999999760000E-01 -7.173228511061E-03
 -8.799999950000E-01 -8.062743143286E-03
 -8.600000140000E-01 -8.932272653732E-03
 -8.399999740000E-01 -9.781742161115E-03
 -8.199999930000E-01 -1.061127962003E-02
 -8.000000120000E-01 -1.142083119710E-02
 -7.799999710000E-01 -1.221032796710E-02
 -7.599999900000E-01 -1.297987029844E-02
 -7.400000100000E-01 -1.372941795975E-02
 -7.200000290000E-01 -1.445895895578E-02
 -6.999999880000E-01 -1.516852025940E-02
 -6.800000070000E-01 -1.585805471882E-02
 -6.600000260000E-01 -1.652760971039E-02
 -6.399999860000E-01 -1.717716610261E-02
 -6.200000050000E-01 -1.780673074562E-02
 -6.000000240000E-01 -1.841631108524E-02
 -5.799999830000E-01 -1.900592381306E-02
 -5.600000020000E-01 -1.957556363025E-02
 -5.400000210000E-01 -2.012534316191E-02
 -5.199999810000E-01 -2.065463941692E-02
 -5.000000000000E-01 -2.116416077154E-02
 -4.799999890000E-01 -2.165369445418E-02
 -4.600000080000E-01 -2.212326809012E-02
 -4.399999980000E-01 -2.257285200696E-02
 -4.199999870000E-01 -2.300244386933E-02
 -4.000000060000E-01 -2.341205829016E-02
 -3.799999950000E-01 -2.380168765140E-02
 -3.600000140000E-01 -2.417132609501E-02
 -3.400000040000E-01 -2.452098537316E-02
 -3.199999930000E-01 -2.485066026908E-02
 -3.000000120000E-01 -2.516035163290E-02
 -2.800000010000E-01 -2.545005958444E-02
 -2.599999900000E-01 -2.571978561788E-02
 -2.399999950000E-01 -2.596952998295E-02
 -2.199999990000E-01 -2.619929260472E-02
 -2.000000030000E-01 -2.640907352342E-02
 -1.800000070000E-01 -2.659887404996E-02
 -1.599999960000E-01 -2.676869432634E-02
 -1.400000010000E-01 -2.691853462335E-02
 -1.199999970000E-01 -2.704839471452E-02
 -1.000000010000E-01 -2.715827406027E-02
 -7.999999820000E-02 -2.724817352130E-02
 -5.999999870000E-02 -2.731809229182E-02
 -3.999999910000E-02 -2.736803372100E-02
 -1.999999960000E-02 -2.739801206608E-02
  0.000000000000E+00 -2.740780915741E-02
  1.999999960000E-02 -2.739801206608E-02
  3.999999910000E-02 -2.736803372100E-02
  5.999999870000E-02 -2.731809229182E-02
  7.999999820000E-02 -2.724817352130E-02
  1.000000010000E-01 -2.715827406027E-02
  1.199999970000E-01 -2.704839471452E-02
  1.400000010000E-01 -2.691853462335E-02
  1.599999960000E-01 -2.676869432634E-02
  1.800000070000E-01 -2.659887404996E-02
  2.000000030000E-01 -2.640907352342E-02
  2.199999990000E-01 -2.619929260472E-02
  2.399999950000E-01 -2.596952998295E-02
  2.599999900000E-01 -2.571978561788E-02
  2.800000010000E-01 -2.545005958444E-02
  3.000000120000E-01 -2.516035163290E-02
  3.199999930000E-01 -2.485066026908E-02
  3.400000040000E-01 -2.452098537316E-02
  3.600000140000E-01 -2.417132609501E-02
  3.799999950000E-01 -2.380168765140E-02
  4.000000060000E-01 -2.341205829016E-02
  4.199999870000E-01 -2.300244386933E-02
  4.399999980000E-01 -2.257285200696E-02
  4.600000080000E-01 -2.212326809012E-02
  4.799999890000E-01 -2.165369445418E-02
  5.000000000000E-01 -2.116416077154E-02
  5.199999810000E-01 -2.065463941692E-02
  5.400000210000E-01 -2.012534316191E-02
  5.600000020000E-01 -1.957556363025E-02
  5.799999830000E-01 -1.900592381306E-02
  6.000000240000E-01 -1.841631108524E-02
  6.200000050000E-01 -1.780673074562E-02
  6.399999860000E-01 -1.717716610261E-02
  6.600000260000E-01 -1.652760971039E-02
  6.800000070000E-01 -1.585805471882E-02
  6.999999880000E-01 -1.516852025940E-02
  7.200000290000E-01 -1.445895895578E-02
  7.400000100000E-01 -1.372941795975E-02
  7.599999900000E-01 -1.297987029844E-02
  7.799999710000E-01 -1.221032796710E-02
  8.000000120000E-01 -1.142083119710E-02
  8.199999930000E-01 -1.061127962003E-02
  8.399999740000E-01 -9.781742161116E-03
  8.600000140000E-01 -8.932272653732E-03
  8.799999950000E-01 -8.062743143285E-03
  8.999999760000E-01 -7.173228511061E-03
  9.200000170000E-01 -6.263790419665E-03
  9.399999980000E-01 -5.334386237392E-03
  9.599999790000E-01 -4.384833107597E-03
  9.800000190000E-01 -3.415598990959E-03
  1.000000000000E+00 -2.425948391469E-03
  1.019999980000E+00 -1.424037615070E-03
  1.039999960000E+00 -4.362097931124E-04
  1.059999940000E+00 -4.624946961497E-05
  1.080000040000E+00 -2.385244779445E-14
  1.100000020000E+00 -2.385244779445E-14
  1.120000000000E+00 -2.385244779445E-14
  1.139999990000E+00 -2.385244779445E-14
  1.159999970000E+00 -2.385244779445E-14
  1.179999950000E+00 -2.385244779445E-14
  1.200000050000E+00 -2.385244779445E-14
  1.220000030000E+00 -2.385244779445E-14
  1.240000010000E+00 -2.385244779445E-14
  1.259999990000E+00 -2.385244779445E-14
  1.279999970000E+00 -2.385244779445E-14
  1.299999950000E+00 -2.385244779445E-14
  1.320000050000E+00 -2.385244779445E-14
  1.340000030000E+00 -2.385244779445E-14
  1.360000010000E+00 -2.385244779445E-14
  1.380000000000E+00 -2.385244779445E-14
  1.399999980000E+00 -2.385244779445E-14
  1.419999960000E+00 -2.385244779445E-14
  1.440000060000E+00 -2.385244779445E-14
  1.460000040000E+00 -2.385244779445E-14
  1.480000020000E+00 -2.385244779445E-14
  1.500000000000E+00 -2.385244779445E-14
  1.519999980000E+00 -2.385244779445E-14
  1.539999960000E+00 -2.385244779445E-14
  1.559999940000E+00 -2.385244779445E-14
  1.580000040000E+00 -2.385244779445E-14
  1.600000020000E+00 -2.385244779445E-14
  1.620000000000E+00 -2.385244779445E-14
  1.639999990000E+00 -2.385244779445E-14
  1.659999970000E+00 -2.385244779445E-14
  1.679999950000E+00 -2.385244779445E-14
  1.700000050000E+00 -2.385244779445E-14
  1.720000030000E+00 -2.385244779445E-14
  1.740000010000E+00 -2.385244779445E-14
  1.759999990000E+00 -2.385244779445E-14
  1.779999970000E+00 -2.385244779445E-14
  1.799999950000E+00 -3.561652805205E-05
BODY 2   181
 -1.797570940000E+00  8.094534280000E-02
 -1.777651070000E+00  7.915772500000E-02
 -1.757729290000E+00  7.739003750000E-02
 -1.737805840000E+00  7.564227280000E-02
 -1.717880610000E+00  7.391442360000E-02
 -1.697953700000E+00  7.220651210000E-02
 -1.678025010000E+00  7.051852350000E-02
 -1.658094640000E+00  6.885045770000E-02
 -1.638162730000E+00  6.720232960000E-02
 -1.618229150000E+00  6.557413190000E-02
 -1.598293900000E+00  6.396587190000E-02
 -1.578357100000E+00  6.237754970000E-02
 -1.558418630000E+00  6.080916150000E-02
 -1.538478730000E+00  5.926071110000E-02
 -1.518537160000E+00  5.773220210000E-02
 -1.498594160000E+00  5.622363840000E-02
 -1.478649620000E+00  5.473501610000E-02
 -1.458703640000E+00  5.326633900000E-02
 -1.438756110000E+00  5.181760710000E-02
 -1.418807270000E+00  5.038882790000E-02
 -1.398857000000E+00  4.898000650235E-02
 -1.378905180000E+00  4.759112933230E-02
 -1.358952160000E+00  4.622220544721E-02
 -1.338997720000E+00  4.487323648448E-02
 -1.319041850000E+00  4.354421907030E-02
 -1.299084780000E+00  4.223515590926E-02
 -1.279126410000E+00  4.094605501125E-02
 -1.259166720000E+00  3.967691010867E-02
 -1.239205720000E+00  3.842772425620E-02
 -1.219243530000E+00  3.719849921472E-02
 -1.199280140000E+00  3.598924059712E-02
 -1.179315570000E+00  3.479994294688E-02
 -1.159349680000E+00  3.363061007482E-02
 -1.139382840000E+00  3.248124436087E-02
 -1.119414690000E+00  3.135184357920E-02
 -1.099445460000E+00  3.024241383066E-02
 -1.079475160000E+00  2.915295245694E-02
 -1.059503790000E+00  2.808346216314E-02
 -1.039531350000E+00  2.703394449519E-02
 -1.019557830000E+00  2.600439793176E-02
 -9.995833640000E-01  2.499482681668E-02
 -9.796078800000E-01  2.400523046721E-02
 -9.596313830000E-01  2.303560890753E-02
 -9.396539330000E-01  2.208596419326E-02
 -9.196755890000E-01  2.115629846104E-02
 -8.996962900000E-01  2.024661264049E-02
 -8.797160980000E-01  1.935690419342E-02
 -8.597350120000E-01  1.848717779179E-02
 -8.397530910000E-01  1.763743230986E-02
 -8.197702770000E-01  1.680766896317E-02
 -7.997866870000E-01  1.599788841450E-02
 -7.798022630000E-01  1.520809272338E-02
 -7.598171230000E-01  1.443828182710E-02
 -7.398311500000E-01  1.368845673803E-02
 -7.198444600000E-01  1.295861712494E-02
 -6.998571160000E-01  1.224876567635E-02
 -6.798689960000E-01  1.155890124896E-02
 -6.598802210000E-01  1.088902498239E-02
 -6.398907900000E-01  1.023913868815E-02
 -6.199007030000E-01  9.609242192926E-03
 -5.999100210000E-01  8.999335790388E-03
 -5.799186830000E-01  8.409420175172E-03
 -5.599268080000E-01  7.839496446209E-03
 -5.399343970000E-01  7.289565020892E-03
 -5.199413900000E-01  6.759626286873E-03
 -4.999479060000E-01  6.249680823549E-03
 -4.799539150000E-01  5.759729024464E-03
 -4.599594470000E-01  5.289771842258E-03
 -4.399645030000E-01  4.839809253960E-03
 -4.199691410000E-01  4.409841765801E-03
 -3.999733330000E-01  3.999869814377E-03
 -3.799771370000E-01  3.609894323434E-03
 -3.599805530000E-01  3.239914842129E-03
 -3.399836120000E-01  2.889932517804E-03
 -3.199863430000E-01  2.559947137131E-03
 -2.999887470000E-01  2.249959246878E-03
 -2.799908520000E-01  1.959969068180E-03
 -2.599926890000E-01  1.689977109454E-03
 -2.399942430000E-01  1.439983396658E-03
 -2.199955580000E-01  1.209988378448E-03
 -1.999966650000E-01  9.999922478948E-04
 -1.799975630000E-01  8.099950429685E-04
 -1.599982980000E-01  6.399970287235E-04
 -1.399988530000E-01  4.899983434875E-04
 -1.199992820000E-01  3.599991469688E-04
 -9.999958430000E-02  2.499996233448E-04
 -7.999978960000E-02  1.599998651174E-04
 -5.999990930000E-02  8.999996803291E-05
 -3.999997300000E-02  3.999999788767E-05
 -1.999999580000E-02  1.000000008419E-05
  0.000000000000E+00  0.000000000000E+00
  1.999999580000E-02  1.000000008419E-05
  3.999997300000E-02  3.999999788767E-05
  5.999990930000E-02  8.999996803291E-05
  7.999978960000E-02  1.599998651174E-04
  9.999958430000E-02  2.499996233448E-04
  1.199992820000E-01  3.599991469688E-04
  1.399988530000E-01  4.899983434875E-04
  1.599982980000E-01  6.399970287235E-04
  1.799975630000E-01  8.099950429685E-04
  1.999966650000E-01  9.999922478948E-04
  2.199955580000E-01  1.209988378448E-03
  2.399942430000E-01  1.439983396658E-03
  2.599926890000E-01  1.689977109454E-03
  2.799908520000E-01  1.959969068180E-03
  2.999887470000E-01  2.249959246878E-03
  3.199863430000E-01  2.559947137131E-03
  3.399836120000E-01  2.889932517804E-03
  3.599805530000E-01  3.239914842129E-03
  3.799771370000E-01  3.609894323434E-03
  3.999733330000E-01  3.999869814377E-03
  4.199691410000E-01  4.409841765801E-03
  4.399645030000E-01  4.839809253960E-03
  4.599594470000E-01  5.289771842258E-03
  4.799539150000E-01  5.759729024464E-03
  4.999479060000E-01  6.249680823549E-03
  5.199413900000E-01  6.759626286873E-03
  5.399343970000E-01  7.289565020892E-03
  5.599268080000E-01  7.839496446209E-03
  5.799186830000E-01  8.409420175172E-03
  5.999100210000E-01  8.999335790388E-03
  6.199007030000E-01  9.609242192926E-03
  6.398907900000E-01  1.023913868815E-02
  6.598802210000E-01  1.088902498239E-02
  6.798689960000E-01  1.155890124896E-02
  6.998571160000E-01  1.224876567635E-02
  7.198444600000E-01  1.295861712494E-02
  7.398311500000E-01  1.368845673803E-02
  7.598171230000E-01  1.443828182710E-02
  7.798022630000E-01  1.520809272338E-02
  7.997866870000E-01  1.599788841450E-02
  8.197702770000E-01  1.680766896317E-02
  8.397530910000E-01  1.763743230986E-02
  8.597350120000E-01  1.848717779179E-02
  8.797160980000E-01  1.935690419342E-02
  8.996962900000E-01  2.024661264049E-02
  9.196755890000E-01  2.115629846104E-02
  9.396539330000E-01  2.208596419326E-02
  9.596313830000E-01  2.303560890753E-02
  9.796078800000E-01  2.400523046721E-02
  9.995833640000E-01  2.499482681668E-02
  1.019557830000E+00  2.600439793176E-02
  1.039531350000E+00  2.703394449519E-02
  1.059503790000E+00  2.808346216314E-02
  1.079475160000E+00  2.915295245694E-02
  1.099445460000E+00  3.024241383066E-02
  1.119414690000E+00  3.135184357920E-02
  1.139382840000E+00  3.248124436087E-02
  1.159349680000E+00  3.363061007482E-02
  1.179315570000E+00  3.479994294688E-02
  1.199280140000E+00  3.598924059712E-02
  1.219243530000E+00  3.719849921472E-02
  1.239205720000E+00  3.842772425620E-02
  1.259166720000E+00  3.967691010867E-02
  1.279126410000E+00  4.094605501125E-02
  1.299084780000E+00  4.223515590926E-02
  1.319041850000E+00  4.354421907030E-02
  1.338997720000E+00  4.487323648448E-02
  1.358952160000E+00  4.622220544721E-02
  1.378905180000E+00  4.759112933230E-02
  1.398857000000E+00  4.898000650235E-02
  1.418807270000E+00  5.038882790000E-02
  1.438756110000E+00  5.181760710000E-02
  1.458703640000E+00  5.326633900000E-02
  1.478649620000E+00  5.473501610000E-02
  1.498594160000E+00  5.622363840000E-02
  1.518537160000E+00  5.773220210000E-02
  1.538478730000E+00  5.926071110000E-02
  1.558418630000E+00  6.080916150000E-02
  1.578357100000E+00  6.237754970000E-02
  1.598293900000E+00  6.396587190000E-02
  1.618229150000E+00  6.557413190000E-02
  1.638162730000E+00  6.720232960000E-02
  1.658094640000E+00  6.885045770000E-02
  1.678025010000E+00  7.051852350000E-02
  1.697953700000E+00  7.220651210000E-02
  1.717880610000E+00  7.391442360000E-02
  1.737805840000E+00  7.564227280000E-02
  1.757729290000E+00  7.739003750000E-02
  1.777651070000E+00  7.915772500000E-02
  1.797570940000E+00  8.094534280000E-02
STEP  25 TIME  2.30020000E+04
BODY 1   181
 -1.799999950000E+00 -3.511620594721E-05
 -1.779999970000E+00 -2.493664996692E-14
 -1.759999990000E+00 -2.493664996692E-14
 -1.740000010000E+00 -2.493664996692E-14
 -1.720000030000E+00 -2.493664996692E-14
 -1.700000050000E+00 -2.493664996692E-14
 -1.679999950000E+00 -2.493664996692E-14
 -1.659999970000E+00 -2.493664996692E-14
 -1.639999990000E+00 -2.493664996692E-14
 -1.620000000000E+00 -2.493664996692E-14
 -1.600000020000E+00 -2.493664996692E-14
 -1.580000040000E+00 -2.493664996692E-14
 -1.559999940000E+00 -2.493664996692E-14
 -1.539999960000E+00 -2.493664996692E-14
 -1.519999980000E+00 -2.493664996692E-14
 -1.500000000000E+00 -2.493664996692E-14
 -1.480000020000E+00 -2.493664996692E-14
 -1.460000040000E+00 -2.493664996692E-14
 -1.440000060000E+00 -2.493664996692E-14
 -1.419999960000E+00 -2.493664996692E-14
 -1.399999980000E+00 -2.493664996692E-14
 -1.380000000000E+00 -2.493664996692E-14
 -1.360000010000E+00 -2.493664996692E-14
 -1.340000030000E+00 -2.493664996692E-14
 -1.320000050000E+00 -2.493664996692E-14
 -1.299999950000E+00 -2.493664996692E-14
 -1.279999970000E+00 -2.493664996692E-14
 -1.259999990000E+00 -2.493664996692E-14
 -1.240000010000E+00 -2.493664996692E-14
 -1.220000030000E+00 -2.493664996692E-14
 -1.200000050000E+00 -2.493664996692E-14
 -1.179999950000E+00 -2.493664996692E-14
 -1.159999970000E+00 -2.493664996692E-14
 -1.139999990000E+00 -2.493664996692E-14
 -1.120000000000E+00 -2.493664996692E-14
 -1.100000020000E+00 -2.493664996692E-14
 -1.080000040000E+00 -4.060509307598E-06
 -1.059999940000E+00 -2.281811743235E-04
 -1.039999960000E+00 -1.225621762262E-03
 -1.019999980000E+00 -2.245939882491E-03
 -1.000000000000E+00 -3.255940293963E-03
 -9.800000190000E-01 -4.245193858020E-03
 -9.599999790000E-01 -5.214835398316E-03
 -9.399999980000E-01 -6.164283758673E-03
 -9.200000170000E-01 -7.093826837333E-03
 -8.999999760000E-01 -8.003422942689E-03
 -8.799999950000E-01 -8.893013170238E-03
 -8.600000140000E-01 -9.762537366046E-03
 -8.399999740000E-01 -1.061213943773E-02
 -8.199999930000E-01 -1.144174833711E-02
 -8.000000120000E-01 -1.225129268159E-02
 -7.799999710000E-01 -1.304089367843E-02
 -7.599999900000E-01 -1.381051111701E-02
 -7.400000100000E-01 -1.456008727054E-02
 -7.200000290000E-01 -1.528969367924E-02
 -6.999999880000E-01 -1.599928460271E-02
 -6.800000070000E-01 -1.668889604817E-02
 -6.600000260000E-01 -1.735852559902E-02
 -6.399999860000E-01 -1.800816783039E-02
 -6.200000050000E-01 -1.863786080111E-02
 -6.000000240000E-01 -1.924761251499E-02
 -5.799999830000E-01 -1.983765826909E-02
 -5.600000020000E-01 -2.040746188023E-02
 -5.400000210000E-01 -2.095635685028E-02
 -5.199999810000E-01 -2.148575806053E-02
 -5.000000000000E-01 -2.199518115934E-02
 -4.799999890000E-01 -2.248467932988E-02
 -4.600000080000E-01 -2.295419457240E-02
 -4.399999980000E-01 -2.340374664805E-02
 -4.199999870000E-01 -2.383331511715E-02
 -4.000000060000E-01 -2.424289556117E-02
 -3.799999950000E-01 -2.463250170591E-02
 -3.600000140000E-01 -2.500212501490E-02
 -3.400000040000E-01 -2.535176377632E-02
 -3.199999930000E-01 -2.568142305499E-02
 -3.000000120000E-01 -2.599110047257E-02
 -2.800000010000E-01 -2.628079796597E-02
 -2.599999900000E-01 -2.655051089676E-02
 -2.399999950000E-01 -2.680024485796E-02
 -2.199999990000E-01 -2.702999846791E-02
 -2.000000030000E-01 -2.723977191251E-02
 -1.800000070000E-01 -2.742956574848E-02
 -1.599999960000E-01 -2.759937982374E-02
 -1.400000010000E-01 -2.774921436445E-02
 -1.199999970000E-01 -2.787906965682E-02
 -1.000000010000E-01 -2.798894507174E-02
 -7.999999820000E-02 -2.807884137023E-02
 -5.999999870000E-02 -2.814875765748E-02
 -3.999999910000E-02 -2.819869698784E-02
 -1.999999960000E-02 -2.822867435970E-02
  0.000000000000E+00 -2.823847412512E-02
  1.999999960000E-02 -2.822867435970E-02
  3.999999910000E-02 -2.819869698784E-02
  5.999999870000E-02 -2.814875765748E-02
  7.999999820000E-02 -2.807884137023E-02
  1.000000010000E-01 -2.798894507174E-02
  1.199999970000E-01 -2.787906965682E-02
  1.400000010000E-01 -2.774921436445E-02
  1.599999960000E-01 -2.759937982374E-02
  1.800000070000E-01 -2.742956574848E-02
  2.000000030000E-01 -2.723977191251E-02
  2.199999990000E-01 -2.702999846791E-02
  2.399999950000E-01 -2.680024485796E-02
  2.599999900000E-01 -2.655051089676E-02
  2.800000010000E-01 -2.628079796597E-02
  3.000000120000E-01 -2.599110047257E-02
  3.199999930000E-01 -2.568142305499E-02
  3.400000040000E-01 -2.535176377632E-02
  3.600000140000E-01 -2.500212501491E-02
  3.799999950000E-01 -2.463250170591E-02
  4.000000060000E-01 -2.424289556118E-02
  4.199999870000E-01 -2.383331511715E-02
  4.399999980000E-01 -2.340374664805E-02
  4.600000080000E-01 -2.295419457240E-02
  4.799999890000E-01 -2.248467932988E-02
  5.000000000000E-01 -2.199518115934E-02
  5.199999810000E-01 -2.148575806053E-02
  5.400000210000E-01 -2.095635685028E-02
  5.600000020000E-01 -2.040746188023E-02
  5.799999830000E-01 -1.983765826909E-02
  6.000000240000E-01 -1.924761251499E-02
  6.200000050000E-01 -1.863786080111E-02
  6.399999860000E-01 -1.800816783039E-02
  6.600000260000E-01 -1.735852559902E-02
  6.800000070000E-01 -1.668889604817E-02
  6.999999880000E-01 -1.599928460271E-02
  7.200000290000E-01 -1.528969367924E-02
  7.400000100000E-01 -1.456008727054E-02
  7.599999900000E-01 -1.381051111700E-02
  7.799999710000E-01 -1.304089367843E-02
  8.000000120000E-01 -1.225129268159E-02
  8.199999930000E-01 -1.144174833711E-02
  8.399999740000E-01 -1.061213943773E-02
  8.600000140000E-01 -9.762537366046E-03
  8.799999950000E-01 -8.893013170238E-03
  8.999999760000E-01 -8.003422942689E-03
  9.200000170000E-01 -7.093826837334E-03
  9.399999980000E-01 -6.164283758673E-03
  9.599999790000E-01 -5.214835398316E-03
  9.800000190000E-01 -4.245193858020E-03
  1.000000000000E+00 -3.255940293964E-03
  1.019999980000E+00 -2.245939882491E-03
  1.039999960000E+00 -1.225621762263E-03
  1.059999940000E+00 -2.281811743230E-04
  1.080000040000E+00 -4.060509307547E-06
  1.100000020000E+00 -2.493664996692E-14
  1.120000000000E+00 -2.493664996692E-14
  1.139999990000E+00 -2.493664996692E-14
  1.159999970000E+00 -2.493664996692E-14
  1.179999950000E+00 -2.493664996692E-14
  1.200000050000E+00 -2.493664996692E-14
  1.220000030000E+00 -2.493664996692E-14
  1.240000010000E+00 -2.493664996692E-14
  1.259999990000E+00 -2.493664996692E-14
  1.279999970000E+00 -2.493664996692E-14
  1.299999950000E+00 -2.493664996692E-14
  1.320000050000E+00 -2.493664996692E-14
  1.340000030000E+00 -2.493664996692E-14
  1.360000010000E+00 -2.493664996692E-14
  1.380000000000E+00 -2.493664996692E-14
  1.399999980000E+00 -2.493664996692E-14
  1.419999960000E+00 -2.493664996692E-14
  1.440000060000E+00 -2.493664996692E-14
  1.460000040000E+00 -2.493664996692E-14
  1.480000020000E+00 -2.493664996692E-14
  1.500000000000E+00 -2.493664996692E-14
  1.519999980000E+00 -2.493664996692E-14
  1.539999960000E+00 -2.493664996692E-14
  1.559999940000E+00 -2.493664996692E-14
  1.580000040000E+00 -2.493664996692E-14
  1.600000020000E+00 -2.493664996692E-14
  1.620000000000E+00 -2.493664996692E-14
  1.639999990000E+00 -2.493664996692E-14
  1.659999970000E+00 -2.493664996692E-14
  1.679999950000E+00 -2.493664996692E-14
  1.700000050000E+00 -2.493664996692E-14
  1.720000030000E+00 -2.493664996692E-14
  1.740000010000E+00 -2.493664996692E-14
  1.759999990000E+00 -2.493664996692E-14
  1.779999970000E+00 -2.493664996692E-14
  1.799999950000E+00 -3.511630623337E-05
BODY 2   181
 -1.797570940000E+00  8.094534280000E-02
 -1.777651070000E+00  7.915772500000E-02
 -1.757729290000E+00  7.739003750000E-02
 -1.737805840000E+00  7.564227280000E-02
 -1.717880610000E+00  7.391442360000E-02
 -1.697953700000E+00  7.220651210000E-02
 -1.678025010000E+00  7.051852350000E-02
 -1.658094640000E+00  6.885045770000E-02
 -1.638162730000E+00  6.720232960000E-02
 -1.618229150000E+00  6.557413190000E-02
 -1.598293900000E+00  6.396587190000E-02
 -1.578357100000E+00  6.237754970000E-02
 -1.558418630000E+00  6.080916150000E-02
 -1.538478730000E+00  5.926071110000E-02
 -1.518537160000E+00  5.773220210000E-02
 -1.498594160000E+00  5.622363840000E-02
 -1.478649620000E+00  5.473501610000E-02
 -1.458703640000E+00  5.326633900000E-02
 -1.438756110000E+00  5.181760710000E-02
 -1.418807270000E+00  5.038882790000E-02
 -1.398857000000E+00  4.898000650235E-02
 -1.378905180000E+00  4.759112933230E-02
 -1.358952160000E+00  4.622220544721E-02
 -1.338997720000E+00  4.487323648448E-02
 -1.319041850000E+00  4.354421907030E-02
 -1.299084780000E+00  4.223515590926E-02
 -1.279126410000E+00  4.094605501125E-02
 -1.259166720000E+00  3.967691010867E-02
 -1.239205720000E+00  3.842772425620E-02
 -1.219243530000E+00  3.719849921472E-02
 -1.199280140000E+00  3.598924059712E-02
 -1.179315570000E+00  3.479994294688E-02
 -1.159349680000E+00  3.363061007482E-02
 -1.139382840000E+00  3.248124436087E-02
 -1.119414690000E+00  3.135184357920E-02
 -1.099445460000E+00  3.024241383066E-02
 -1.079475160000E+00  2.915295245694E-02
 -1.059503790000E+00  2.808346216314E-02
 -1.039531350000E+00  2.703394449519E-02
 -1.019557830000E+00  2.600439793176E-02
 -9.995833640000E-01  2.499482681668E-02
 -9.796078800000E-01  2.400523046721E-02
 -9.596313830000E-01  2.303560890753E-02
 -9.396539330000E-01  2.208596419326E-02
 -9.196755890000E-01  2.115629846104E-02
 -8.996962900000E-01  2.024661264049E-02
 -8.797160980000E-01  1.935690419342E-02
 -8.597350120000E-01  1.848717779179E-02
 -8.397530910000E-01  1.763743230986E-02
 -8.197702770000E-01  1.680766896317E-02
 -7.997866870000E-01  1.599788841450E-02
 -7.798022630000E-01  1.520809272338E-02
 -7.598171230000E-01  1.443828182710E-02
 -7.398311500000E-01  1.368845673803E-02
 -7.198444600000E-01  1.295861712494E-02
 -6.998571160000E-01  1.224876567635E-02
 -6.798689960000E-01  1.155890124896E-02
 -6.598802210000E-01  1.088902498239E-02
 -6.398907900000E-01  1.023913868815E-02
 -6.199007030000E-01  9.609242192926E-03
 -5.999100210000E-01  8.999335790388E-03
 -5.799186830000E-01  8.409420175172E-03
 -5.599268080000E-01  7.839496446209E-03
 -5.399343970000E-01  7.289565020892E-03
 -5.199413900000E-01  6.759626286873E-03
 -4.999479060000E-01  6.249680823549E-03
 -4.799539150000E-01  5.759729024464E-03
 -4.599594470000E-01  5.289771842258E-03
 -4.399645030000E-01  4.839809253960E-03
 -4.199691410000E-01  4.409841765801E-03
 -3.999733330000E-01  3.999869814377E-03
 -3.799771370000E-01  3.609894323434E-03
 -3.599805530000E-01  3.239914842129E-03
 -3.399836120000E-01  2.889932517804E-03
 -3.199863430000E-01  2.559947137131E-03
 -2.999887470000E-01  2.249959246878E-03
 -2.799908520000E-01  1.959969068180E-03
 -2.599926890000E-01  1.689977109454E-03
 -2.399942430000E-01  1.439983396658E-03
 -2.199955580000E-01  1.209988378448E-03
 -1.999966650000E-01  9.999922478948E-04
 -1.799975630000E-01  8.099950429685E-04
 -1.599982980000E-01  6.399970287235E-04
 -1.399988530000E-01  4.899983434875E-04
 -1.199992820000E-01  3.599991469688E-04
 -9.999958430000E-02  2.499996233448E-04
 -7.999978960000E-02  1.599998651174E-04
 -5.999990930000E-02  8.999996803291E-05
 -3.999997300000E-02  3.999999788767E-05
 -1.999999580000E-02  1.000000008419E-05
  0.000000000000E+00  0.000000000000E+00
  1.999999580000E-02  1.000000008419E-05
  3.999997300000E-02  3.999999788767E-05
  5.999990930000E-02  8.999996803291E-05
  7.999978960000E-02  1.599998651174E-04
  9.999958430000E-02  2.499996233448E-04
  1.199992820000E-01  3.599991469688E-04
  1.399988530000E-01  4.899983434875E-04
  1.599982980000E-01  6.399970287235E-04
  1.799975630000E-01  8.099950429685E-04
  1.999966650000E-01  9.999922478948E-04
  2.199955580000E-01  1.209988378448E-03
  2.399942430000E-01  1.439983396658E-03
  2.599926890000E-01  1.689977109454E-03
  2.799908520000E-01  1.959969068180E-03
  2.999887470000E-01  2.249959246878E-03
  3.199863430000E-01  2.559947137131E-03
  3.399836120000E-01  2.889932517804E-03
  3.599805530000E-01  3.239914842129E-03
  3.799771370000E-01  3.609894323434E-03
  3.999733330000E-01  3.999869814377E-03
  4.199691410000E-01  4.409841765801E-03
  4.399645030000E-01  4.839809253960E-03
  4.599594470000E-01  5.289771842258E-03
  4.799539150000E-01  5.759729024464E-03
  4.999479060000E-01  6.249680823549E-03
  5.199413900000E-01  6.759626286873E-03
  5.399343970000E-01  7.289565020892E-03
  5.599268080000E-01  7.839496446209E-03
  5.799186830000E-01  8.409420175172E-03
  5.999100210000E-01  8.999335790388E-03
  6.199007030000E-01  9.609242192926E-03
  6.398907900000E-01  1.023913868815E-02
  6.598802210000E-01  1.088902498239E-02
  6.798689960000E-01  1.155890124896E-02
  6.998571160000E-01  1.224876567635E-02
  7.198444600000E-01  1.295861712494E-02
  7.398311500000E-01  1.368845673803E-02
  7.598171230000E-01  1.443828182710E-02
  7.798022630000E-01  1.520809272338E-02
  7.997866870000E-01  1.599788841450E-02
  8.197702770000E-01  1.680766896317E-02
  8.397530910000E-01  1.763743230986E-02
  8.597350120000E-01  1.848717779179E-02
  8.797160980000E-01  1.935690419342E-02
  8.996962900000E-01  2.024661264049E-02
  9.196755890000E-01  2.115629846104E-02
  9.396539330000E-01  2.208596419326E-02
  9.596313830000E-01  2.303560890753E-02
  9.796078800000E-01  2.400523046721E-02
  9.995833640000E-01  2.499482681668E-02
  1.019557830000E+00  2.600439793176E-02
  1.039531350000E+00  2.703394449519E-02
  1.059503790000E+00  2.808346216314E-02
  1.079475160000E+00  2.915295245694E-02
  1.099445460000E+00  3.024241383066E-02
  1.119414690000E+00  3.135184357920E-02
  1.139382840000E+00  3.248124436087E-02
  1.159349680000E+00  3.363061007482E-02
  1.179315570000E+00  3.479994294688E-02
  1.199280140000E+00  3.598924059712E-02
  1.219243530000E+00  3.719849921472E-02
  1.239205720000E+00  3.842772425620E-02
  1.259166720000E+00  3.967691010867E-02
  1.279126410000E+00  4.094605501125E-02
  1.299084780000E+00  4.223515590926E-02
  1.319041850000E+00  4.354421907030E-02
  1.338997720000E+00  4.487323648448E-02
  1.358952160000E+00  4.622220544721E-02
  1.378905180000E+00  4.759112933230E-02
  1.398857000000E+00  4.898000650235E-02
  1.418807270000E+00  5.038882790000E-02
  1.438756110000E+00  5.181760710000E-02
  1.458703640000E+00  5.326633900000E-02
  1.478649620000E+00  5.473501610000E-02
  1.498594160000E+00  5.622363840000E-02
  1.518537160000E+00  5.773220210000E-02
  1.538478730000E+00  5.926071110000E-02
  1.558418630000E+00  6.080916150000E-02
  1.578357100000E+00  6.237754970000E-02
  1.598293900000E+00  6.396587190000E-02
  1.618229150000E+00  6.557413190000E-02
  1.638162730000E+00  6.720232960000E-02
  1.658094640000E+00  6.885045770000E-02
  1.678025010000E+00  7.051852350000E-02
  1.697953700000E+00  7.220651210000E-02
  1.717880610000E+00  7.391442360000E-02
  1.737805840000E+00  7.564227280000E-02
  1.757729290000E+00  7.739003750000E-02
  1.777651070000E+00  7.915772500000E-02
  1.797570940000E+00  8.094534280000E-02
STEP  26 TIME  2.40020000E+04
BODY 1   181
 -1.799999950000E+00 -3.464375073646E-05
 -1.779999970000E+00 -2.602085213938E-14
 -1.759999990000E+00 -2.602085213938E-14
 -1.740000010000E+00 -2.602085213938E-14
 -1.720000030000E+00 -2.602085213938E-14
 -1.700000050000E+00 -2.602085213938E-14
 -1.679999950000E+00 -2.602085213938E-14
 -1.659999970000E+00 -2.602085213938E-14
 -1.639999990000E+00 -2.602085213938E-14
 -1.620000000000E+00 -2.602085213938E-14
 -1.600000020000E+00 -2.602085213938E-14
 -1.580000040000E+00 -2.602085213938E-14
 -1.559999940000E+00 -2.602085213938E-14
 -1.539999960000E+00 -2.602085213938E-14
 -1.519999980000E+00 -2.602085213938E-14
 -1.500000000000E+00 -2.602085213938E-14
 -1.480000020000E+00 -2.602085213938E-14
 -1.460000040000E+00 -2.602085213938E-14
 -1.440000060000E+00 -2.602085213938E-14
 -1.419999960000E+00 -2.602085213938E-14
 -1.399999980000E+00 -2.602085213938E-14
 -1.380000000000E+00 -2.602085213938E-14
 -1.360000010000E+00 -2.602085213938E-14
 -1.340000030000E+00 -2.602085213938E-14
 -1.320000050000E+00 -2.602085213938E-14
 -1.299999950000E+00 -2.602085213938E-14
 -1.279999970000E+00 -2.602085213938E-14
 -1.259999990000E+00 -2.602085213938E-14
 -1.240000010000E+00 -2.602085213938E-14
 -1.220000030000E+00 -2.602085213938E-14
 -1.200000050000E+00 -2.602085213938E-14
 -1.179999950000E+00 -2.602085213938E-14
 -1.159999970000E+00 -2.602085213938E-14
 -1.139999990000E+00 -2.602085213938E-14
 -1.120000000000E+00 -2.602085213938E-14
 -1.100000020000E+00 -2.602085213938E-14
 -1.080000040000E+00 -1.616119667884E-04
 -1.059999940000E+00 -1.004606256758E-03
 -1.039999960000E+00 -2.034445615911E-03
 -1.019999980000E+00 -3.062507366737E-03
 -1.000000000000E+00 -4.071992451314E-03
 -9.800000190000E-01 -5.061420663205E-03
 -9.599999790000E-01 -6.030873514797E-03
 -9.399999980000E-01 -6.980411946194E-03
 -9.200000170000E-01 -7.910008745858E-03
 -8.999999760000E-01 -8.819579007612E-03
 -8.799999950000E-01 -9.709104353485E-03
 -8.600000140000E-01 -1.057871003833E-02
 -8.399999740000E-01 -1.142832499633E-02
 -8.199999930000E-01 -1.225786479988E-02
 -8.000000120000E-01 -1.306746706377E-02
 -7.799999710000E-01 -1.385708538052E-02
 -7.599999900000E-01 -1.462664348854E-02
 -7.400000100000E-01 -1.537623472763E-02
 -7.200000290000E-01 -1.610580834656E-02
 -6.999999880000E-01 -1.681539438010E-02
 -6.800000070000E-01 -1.750499459501E-02
 -6.600000260000E-01 -1.817457076386E-02
 -6.399999860000E-01 -1.882418621446E-02
 -6.200000050000E-01 -1.945377567958E-02
 -6.000000240000E-01 -2.006346806032E-02
 -5.799999830000E-01 -2.065291843848E-02
 -5.600000020000E-01 -2.122248088472E-02
 -5.400000210000E-01 -2.177205041236E-02
 -5.199999810000E-01 -2.230163903450E-02
 -5.000000000000E-01 -2.281122887396E-02
 -4.799999890000E-01 -2.330083440168E-02
 -4.600000080000E-01 -2.377044557736E-02
 -4.399999980000E-01 -2.422005913152E-02
 -4.199999870000E-01 -2.464969279663E-02
 -4.000000060000E-01 -2.505933559243E-02
 -3.799999950000E-01 -2.544898422547E-02
 -3.600000140000E-01 -2.581865073063E-02
 -3.400000040000E-01 -2.616833021995E-02
 -3.199999930000E-01 -2.649802394308E-02
 -3.000000120000E-01 -2.680773277218E-02
 -2.800000010000E-01 -2.709745727248E-02
 -2.599999900000E-01 -2.736719840431E-02
 -2.399999950000E-01 -2.761695583188E-02
 -2.199999990000E-01 -2.784672927508E-02
 -2.000000030000E-01 -2.805652102686E-02
 -1.800000070000E-01 -2.824633129410E-02
 -1.599999960000E-01 -2.841616033181E-02
 -1.400000010000E-01 -2.856600802881E-02
 -1.199999970000E-01 -2.869587439913E-02
 -1.000000010000E-01 -2.880575885442E-02
 -7.999999820000E-02 -2.889566222754E-02
 -5.999999870000E-02 -2.896558387484E-02
 -3.999999910000E-02 -2.901552669896E-02
 -1.999999960000E-02 -2.904550630629E-02
  0.000000000000E+00 -2.905530925406E-02
  1.999999960000E-02 -2.904550630629E-02
  3.999999910000E-02 -2.901552669896E-02
  5.999999870000E-02 -2.896558387484E-02
  7.999999820000E-02 -2.889566222754E-02
  1.000000010000E-01 -2.880575885442E-02
  1.199999970000E-01 -2.869587439913E-02
  1.400000010000E-01 -2.856600802881E-02
  1.599999960000E-01 -2.841616033181E-02
  1.800000070000E-01 -2.824633129410E-02
  2.000000030000E-01 -2.805652102686E-02
  2.199999990000E-01 -2.784672927508E-02
  2.399999950000E-01 -2.761695583188E-02
  2.599999900000E-01 -2.736719840431E-02
  2.800000010000E-01 -2.709745727248E-02
  3.000000120000E-01 -2.680773277218E-02
  3.199999930000E-01 -2.649802394309E-02
  3.400000040000E-01 -2.616833021995E-02
  3.600000140000E-01 -2.581865073063E-02
  3.799999950000E-01 -2.544898422547E-02
  4.000000060000E-01 -2.505933559243E-02
  4.199999870000E-01 -2.464969279663E-02
  4.399999980000E-01 -2.422005913152E-02
  4.600000080000E-01 -2.377044557736E-02
  4.799999890000E-01 -2.330083440168E-02
  5.000000000000E-01 -2.281122887396E-02
  5.199999810000E-01 -2.230163903450E-02
  5.400000210000E-01 -2.177205041236E-02
  5.600000020000E-01 -2.122248088472E-02
  5.799999830000E-01 -2.065291843848E-02
  6.000000240000E-01 -2.006346806032E-02
  6.200000050000E-01 -1.945377567958E-02
  6.399999860000E-01 -1.882418621446E-02
  6.600000260000E-01 -1.817457076386E-02
  6.800000070000E-01 -1.750499459501E-02
  6.999999880000E-01 -1.681539438010E-02
  7.200000290000E-01 -1.610580834656E-02
  7.400000100000E-01 -1.537623472763E-02
  7.599999900000E-01 -1.462664348853E-02
  7.799999710000E-01 -1.385708538052E-02
  8.000000120000E-01 -1.306746706377E-02
  8.199999930000E-01 -1.225786479988E-02
  8.399999740000E-01 -1.142832499633E-02
  8.600000140000E-01 -1.057871003833E-02
  8.799999950000E-01 -9.709104353485E-03
  8.999999760000E-01 -8.819579007612E-03
  9.200000170000E-01 -7.910008745858E-03
  9.399999980000E-01 -6.980411946194E-03
  9.599999790000E-01 -6.030873514797E-03
  9.800000190000E-01 -5.061420663206E-03
  1.000000000000E+00 -4.071992451314E-03
  1.019999980000E+00 -3.062507366737E-03
  1.039999960000E+00 -2.034445615912E-03
  1.059999940000E+00 -1.004606256757E-03
  1.080000040000E+00 -1.616119667890E-04
  1.100000020000E+00 -2.602085213938E-14
  1.120000000000E+00 -2.602085213938E-14
  1.139999990000E+00 -2.602085213938E-14
  1.159999970000E+00 -2.602085213938E-14
  1.179999950000E+00 -2.602085213938E-14
  1.200000050000E+00 -2.602085213938E-14
  1.220000030000E+00 -2.602085213938E-14
  1.240000010000E+00 -2.602085213938E-14
  1.259999990000E+00 -2.602085213938E-14
  1.279999970000E+00 -2.602085213938E-14
  1.299999950000E+00 -2.602085213938E-14
  1.320000050000E+00 -2.602085213938E-14
  1.340000030000E+00 -2.602085213938E-14
  1.360000010000E+00 -2.602085213938E-14
  1.380000000000E+00 -2.602085213938E-14
  1.399999980000E+00 -2.602085213938E-14
  1.419999960000E+00 -2.602085213938E-14
  1.440000060000E+00 -2.602085213938E-14
  1.460000040000E+00 -2.602085213938E-14
  1.480000020000E+00 -2.602085213938E-14
  1.500000000000E+00 -2.602085213938E-14
  1.519999980000E+00 -2.602085213938E-14
  1.539999960000E+00 -2.602085213938E-14
  1.559999940000E+00 -2.602085213938E-14
  1.580000040000E+00 -2.602085213938E-14
  1.600000020000E+00 -2.602085213938E-14
  1.620000000000E+00 -2.602085213938E-14
  1.639999990000E+00 -2.602085213938E-14
  1.659999970000E+00 -2.602085213938E-14
  1.679999950000E+00 -2.602085213938E-14
  1.700000050000E+00 -2.602085213938E-14
  1.720000030000E+00 -2.602085213938E-14
  1.740000010000E+00 -2.602085213938E-14
  1.759999990000E+00 -2.602085213938E-14
  1.779999970000E+00 -2.602085213938E-14
  1.799999950000E+00 -3.464389874098E-05
BODY 2   181
 -1.797570940000E+00  8.094534280000E-02
 -1.777651070000E+00  7.915772500000E-02
 -1.757729290000E+00  7.739003750000E-02
 -1.737805840000E+00  7.564227280000E-02
 -1.717880610000E+00  7.391442360000E-02
 -1.697953700000E+00  7.220651210000E-02
 -1.678025010000E+00  7.051852350000E-02
 -1.658094640000E+00  6.885045770000E-02
 -1.638162730000E+00  6.720232960000E-02
 -1.618229150000E+00  6.557413190000E-02
 -1.598293900000E+00  6.396587190000E-02
 -1.578357100000E+00  6.237754970000E-02
 -1.558418630000E+00  6.080916150000E-02
 -1.538478730000E+00  5.926071110000E-02
 -1.518537160000E+00  5.773220210000E-02
 -1.498594160000E+00  5.622363840000E-02
 -1.478649620000E+00  5.473501610000E-02
 -1.458703640000E+00  5.326633900000E-02
 -1.438756110000E+00  5.181760710000E-02
 -1.418807270000E+00  5.038882790000E-02
 -1.398857000000E+00  4.898000650235E-02
 -1.378905180000E+00  4.759112933230E-02
 -1.358952160000E+00  4.622220544721E-02
 -1.338997720000E+00  4.487323648448E-02
 -1.319041850000E+00  4.354421907030E-02
 -1.299084780000E+00  4.223515590926E-02
 -1.279126410000E+00  4.094605501125E-02
 -1.259166720000E+00  3.967691010867E-02
 -1.239205720000E+00  3.842772425620E-02
 -1.219243530000E+00  3.719849921472E-02
 -1.199280140000E+00  3.598924059712E-02
 -1.179315570000E+00  3.479994294688E-02
 -1.159349680000E+00  3.363061007482E-02
 -1.139382840000E+00  3.248124436087E-02
 -1.119414690000E+00  3.135184357920E-02
 -1.099445460000E+00  3.024241383066E-02
 -1.079475160000E+00  2.915295245694E-02
 -1.059503790000E+00  2.808346216314E-02
 -1.039531350000E+00  2.703394449519E-02
 -1.019557830000E+00  2.600439793176E-02
 -9.995833640000E-01  2.499482681668E-02
 -9.796078800000E-01  2.400523046721E-02
 -9.596313830000E-01  2.303560890753E-02
 -9.396539330000E-01  2.208596419326E-02
 -9.196755890000E-01  2.115629846104E-02
 -8.996962900000E-01  2.024661264049E-02
 -8.797160980000E-01  1.935690419342E-02
 -8.597350120000E-01  1.848717779179E-02
 -8.397530910000E-01  1.763743230986E-02
 -8.197702770000E-01  1.680766896317E-02
 -7.997866870000E-01  1.599788841450E-02
 -7.798022630000E-01  1.520809272338E-02
 -7.598171230000E-01  1.443828182710E-02
 -7.398311500000E-01  1.368845673803E-02
 -7.198444600000E-01  1.295861712494E-02
 -6.998571160000E-01  1.224876567635E-02
 -6.798689960000E-01  1.155890124896E-02
 -6.598802210000E-01  1.088902498239E-02
 -6.398907900000E-01  1.023913868815E-02
 -6.199007030000E-01  9.609242192926E-03
 -5.999100210000E-01  8.999335790388E-03
 -5.799186830000E-01  8.409420175172E-03
 -5.599268080000E-01  7.839496446209E-03
 -5.399343970000E-01  7.289565020892E-03
 -5.199413900000E-01  6.759626286873E-03
 -4.999479060000E-01  6.249680823549E-03
 -4.799539150000E-01  5.759729024464E-03
 -4.599594470000E-01  5.289771842258E-03
 -4.399645030000E-01  4.839809253960E-03
 -4.199691410000E-01  4.409841765801E-03
 -3.999733330000E-01  3.999869814377E-03
 -3.799771370000E-01  3.609894323434E-03
 -3.599805530000E-01  3.239914842129E-03
 -3.399836120000E-01  2.889932517804E-03
 -3.199863430000E-01  2.559947137131E-03
 -2.999887470000E-01  2.249959246878E-03
 -2.799908520000E-01  1.959969068180E-03
 -2.599926890000E-01  1.689977109454E-03
 -2.399942430000E-01  1.439983396658E-03
 -2.199955580000E-01  1.209988378448E-03
 -1.999966650000E-01  9.999922478948E-04
 -1.799975630000E-01  8.099950429685E-04
 -1.599982980000E-01  6.399970287235E-04
 -1.399988530000E-01  4.899983434875E-04
 -1.199992820000E-01  3.599991469688E-04
 -9.999958430000E-02  2.499996233448E-04
 -7.999978960000E-02  1.599998651174E-04
 -5.999990930000E-02  8.999996803291E-05
 -3.999997300000E-02  3.999999788767E-05
 -1.999999580000E-02  1.000000008419E-05
  0.000000000000E+00  0.000000000000E+00
  1.999999580000E-02  1.000000008419E-05
  3.999997300000E-02  3.999999788767E-05
  5.999990930000E-02  8.999996803291E-05
  7.999978960000E-02  1.599998651174E-04
  9.999958430000E-02  2.499996233448E-04
  1.199992820000E-01  3.599991469688E-04
  1.399988530000E-01  4.899983434875E-04
  1.599982980000E-01  6.399970287235E-04
  1.799975630000E-01  8.099950429685E-04
  1.999966650000E-01  9.999922478948E-04
  2.199955580000E-01  1.209988378448E-03
  2.399942430000E-01  1.439983396658E-03
  2.599926890000E-01  1.689977109454E-03
  2.799908520000E-01  1.959969068180E-03
  2.999887470000E-01  2.249959246878E-03
  3.199863430000E-01  2.559947137131E-03
  3.399836120000E-01  2.889932517804E-03
  3.599805530000E-01  3.239914842129E-03
  3.799771370000E-01  3.609894323434E-03
  3.999733330000E-01  3.999869814377E-03
  4.199691410000E-01  4.409841765801E-03
  4.399645030000E-01  4.839809253960E-03
  4.599594470000E-01  5.289771842258E-03
  4.799539150000E-01  5.759729024464E-03
  4.999479060000E-01  6.249680823549E-03
  5.199413900000E-01  6.759626286873E-03
  5.399343970000E-01  7.289565020892E-03
  5.599268080000E-01  7.839496446209E-03
  5.799186830000E-01  8.409420175172E-03
  5.999100210000E-01  8.999335790388E-03
  6.199007030000E-01  9.609242192926E-03
  6.398907900000E-01  1.023913868815E-02
  6.598802210000E-01  1.088902498239E-02
  6.798689960000E-01  1.155890124896E-02
  6.998571160000E-01  1.224876567635E-02
  7.198444600000E-01  1.295861712494E-02
  7.398311500000E-01  1.368845673803E-02
  7.598171230000E-01  1.443828182710E-02
  7.798022630000E-01  1.520809272338E-02
  7.997866870000E-01  1.599788841450E-02
  8.197702770000E-01  1.680766896317E-02
  8.397530910000E-01  1.763743230986E-02
  8.597350120000E-01  1.848717779179E-02
  8.797160980000E-01  1.935690419342E-02
  8.996962900000E-01  2.024661264049E-02
  9.196755890000E-01  2.115629846104E-02
  9.396539330000E-01  2.208596419326E-02
  9.596313830000E-01  2.303560890753E-02
  9.796078800000E-01  2.400523046721E-02
  9.995833640000E-01  2.499482681668E-02
  1.019557830000E+00  2.600439793176E-02
  1.039531350000E+00  2.703394449519E-02
  1.059503790000E+00  2.808346216314E-02
  1.079475160000E+00  2.915295245694E-02
  1.099445460000E+00  3.024241383066E-02
  1.119414690000E+00  3.135184357920E-02
  1.139382840000E+00  3.248124436087E-02
  1.159349680000E+00  3.363061007482E-02
  1.179315570000E+00  3.479994294688E-02
  1.199280140000E+00  3.598924059712E-02
  1.219243530000E+00  3.719849921472E-02
  1.239205720000E+00  3.842772425620E-02
  1.259166720000E+00  3.967691010867E-02
  1.279126410000E+00  4.094605501125E-02
  1.299084780000E+00  4.223515590926E-02
  1.319041850000E+00  4.354421907030E-02
  1.338997720000E+00  4.487323648448E-02
  1.358952160000E+00  4.622220544721E-02
  1.378905180000E+00  4.759112933230E-02
  1.398857000000E+00  4.898000650235E-02
  1.418807270000E+00  5.038882790000E-02
  1.438756110000E+00  5.181760710000E-02
  1.458703640000E+00  5.326633900000E-02
  1.478649620000E+00  5.473501610000E-02
  1.498594160000E+00  5.622363840000E-02
  1.518537160000E+00  5.773220210000E-02
  1.538478730000E+00  5.926071110000E-02
  1.558418630000E+00  6.080916150000E-02
  1.578357100000E+00  6.237754970000E-02
  1.598293900000E+00  6.396587190000E-02
  1.618229150000E+00  6.557413190000E-02
  1.638162730000E+00  6.720232960000E-02
  1.658094640000E+00  6.885045770000E-02
  1.678025010000E+00  7.051852350000E-02
  1.697953700000E+00  7.220651210000E-02
  1.717880610000E+00  7.391442360000E-02
  1.737805840000E+00  7.564227280000E-02
  1.757729290000E+00  7.739003750000E-02
  1.777651070000E+00  7.915772500000E-02
  1.797570940000E+00  8.094534280000E-02
STEP  27 TIME  2.50020000E+04
BODY 1   181
 -1.799999950000E+00 -3.419686093897E-05
 -1.779999970000E+00 -2.710505431184E-14
 -1.759999990000E+00 -2.710505431184E-14
 -1.740000010000E+00 -2.710505431184E-14
 -1.720000030000E+00 -2.710505431184E-14
 -1.700000050000E+00 -2.710505431184E-14
 -1.679999950000E+00 -2.710505431184E-14
 -1.659999970000E+00 -2.710505431184E-14
 -1.639999990000E+00 -2.710505431184E-14
 -1.620000000000E+00 -2.710505431184E-14
 -1.600000020000E+00 -2.710505431184E-14
 -1.580000040000E+00 -2.710505431184E-14
 -1.559999940000E+00 -2.710505431184E-14
 -1.539999960000E+00 -2.710505431184E-14
 -1.519999980000E+00 -2.710505431184E-14
 -1.500000000000E+00 -2.710505431184E-14
 -1.480000020000E+00 -2.710505431184E-14
 -1.460000040000E+00 -2.710505431184E-14
 -1.440000060000E+00 -2.710505431184E-14
 -1.419999960000E+00 -2.710505431184E-14
 -1.399999980000E+00 -2.710505431184E-14
 -1.380000000000E+00 -2.710505431184E-14
 -1.360000010000E+00 -2.710505431184E-14
 -1.340000030000E+00 -2.710505431184E-14
 -1.320000050000E+00 -2.710505431184E-14
 -1.299999950000E+00 -2.710505431184E-14
 -1.279999970000E+00 -2.710505431184E-14
 -1.259999990000E+00 -2.710505431184E-14
 -1.240000010000E+00 -2.710505431184E-14
 -1.220000030000E+00 -2.710505431184E-14
 -1.200000050000E+00 -2.710505431184E-14
 -1.179999950000E+00 -2.710505431184E-14
 -1.159999970000E+00 -2.710505431184E-14
 -1.139999990000E+00 -2.710505431184E-14
 -1.120000000000E+00 -2.710505431184E-14
 -1.100000020000E+00 -1.073843434883E-04
 -1.080000040000E+00 -7.527805283564E-04
 -1.059999940000E+00 -1.790178924828E-03
 -1.039999960000E+00 -2.835567967211E-03
 -1.019999980000E+00 -3.865471256750E-03
 -1.000000000000E+00 -4.874858360915E-03
 -9.800000190000E-01 -5.864475054875E-03
 -9.599999790000E-01 -6.834125264837E-03
 -9.399999980000E-01 -7.783801993364E-03
 -9.200000170000E-01 -8.713403855831E-03
 -8.999999760000E-01 -9.623042858926E-03
 -8.799999950000E-01 -1.051273224770E-02
 -8.600000140000E-01 -1.138241684086E-02
 -8.399999740000E-01 -1.223202602178E-02
 -8.199999930000E-01 -1.306170149949E-02
 -8.000000120000E-01 -1.387138995369E-02
 -7.799999710000E-01 -1.466101140563E-02
 -7.599999900000E-01 -1.543067303219E-02
 -7.400000100000E-01 -1.618032403893E-02
 -7.200000290000E-01 -1.690998485181E-02
 -6.999999880000E-01 -1.761966968997E-02
 -6.800000070000E-01 -1.830932898653E-02
 -6.600000260000E-01 -1.897905131660E-02
 -6.399999860000E-01 -1.962883693325E-02
 -6.200000050000E-01 -2.025874205411E-02
 -6.000000240000E-01 -2.086791477416E-02
 -5.799999830000E-01 -2.145743127219E-02
 -5.600000020000E-01 -2.202694822678E-02
 -5.400000210000E-01 -2.257651492453E-02
 -5.199999810000E-01 -2.310607808350E-02
 -5.000000000000E-01 -2.361566400116E-02
 -4.799999890000E-01 -2.410526023952E-02
 -4.600000080000E-01 -2.457487557228E-02
 -4.399999980000E-01 -2.502449897738E-02
 -4.199999870000E-01 -2.545412661946E-02
 -4.000000060000E-01 -2.586377348922E-02
 -3.799999950000E-01 -2.625343215274E-02
 -3.600000140000E-01 -2.662309992806E-02
 -3.400000040000E-01 -2.697278521907E-02
 -3.199999930000E-01 -2.730248492859E-02
 -3.000000120000E-01 -2.761219932871E-02
 -2.800000010000E-01 -2.790192670606E-02
 -2.599999900000E-01 -2.817167212069E-02
 -2.399999950000E-01 -2.842143407369E-02
 -2.199999990000E-01 -2.865121325998E-02
 -2.000000030000E-01 -2.886100948485E-02
 -1.800000070000E-01 -2.905082317209E-02
 -1.599999960000E-01 -2.922065534728E-02
 -1.400000010000E-01 -2.937050609321E-02
 -1.199999970000E-01 -2.950037536356E-02
 -1.000000010000E-01 -2.961026254760E-02
 -7.999999820000E-02 -2.970016822302E-02
 -5.999999870000E-02 -2.977009150101E-02
 -3.999999910000E-02 -2.982003493303E-02
 -1.999999960000E-02 -2.985001495730E-02
  0.000000000000E+00 -2.985982202825E-02
  1.999999960000E-02 -2.985001495730E-02
  3.999999910000E-02 -2.982003493303E-02
  5.999999870000E-02 -2.977009150101E-02
  7.999999820000E-02 -2.970016822302E-02
  1.000000010000E-01 -2.961026254760E-02
  1.199999970000E-01 -2.950037536356E-02
  1.400000010000E-01 -2.937050609321E-02
  1.599999960000E-01 -2.922065534728E-02
  1.800000070000E-01 -2.905082317209E-02
  2.000000030000E-01 -2.886100948485E-02
  2.199999990000E-01 -2.865121325998E-02
  2.399999950000E-01 -2.842143407369E-02
  2.599999900000E-01 -2.817167212069E-02
  2.800000010000E-01 -2.790192670606E-02
  3.000000120000E-01 -2.761219932871E-02
  3.199999930000E-01 -2.730248492859E-02
  3.400000040000E-01 -2.697278521907E-02
  3.600000140000E-01 -2.662309992806E-02
  3.799999950000E-01 -2.625343215274E-02
  4.000000060000E-01 -2.586377348922E-02
  4.199999870000E-01 -2.545412661946E-02
  4.399999980000E-01 -2.502449897738E-02
  4.600000080000E-01 -2.457487557228E-02
  4.799999890000E-01 -2.410526023952E-02
  5.000000000000E-01 -2.361566400116E-02
  5.199999810000E-01 -2.310607808350E-02
  5.400000210000E-01 -2.257651492453E-02
  5.600000020000E-01 -2.202694822678E-02
  5.799999830000E-01 -2.145743127219E-02
  6.000000240000E-01 -2.086791477416E-02
  6.200000050000E-01 -2.025874205411E-02
  6.399999860000E-01 -1.962883693325E-02
  6.600000260000E-01 -1.897905131660E-02
  6.800000070000E-01 -1.830932898653E-02
  6.999999880000E-01 -1.761966968997E-02
  7.200000290000E-01 -1.690998485181E-02
  7.400000100000E-01 -1.618032403893E-02
  7.599999900000E-01 -1.543067303219E-02
  7.799999710000E-01 -1.466101140563E-02
  8.000000120000E-01 -1.387138995369E-02
  8.199999930000E-01 -1.306170149949E-02
  8.399999740000E-01 -1.223202602178E-02
  8.600000140000E-01 -1.138241684085E-02
  8.799999950000E-01 -1.051273224770E-02
  8.999999760000E-01 -9.623042858926E-03
  9.200000170000E-01 -8.713403855832E-03
  9.399999980000E-01 -7.783801993365E-03
  9.599999790000E-01 -6.834125264838E-03
  9.800000190000E-01 -5.864475054875E-03
  1.000000000000E+00 -4.874858360915E-03
  1.019999980000E+00 -3.865471256750E-03
  1.039999960000E+00 -2.835567967211E-03
  1.059999940000E+00 -1.790178924828E-03
  1.080000040000E+00 -7.527805283566E-04
  1.100000020000E+00 -1.073843434891E-04
  1.120000000000E+00 -2.710505431184E-14
  1.139999990000E+00 -2.710505431184E-14
  1.159999970000E+00 -2.710505431184E-14
  1.179999950000E+00 -2.710505431184E-14
  1.200000050000E+00 -2.710505431184E-14
  1.220000030000E+00 -2.710505431184E-14
  1.240000010000E+00 -2.710505431184E-14
  1.259999990000E+00 -2.710505431184E-14
  1.279999970000E+00 -2.710505431184E-14
  1.299999950000E+00 -2.710505431184E-14
  1.320000050000E+00 -2.710505431184E-14
  1.340000030000E+00 -2.710505431184E-14
  1.360000010000E+00 -2.710505431184E-14
  1.380000000000E+00 -2.710505431184E-14
  1.399999980000E+00 -2.710505431184E-14
  1.419999960000E+00 -2.710505431184E-14
  1.440000060000E+00 -2.710505431184E-14
  1.460000040000E+00 -2.710505431184E-14
  1.480000020000E+00 -2.710505431184E-14
  1.500000000000E+00 -2.710505431184E-14
  1.519999980000E+00 -2.710505431184E-14
  1.539999960000E+00 -2.710505431184E-14
  1.559999940000E+00 -2.710505431184E-14
  1.580000040000E+00 -2.710505431184E-14
  1.600000020000E+00 -2.710505431184E-14
  1.620000000000E+00 -2.710505431184E-14
  1.639999990000E+00 -2.710505431184E-14
  1.659999970000E+00 -2.710505431184E-14
  1.679999950000E+00 -2.710505431184E-14
  1.700000050000E+00 -2.710505431184E-14
  1.720000030000E+00 -2.710505431184E-14
  1.740000010000E+00 -2.710505431184E-14
  1.759999990000E+00 -2.710505431184E-14
  1.779999970000E+00 -2.710505431184E-14
  1.799999950000E+00 -3.419707712609E-05
BODY 2   181
 -1.797570940000E+00  8.094534280000E-02
 -1.777651070000E+00  7.915772500000E-02
 -1.757729290000E+00  7.739003750000E-02
 -1.737805840000E+00  7.564227280000E-02
 -1.717880610000E+00  7.391442360000E-02
 -1.697953700000E+00  7.220651210000E-02
 -1.678025010000E+00  7.051852350000E-02
 -1.658094640000E+00  6.885045770000E-02
 -1.638162730000E+00  6.720232960000E-02
 -1.618229150000E+00  6.557413190000E-02
 -1.598293900000E+00  6.396587190000E-02
 -1.578357100000E+00  6.237754970000E-02
 -1.558418630000E+00  6.080916150000E-02
 -1.538478730000E+00  5.926071110000E-02
 -1.518537160000E+00  5.773220210000E-02
 -1.498594160000E+00  5.622363840000E-02
 -1.478649620000E+00  5.473501610000E-02
 -1.458703640000E+00  5.326633900000E-02
 -1.438756110000E+00  5.181760710000E-02
 -1.418807270000E+00  5.038882790000E-02
 -1.398857000000E+00  4.898000650235E-02
 -1.378905180000E+00  4.759112933230E-02
 -1.358952160000E+00  4.622220544721E-02
 -1.338997720000E+00  4.487323648448E-02
 -1.319041850000E+00  4.354421907030E-02
 -1.299084780000E+00  4.223515590926E-02
 -1.279126410000E+00  4.094605501125E-02
 -1.259166720000E+00  3.967691010867E-02
 -1.239205720000E+00  3.842772425620E-02
 -1.219243530000E+00  3.719849921472E-02
 -1.199280140000E+00  3.598924059712E-02
 -1.179315570000E+00  3.479994294688E-02
 -1.159349680000E+00  3.363061007482E-02
 -1.139382840000E+00  3.248124436087E-02
 -1.119414690000E+00  3.135184357920E-02
 -1.099445460000E+00  3.024241383066E-02
 -1.079475160000E+00  2.915295245694E-02
 -1.059503790000E+00  2.808346216314E-02
 -1.039531350000E+00  2.703394449519E-02
 -1.019557830000E+00  2.600439793176E-02
 -9.995833640000E-01  2.499482681668E-02
 -9.796078800000E-01  2.400523046721E-02
 -9.596313830000E-01  2.303560890753E-02
 -9.396539330000E-01  2.208596419326E-02
 -9.196755890000E-01  2.115629846104E-02
 -8.996962900000E-01  2.024661264049E-02
 -8.797160980000E-01  1.935690419342E-02
 -8.597350120000E-01  1.848717779179E-02
 -8.397530910000E-01  1.763743230986E-02
 -8.197702770000E-01  1.680766896317E-02
 -7.997866870000E-01  1.599788841450E-02
 -7.798022630000E-01  1.520809272338E-02
 -7.598171230000E-01  1.443828182710E-02
 -7.398311500000E-01  1.368845673803E-02
 -7.198444600000E-01  1.295861712494E-02
 -6.998571160000E-01  1.224876567635E-02
 -6.798689960000E-01  1.155890124896E-02
 -6.598802210000E-01  1.088902498239E-02
 -6.398907900000E-01  1.023913868815E-02
 -6.199007030000E-01  9.609242192926E-03
 -5.999100210000E-01  8.999335790388E-03
 -5.799186830000E-01  8.409420175172E-03
 -5.599268080000E-01  7.839496446209E-03
 -5.399343970000E-01  7.289565020892E-03
 -5.199413900000E-01  6.759626286873E-03
 -4.999479060000E-01  6.249680823549E-03
 -4.799539150000E-01  5.759729024464E-03
 -4.599594470000E-01  5.289771842258E-03
 -4.399645030000E-01  4.839809253960E-03
 -4.199691410000E-01  4.409841765801E-03
 -3.999733330000E-01  3.999869814377E-03
 -3.799771370000E-01  3.609894323434E-03
 -3.599805530000E-01  3.239914842129E-03
 -3.399836120000E-01  2.889932517804E-03
 -3.199863430000E-01  2.559947137131E-03
 -2.999887470000E-01  2.249959246878E-03
 -2.799908520000E-01  1.959969068180E-03
 -2.599926890000E-01  1.689977109454E-03
 -2.399942430000E-01  1.439983396658E-03
 -2.199955580000E-01  1.209988378448E-03
 -1.999966650000E-01  9.999922478948E-04
 -1.799975630000E-01  8.099950429685E-04
 -1.599982980000E-01  6.399970287235E-04
 -1.399988530000E-01  4.899983434875E-04
 -1.199992820000E-01  3.599991469688E-04
 -9.999958430000E-02  2.499996233448E-04
 -7.999978960000E-02  1.599998651174E-04
 -5.999990930000E-02  8.999996803291E-05
 -3.999997300000E-02  3.999999788767E-05
 -1.999999580000E-02  1.000000008419E-05
  0.000000000000E+00  0.000000000000E+00
  1.999999580000E-02  1.000000008419E-05
  3.999997300000E-02  3.999999788767E-05
  5.999990930000E-02  8.999996803291E-05
  7.999978960000E-02  1.599998651174E-04
  9.999958430000E-02  2.499996233448E-04
  1.199992820000E-01  3.599991469688E-04
  1.399988530000E-01  4.899983434875E-04
  1.599982980000E-01  6.399970287235E-04
  1.799975630000E-01  8.099950429685E-04
  1.999966650000E-01  9.999922478948E-04
  2.199955580000E-01  1.209988378448E-03
  2.399942430000E-01  1.439983396658E-03
  2.599926890000E-01  1.689977109454E-03
  2.799908520000E-01  1.959969068180E-03
  2.999887470000E-01  2.249959246878E-03
  3.199863430000E-01  2.559947137131E-03
  3.399836120000E-01  2.889932517804E-03
  3.599805530000E-01  3.239914842129E-03
  3.799771370000E-01  3.609894323434E-03
  3.999733330000E-01  3.999869814377E-03
  4.199691410000E-01  4.409841765801E-03
  4.399645030000E-01  4.839809253960E-03
  4.599594470000E-01  5.289771842258E-03
  4.799539150000E-01  5.759729024464E-03
  4.999479060000E-01  6.249680823549E-03
  5.199413900000E-01  6.759626286873E-03
  5.399343970000E-01  7.289565020892E-03
  5.599268080000E-01  7.839496446209E-03
  5.799186830000E-01  8.409420175172E-03
  5.999100210000E-01  8.999335790388E-03
  6.199007030000E-01  9.609242192926E-03
  6.398907900000E-01  1.023913868815E-02
  6.598802210000E-01  1.088902498239E-02
  6.798689960000E-01  1.155890124896E-02
  6.998571160000E-01  1.224876567635E-02
  7.198444600000E-01  1.295861712494E-02
  7.398311500000E-01  1.368845673803E-02
  7.598171230000E-01  1.443828182710E-02
  7.798022630000E-01  1.520809272338E-02
  7.997866870000E-01  1.599788841450E-02
  8.197702770000E-01  1.680766896317E-02
  8.397530910000E-01  1.763743230986E-02
  8.597350120000E-01  1.848717779179E-02
  8.797160980000E-01  1.935690419342E-02
  8.996962900000E-01  2.024661264049E-02
  9.196755890000E-01  2.115629846104E-02
  9.396539330000E-01  2.208596419326E-02
  9.596313830000E-01  2.303560890753E-02
  9.796078800000E-01  2.400523046721E-02
  9.995833640000E-01  2.499482681668E-02
  1.019557830000E+00  2.600439793176E-02
  1.039531350000E+00  2.703394449519E-02
  1.059503790000E+00  2.808346216314E-02
  1.079475160000E+00  2.915295245694E-02
  1.099445460000E+00  3.024241383066E-02
  1.119414690000E+00  3.135184357920E-02
  1.139382840000E+00  3.248124436087E-02
  1.159349680000E+00  3.363061007482E-02
  1.179315570000E+00  3.479994294688E-02
  1.199280140000E+00  3.598924059712E-02
  1.219243530000E+00  3.719849921472E-02
  1.239205720000E+00  3.842772425620E-02
  1.259166720000E+00  3.967691010867E-02
  1.279126410000E+00  4.094605501125E-02
  1.299084780000E+00  4.223515590926E-02
  1.319041850000E+00  4.354421907030E-02
  1.338997720000E+00  4.487323648448E-02
  1.358952160000E+00  4.622220544721E-02
  1.378905180000E+00  4.759112933230E-02
  1.398857000000E+00  4.898000650235E-02
  1.418807270000E+00  5.038882790000E-02
  1.438756110000E+00  5.181760710000E-02
  1.458703640000E+00  5.326633900000E-02
  1.478649620000E+00  5.473501610000E-02
  1.498594160000E+00  5.622363840000E-02
  1.518537160000E+00  5.773220210000E-02
  1.538478730000E+00  5.926071110000E-02
  1.558418630000E+00  6.080916150000E-02
  1.578357100000E+00  6.237754970000E-02
  1.598293900000E+00  6.396587190000E-02
  1.618229150000E+00  6.557413190000E-02
  1.638162730000E+00  6.720232960000E-02
  1.658094640000E+00  6.885045770000E-02
  1.678025010000E+00  7.051852350000E-02
  1.697953700000E+00  7.220651210000E-02
  1.717880610000E+00  7.391442360000E-02
  1.737805840000E+00  7.564227280000E-02
  1.757729290000E+00  7.739003750000E-02
  1.777651070000E+00  7.915772500000E-02
  1.797570940000E+00  8.094534280000E-02
STEP  28 TIME  2.60020000E+04
BODY 1   181
 -1.799999950000E+00 -3.377369889324E-05
 -1.779999970000E+00 -2.818925648431E-14
 -1.759999990000E+00 -2.818925648431E-14
 -1.740000010000E+00 -2.818925648431E-14
 -1.720000030000E+00 -2.818925648431E-14
 -1.700000050000E+00 -2.818925648431E-14
 -1.679999950000E+00 -2.818925648431E-14
 -1.659999970000E+00 -2.818925648431E-14
 -1.639999990000E+00 -2.818925648431E-14
 -1.620000000000E+00 -2.818925648431E-14
 -1.600000020000E+00 -2.818925648431E-14
 -1.580000040000E+00 -2.818925648431E-14
 -1.559999940000E+00 -2.818925648431E-14
 -1.539999960000E+00 -2.818925648431E-14
 -1.519999980000E+00 -2.818925648431E-14
 -1.500000000000E+00 -2.818925648431E-14
 -1.480000020000E+00 -2.818925648431E-14
 -1.460000040000E+00 -2.818925648431E-14
 -1.440000060000E+00 -2.818925648431E-14
 -1.419999960000E+00 -2.818925648431E-14
 -1.399999980000E+00 -2.818925648431E-14
 -1.380000000000E+00 -2.818925648431E-14
 -1.360000010000E+00 -2.818925648431E-14
 -1.340000030000E+00 -2.818925648431E-14
 -1.320000050000E+00 -2.818925648431E-14
 -1.299999950000E+00 -2.818925648431E-14
 -1.279999970000E+00 -2.818925648431E-14
 -1.259999990000E+00 -2.818925648431E-14
 -1.240000010000E+00 -2.818925648431E-14
 -1.220000030000E+00 -2.818925648431E-14
 -1.200000050000E+00 -2.818925648431E-14
 -1.179999950000E+00 -2.818925648431E-14
 -1.159999970000E+00 -2.818925648431E-14
 -1.139999990000E+00 -2.818925648442E-14
 -1.120000000000E+00 -5.041056232305E-05
 -1.100000020000E+00 -4.724957212843E-04
 -1.080000040000E+00 -1.518013353594E-03
 -1.059999940000E+00 -2.580024368170E-03
 -1.039999960000E+00 -3.630238193176E-03
 -1.019999980000E+00 -4.659787898709E-03
 -1.000000000000E+00 -5.669578474182E-03
 -9.800000190000E-01 -6.659318813865E-03
 -9.599999790000E-01 -7.629057493880E-03
 -9.399999980000E-01 -8.578713208497E-03
 -9.200000170000E-01 -9.508458835454E-03
 -8.999999760000E-01 -1.041823688651E-02
 -8.799999950000E-01 -1.130797975616E-02
 -8.600000140000E-01 -1.217766159415E-02
 -8.399999740000E-01 -1.302741401642E-02
 -8.199999930000E-01 -1.385717094897E-02
 -8.000000120000E-01 -1.466685394083E-02
 -7.799999710000E-01 -1.545658707664E-02
 -7.599999900000E-01 -1.622631402615E-02
 -7.400000100000E-01 -1.697604036429E-02
 -7.200000290000E-01 -1.770579035846E-02
 -6.999999880000E-01 -1.841553446114E-02
 -6.800000070000E-01 -1.910535293998E-02
 -6.600000260000E-01 -1.977539161937E-02
 -6.399999860000E-01 -2.042527791029E-02
 -6.200000050000E-01 -2.105430002787E-02
 -6.000000240000E-01 -2.166377855504E-02
 -5.799999830000E-01 -2.225327831780E-02
 -5.600000020000E-01 -2.282282689448E-02
 -5.400000210000E-01 -2.337239817347E-02
 -5.199999810000E-01 -2.390198266105E-02
 -5.000000000000E-01 -2.441156890793E-02
 -4.799999890000E-01 -2.490117329788E-02
 -4.600000080000E-01 -2.537078845247E-02
 -4.399999980000E-01 -2.582042218440E-02
 -4.199999870000E-01 -2.625006319710E-02
 -4.000000060000E-01 -2.665971177170E-02
 -3.799999950000E-01 -2.704937768877E-02
 -3.600000140000E-01 -2.741905422933E-02
 -3.400000040000E-01 -2.776874480918E-02
 -3.199999930000E-01 -2.809845068438E-02
 -3.000000120000E-01 -2.840817012111E-02
 -2.800000010000E-01 -2.869790556229E-02
 -2.599999900000E-01 -2.896765606883E-02
 -2.399999950000E-01 -2.921742295498E-02
 -2.199999990000E-01 -2.944720620289E-02
 -2.000000030000E-01 -2.965700669800E-02
 -1.800000070000E-01 -2.984682488403E-02
 -1.599999960000E-01 -3.001666102040E-02
 -1.400000010000E-01 -3.016651429050E-02
 -1.199999970000E-01 -3.029638597061E-02
 -1.000000010000E-01 -3.040627523659E-02
 -7.999999820000E-02 -3.049618271018E-02
 -5.999999870000E-02 -3.056610739103E-02
 -3.999999910000E-02 -3.061605155596E-02
 -1.999999960000E-02 -3.064603200050E-02
  0.000000000000E+00 -3.065584213378E-02
  1.999999960000E-02 -3.064603200050E-02
  3.999999910000E-02 -3.061605155596E-02
  5.999999870000E-02 -3.056610739103E-02
  7.999999820000E-02 -3.049618271018E-02
  1.000000010000E-01 -3.040627523659E-02
  1.199999970000E-01 -3.029638597061E-02
  1.400000010000E-01 -3.016651429050E-02
  1.599999960000E-01 -3.001666102040E-02
  1.800000070000E-01 -2.984682488403E-02
  2.000000030000E-01 -2.965700669799E-02
  2.199999990000E-01 -2.944720620289E-02
  2.399999950000E-01 -2.921742295498E-02
  2.599999900000E-01 -2.896765606883E-02
  2.800000010000E-01 -2.869790556229E-02
  3.000000120000E-01 -2.840817012111E-02
  3.199999930000E-01 -2.809845068438E-02
  3.400000040000E-01 -2.776874480918E-02
  3.600000140000E-01 -2.741905422933E-02
  3.799999950000E-01 -2.704937768877E-02
  4.000000060000E-01 -2.665971177170E-02
  4.199999870000E-01 -2.625006319710E-02
  4.399999980000E-01 -2.582042218440E-02
  4.600000080000E-01 -2.537078845247E-02
  4.799999890000E-01 -2.490117329788E-02
  5.000000000000E-01 -2.441156890793E-02
  5.199999810000E-01 -2.390198266105E-02
  5.400000210000E-01 -2.337239817347E-02
  5.600000020000E-01 -2.282282689448E-02
  5.799999830000E-01 -2.225327831780E-02
  6.000000240000E-01 -2.166377855504E-02
  6.200000050000E-01 -2.105430002786E-02
  6.399999860000E-01 -2.042527791029E-02
  6.600000260000E-01 -1.977539161937E-02
  6.800000070000E-01 -1.910535293998E-02
  6.999999880000E-01 -1.841553446114E-02
  7.200000290000E-01 -1.770579035846E-02
  7.400000100000E-01 -1.697604036429E-02
  7.599999900000E-01 -1.622631402615E-02
  7.799999710000E-01 -1.545658707664E-02
  8.000000120000E-01 -1.466685394083E-02
  8.199999930000E-01 -1.385717094897E-02
  8.399999740000E-01 -1.302741401642E-02
  8.600000140000E-01 -1.217766159415E-02
  8.799999950000E-01 -1.130797975616E-02
  8.999999760000E-01 -1.041823688651E-02
  9.200000170000E-01 -9.508458835453E-03
  9.399999980000E-01 -8.578713208497E-03
  9.599999790000E-01 -7.629057493880E-03
  9.800000190000E-01 -6.659318813864E-03
  1.000000000000E+00 -5.669578474182E-03
  1.019999980000E+00 -4.659787898709E-03
  1.039999960000E+00 -3.630238193176E-03
  1.059999940000E+00 -2.580024368168E-03
  1.080000040000E+00 -1.518013353594E-03
  1.100000020000E+00 -4.724957212836E-04
  1.120000000000E+00 -5.041056232325E-05
  1.139999990000E+00 -2.818925648442E-14
  1.159999970000E+00 -2.818925648431E-14
  1.179999950000E+00 -2.818925648431E-14
  1.200000050000E+00 -2.818925648431E-14
  1.220000030000E+00 -2.818925648431E-14
  1.240000010000E+00 -2.818925648431E-14
  1.259999990000E+00 -2.818925648431E-14
  1.279999970000E+00 -2.818925648431E-14
  1.299999950000E+00 -2.818925648431E-14
  1.320000050000E+00 -2.818925648431E-14
  1.340000030000E+00 -2.818925648431E-14
  1.360000010000E+00 -2.818925648431E-14
  1.380000000000E+00 -2.818925648431E-14
  1.399999980000E+00 -2.818925648431E-14
  1.419999960000E+00 -2.818925648431E-14
  1.440000060000E+00 -2.818925648431E-14
  1.460000040000E+00 -2.818925648431E-14
  1.480000020000E+00 -2.818925648431E-14
  1.500000000000E+00 -2.818925648431E-14
  1.519999980000E+00 -2.818925648431E-14
  1.539999960000E+00 -2.818925648431E-14
  1.559999940000E+00 -2.818925648431E-14
  1.580000040000E+00 -2.818925648431E-14
  1.600000020000E+00 -2.818925648431E-14
  1.620000000000E+00 -2.818925648431E-14
  1.639999990000E+00 -2.818925648431E-14
  1.659999970000E+00 -2.818925648431E-14
  1.679999950000E+00 -2.818925648431E-14
  1.700000050000E+00 -2.818925648431E-14
  1.720000030000E+00 -2.818925648431E-14
  1.740000010000E+00 -2.818925648431E-14
  1.759999990000E+00 -2.818925648431E-14
  1.779999970000E+00 -2.818925648431E-14
  1.799999950000E+00 -3.377401162747E-05
BODY 2   181
 -1.797570940000E+00  8.094534280000E-02
 -1.777651070000E+00  7.915772500000E-02
 -1.757729290000E+00  7.739003750000E-02
 -1.737805840000E+00  7.564227280000E-02
 -1.717880610000E+00  7.391442360000E-02
 -1.697953700000E+00  7.220651210000E-02
 -1.678025010000E+00  7.051852350000E-02
 -1.658094640000E+00  6.885045770000E-02
 -1.638162730000E+00  6.720232960000E-02
 -1.618229150000E+00  6.557413190000E-02
 -1.598293900000E+00  6.396587190000E-02
 -1.578357100000E+00  6.237754970000E-02
 -1.558418630000E+00  6.080916150000E-02
 -1.538478730000E+00  5.926071110000E-02
 -1.518537160000E+00  5.773220210000E-02
 -1.498594160000E+00  5.622363840000E-02
 -1.478649620000E+00  5.473501610000E-02
 -1.458703640000E+00  5.326633900000E-02
 -1.438756110000E+00  5.181760710000E-02
 -1.418807270000E+00  5.038882790000E-02
 -1.398857000000E+00  4.898000650235E-02
 -1.378905180000E+00  4.759112933230E-02
 -1.358952160000E+00  4.622220544721E-02
 -1.338997720000E+00  4.487323648448E-02
 -1.319041850000E+00  4.354421907030E-02
 -1.299084780000E+00  4.223515590926E-02
 -1.279126410000E+00  4.094605501125E-02
 -1.259166720000E+00  3.967691010867E-02
 -1.239205720000E+00  3.842772425620E-02
 -1.219243530000E+00  3.719849921472E-02
 -1.199280140000E+00  3.598924059712E-02
 -1.179315570000E+00  3.479994294688E-02
 -1.159349680000E+00  3.363061007482E-02
 -1.139382840000E+00  3.248124436087E-02
 -1.119414690000E+00  3.135184357920E-02
 -1.099445460000E+00  3.024241383066E-02
 -1.079475160000E+00  2.915295245694E-02
 -1.059503790000E+00  2.808346216314E-02
 -1.039531350000E+00  2.703394449519E-02
 -1.019557830000E+00  2.600439793176E-02
 -9.995833640000E-01  2.499482681668E-02
 -9.796078800000E-01  2.400523046721E-02
 -9.596313830000E-01  2.303560890753E-02
 -9.396539330000E-01  2.208596419326E-02
 -9.196755890000E-01  2.115629846104E-02
 -8.996962900000E-01  2.024661264049E-02
 -8.797160980000E-01  1.935690419342E-02
 -8.597350120000E-01  1.848717779179E-02
 -8.397530910000E-01  1.763743230986E-02
 -8.197702770000E-01  1.680766896317E-02
 -7.997866870000E-01  1.599788841450E-02
 -7.798022630000E-01  1.520809272338E-02
 -7.598171230000E-01  1.443828182710E-02
 -7.398311500000E-01  1.368845673803E-02
 -7.198444600000E-01  1.295861712494E-02
 -6.998571160000E-01  1.224876567635E-02
 -6.798689960000E-01  1.155890124896E-02
 -6.598802210000E-01  1.088902498239E-02
 -6.398907900000E-01  1.023913868815E-02
 -6.199007030000E-01  9.609242192926E-03
 -5.999100210000E-01  8.999335790388E-03
 -5.799186830000E-01  8.409420175172E-03
 -5.599268080000E-01  7.839496446209E-03
 -5.399343970000E-01  7.289565020892E-03
 -5.199413900000E-01  6.759626286873E-03
 -4.999479060000E-01  6.249680823549E-03
 -4.799539150000E-01  5.759729024464E-03
 -4.599594470000E-01  5.289771842258E-03
 -4.399645030000E-01  4.839809253960E-03
 -4.199691410000E-01  4.409841765801E-03
 -3.999733330000E-01  3.999869814377E-03
 -3.799771370000E-01  3.609894323434E-03
 -3.599805530000E-01  3.239914842129E-03
 -3.399836120000E-01  2.889932517804E-03
 -3.199863430000E-01  2.559947137131E-03
 -2.999887470000E-01  2.249959246878E-03
 -2.799908520000E-01  1.959969068180E-03
 -2.599926890000E-01  1.689977109454E-03
 -2.399942430000E-01  1.439983396658E-03
 -2.199955580000E-01  1.209988378448E-03
 -1.999966650000E-01  9.999922478948E-04
 -1.799975630000E-01  8.099950429685E-04
 -1.599982980000E-01  6.399970287235E-04
 -1.399988530000E-01  4.899983434875E-04
 -1.199992820000E-01  3.599991469688E-04
 -9.999958430000E-02  2.499996233448E-04
 -7.999978960000E-02  1.599998651174E-04
 -5.999990930000E-02  8.999996803291E-05
 -3.999997300000E-02  3.999999788767E-05
 -1.999999580000E-02  1.000000008419E-05
  0.000000000000E+00  0.000000000000E+00
  1.999999580000E-02  1.000000008419E-05
  3.999997300000E-02  3.999999788767E-05
  5.999990930000E-02  8.999996803291E-05
  7.999978960000E-02  1.599998651174E-04
  9.999958430000E-02  2.499996233448E-04
  1.199992820000E-01  3.599991469688E-04
  1.399988530000E-01  4.899983434875E-04
  1.599982980000E-01  6.399970287235E-04
  1.799975630000E-01  8.099950429685E-04
  1.999966650000E-01  9.999922478948E-04
  2.199955580000E-01  1.209988378448E-03
  2.399942430000E-01  1.439983396658E-03
  2.599926890000E-01  1.689977109454E-03
  2.799908520000E-01  1.959969068180E-03
  2.999887470000E-01  2.249959246878E-03
  3.199863430000E-01  2.559947137131E-03
  3.399836120000E-01  2.889932517804E-03
  3.599805530000E-01  3.239914842129E-03
  3.799771370000E-01  3.609894323434E-03
  3.999733330000E-01  3.999869814377E-03
  4.199691410000E-01  4.409841765801E-03
  4.399645030000E-01  4.839809253960E-03
  4.599594470000E-01  5.289771842258E-03
  4.799539150000E-01  5.759729024464E-03
  4.999479060000E-01  6.249680823549E-03
  5.199413900000E-01  6.759626286873E-03
  5.399343970000E-01  7.289565020892E-03
  5.599268080000E-01  7.839496446209E-03
  5.799186830000E-01  8.409420175172E-03
  5.999100210000E-01  8.999335790388E-03
  6.199007030000E-01  9.609242192926E-03
  6.398907900000E-01  1.023913868815E-02
  6.598802210000E-01  1.088902498239E-02
  6.798689960000E-01  1.155890124896E-02
  6.998571160000E-01  1.224876567635E-02
  7.198444600000E-01  1.295861712494E-02
  7.398311500000E-01  1.368845673803E-02
  7.598171230000E-01  1.443828182710E-02
  7.798022630000E-01  1.520809272338E-02
  7.997866870000E-01  1.599788841450E-02
  8.197702770000E-01  1.680766896317E-02
  8.397530910000E-01  1.763743230986E-02
  8.597350120000E-01  1.848717779179E-02
  8.797160980000E-01  1.935690419342E-02
  8.996962900000E-01  2.024661264049E-02
  9.196755890000E-01  2.115629846104E-02
  9.396539330000E-01  2.208596419326E-02
  9.596313830000E-01  2.303560890753E-02
  9.796078800000E-01  2.400523046721E-02
  9.995833640000E-01  2.499482681668E-02
  1.019557830000E+00  2.600439793176E-02
  1.039531350000E+00  2.703394449519E-02
  1.059503790000E+00  2.808346216314E-02
  1.079475160000E+00  2.915295245694E-02
  1.099445460000E+00  3.024241383066E-02
  1.119414690000E+00  3.135184357920E-02
  1.139382840000E+00  3.248124436087E-02
  1.159349680000E+00  3.363061007482E-02
  1.179315570000E+00  3.479994294688E-02
  1.199280140000E+00  3.598924059712E-02
  1.219243530000E+00  3.719849921472E-02
  1.239205720000E+00  3.842772425620E-02
  1.259166720000E+00  3.967691010867E-02
  1.279126410000E+00  4.094605501125E-02
  1.299084780000E+00  4.223515590926E-02
  1.319041850000E+00  4.354421907030E-02
  1.338997720000E+00  4.487323648448E-02
  1.358952160000E+00  4.622220544721E-02
  1.378905180000E+00  4.759112933230E-02
  1.398857000000E+00  4.898000650235E-02
  1.418807270000E+00  5.038882790000E-02
  1.438756110000E+00  5.181760710000E-02
  1.458703640000E+00  5.326633900000E-02
  1.478649620000E+00  5.473501610000E-02
  1.498594160000E+00  5.622363840000E-02
  1.518537160000E+00  5.773220210000E-02
  1.538478730000E+00  5.926071110000E-02
  1.558418630000E+00  6.080916150000E-02
  1.578357100000E+00  6.237754970000E-02
  1.598293900000E+00  6.396587190000E-02
  1.618229150000E+00  6.557413190000E-02
  1.638162730000E+00  6.720232960000E-02
  1.658094640000E+00  6.885045770000E-02
  1.678025010000E+00  7.051852350000E-02
  1.697953700000E+00  7.220651210000E-02
  1.717880610000E+00  7.391442360000E-02
  1.737805840000E+00  7.564227280000E-02
  1.757729290000E+00  7.739003750000E-02
  1.777651070000E+00  7.915772500000E-02
  1.797570940000E+00  8.094534280000E-02
STEP  29 TIME  2.70020000E+04
BODY 1   181
 -1.799999950000E+00 -3.337280289802E-05
 -1.779999970000E+00 -2.927345865677E-14
 -1.759999990000E+00 -2.927345865677E-14
 -1.740000010000E+00 -2.927345865677E-14
 -1.720000030000E+00 -2.927345865677E-14
 -1.700000050000E+00 -2.927345865677E-14
 -1.679999950000E+00 -2.927345865677E-14
 -1.659999970000E+00 -2.927345865677E-14
 -1.639999990000E+00 -2.927345865677E-14
 -1.620000000000E+00 -2.927345865677E-14
 -1.600000020000E+00 -2.927345865677E-14
 -1.580000040000E+00 -2.927345865677E-14
 -1.559999940000E+00 -2.927345865677E-14
 -1.539999960000E+00 -2.927345865677E-14
 -1.519999980000E+00 -2.927345865677E-14
 -1.500000000000E+00 -2.927345865677E-14
 -1.480000020000E+00 -2.927345865677E-14
 -1.460000040000E+00 -2.927345865677E-14
 -1.440000060000E+00 -2.927345865677E-14
 -1.419999960000E+00 -2.927345865677E-14
 -1.399999980000E+00 -2.927345865677E-14
 -1.380000000000E+00 -2.927345865677E-14
 -1.360000010000E+00 -2.927345865677E-14
 -1.340000030000E+00 -2.927345865677E-14
 -1.320000050000E+00 -2.927345865677E-14
 -1.299999950000E+00 -2.927345865677E-14
 -1.279999970000E+00 -2.927345865677E-14
 -1.259999990000E+00 -2.927345865677E-14
 -1.240000010000E+00 -2.927345865677E-14
 -1.220000030000E+00 -2.927345865677E-14
 -1.200000050000E+00 -2.927345865677E-14
 -1.179999950000E+00 -2.927345865677E-14
 -1.159999970000E+00 -2.927345865677E-14
 -1.139999990000E+00 -2.927345866366E-14
 -1.120000000000E+00 -2.076177146715E-04
 -1.100000020000E+00 -1.219824592036E-03
 -1.080000040000E+00 -2.297562493007E-03
 -1.059999940000E+00 -3.367111341693E-03
 -1.039999960000E+00 -4.416675286928E-03
 -1.019999980000E+00 -5.446447948072E-03
 -1.000000000000E+00 -6.456146480958E-03
 -9.800000190000E-01 -7.445795093294E-03
 -9.599999790000E-01 -8.415502362874E-03
 -9.399999980000E-01 -9.365280190218E-03
 -9.200000170000E-01 -1.029506476673E-02
 -8.999999760000E-01 -1.120477353952E-02
 -8.799999950000E-01 -1.209450636412E-02
 -8.600000140000E-01 -1.296428119783E-02
 -8.399999740000E-01 -1.381405011308E-02
 -8.199999930000E-01 -1.464375509839E-02
 -8.000000120000E-01 -1.545351423645E-02
 -7.799999710000E-01 -1.624326962023E-02
 -7.599999900000E-01 -1.701302061133E-02
 -7.400000100000E-01 -1.776280131546E-02
 -7.200000290000E-01 -1.849258921787E-02
 -6.999999880000E-01 -1.920246678394E-02
 -6.800000070000E-01 -1.989273873746E-02
 -6.600000260000E-01 -2.056252337219E-02
 -6.399999860000E-01 -2.121140931786E-02
 -6.200000050000E-01 -2.184084056399E-02
 -6.000000240000E-01 -2.245030024555E-02
 -5.799999830000E-01 -2.303982404670E-02
 -5.600000020000E-01 -2.360936738735E-02
 -5.400000210000E-01 -2.415892592920E-02
 -5.199999810000E-01 -2.468851235375E-02
 -5.000000000000E-01 -2.519810059944E-02
 -4.799999890000E-01 -2.568769743754E-02
 -4.600000080000E-01 -2.615730736332E-02
 -4.399999980000E-01 -2.660692981024E-02
 -4.199999870000E-01 -2.703656850410E-02
 -4.000000060000E-01 -2.744621481436E-02
 -3.799999950000E-01 -2.783587400587E-02
 -3.600000140000E-01 -2.820554868770E-02
 -3.400000040000E-01 -2.855523736759E-02
 -3.199999930000E-01 -2.888494050033E-02
 -3.000000120000E-01 -2.919465499779E-02
 -2.800000010000E-01 -2.948438734635E-02
 -2.599999900000E-01 -2.975413586006E-02
 -2.399999950000E-01 -3.000390101499E-02
 -2.199999990000E-01 -3.023368138404E-02
 -2.000000030000E-01 -3.044347957929E-02
 -1.800000070000E-01 -3.063329563347E-02
 -1.599999960000E-01 -3.080313015157E-02
 -1.400000010000E-01 -3.095298289861E-02
 -1.199999970000E-01 -3.108285393947E-02
 -1.000000010000E-01 -3.119274266262E-02
 -7.999999820000E-02 -3.128264945955E-02
 -5.999999870000E-02 -3.135257340116E-02
 -3.999999910000E-02 -3.140251673440E-02
 -1.999999960000E-02 -3.143249661080E-02
  0.000000000000E+00 -3.144230922556E-02
  1.999999960000E-02 -3.143249661080E-02
  3.999999910000E-02 -3.140251673440E-02
  5.999999870000E-02 -3.135257340116E-02
  7.999999820000E-02 -3.128264945955E-02
  1.000000010000E-01 -3.119274266261E-02
  1.199999970000E-01 -3.108285393947E-02
  1.400000010000E-01 -3.095298289861E-02
  1.599999960000E-01 -3.080313015157E-02
  1.800000070000E-01 -3.063329563347E-02
  2.000000030000E-01 -3.044347957929E-02
  2.199999990000E-01 -3.023368138404E-02
  2.399999950000E-01 -3.000390101499E-02
  2.599999900000E-01 -2.975413586006E-02
  2.800000010000E-01 -2.948438734635E-02
  3.000000120000E-01 -2.919465499779E-02
  3.199999930000E-01 -2.888494050033E-02
  3.400000040000E-01 -2.855523736759E-02
  3.600000140000E-01 -2.820554868770E-02
  3.799999950000E-01 -2.783587400587E-02
  4.000000060000E-01 -2.744621481436E-02
  4.199999870000E-01 -2.703656850410E-02
  4.399999980000E-01 -2.660692981024E-02
  4.600000080000E-01 -2.615730736332E-02
  4.799999890000E-01 -2.568769743754E-02
  5.000000000000E-01 -2.519810059944E-02
  5.199999810000E-01 -2.468851235375E-02
  5.400000210000E-01 -2.415892592920E-02
  5.600000020000E-01 -2.360936738735E-02
  5.799999830000E-01 -2.303982404670E-02
  6.000000240000E-01 -2.245030024555E-02
  6.200000050000E-01 -2.184084056399E-02
  6.399999860000E-01 -2.121140931786E-02
  6.600000260000E-01 -2.056252337219E-02
  6.800000070000E-01 -1.989273873746E-02
  6.999999880000E-01 -1.920246678394E-02
  7.200000290000E-01 -1.849258921787E-02
  7.400000100000E-01 -1.776280131546E-02
  7.599999900000E-01 -1.701302061133E-02
  7.799999710000E-01 -1.624326962023E-02
  8.000000120000E-01 -1.545351423645E-02
  8.199999930000E-01 -1.464375509839E-02
  8.399999740000E-01 -1.381405011309E-02
  8.600000140000E-01 -1.296428119783E-02
  8.799999950000E-01 -1.209450636412E-02
  8.999999760000E-01 -1.120477353952E-02
  9.200000170000E-01 -1.029506476673E-02
  9.399999980000E-01 -9.365280190218E-03
  9.599999790000E-01 -8.415502362874E-03
  9.800000190000E-01 -7.445795093294E-03
  1.000000000000E+00 -6.456146480958E-03
  1.019999980000E+00 -5.446447948072E-03
  1.039999960000E+00 -4.416675286928E-03
  1.059999940000E+00 -3.367111341693E-03
  1.080000040000E+00 -2.297562493007E-03
  1.100000020000E+00 -1.219824592035E-03
  1.120000000000E+00 -2.076177146716E-04
  1.139999990000E+00 -2.927345865740E-14
  1.159999970000E+00 -2.927345865677E-14
  1.179999950000E+00 -2.927345865677E-14
  1.200000050000E+00 -2.927345865677E-14
  1.220000030000E+00 -2.927345865677E-14
  1.240000010000E+00 -2.927345865677E-14
  1.259999990000E+00 -2.927345865677E-14
  1.279999970000E+00 -2.927345865677E-14
  1.299999950000E+00 -2.927345865677E-14
  1.320000050000E+00 -2.927345865677E-14
  1.340000030000E+00 -2.927345865677E-14
  1.360000010000E+00 -2.927345865677E-14
  1.380000000000E+00 -2.927345865677E-14
  1.399999980000E+00 -2.927345865677E-14
  1.419999960000E+00 -2.927345865677E-14
  1.440000060000E+00 -2.927345865677E-14
  1.460000040000E+00 -2.927345865677E-14
  1.480000020000E+00 -2.927345865677E-14
  1.500000000000E+00 -2.927345865677E-14
  1.519999980000E+00 -2.927345865677E-14
  1.539999960000E+00 -2.927345865677E-14
  1.559999940000E+00 -2.927345865677E-14
  1.580000040000E+00 -2.927345865677E-14
  1.600000020000E+00 -2.927345865677E-14
  1.620000000000E+00 -2.927345865677E-14
  1.639999990000E+00 -2.927345865677E-14
  1.659999970000E+00 -2.927345865677E-14
  1.679999950000E+00 -2.927345865677E-14
  1.700000050000E+00 -2.927345865677E-14
  1.720000030000E+00 -2.927345865677E-14
  1.740000010000E+00 -2.927345865677E-14
  1.759999990000E+00 -2.927345865677E-14
  1.779999970000E+00 -2.927345865677E-14
  1.799999950000E+00 -3.337325117873E-05
BODY 2   181
 -1.797570940000E+00  8.094534280000E-02
 -1.777651070000E+00  7.915772500000E-02
 -1.757729290000E+00  7.739003750000E-02
 -1.737805840000E+00  7.564227280000E-02
 -1.717880610000E+00  7.391442360000E-02
 -1.697953700000E+00  7.220651210000E-02
 -1.678025010000E+00  7.051852350000E-02
 -1.658094640000E+00  6.885045770000E-02
 -1.638162730000E+00  6.720232960000E-02
 -1.618229150000E+00  6.557413190000E-02
 -1.598293900000E+00  6.396587190000E-02
 -1.578357100000E+00  6.237754970000E-02
 -1.558418630000E+00  6.080916150000E-02
 -1.538478730000E+00  5.926071110000E-02
 -1.518537160000E+00  5.773220210000E-02
 -1.498594160000E+00  5.622363840000E-02
 -1.478649620000E+00  5.473501610000E-02
 -1.458703640000E+00  5.326633900000E-02
 -1.438756110000E+00  5.181760710000E-02
 -1.418807270000E+00  5.038882790000E-02
 -1.398857000000E+00  4.898000650235E-02
 -1.378905180000E+00  4.759112933230E-02
 -1.358952160000E+00  4.622220544721E-02
 -1.338997720000E+00  4.487323648448E-02
 -1.319041850000E+00  4.354421907030E-02
 -1.299084780000E+00  4.223515590926E-02
 -1.279126410000E+00  4.094605501125E-02
 -1.259166720000E+00  3.967691010867E-02
 -1.239205720000E+00  3.842772425620E-02
 -1.219243530000E+00  3.719849921472E-02
 -1.199280140000E+00  3.598924059712E-02
 -1.179315570000E+00  3.479994294688E-02
 -1.159349680000E+00  3.363061007482E-02
 -1.139382840000E+00  3.248124436087E-02
 -1.119414690000E+00  3.135184357920E-02
 -1.099445460000E+00  3.024241383066E-02
 -1.079475160000E+00  2.915295245694E-02
 -1.059503790000E+00  2.808346216314E-02
 -1.039531350000E+00  2.703394449519E-02
 -1.019557830000E+00  2.600439793176E-02
 -9.995833640000E-01  2.499482681668E-02
 -9.796078800000E-01  2.400523046721E-02
 -9.596313830000E-01  2.303560890753E-02
 -9.396539330000E-01  2.208596419326E-02
 -9.196755890000E-01  2.115629846104E-02
 -8.996962900000E-01  2.024661264049E-02
 -8.797160980000E-01  1.935690419342E-02
 -8.597350120000E-01  1.848717779179E-02
 -8.397530910000E-01  1.763743230986E-02
 -8.197702770000E-01  1.680766896317E-02
 -7.997866870000E-01  1.599788841450E-02
 -7.798022630000E-01  1.520809272338E-02
 -7.598171230000E-01  1.443828182710E-02
 -7.398311500000E-01  1.368845673803E-02
 -7.198444600000E-01  1.295861712494E-02
 -6.998571160000E-01  1.224876567635E-02
 -6.798689960000E-01  1.155890124896E-02
 -6.598802210000E-01  1.088902498239E-02
 -6.398907900000E-01  1.023913868815E-02
 -6.199007030000E-01  9.609242192926E-03
 -5.999100210000E-01  8.999335790388E-03
 -5.799186830000E-01  8.409420175172E-03
 -5.599268080000E-01  7.839496446209E-03
 -5.399343970000E-01  7.289565020892E-03
 -5.199413900000E-01  6.759626286873E-03
 -4.999479060000E-01  6.249680823549E-03
 -4.799539150000E-01  5.759729024464E-03
 -4.599594470000E-01  5.289771842258E-03
 -4.399645030000E-01  4.839809253960E-03
 -4.199691410000E-01  4.409841765801E-03
 -3.999733330000E-01  3.999869814377E-03
 -3.799771370000E-01  3.609894323434E-03
 -3.599805530000E-01  3.239914842129E-03
 -3.399836120000E-01  2.889932517804E-03
 -3.199863430000E-01  2.559947137131E-03
 -2.999887470000E-01  2.249959246878E-03
 -2.799908520000E-01  1.959969068180E-03
 -2.599926890000E-01  1.689977109454E-03
 -2.399942430000E-01  1.439983396658E-03
 -2.199955580000E-01  1.209988378448E-03
 -1.999966650000E-01  9.999922478948E-04
 -1.799975630000E-01  8.099950429685E-04
 -1.599982980000E-01  6.399970287235E-04
 -1.399988530000E-01  4.899983434875E-04
 -1.199992820000E-01  3.599991469688E-04
 -9.999958430000E-02  2.499996233448E-04
 -7.999978960000E-02  1.599998651174E-04
 -5.999990930000E-02  8.999996803291E-05
 -3.999997300000E-02  3.999999788767E-05
 -1.999999580000E-02  1.000000008419E-05
  0.000000000000E+00  0.000000000000E+00
  1.999999580000E-02  1.000000008419E-05
  3.999997300000E-02  3.999999788767E-05
  5.999990930000E-02  8.999996803291E-05
  7.999978960000E-02  1.599998651174E-04
  9.999958430000E-02  2.499996233448E-04
  1.199992820000E-01  3.599991469688E-04
  1.399988530000E-01  4.899983434875E-04
  1.599982980000E-01  6.399970287235E-04
  1.799975630000E-01  8.099950429685E-04
  1.999966650000E-01  9.999922478948E-04
  2.199955580000E-01  1.209988378448E-03
  2.399942430000E-01  1.439983396658E-03
  2.599926890000E-01  1.689977109454E-03
  2.799908520000E-01  1.959969068180E-03
  2.999887470000E-01  2.249959246878E-03
  3.199863430000E-01  2.559947137131E-03
  3.399836120000E-01  2.889932517804E-03
  3.599805530000E-01  3.239914842129E-03
  3.799771370000E-01  3.609894323434E-03
  3.999733330000E-01  3.999869814377E-03
  4.199691410000E-01  4.409841765801E-03
  4.399645030000E-01  4.839809253960E-03
  4.599594470000E-01  5.289771842258E-03
  4.799539150000E-01  5.759729024464E-03
  4.999479060000E-01  6.249680823549E-03
  5.199413900000E-01  6.759626286873E-03
  5.399343970000E-01  7.289565020892E-03
  5.599268080000E-01  7.839496446209E-03
  5.799186830000E-01  8.409420175172E-03
  5.999100210000E-01  8.999335790388E-03
  6.199007030000E-01  9.609242192926E-03
  6.398907900000E-01  1.023913868815E-02
  6.598802210000E-01  1.088902498239E-02
  6.798689960000E-01  1.155890124896E-02
  6.998571160000E-01  1.224876567635E-02
  7.198444600000E-01  1.295861712494E-02
  7.398311500000E-01  1.368845673803E-02
  7.598171230000E-01  1.443828182710E-02
  7.798022630000E-01  1.520809272338E-02
  7.997866870000E-01  1.599788841450E-02
  8.197702770000E-01  1.680766896317E-02
  8.397530910000E-01  1.763743230986E-02
  8.597350120000E-01  1.848717779179E-02
  8.797160980000E-01  1.935690419342E-02
  8.996962900000E-01  2.024661264049E-02
  9.196755890000E-01  2.115629846104E-02
  9.396539330000E-01  2.208596419326E-02
  9.596313830000E-01  2.303560890753E-02
  9.796078800000E-01  2.400523046721E-02
  9.995833640000E-01  2.499482681668E-02
  1.019557830000E+00  2.600439793176E-02
  1.039531350000E+00  2.703394449519E-02
  1.059503790000E+00  2.808346216314E-02
  1.079475160000E+00  2.915295245694E-02
  1.099445460000E+00  3.024241383066E-02
  1.119414690000E+00  3.135184357920E-02
  1.139382840000E+00  3.248124436087E-02
  1.159349680000E+00  3.363061007482E-02
  1.179315570000E+00  3.479994294688E-02
  1.199280140000E+00  3.598924059712E-02
  1.219243530000E+00  3.719849921472E-02
  1.239205720000E+00  3.842772425620E-02
  1.259166720000E+00  3.967691010867E-02
  1.279126410000E+00  4.094605501125E-02
  1.299084780000E+00  4.223515590926E-02
  1.319041850000E+00  4.354421907030E-02
  1.338997720000E+00  4.487323648448E-02
  1.358952160000E+00  4.622220544721E-02
  1.378905180000E+00  4.759112933230E-02
  1.398857000000E+00  4.898000650235E-02
  1.418807270000E+00  5.038882790000E-02
  1.438756110000E+00  5.181760710000E-02
  1.458703640000E+00  5.326633900000E-02
  1.478649620000E+00  5.473501610000E-02
  1.498594160000E+00  5.622363840000E-02
  1.518537160000E+00  5.773220210000E-02
  1.538478730000E+00  5.926071110000E-02
  1.558418630000E+00  6.080916150000E-02
  1.578357100000E+00  6.237754970000E-02
  1.598293900000E+00  6.396587190000E-02
  1.618229150000E+00  6.557413190000E-02
  1.638162730000E+00  6.720232960000E-02
  1.658094640000E+00  6.885045770000E-02
  1.678025010000E+00  7.051852350000E-02
  1.697953700000E+00  7.220651210000E-02
  1.717880610000E+00  7.391442360000E-02
  1.737805840000E+00  7.564227280000E-02
  1.757729290000E+00  7.739003750000E-02
  1.777651070000E+00  7.915772500000E-02
  1.797570940000E+00  8.094534280000E-02
STEP  30 TIME  2.80020000E+04
BODY 1   181
 -1.799999950000E+00 -3.299308339298E-05
 -1.779999970000E+00 -3.035766082923E-14
 -1.759999990000E+00 -3.035766082923E-14
 -1.740000010000E+00 -3.035766082923E-14
 -1.720000030000E+00 -3.035766082923E-14
 -1.700000050000E+00 -3.035766082923E-14
 -1.679999950000E+00 -3.035766082923E-14
 -1.659999970000E+00 -3.035766082923E-14
 -1.639999990000E+00 -3.035766082923E-14
 -1.620000000000E+00 -3.035766082923E-14
 -1.600000020000E+00 -3.035766082923E-14
 -1.580000040000E+00 -3.035766082923E-14
 -1.559999940000E+00 -3.035766082923E-14
 -1.539999960000E+00 -3.035766082923E-14
 -1.519999980000E+00 -3.035766082923E-14
 -1.500000000000E+00 -3.035766082923E-14
 -1.480000020000E+00 -3.035766082923E-14
 -1.460000040000E+00 -3.035766082923E-14
 -1.440000060000E+00 -3.035766082923E-14
 -1.419999960000E+00 -3.035766082923E-14
 -1.399999980000E+00 -3.035766082923E-14
 -1.380000000000E+00 -3.035766082923E-14
 -1.360000010000E+00 -3.035766082923E-14
 -1.340000030000E+00 -3.035766082923E-14
 -1.320000050000E+00 -3.035766082923E-14
 -1.299999950000E+00 -3.035766082923E-14
 -1.279999970000E+00 -3.035766082923E-14
 -1.259999990000E+00 -3.035766082923E-14
 -1.240000010000E+00 -3.035766082923E-14
 -1.220000030000E+00 -3.035766082923E-14
 -1.200000050000E+00 -3.035766082923E-14
 -1.179999950000E+00 -3.035766082923E-14
 -1.159999970000E+00 -3.035766083599E-14
 -1.139999990000E+00 -1.356799003284E-04
 -1.120000000000E+00 -9.015899143019E-04
 -1.100000020000E+00 -1.982996237757E-03
 -1.080000040000E+00 -3.069833270016E-03
 -1.059999940000E+00 -4.139920211903E-03
 -1.039999960000E+00 -5.189593438826E-03
 -1.019999980000E+00 -6.219350031925E-03
 -1.000000000000E+00 -7.229103008734E-03
 -9.800000190000E-01 -8.218943939874E-03
 -9.599999790000E-01 -9.188826696975E-03
 -9.399999980000E-01 -1.013866738828E-02
 -9.200000170000E-01 -1.106842213687E-02
 -8.999999760000E-01 -1.197825675960E-02
 -8.799999950000E-01 -1.286811360335E-02
 -8.600000140000E-01 -1.373791297432E-02
 -8.399999740000E-01 -1.458770809440E-02
 -8.199999930000E-01 -1.541753782952E-02
 -8.000000120000E-01 -1.622734343650E-02
 -7.799999710000E-01 -1.701716138488E-02
 -7.599999900000E-01 -1.778700711843E-02
 -7.400000100000E-01 -1.853686445229E-02
 -7.200000290000E-01 -1.926681305917E-02
 -6.999999880000E-01 -1.997730384240E-02
 -6.800000070000E-01 -2.066699262019E-02
 -6.600000260000E-01 -2.133585126945E-02
 -6.399999860000E-01 -2.198527781500E-02
 -6.200000050000E-01 -2.261475179352E-02
 -6.000000240000E-01 -2.322427927460E-02
 -5.799999830000E-01 -2.381383985909E-02
 -5.600000020000E-01 -2.438340119191E-02
 -5.400000210000E-01 -2.493298521502E-02
 -5.199999810000E-01 -2.546258040683E-02
 -5.000000000000E-01 -2.597219534119E-02
 -4.799999890000E-01 -2.646181351922E-02
 -4.600000080000E-01 -2.693143876556E-02
 -4.399999980000E-01 -2.738107653846E-02
 -4.199999870000E-01 -2.781072502140E-02
 -4.000000060000E-01 -2.822038773268E-02
 -3.799999950000E-01 -2.861006056736E-02
 -3.600000140000E-01 -2.897974600335E-02
 -3.400000040000E-01 -2.932944489724E-02
 -3.199999930000E-01 -2.965915716481E-02
 -3.000000120000E-01 -2.996888309326E-02
 -2.800000010000E-01 -3.025862370470E-02
 -2.599999900000E-01 -3.052837997667E-02
 -2.399999950000E-01 -3.077815160580E-02
 -2.199999990000E-01 -3.100793994394E-02
 -2.000000030000E-01 -3.121774470445E-02
 -1.800000070000E-01 -3.140756636985E-02
 -1.599999960000E-01 -3.157740567744E-02
 -1.400000010000E-01 -3.172726252726E-02
 -1.199999970000E-01 -3.185713735292E-02
 -1.000000010000E-01 -3.196702945622E-02
 -7.999999820000E-02 -3.205693918174E-02
 -5.999999870000E-02 -3.212686550336E-02
 -3.999999910000E-02 -3.217681009064E-02
 -1.999999960000E-02 -3.220679050059E-02
  0.000000000000E+00 -3.221660743024E-02
  1.999999960000E-02 -3.220679050059E-02
  3.999999910000E-02 -3.217681009064E-02
  5.999999870000E-02 -3.212686550336E-02
  7.999999820000E-02 -3.205693918174E-02
  1.000000010000E-01 -3.196702945622E-02
  1.199999970000E-01 -3.185713735292E-02
  1.400000010000E-01 -3.172726252726E-02
  1.599999960000E-01 -3.157740567744E-02
  1.800000070000E-01 -3.140756636985E-02
  2.000000030000E-01 -3.121774470445E-02
  2.199999990000E-01 -3.100793994394E-02
  2.399999950000E-01 -3.077815160580E-02
  2.599999900000E-01 -3.052837997667E-02
  2.800000010000E-01 -3.025862370470E-02
  3.000000120000E-01 -2.996888309326E-02
  3.199999930000E-01 -2.965915716481E-02
  3.400000040000E-01 -2.932944489724E-02
  3.600000140000E-01 -2.897974600335E-02
  3.799999950000E-01 -2.861006056736E-02
  4.000000060000E-01 -2.822038773268E-02
  4.199999870000E-01 -2.781072502140E-02
  4.399999980000E-01 -2.738107653846E-02
  4.600000080000E-01 -2.693143876556E-02
  4.799999890000E-01 -2.646181351922E-02
  5.000000000000E-01 -2.597219534119E-02
  5.199999810000E-01 -2.546258040683E-02
  5.400000210000E-01 -2.493298521502E-02
  5.600000020000E-01 -2.438340119191E-02
  5.799999830000E-01 -2.381383985909E-02
  6.000000240000E-01 -2.322427927460E-02
  6.200000050000E-01 -2.261475179352E-02
  6.399999860000E-01 -2.198527781500E-02
  6.600000260000E-01 -2.133585126944E-02
  6.800000070000E-01 -2.066699262019E-02
  6.999999880000E-01 -1.997730384240E-02
  7.200000290000E-01 -1.926681305917E-02
  7.400000100000E-01 -1.853686445229E-02
  7.599999900000E-01 -1.778700711842E-02
  7.799999710000E-01 -1.701716138488E-02
  8.000000120000E-01 -1.622734343650E-02
  8.199999930000E-01 -1.541753782952E-02
  8.399999740000E-01 -1.458770809440E-02
  8.600000140000E-01 -1.373791297432E-02
  8.799999950000E-01 -1.286811360335E-02
  8.999999760000E-01 -1.197825675960E-02
  9.200000170000E-01 -1.106842213687E-02
  9.399999980000E-01 -1.013866738828E-02
  9.599999790000E-01 -9.188826696975E-03
  9.800000190000E-01 -8.218943939874E-03
  1.000000000000E+00 -7.229103008734E-03
  1.019999980000E+00 -6.219350031926E-03
  1.039999960000E+00 -5.189593438825E-03
  1.059999940000E+00 -4.139920211903E-03
  1.080000040000E+00 -3.069833270016E-03
  1.100000020000E+00 -1.982996237756E-03
  1.120000000000E+00 -9.015899143013E-04
  1.139999990000E+00 -1.356799003289E-04
  1.159999970000E+00 -3.035766083052E-14
  1.179999950000E+00 -3.035766082923E-14
  1.200000050000E+00 -3.035766082923E-14
  1.220000030000E+00 -3.035766082923E-14
  1.240000010000E+00 -3.035766082923E-14
  1.259999990000E+00 -3.035766082923E-14
  1.279999970000E+00 -3.035766082923E-14
  1.299999950000E+00 -3.035766082923E-14
  1.320000050000E+00 -3.035766082923E-14
  1.340000030000E+00 -3.035766082923E-14
  1.360000010000E+00 -3.035766082923E-14
  1.380000000000E+00 -3.035766082923E-14
  1.399999980000E+00 -3.035766082923E-14
  1.419999960000E+00 -3.035766082923E-14
  1.440000060000E+00 -3.035766082923E-14
  1.460000040000E+00 -3.035766082923E-14
  1.480000020000E+00 -3.035766082923E-14
  1.500000000000E+00 -3.035766082923E-14
  1.519999980000E+00 -3.035766082923E-14
  1.539999960000E+00 -3.035766082923E-14
  1.559999940000E+00 -3.035766082923E-14
  1.580000040000E+00 -3.035766082923E-14
  1.600000020000E+00 -3.035766082923E-14
  1.620000000000E+00 -3.035766082923E-14
  1.639999990000E+00 -3.035766082923E-14
  1.659999970000E+00 -3.035766082923E-14
  1.679999950000E+00 -3.035766082923E-14
  1.700000050000E+00 -3.035766082923E-14
  1.720000030000E+00 -3.035766082923E-14
  1.740000010000E+00 -3.035766082923E-14
  1.759999990000E+00 -3.035766082923E-14
  1.779999970000E+00 -3.035766082923E-14
  1.799999950000E+00 -3.299372042609E-05
BODY 2   181
 -1.797570940000E+00  8.094534280000E-02
 -1.777651070000E+00  7.915772500000E-02
 -1.757729290000E+00  7.739003750000E-02
 -1.737805840000E+00  7.564227280000E-02
 -1.717880610000E+00  7.391442360000E-02
 -1.697953700000E+00  7.220651210000E-02
 -1.678025010000E+00  7.051852350000E-02
 -1.658094640000E+00  6.885045770000E-02
 -1.638162730000E+00  6.720232960000E-02
 -1.618229150000E+00  6.557413190000E-02
 -1.598293900000E+00  6.396587190000E-02
 -1.578357100000E+00  6.237754970000E-02
 -1.558418630000E+00  6.080916150000E-02
 -1.538478730000E+00  5.926071110000E-02
 -1.518537160000E+00  5.773220210000E-02
 -1.498594160000E+00  5.622363840000E-02
 -1.478649620000E+00  5.473501610000E-02
 -1.458703640000E+00  5.326633900000E-02
 -1.438756110000E+00  5.181760710000E-02
 -1.418807270000E+00  5.038882790000E-02
 -1.398857000000E+00  4.898000650235E-02
 -1.378905180000E+00  4.759112933230E-02
 -1.358952160000E+00  4.622220544721E-02
 -1.338997720000E+00  4.487323648448E-02
 -1.319041850000E+00  4.354421907030E-02
 -1.299084780000E+00  4.223515590926E-02
 -1.279126410000E+00  4.094605501125E-02
 -1.259166720000E+00  3.967691010867E-02
 -1.239205720000E+00  3.842772425620E-02
 -1.219243530000E+00  3.719849921472E-02
 -1.199280140000E+00  3.598924059712E-02
 -1.179315570000E+00  3.479994294688E-02
 -1.159349680000E+00  3.363061007482E-02
 -1.139382840000E+00  3.248124436087E-02
 -1.119414690000E+00  3.135184357920E-02
 -1.099445460000E+00  3.024241383066E-02
 -1.079475160000E+00  2.915295245694E-02
 -1.059503790000E+00  2.808346216314E-02
 -1.039531350000E+00  2.703394449519E-02
 -1.019557830000E+00  2.600439793176E-02
 -9.995833640000E-01  2.499482681668E-02
 -9.796078800000E-01  2.400523046721E-02
 -9.596313830000E-01  2.303560890753E-02
 -9.396539330000E-01  2.208596419326E-02
 -9.196755890000E-01  2.115629846104E-02
 -8.996962900000E-01  2.024661264049E-02
 -8.797160980000E-01  1.935690419342E-02
 -8.597350120000E-01  1.848717779179E-02
 -8.397530910000E-01  1.763743230986E-02
 -8.197702770000E-01  1.680766896317E-02
 -7.997866870000E-01  1.599788841450E-02
 -7.798022630000E-01  1.520809272338E-02
 -7.598171230000E-01  1.443828182710E-02
 -7.398311500000E-01  1.368845673803E-02
 -7.198444600000E-01  1.295861712494E-02
 -6.998571160000E-01  1.224876567635E-02
 -6.798689960000E-01  1.155890124896E-02
 -6.598802210000E-01  1.088902498239E-02
 -6.398907900000E-01  1.023913868815E-02
 -6.199007030000E-01  9.609242192926E-03
 -5.999100210000E-01  8.999335790388E-03
 -5.799186830000E-01  8.409420175172E-03
 -5.599268080000E-01  7.839496446209E-03
 -5.399343970000E-01  7.289565020892E-03
 -5.199413900000E-01  6.759626286873E-03
 -4.999479060000E-01  6.249680823549E-03
 -4.799539150000E-01  5.759729024464E-03
 -4.599594470000E-01  5.289771842258E-03
 -4.399645030000E-01  4.839809253960E-03
 -4.199691410000E-01  4.409841765801E-03
 -3.999733330000E-01  3.999869814377E-03
 -3.799771370000E-01  3.609894323434E-03
 -3.599805530000E-01  3.239914842129E-03
 -3.399836120000E-01  2.889932517804E-03
 -3.199863430000E-01  2.559947137131E-03
 -2.999887470000E-01  2.249959246878E-03
 -2.799908520000E-01  1.959969068180E-03
 -2.599926890000E-01  1.689977109454E-03
 -2.399942430000E-01  1.439983396658E-03
 -2.199955580000E-01  1.209988378448E-03
 -1.999966650000E-01  9.999922478948E-04
 -1.799975630000E-01  8.099950429685E-04
 -1.599982980000E-01  6.399970287235E-04
 -1.399988530000E-01  4.899983434875E-04
 -1.199992820000E-01  3.599991469688E-04
 -9.999958430000E-02  2.499996233448E-04
 -7.999978960000E-02  1.599998651174E-04
 -5.999990930000E-02  8.999996803291E-05
 -3.999997300000E-02  3.999999788767E-05
 -1.999999580000E-02  1.000000008419E-05
  0.000000000000E+00  0.000000000000E+00
  1.999999580000E-02  1.000000008419E-05
  3.999997300000E-02  3.999999788767E-05
  5.999990930000E-02  8.999996803291E-05
  7.999978960000E-02  1.599998651174E-04
  9.999958430000E-02  2.499996233448E-04
  1.199992820000E-01  3.599991469688E-04
  1.399988530000E-01  4.899983434875E-04
  1.599982980000E-01  6.399970287235E-04
  1.799975630000E-01  8.099950429685E-04
  1.999966650000E-01  9.999922478948E-04
  2.199955580000E-01  1.209988378448E-03
  2.399942430000E-01  1.439983396658E-03
  2.599926890000E-01  1.689977109454E-03
  2.799908520000E-01  1.959969068180E-03
  2.999887470000E-01  2.249959246878E-03
  3.199863430000E-01  2.559947137131E-03
  3.399836120000E-01  2.889932517804E-03
  3.599805530000E-01  3.239914842129E-03
  3.799771370000E-01  3.609894323434E-03
  3.999733330000E-01  3.999869814377E-03
  4.199691410000E-01  4.409841765801E-03
  4.399645030000E-01  4.839809253960E-03
  4.599594470000E-01  5.289771842258E-03
  4.799539150000E-01  5.759729024464E-03
  4.999479060000E-01  6.249680823549E-03
  5.199413900000E-01  6.759626286873E-03
  5.399343970000E-01  7.289565020892E-03
  5.599268080000E-01  7.839496446209E-03
  5.799186830000E-01  8.409420175172E-03
  5.999100210000E-01  8.999335790388E-03
  6.199007030000E-01  9.609242192926E-03
  6.398907900000E-01  1.023913868815E-02
  6.598802210000E-01  1.088902498239E-02
  6.798689960000E-01  1.155890124896E-02
  6.998571160000E-01  1.224876567635E-02
  7.198444600000E-01  1.295861712494E-02
  7.398311500000E-01  1.368845673803E-02
  7.598171230000E-01  1.443828182710E-02
  7.798022630000E-01  1.520809272338E-02
  7.997866870000E-01  1.599788841450E-02
  8.197702770000E-01  1.680766896317E-02
  8.397530910000E-01  1.763743230986E-02
  8.597350120000E-01  1.848717779179E-02
  8.797160980000E-01  1.935690419342E-02
  8.996962900000E-01  2.024661264049E-02
  9.196755890000E-01  2.115629846104E-02
  9.396539330000E-01  2.208596419326E-02
  9.596313830000E-01  2.303560890753E-02
  9.796078800000E-01  2.400523046721E-02
  9.995833640000E-01  2.499482681668E-02
  1.019557830000E+00  2.600439793176E-02
  1.039531350000E+00  2.703394449519E-02
  1.059503790000E+00  2.808346216314E-02
  1.079475160000E+00  2.915295245694E-02
  1.099445460000E+00  3.024241383066E-02
  1.119414690000E+00  3.135184357920E-02
  1.139382840000E+00  3.248124436087E-02
  1.159349680000E+00  3.363061007482E-02
  1.179315570000E+00  3.479994294688E-02
  1.199280140000E+00  3.598924059712E-02
  1.219243530000E+00  3.719849921472E-02
  1.239205720000E+00  3.842772425620E-02
  1.259166720000E+00  3.967691010867E-02
  1.279126410000E+00  4.094605501125E-02
  1.299084780000E+00  4.223515590926E-02
  1.319041850000E+00  4.354421907030E-02
  1.338997720000E+00  4.487323648448E-02
  1.358952160000E+00  4.622220544721E-02
  1.378905180000E+00  4.759112933230E-02
  1.398857000000E+00  4.898000650235E-02
  1.418807270000E+00  5.038882790000E-02
  1.438756110000E+00  5.181760710000E-02
  1.458703640000E+00  5.326633900000E-02
  1.478649620000E+00  5.473501610000E-02
  1.498594160000E+00  5.622363840000E-02
  1.518537160000E+00  5.773220210000E-02
  1.538478730000E+00  5.926071110000E-02
  1.558418630000E+00  6.080916150000E-02
  1.578357100000E+00  6.237754970000E-02
  1.598293900000E+00  6.396587190000E-02
  1.618229150000E+00  6.557413190000E-02
  1.638162730000E+00  6.720232960000E-02
  1.658094640000E+00  6.885045770000E-02
  1.678025010000E+00  7.051852350000E-02
  1.697953700000E+00  7.220651210000E-02
  1.717880610000E+00  7.391442360000E-02
  1.737805840000E+00  7.564227280000E-02
  1.757729290000E+00  7.739003750000E-02
  1.777651070000E+00  7.915772500000E-02
  1.797570940000E+00  8.094534280000E-02
STEP  31 TIME  2.90020000E+04
BODY 1   181
 -1.799999950000E+00 -3.263383592149E-05
 -1.779999970000E+00 -3.144186300169E-14
 -1.759999990000E+00 -3.144186300169E-14
 -1.740000010000E+00 -3.144186300169E-14
 -1.720000030000E+00 -3.144186300169E-14
 -1.700000050000E+00 -3.144186300169E-14
 -1.679999950000E+00 -3.144186300169E-14
 -1.659999970000E+00 -3.144186300169E-14
 -1.639999990000E+00 -3.144186300169E-14
 -1.620000000000E+00 -3.144186300169E-14
 -1.600000020000E+00 -3.144186300169E-14
 -1.580000040000E+00 -3.144186300169E-14
 -1.559999940000E+00 -3.144186300169E-14
 -1.539999960000E+00 -3.144186300169E-14
 -1.519999980000E+00 -3.144186300169E-14
 -1.500000000000E+00 -3.144186300169E-14
 -1.480000020000E+00 -3.144186300169E-14
 -1.460000040000E+00 -3.144186300169E-14
 -1.440000060000E+00 -3.144186300169E-14
 -1.419999960000E+00 -3.144186300169E-14
 -1.399999980000E+00 -3.144186300169E-14
 -1.380000000000E+00 -3.144186300169E-14
 -1.360000010000E+00 -3.144186300169E-14
 -1.340000030000E+00 -3.144186300169E-14
 -1.320000050000E+00 -3.144186300169E-14
 -1.299999950000E+00 -3.144186300169E-14
 -1.279999970000E+00 -3.144186300169E-14
 -1.259999990000E+00 -3.144186300169E-14
 -1.240000010000E+00 -3.144186300169E-14
 -1.220000030000E+00 -3.144186300169E-14
 -1.200000050000E+00 -3.144186300169E-14
 -1.179999950000E+00 -3.144186300170E-14
 -1.159999970000E+00 -6.456222443438E-05
 -1.139999990000E+00 -5.554672171057E-04
 -1.120000000000E+00 -1.641462683423E-03
 -1.100000020000E+00 -2.744469403312E-03
 -1.080000040000E+00 -3.835073978084E-03
 -1.059999940000E+00 -4.904715494977E-03
 -1.039999960000E+00 -5.954602091028E-03
 -1.019999980000E+00 -6.984494220647E-03
 -1.000000000000E+00 -7.994455456285E-03
 -9.800000190000E-01 -8.984370826496E-03
 -9.599999790000E-01 -9.954204715794E-03
 -9.399999980000E-01 -1.090405151831E-02
 -9.200000170000E-01 -1.183394961615E-02
 -8.999999760000E-01 -1.274384000462E-02
 -8.799999950000E-01 -1.363362737876E-02
 -8.600000140000E-01 -1.450345515567E-02
 -8.399999740000E-01 -1.535329497940E-02
 -8.199999930000E-01 -1.618306183466E-02
 -8.000000120000E-01 -1.699284537631E-02
 -7.799999710000E-01 -1.778262919241E-02
 -7.599999900000E-01 -1.855235434259E-02
 -7.400000100000E-01 -1.930210229448E-02
 -7.200000290000E-01 -2.003188754529E-02
 -6.999999880000E-01 -2.074154392002E-02
 -6.800000070000E-01 -2.143124993241E-02
 -6.600000260000E-01 -2.210094261494E-02
 -6.399999860000E-01 -2.275063308705E-02
 -6.200000050000E-01 -2.338031354816E-02
 -6.000000240000E-01 -2.398998936832E-02
 -5.799999830000E-01 -2.457966458889E-02
 -5.600000020000E-01 -2.514933737312E-02
 -5.400000210000E-01 -2.569899957083E-02
 -5.199999810000E-01 -2.622867066835E-02
 -5.000000000000E-01 -2.673833783182E-02
 -4.799999890000E-01 -2.722801916014E-02
 -4.600000080000E-01 -2.769769827477E-02
 -4.399999980000E-01 -2.814737957365E-02
 -4.199999870000E-01 -2.857707067193E-02
 -4.000000060000E-01 -2.898676900651E-02
 -3.799999950000E-01 -2.937647597583E-02
 -3.600000140000E-01 -2.974619290174E-02
 -3.400000040000E-01 -3.009592079812E-02
 -3.199999930000E-01 -3.042565472551E-02
 -3.000000120000E-01 -3.073540308411E-02
 -2.800000010000E-01 -3.102516538862E-02
 -2.599999900000E-01 -3.129494132986E-02
 -2.399999950000E-01 -3.154472829410E-02
 -2.199999990000E-01 -3.177453127103E-02
 -2.000000030000E-01 -3.198434932206E-02
 -1.800000070000E-01 -3.217418341097E-02
 -1.599999960000E-01 -3.234403363855E-02
 -1.400000010000E-01 -3.249389999404E-02
 -1.199999970000E-01 -3.262378310139E-02
 -1.000000010000E-01 -3.273368210246E-02
 -7.999999820000E-02 -3.282359732430E-02
 -5.999999870000E-02 -3.289352793161E-02
 -3.999999910000E-02 -3.294347535974E-02
 -1.999999960000E-02 -3.297345733509E-02
  0.000000000000E+00 -3.298327717920E-02
  1.999999960000E-02 -3.297345733509E-02
  3.999999910000E-02 -3.294347535974E-02
  5.999999870000E-02 -3.289352793161E-02
  7.999999820000E-02 -3.282359732430E-02
  1.000000010000E-01 -3.273368210245E-02
  1.199999970000E-01 -3.262378310139E-02
  1.400000010000E-01 -3.249389999404E-02
  1.599999960000E-01 -3.234403363855E-02
  1.800000070000E-01 -3.217418341097E-02
  2.000000030000E-01 -3.198434932206E-02
  2.199999990000E-01 -3.177453127103E-02
  2.399999950000E-01 -3.154472829410E-02
  2.599999900000E-01 -3.129494132986E-02
  2.800000010000E-01 -3.102516538862E-02
  3.000000120000E-01 -3.073540308411E-02
  3.199999930000E-01 -3.042565472551E-02
  3.400000040000E-01 -3.009592079812E-02
  3.600000140000E-01 -2.974619290174E-02
  3.799999950000E-01 -2.937647597583E-02
  4.000000060000E-01 -2.898676900651E-02
  4.199999870000E-01 -2.857707067193E-02
  4.399999980000E-01 -2.814737957365E-02
  4.600000080000E-01 -2.769769827477E-02
  4.799999890000E-01 -2.722801916014E-02
  5.000000000000E-01 -2.673833783182E-02
  5.199999810000E-01 -2.622867066835E-02
  5.400000210000E-01 -2.569899957083E-02
  5.600000020000E-01 -2.514933737312E-02
  5.799999830000E-01 -2.457966458889E-02
  6.000000240000E-01 -2.398998936832E-02
  6.200000050000E-01 -2.338031354816E-02
  6.399999860000E-01 -2.275063308705E-02
  6.600000260000E-01 -2.210094261494E-02
  6.800000070000E-01 -2.143124993241E-02
  6.999999880000E-01 -2.074154392002E-02
  7.200000290000E-01 -2.003188754529E-02
  7.400000100000E-01 -1.930210229448E-02
  7.599999900000E-01 -1.855235434259E-02
  7.799999710000E-01 -1.778262919241E-02
  8.000000120000E-01 -1.699284537631E-02
  8.199999930000E-01 -1.618306183466E-02
  8.399999740000E-01 -1.535329497940E-02
  8.600000140000E-01 -1.450345515567E-02
  8.799999950000E-01 -1.363362737876E-02
  8.999999760000E-01 -1.274384000462E-02
  9.200000170000E-01 -1.183394961616E-02
  9.399999980000E-01 -1.090405151831E-02
  9.599999790000E-01 -9.954204715794E-03
  9.800000190000E-01 -8.984370826496E-03
  1.000000000000E+00 -7.994455456286E-03
  1.019999980000E+00 -6.984494220648E-03
  1.039999960000E+00 -5.954602091028E-03
  1.059999940000E+00 -4.904715494976E-03
  1.080000040000E+00 -3.835073978085E-03
  1.100000020000E+00 -2.744469403312E-03
  1.120000000000E+00 -1.641462683423E-03
  1.139999990000E+00 -5.554672171060E-04
  1.159999970000E+00 -6.456222443482E-05
  1.179999950000E+00 -3.144186300274E-14
  1.200000050000E+00 -3.144186300169E-14
  1.220000030000E+00 -3.144186300169E-14
  1.240000010000E+00 -3.144186300169E-14
  1.259999990000E+00 -3.144186300169E-14
  1.279999970000E+00 -3.144186300169E-14
  1.299999950000E+00 -3.144186300169E-14
  1.320000050000E+00 -3.144186300169E-14
  1.340000030000E+00 -3.144186300169E-14
  1.360000010000E+00 -3.144186300169E-14
  1.380000000000E+00 -3.144186300169E-14
  1.399999980000E+00 -3.144186300169E-14
  1.419999960000E+00 -3.144186300169E-14
  1.440000060000E+00 -3.144186300169E-14
  1.460000040000E+00 -3.144186300169E-14
  1.480000020000E+00 -3.144186300169E-14
  1.500000000000E+00 -3.144186300169E-14
  1.519999980000E+00 -3.144186300169E-14
  1.539999960000E+00 -3.144186300169E-14
  1.559999940000E+00 -3.144186300169E-14
  1.580000040000E+00 -3.144186300169E-14
  1.600000020000E+00 -3.144186300169E-14
  1.620000000000E+00 -3.144186300169E-14
  1.639999990000E+00 -3.144186300169E-14
  1.659999970000E+00 -3.144186300169E-14
  1.679999950000E+00 -3.144186300169E-14
  1.700000050000E+00 -3.144186300169E-14
  1.720000030000E+00 -3.144186300169E-14
  1.740000010000E+00 -3.144186300169E-14
  1.759999990000E+00 -3.144186300169E-14
  1.779999970000E+00 -3.144186300169E-14
  1.799999950000E+00 -3.263473374660E-05
BODY 2   181
 -1.797570940000E+00  8.094534280000E-02
 -1.777651070000E+00  7.915772500000E-02
 -1.757729290000E+00  7.739003750000E-02
 -1.737805840000E+00  7.564227280000E-02
 -1.717880610000E+00  7.391442360000E-02
 -1.697953700000E+00  7.220651210000E-02
 -1.678025010000E+00  7.051852350000E-02
 -1.658094640000E+00  6.885045770000E-02
 -1.638162730000E+00  6.720232960000E-02
 -1.618229150000E+00  6.557413190000E-02
 -1.598293900000E+00  6.396587190000E-02
 -1.578357100000E+00  6.237754970000E-02
 -1.558418630000E+00  6.080916150000E-02
 -1.538478730000E+00  5.926071110000E-02
 -1.518537160000E+00  5.773220210000E-02
 -1.498594160000E+00  5.622363840000E-02
 -1.478649620000E+00  5.473501610000E-02
 -1.458703640000E+00  5.326633900000E-02
 -1.438756110000E+00  5.181760710000E-02
 -1.418807270000E+00  5.038882790000E-02
 -1.398857000000E+00  4.898000650235E-02
 -1.378905180000E+00  4.759112933230E-02
 -1.358952160000E+00  4.622220544721E-02
 -1.338997720000E+00  4.487323648448E-02
 -1.319041850000E+00  4.354421907030E-02
 -1.299084780000E+00  4.223515590926E-02
 -1.279126410000E+00  4.094605501125E-02
 -1.259166720000E+00  3.967691010867E-02
 -1.239205720000E+00  3.842772425620E-02
 -1.219243530000E+00  3.719849921472E-02
 -1.199280140000E+00  3.598924059712E-02
 -1.179315570000E+00  3.479994294688E-02
 -1.159349680000E+00  3.363061007482E-02
 -1.139382840000E+00  3.248124436087E-02
 -1.119414690000E+00  3.135184357920E-02
 -1.099445460000E+00  3.024241383066E-02
 -1.079475160000E+00  2.915295245694E-02
 -1.059503790000E+00  2.808346216314E-02
 -1.039531350000E+00  2.703394449519E-02
 -1.019557830000E+00  2.600439793176E-02
 -9.995833640000E-01  2.499482681668E-02
 -9.796078800000E-01  2.400523046721E-02
 -9.596313830000E-01  2.303560890753E-02
 -9.396539330000E-01  2.208596419326E-02
 -9.196755890000E-01  2.115629846104E-02
 -8.996962900000E-01  2.024661264049E-02
 -8.797160980000E-01  1.935690419342E-02
 -8.597350120000E-01  1.848717779179E-02
 -8.397530910000E-01  1.763743230986E-02
 -8.197702770000E-01  1.680766896317E-02
 -7.997866870000E-01  1.599788841450E-02
 -7.798022630000E-01  1.520809272338E-02
 -7.598171230000E-01  1.443828182710E-02
 -7.398311500000E-01  1.368845673803E-02
 -7.198444600000E-01  1.295861712494E-02
 -6.998571160000E-01  1.224876567635E-02
 -6.798689960000E-01  1.155890124896E-02
 -6.598802210000E-01  1.088902498239E-02
 -6.398907900000E-01  1.023913868815E-02
 -6.199007030000E-01  9.609242192926E-03
 -5.999100210000E-01  8.999335790388E-03
 -5.799186830000E-01  8.409420175172E-03
 -5.599268080000E-01  7.839496446209E-03
 -5.399343970000E-01  7.289565020892E-03
 -5.199413900000E-01  6.759626286873E-03
 -4.999479060000E-01  6.249680823549E-03
 -4.799539150000E-01  5.759729024464E-03
 -4.599594470000E-01  5.289771842258E-03
 -4.399645030000E-01  4.839809253960E-03
 -4.199691410000E-01  4.409841765801E-03
 -3.999733330000E-01  3.999869814377E-03
 -3.799771370000E-01  3.609894323434E-03
 -3.599805530000E-01  3.239914842129E-03
 -3.399836120000E-01  2.889932517804E-03
 -3.199863430000E-01  2.559947137131E-03
 -2.999887470000E-01  2.249959246878E-03
 -2.799908520000E-01  1.959969068180E-03
 -2.599926890000E-01  1.689977109454E-03
 -2.399942430000E-01  1.439983396658E-03
 -2.199955580000E-01  1.209988378448E-03
 -1.999966650000E-01  9.999922478948E-04
 -1.799975630000E-01  8.099950429685E-04
 -1.599982980000E-01  6.399970287235E-04
 -1.399988530000E-01  4.899983434875E-04
 -1.199992820000E-01  3.599991469688E-04
 -9.999958430000E-02  2.499996233448E-04
 -7.999978960000E-02  1.599998651174E-04
 -5.999990930000E-02  8.999996803291E-05
 -3.999997300000E-02  3.999999788767E-05
 -1.999999580000E-02  1.000000008419E-05
  0.000000000000E+00  0.000000000000E+00
  1.999999580000E-02  1.000000008419E-05
  3.999997300000E-02  3.999999788767E-05
  5.999990930000E-02  8.999996803291E-05
  7.999978960000E-02  1.599998651174E-04
  9.999958430000E-02  2.499996233448E-04
  1.199992820000E-01  3.599991469688E-04
  1.399988530000E-01  4.899983434875E-04
  1.599982980000E-01  6.399970287235E-04
  1.799975630000E-01  8.099950429685E-04
  1.999966650000E-01  9.999922478948E-04
  2.199955580000E-01  1.209988378448E-03
  2.399942430000E-01  1.439983396658E-03
  2.599926890000E-01  1.689977109454E-03
  2.799908520000E-01  1.959969068180E-03
  2.999887470000E-01  2.249959246878E-03
  3.199863430000E-01  2.559947137131E-03
  3.399836120000E-01  2.889932517804E-03
  3.599805530000E-01  3.239914842129E-03
  3.799771370000E-01  3.609894323434E-03
  3.999733330000E-01  3.999869814377E-03
  4.199691410000E-01  4.409841765801E-03
  4.399645030000E-01  4.839809253960E-03
  4.599594470000E-01  5.289771842258E-03
  4.799539150000E-01  5.759729024464E-03
  4.999479060000E-01  6.249680823549E-03
  5.199413900000E-01  6.759626286873E-03
  5.399343970000E-01  7.289565020892E-03
  5.599268080000E-01  7.839496446209E-03
  5.799186830000E-01  8.409420175172E-03
  5.999100210000E-01  8.999335790388E-03
  6.199007030000E-01  9.609242192926E-03
  6.398907900000E-01  1.023913868815E-02
  6.598802210000E-01  1.088902498239E-02
  6.798689960000E-01  1.155890124896E-02
  6.998571160000E-01  1.224876567635E-02
  7.198444600000E-01  1.295861712494E-02
  7.398311500000E-01  1.368845673803E-02
  7.598171230000E-01  1.443828182710E-02
  7.798022630000E-01  1.520809272338E-02
  7.997866870000E-01  1.599788841450E-02
  8.197702770000E-01  1.680766896317E-02
  8.397530910000E-01  1.763743230986E-02
  8.597350120000E-01  1.848717779179E-02
  8.797160980000E-01  1.935690419342E-02
  8.996962900000E-01  2.024661264049E-02
  9.196755890000E-01  2.115629846104E-02
  9.396539330000E-01  2.208596419326E-02
  9.596313830000E-01  2.303560890753E-02
  9.796078800000E-01  2.400523046721E-02
  9.995833640000E-01  2.499482681668E-02
  1.019557830000E+00  2.600439793176E-02
  1.039531350000E+00  2.703394449519E-02
  1.059503790000E+00  2.808346216314E-02
  1.079475160000E+00  2.915295245694E-02
  1.099445460000E+00  3.024241383066E-02
  1.119414690000E+00  3.135184357920E-02
  1.139382840000E+00  3.248124436087E-02
  1.159349680000E+00  3.363061007482E-02
  1.179315570000E+00  3.479994294688E-02
  1.199280140000E+00  3.598924059712E-02
  1.219243530000E+00  3.719849921472E-02
  1.239205720000E+00  3.842772425620E-02
  1.259166720000E+00  3.967691010867E-02
  1.279126410000E+00  4.094605501125E-02
  1.299084780000E+00  4.223515590926E-02
  1.319041850000E+00  4.354421907030E-02
  1.338997720000E+00  4.487323648448E-02
  1.358952160000E+00  4.622220544721E-02
  1.378905180000E+00  4.759112933230E-02
  1.398857000000E+00  4.898000650235E-02
  1.418807270000E+00  5.038882790000E-02
  1.438756110000E+00  5.181760710000E-02
  1.458703640000E+00  5.326633900000E-02
  1.478649620000E+00  5.473501610000E-02
  1.498594160000E+00  5.622363840000E-02
  1.518537160000E+00  5.773220210000E-02
  1.538478730000E+00  5.926071110000E-02
  1.558418630000E+00  6.080916150000E-02
  1.578357100000E+00  6.237754970000E-02
  1.598293900000E+00  6.396587190000E-02
  1.618229150000E+00  6.557413190000E-02
  1.638162730000E+00  6.720232960000E-02
  1.658094640000E+00  6.885045770000E-02
  1.678025010000E+00  7.051852350000E-02
  1.697953700000E+00  7.220651210000E-02
  1.717880610000E+00  7.391442360000E-02
  1.737805840000E+00  7.564227280000E-02
  1.757729290000E+00  7.739003750000E-02
  1.777651070000E+00  7.915772500000E-02
  1.797570940000E+00  8.094534280000E-02
STEP  32 TIME  3.00020000E+04
BODY 1   181
 -1.799999950000E+00 -3.229477155335E-05
 -1.779999970000E+00 -3.252606517414E-14
 -1.759999990000E+00 -3.252606517414E-14
 -1.740000010000E+00 -3.252606517414E-14
 -1.720000030000E+00 -3.252606517414E-14
 -1.700000050000E+00 -3.252606517414E-14
 -1.679999950000E+00 -3.252606517414E-14
 -1.659999970000E+00 -3.252606517414E-14
 -1.639999990000E+00 -3.252606517414E-14
 -1.620000000000E+00 -3.252606517414E-14
 -1.600000020000E+00 -3.252606517414E-14
 -1.580000040000E+00 -3.252606517414E-14
 -1.559999940000E+00 -3.252606517414E-14
 -1.539999960000E+00 -3.252606517414E-14
 -1.519999980000E+00 -3.252606517414E-14
 -1.500000000000E+00 -3.252606517414E-14
 -1.480000020000E+00 -3.252606517414E-14
 -1.460000040000E+00 -3.252606517414E-14
 -1.440000060000E+00 -3.252606517414E-14
 -1.419999960000E+00 -3.252606517414E-14
 -1.399999980000E+00 -3.252606517414E-14
 -1.380000000000E+00 -3.252606517414E-14
 -1.360000010000E+00 -3.252606517414E-14
 -1.340000030000E+00 -3.252606517414E-14
 -1.320000050000E+00 -3.252606517414E-14
 -1.299999950000E+00 -3.252606517414E-14
 -1.279999970000E+00 -3.252606517414E-14
 -1.259999990000E+00 -3.252606517414E-14
 -1.240000010000E+00 -3.252606517414E-14
 -1.220000030000E+00 -3.252606517414E-14
 -1.200000050000E+00 -3.252606517414E-14
 -1.179999950000E+00 -3.252606517424E-14
 -1.159999970000E+00 -2.180966092223E-04
 -1.139999990000E+00 -1.275541632915E-03
 -1.120000000000E+00 -2.393343182462E-03
 -1.100000020000E+00 -3.503232338313E-03
 -1.080000040000E+00 -4.593023681472E-03
 -1.059999940000E+00 -5.662968452375E-03
 -1.039999960000E+00 -6.712905826819E-03
 -1.019999980000E+00 -7.742813683947E-03
 -1.000000000000E+00 -8.752668837028E-03
 -9.800000190000E-01 -9.742508880381E-03
 -9.599999790000E-01 -1.071241952015E-02
 -9.399999980000E-01 -1.166234724968E-02
 -9.200000170000E-01 -1.259222513494E-02
 -8.999999760000E-01 -1.350201784343E-02
 -8.799999950000E-01 -1.439188051453E-02
 -8.600000140000E-01 -1.526174209786E-02
 -8.399999740000E-01 -1.611151054904E-02
 -8.199999930000E-01 -1.694132026556E-02
 -8.000000120000E-01 -1.775112931920E-02
 -7.799999710000E-01 -1.854087248009E-02
 -7.599999900000E-01 -1.931064728843E-02
 -7.400000100000E-01 -2.006048760442E-02
 -7.200000290000E-01 -2.079010898736E-02
 -6.999999880000E-01 -2.149982346093E-02
 -6.800000070000E-01 -2.218951187006E-02
 -6.600000260000E-01 -2.285920552844E-02
 -6.399999860000E-01 -2.350889415998E-02
 -6.200000050000E-01 -2.413857347634E-02
 -6.000000240000E-01 -2.474825774403E-02
 -5.799999830000E-01 -2.533793267140E-02
 -5.600000020000E-01 -2.590761662267E-02
 -5.400000210000E-01 -2.645729159525E-02
 -5.199999810000E-01 -2.698696541379E-02
 -5.000000000000E-01 -2.749664439465E-02
 -4.799999890000E-01 -2.798631954270E-02
 -4.600000080000E-01 -2.845601126140E-02
 -4.399999980000E-01 -2.890570417965E-02
 -4.199999870000E-01 -2.933539748288E-02
 -4.000000060000E-01 -2.974510424687E-02
 -3.799999950000E-01 -3.013481895004E-02
 -3.600000140000E-01 -3.050453714429E-02
 -3.400000040000E-01 -3.085426958094E-02
 -3.199999930000E-01 -3.118401233112E-02
 -3.000000120000E-01 -3.149376609578E-02
 -2.800000010000E-01 -3.178353347902E-02
 -2.599999900000E-01 -3.205331314990E-02
 -2.399999950000E-01 -3.230310714128E-02
 -2.199999990000E-01 -3.253291556832E-02
 -2.000000030000E-01 -3.274273772126E-02
 -1.800000070000E-01 -3.293257574738E-02
 -1.599999960000E-01 -3.310242953289E-02
 -1.400000010000E-01 -3.325229936130E-02
 -1.199999970000E-01 -3.338218528615E-02
 -1.000000010000E-01 -3.349208681730E-02
 -7.999999820000E-02 -3.358200417736E-02
 -5.999999870000E-02 -3.365193633504E-02
 -3.999999910000E-02 -3.370188448593E-02
 -1.999999960000E-02 -3.373186660696E-02
  0.000000000000E+00 -3.374168985842E-02
  1.999999960000E-02 -3.373186660696E-02
  3.999999910000E-02 -3.370188448593E-02
  5.999999870000E-02 -3.365193633504E-02
  7.999999820000E-02 -3.358200417736E-02
  1.000000010000E-01 -3.349208681730E-02
  1.199999970000E-01 -3.338218528615E-02
  1.400000010000E-01 -3.325229936130E-02
  1.599999960000E-01 -3.310242953289E-02
  1.800000070000E-01 -3.293257574738E-02
  2.000000030000E-01 -3.274273772126E-02
  2.199999990000E-01 -3.253291556832E-02
  2.399999950000E-01 -3.230310714128E-02
  2.599999900000E-01 -3.205331314990E-02
  2.800000010000E-01 -3.178353347902E-02
  3.000000120000E-01 -3.149376609578E-02
  3.199999930000E-01 -3.118401233112E-02
  3.400000040000E-01 -3.085426958094E-02
  3.600000140000E-01 -3.050453714429E-02
  3.799999950000E-01 -3.013481895004E-02
  4.000000060000E-01 -2.974510424687E-02
  4.199999870000E-01 -2.933539748288E-02
  4.399999980000E-01 -2.890570417965E-02
  4.600000080000E-01 -2.845601126140E-02
  4.799999890000E-01 -2.798631954270E-02
  5.000000000000E-01 -2.749664439466E-02
  5.199999810000E-01 -2.698696541379E-02
  5.400000210000E-01 -2.645729159525E-02
  5.600000020000E-01 -2.590761662267E-02
  5.799999830000E-01 -2.533793267140E-02
  6.000000240000E-01 -2.474825774403E-02
  6.200000050000E-01 -2.413857347633E-02
  6.399999860000E-01 -2.350889415998E-02
  6.600000260000E-01 -2.285920552844E-02
  6.800000070000E-01 -2.218951187006E-02
  6.999999880000E-01 -2.149982346093E-02
  7.200000290000E-01 -2.079010898736E-02
  7.400000100000E-01 -2.006048760442E-02
  7.599999900000E-01 -1.931064728843E-02
  7.799999710000E-01 -1.854087248009E-02
  8.000000120000E-01 -1.775112931920E-02
  8.199999930000E-01 -1.694132026556E-02
  8.399999740000E-01 -1.611151054904E-02
  8.600000140000E-01 -1.526174209786E-02
  8.799999950000E-01 -1.439188051453E-02
  8.999999760000E-01 -1.350201784343E-02
  9.200000170000E-01 -1.259222513494E-02
  9.399999980000E-01 -1.166234724968E-02
  9.599999790000E-01 -1.071241952015E-02
  9.800000190000E-01 -9.742508880381E-03
  1.000000000000E+00 -8.752668837029E-03
  1.019999980000E+00 -7.742813683947E-03
  1.039999960000E+00 -6.712905826819E-03
  1.059999940000E+00 -5.662968452375E-03
  1.080000040000E+00 -4.593023681472E-03
  1.100000020000E+00 -3.503232338313E-03
  1.120000000000E+00 -2.393343182463E-03
  1.139999990000E+00 -1.275541632915E-03
  1.159999970000E+00 -2.180966092225E-04
  1.179999950000E+00 -3.252606517742E-14
  1.200000050000E+00 -3.252606517414E-14
  1.220000030000E+00 -3.252606517414E-14
  1.240000010000E+00 -3.252606517414E-14
  1.259999990000E+00 -3.252606517414E-14
  1.279999970000E+00 -3.252606517414E-14
  1.299999950000E+00 -3.252606517414E-14
  1.320000050000E+00 -3.252606517414E-14
  1.340000030000E+00 -3.252606517414E-14
  1.360000010000E+00 -3.252606517414E-14
  1.380000000000E+00 -3.252606517414E-14
  1.399999980000E+00 -3.252606517414E-14
  1.419999960000E+00 -3.252606517414E-14
  1.440000060000E+00 -3.252606517414E-14
  1.460000040000E+00 -3.252606517414E-14
  1.480000020000E+00 -3.252606517414E-14
  1.500000000000E+00 -3.252606517414E-14
  1.519999980000E+00 -3.252606517414E-14
  1.539999960000E+00 -3.252606517414E-14
  1.559999940000E+00 -3.252606517414E-14
  1.580000040000E+00 -3.252606517414E-14
  1.600000020000E+00 -3.252606517414E-14
  1.620000000000E+00 -3.252606517414E-14
  1.639999990000E+00 -3.252606517414E-14
  1.659999970000E+00 -3.252606517414E-14
  1.679999950000E+00 -3.252606517414E-14
  1.700000050000E+00 -3.252606517414E-14
  1.720000030000E+00 -3.252606517414E-14
  1.740000010000E+00 -3.252606517414E-14
  1.759999990000E+00 -3.252606517414E-14
  1.779999970000E+00 -3.252606517414E-14
  1.799999950000E+00 -3.229602697872E-05
BODY 2   181
 -1.797570940000E+00  8.094534280000E-02
 -1.777651070000E+00  7.915772500000E-02
 -1.757729290000E+00  7.739003750000E-02
 -1.737805840000E+00  7.564227280000E-02
 -1.717880610000E+00  7.391442360000E-02
 -1.697953700000E+00  7.220651210000E-02
 -1.678025010000E+00  7.051852350000E-02
 -1.658094640000E+00  6.885045770000E-02
 -1.638162730000E+00  6.720232960000E-02
 -1.618229150000E+00  6.557413190000E-02
 -1.598293900000E+00  6.396587190000E-02
 -1.578357100000E+00  6.237754970000E-02
 -1.558418630000E+00  6.080916150000E-02
 -1.538478730000E+00  5.926071110000E-02
 -1.518537160000E+00  5.773220210000E-02
 -1.498594160000E+00  5.622363840000E-02
 -1.478649620000E+00  5.473501610000E-02
 -1.458703640000E+00  5.326633900000E-02
 -1.438756110000E+00  5.181760710000E-02
 -1.418807270000E+00  5.038882790000E-02
 -1.398857000000E+00  4.898000650235E-02
 -1.378905180000E+00  4.759112933230E-02
 -1.358952160000E+00  4.622220544721E-02
 -1.338997720000E+00  4.487323648448E-02
 -1.319041850000E+00  4.354421907030E-02
 -1.299084780000E+00  4.223515590926E-02
 -1.279126410000E+00  4.094605501125E-02
 -1.259166720000E+00  3.967691010867E-02
 -1.239205720000E+00  3.842772425620E-02
 -1.219243530000E+00  3.719849921472E-02
 -1.199280140000E+00  3.598924059712E-02
 -1.179315570000E+00  3.479994294688E-02
 -1.159349680000E+00  3.363061007482E-02
 -1.139382840000E+00  3.248124436087E-02
 -1.119414690000E+00  3.135184357920E-02
 -1.099445460000E+00  3.024241383066E-02
 -1.079475160000E+00  2.915295245694E-02
 -1.059503790000E+00  2.808346216314E-02
 -1.039531350000E+00  2.703394449519E-02
 -1.019557830000E+00  2.600439793176E-02
 -9.995833640000E-01  2.499482681668E-02
 -9.796078800000E-01  2.400523046721E-02
 -9.596313830000E-01  2.303560890753E-02
 -9.396539330000E-01  2.208596419326E-02
 -9.196755890000E-01  2.115629846104E-02
 -8.996962900000E-01  2.024661264049E-02
 -8.797160980000E-01  1.935690419342E-02
 -8.597350120000E-01  1.848717779179E-02
 -8.397530910000E-01  1.763743230986E-02
 -8.197702770000E-01  1.680766896317E-02
 -7.997866870000E-01  1.599788841450E-02
 -7.798022630000E-01  1.520809272338E-02
 -7.598171230000E-01  1.443828182710E-02
 -7.398311500000E-01  1.368845673803E-02
 -7.198444600000E-01  1.295861712494E-02
 -6.998571160000E-01  1.224876567635E-02
 -6.798689960000E-01  1.155890124896E-02
 -6.598802210000E-01  1.088902498239E-02
 -6.398907900000E-01  1.023913868815E-02
 -6.199007030000E-01  9.609242192926E-03
 -5.999100210000E-01  8.999335790388E-03
 -5.799186830000E-01  8.409420175172E-03
 -5.599268080000E-01  7.839496446209E-03
 -5.399343970000E-01  7.289565020892E-03
 -5.199413900000E-01  6.759626286873E-03
 -4.999479060000E-01  6.249680823549E-03
 -4.799539150000E-01  5.759729024464E-03
 -4.599594470000E-01  5.289771842258E-03
 -4.399645030000E-01  4.839809253960E-03
 -4.199691410000E-01  4.409841765801E-03
 -3.999733330000E-01  3.999869814377E-03
 -3.799771370000E-01  3.609894323434E-03
 -3.599805530000E-01  3.239914842129E-03
 -3.399836120000E-01  2.889932517804E-03
 -3.199863430000E-01  2.559947137131E-03
 -2.999887470000E-01  2.249959246878E-03
 -2.799908520000E-01  1.959969068180E-03
 -2.599926890000E-01  1.689977109454E-03
 -2.399942430000E-01  1.439983396658E-03
 -2.199955580000E-01  1.209988378448E-03
 -1.999966650000E-01  9.999922478948E-04
 -1.799975630000E-01  8.099950429685E-04
 -1.599982980000E-01  6.399970287235E-04
 -1.399988530000E-01  4.899983434875E-04
 -1.199992820000E-01  3.599991469688E-04
 -9.999958430000E-02  2.499996233448E-04
 -7.999978960000E-02  1.599998651174E-04
 -5.999990930000E-02  8.999996803291E-05
 -3.999997300000E-02  3.999999788767E-05
 -1.999999580000E-02  1.000000008419E-05
  0.000000000000E+00  0.000000000000E+00
  1.999999580000E-02  1.000000008419E-05
  3.999997300000E-02  3.999999788767E-05
  5.999990930000E-02  8.999996803291E-05
  7.999978960000E-02  1.599998651174E-04
  9.999958430000E-02  2.499996233448E-04
  1.199992820000E-01  3.599991469688E-04
  1.399988530000E-01  4.899983434875E-04
  1.599982980000E-01  6.399970287235E-04
  1.799975630000E-01  8.099950429685E-04
  1.999966650000E-01  9.999922478948E-04
  2.199955580000E-01  1.209988378448E-03
  2.399942430000E-01  1.439983396658E-03
  2.599926890000E-01  1.689977109454E-03
  2.799908520000E-01  1.959969068180E-03
  2.999887470000E-01  2.249959246878E-03
  3.199863430000E-01  2.559947137131E-03
  3.399836120000E-01  2.889932517804E-03
  3.599805530000E-01  3.239914842129E-03
  3.799771370000E-01  3.609894323434E-03
  3.999733330000E-01  3.999869814377E-03
  4.199691410000E-01  4.409841765801E-03
  4.399645030000E-01  4.839809253960E-03
  4.599594470000E-01  5.289771842258E-03
  4.799539150000E-01  5.759729024464E-03
  4.999479060000E-01  6.249680823549E-03
  5.199413900000E-01  6.759626286873E-03
  5.399343970000E-01  7.289565020892E-03
  5.599268080000E-01  7.839496446209E-03
  5.799186830000E-01  8.409420175172E-03
  5.999100210000E-01  8.999335790388E-03
  6.199007030000E-01  9.609242192926E-03
  6.398907900000E-01  1.023913868815E-02
  6.598802210000E-01  1.088902498239E-02
  6.798689960000E-01  1.155890124896E-02
  6.998571160000E-01  1.224876567635E-02
  7.198444600000E-01  1.295861712494E-02
  7.398311500000E-01  1.368845673803E-02
  7.598171230000E-01  1.443828182710E-02
  7.798022630000E-01  1.520809272338E-02
  7.997866870000E-01  1.599788841450E-02
  8.197702770000E-01  1.680766896317E-02
  8.397530910000E-01  1.763743230986E-02
  8.597350120000E-01  1.848717779179E-02
  8.797160980000E-01  1.935690419342E-02
  8.996962900000E-01  2.024661264049E-02
  9.196755890000E-01  2.115629846104E-02
  9.396539330000E-01  2.208596419326E-02
  9.596313830000E-01  2.303560890753E-02
  9.796078800000E-01  2.400523046721E-02
  9.995833640000E-01  2.499482681668E-02
  1.019557830000E+00  2.600439793176E-02
  1.039531350000E+00  2.703394449519E-02
  1.059503790000E+00  2.808346216314E-02
  1.079475160000E+00  2.915295245694E-02
  1.099445460000E+00  3.024241383066E-02
  1.119414690000E+00  3.135184357920E-02
  1.139382840000E+00  3.248124436087E-02
  1.159349680000E+00  3.363061007482E-02
  1.179315570000E+00  3.479994294688E-02
  1.199280140000E+00  3.598924059712E-02
  1.219243530000E+00  3.719849921472E-02
  1.239205720000E+00  3.842772425620E-02
  1.259166720000E+00  3.967691010867E-02
  1.279126410000E+00  4.094605501125E-02
  1.299084780000E+00  4.223515590926E-02
  1.319041850000E+00  4.354421907030E-02
  1.338997720000E+00  4.487323648448E-02
  1.358952160000E+00  4.622220544721E-02
  1.378905180000E+00  4.759112933230E-02
  1.398857000000E+00  4.898000650235E-02
  1.418807270000E+00  5.038882790000E-02
  1.438756110000E+00  5.181760710000E-02
  1.458703640000E+00  5.326633900000E-02
  1.478649620000E+00  5.473501610000E-02
  1.498594160000E+00  5.622363840000E-02
  1.518537160000E+00  5.773220210000E-02
  1.538478730000E+00  5.926071110000E-02
  1.558418630000E+00  6.080916150000E-02
  1.578357100000E+00  6.237754970000E-02
  1.598293900000E+00  6.396587190000E-02
  1.618229150000E+00  6.557413190000E-02
  1.638162730000E+00  6.720232960000E-02
  1.658094640000E+00  6.885045770000E-02
  1.678025010000E+00  7.051852350000E-02
  1.697953700000E+00  7.220651210000E-02
  1.717880610000E+00  7.391442360000E-02
  1.737805840000E+00  7.564227280000E-02
  1.757729290000E+00  7.739003750000E-02
  1.777651070000E+00  7.915772500000E-02
  1.797570940000E+00  8.094534280000E-02
STEP  33 TIME  3.10020000E+04
BODY 1   181
 -1.799999950000E+00 -3.197606599772E-05
 -1.779999970000E+00 -3.361026734660E-14
 -1.759999990000E+00 -3.361026734660E-14
 -1.740000010000E+00 -3.361026734660E-14
 -1.720000030000E+00 -3.361026734660E-14
 -1.700000050000E+00 -3.361026734660E-14
 -1.679999950000E+00 -3.361026734660E-14
 -1.659999970000E+00 -3.361026734660E-14
 -1.639999990000E+00 -3.361026734660E-14
 -1.620000000000E+00 -3.361026734660E-14
 -1.600000020000E+00 -3.361026734660E-14
 -1.580000040000E+00 -3.361026734660E-14
 -1.559999940000E+00 -3.361026734660E-14
 -1.539999960000E+00 -3.361026734660E-14
 -1.519999980000E+00 -3.361026734660E-14
 -1.500000000000E+00 -3.361026734660E-14
 -1.480000020000E+00 -3.361026734660E-14
 -1.460000040000E+00 -3.361026734660E-14
 -1.440000060000E+00 -3.361026734660E-14
 -1.419999960000E+00 -3.361026734660E-14
 -1.399999980000E+00 -3.361026734660E-14
 -1.380000000000E+00 -3.361026734660E-14
 -1.360000010000E+00 -3.361026734660E-14
 -1.340000030000E+00 -3.361026734660E-14
 -1.320000050000E+00 -3.361026734660E-14
 -1.299999950000E+00 -3.361026734660E-14
 -1.279999970000E+00 -3.361026734660E-14
 -1.259999990000E+00 -3.361026734660E-14
 -1.240000010000E+00 -3.361026734660E-14
 -1.220000030000E+00 -3.361026734660E-14
 -1.200000050000E+00 -3.361026734660E-14
 -1.179999950000E+00 -1.313171950033E-04
 -1.159999970000E+00 -8.932690071972E-04
 -1.139999990000E+00 -2.011808728969E-03
 -1.120000000000E+00 -3.138443158185E-03
 -1.100000020000E+00 -4.248848064070E-03
 -1.080000040000E+00 -5.338729947713E-03
 -1.059999940000E+00 -6.408753129221E-03
 -1.039999960000E+00 -7.458650387643E-03
 -1.019999980000E+00 -8.488595003503E-03
 -1.000000000000E+00 -9.498589115671E-03
 -9.800000190000E-01 -1.048862214306E-02
 -9.599999790000E-01 -1.145860527853E-02
 -9.399999980000E-01 -1.240847990129E-02
 -9.200000170000E-01 -1.333839442791E-02
 -8.999999760000E-01 -1.424834603842E-02
 -8.799999950000E-01 -1.513826456661E-02
 -8.600000140000E-01 -1.600807522679E-02
 -8.399999740000E-01 -1.685795230447E-02
 -8.199999930000E-01 -1.768782086618E-02
 -8.000000120000E-01 -1.849760246549E-02
 -7.799999710000E-01 -1.928742846671E-02
 -7.599999900000E-01 -2.005731018715E-02
 -7.400000100000E-01 -2.080697694980E-02
 -7.200000290000E-01 -2.153673232837E-02
 -6.999999880000E-01 -2.224645782431E-02
 -6.800000070000E-01 -2.293618763407E-02
 -6.600000260000E-01 -2.360590805642E-02
 -6.399999860000E-01 -2.425562138877E-02
 -6.200000050000E-01 -2.488533061940E-02
 -6.000000240000E-01 -2.549502929170E-02
 -5.799999830000E-01 -2.608473293790E-02
 -5.600000020000E-01 -2.665442418423E-02
 -5.400000210000E-01 -2.720412844313E-02
 -5.199999810000E-01 -2.773382273307E-02
 -5.000000000000E-01 -2.824351684005E-02
 -4.799999890000E-01 -2.873321506087E-02
 -4.600000080000E-01 -2.920291252181E-02
 -4.399999980000E-01 -2.965262434408E-02
 -4.199999870000E-01 -3.008233803879E-02
 -4.000000060000E-01 -3.049204966405E-02
 -3.799999950000E-01 -3.088177645357E-02
 -3.600000140000E-01 -3.125151066361E-02
 -3.400000040000E-01 -3.160125118058E-02
 -3.199999930000E-01 -3.193100477259E-02
 -3.000000120000E-01 -3.224076870310E-02
 -2.800000010000E-01 -3.253054605820E-02
 -2.599999900000E-01 -3.280033330453E-02
 -2.399999950000E-01 -3.305013489929E-02
 -2.199999990000E-01 -3.327994995286E-02
 -2.000000030000E-01 -3.348977927265E-02
 -1.800000070000E-01 -3.367962324925E-02
 -1.599999960000E-01 -3.384948219998E-02
 -1.400000010000E-01 -3.399935612636E-02
 -1.199999970000E-01 -3.412924557213E-02
 -1.000000010000E-01 -3.423915022520E-02
 -7.999999820000E-02 -3.432907025771E-02
 -5.999999870000E-02 -3.439900459307E-02
 -3.999999910000E-02 -3.444895412849E-02
 -1.999999960000E-02 -3.447893685447E-02
  0.000000000000E+00 -3.448876358583E-02
  1.999999960000E-02 -3.447893685447E-02
  3.999999910000E-02 -3.444895412849E-02
  5.999999870000E-02 -3.439900459307E-02
  7.999999820000E-02 -3.432907025771E-02
  1.000000010000E-01 -3.423915022520E-02
  1.199999970000E-01 -3.412924557213E-02
  1.400000010000E-01 -3.399935612636E-02
  1.599999960000E-01 -3.384948219998E-02
  1.800000070000E-01 -3.367962324925E-02
  2.000000030000E-01 -3.348977927265E-02
  2.199999990000E-01 -3.327994995286E-02
  2.399999950000E-01 -3.305013489929E-02
  2.599999900000E-01 -3.280033330453E-02
  2.800000010000E-01 -3.253054605820E-02
  3.000000120000E-01 -3.224076870310E-02
  3.199999930000E-01 -3.193100477259E-02
  3.400000040000E-01 -3.160125118057E-02
  3.600000140000E-01 -3.125151066361E-02
  3.799999950000E-01 -3.088177645357E-02
  4.000000060000E-01 -3.049204966405E-02
  4.199999870000E-01 -3.008233803879E-02
  4.399999980000E-01 -2.965262434408E-02
  4.600000080000E-01 -2.920291252181E-02
  4.799999890000E-01 -2.873321506087E-02
  5.000000000000E-01 -2.824351684005E-02
  5.199999810000E-01 -2.773382273307E-02
  5.400000210000E-01 -2.720412844313E-02
  5.600000020000E-01 -2.665442418423E-02
  5.799999830000E-01 -2.608473293790E-02
  6.000000240000E-01 -2.549502929170E-02
  6.200000050000E-01 -2.488533061940E-02
  6.399999860000E-01 -2.425562138877E-02
  6.600000260000E-01 -2.360590805642E-02
  6.800000070000E-01 -2.293618763407E-02
  6.999999880000E-01 -2.224645782431E-02
  7.200000290000E-01 -2.153673232837E-02
  7.400000100000E-01 -2.080697694980E-02
  7.599999900000E-01 -2.005731018715E-02
  7.799999710000E-01 -1.928742846671E-02
  8.000000120000E-01 -1.849760246549E-02
  8.199999930000E-01 -1.768782086618E-02
  8.399999740000E-01 -1.685795230447E-02
  8.600000140000E-01 -1.600807522679E-02
  8.799999950000E-01 -1.513826456661E-02
  8.999999760000E-01 -1.424834603842E-02
  9.200000170000E-01 -1.333839442791E-02
  9.399999980000E-01 -1.240847990129E-02
  9.599999790000E-01 -1.145860527853E-02
  9.800000190000E-01 -1.048862214306E-02
  1.000000000000E+00 -9.498589115671E-03
  1.019999980000E+00 -8.488595003503E-03
  1.039999960000E+00 -7.458650387644E-03
  1.059999940000E+00 -6.408753129220E-03
  1.080000040000E+00 -5.338729947713E-03
  1.100000020000E+00 -4.248848064070E-03
  1.120000000000E+00 -3.138443158185E-03
  1.139999990000E+00 -2.011808728969E-03
  1.159999970000E+00 -8.932690071980E-04
  1.179999950000E+00 -1.313171950035E-04
  1.200000050000E+00 -3.361026734660E-14
  1.220000030000E+00 -3.361026734660E-14
  1.240000010000E+00 -3.361026734660E-14
  1.259999990000E+00 -3.361026734660E-14
  1.279999970000E+00 -3.361026734660E-14
  1.299999950000E+00 -3.361026734660E-14
  1.320000050000E+00 -3.361026734660E-14
  1.340000030000E+00 -3.361026734660E-14
  1.360000010000E+00 -3.361026734660E-14
  1.380000000000E+00 -3.361026734660E-14
  1.399999980000E+00 -3.361026734660E-14
  1.419999960000E+00 -3.361026734660E-14
  1.440000060000E+00 -3.361026734660E-14
  1.460000040000E+00 -3.361026734660E-14
  1.480000020000E+00 -3.361026734660E-14
  1.500000000000E+00 -3.361026734660E-14
  1.519999980000E+00 -3.361026734660E-14
  1.539999960000E+00 -3.361026734660E-14
  1.559999940000E+00 -3.361026734660E-14
  1.580000040000E+00 -3.361026734660E-14
  1.600000020000E+00 -3.361026734660E-14
  1.620000000000E+00 -3.361026734660E-14
  1.639999990000E+00 -3.361026734660E-14
  1.659999970000E+00 -3.361026734660E-14
  1.679999950000E+00 -3.361026734660E-14
  1.700000050000E+00 -3.361026734660E-14
  1.720000030000E+00 -3.361026734660E-14
  1.740000010000E+00 -3.361026734660E-14
  1.759999990000E+00 -3.361026734660E-14
  1.779999970000E+00 -3.361026734660E-14
  1.799999950000E+00 -3.197780813414E-05
BODY 2   181
 -1.797570940000E+00  8.094534280000E-02
 -1.777651070000E+00  7.915772500000E-02
 -1.757729290000E+00  7.739003750000E-02
 -1.737805840000E+00  7.564227280000E-02
 -1.717880610000E+00  7.391442360000E-02
 -1.697953700000E+00  7.220651210000E-02
 -1.678025010000E+00  7.051852350000E-02
 -1.658094640000E+00  6.885045770000E-02
 -1.638162730000E+00  6.720232960000E-02
 -1.618229150000E+00  6.557413190000E-02
 -1.598293900000E+00  6.396587190000E-02
 -1.578357100000E+00  6.237754970000E-02
 -1.558418630000E+00  6.080916150000E-02
 -1.538478730000E+00  5.926071110000E-02
 -1.518537160000E+00  5.773220210000E-02
 -1.498594160000E+00  5.622363840000E-02
 -1.478649620000E+00  5.473501610000E-02
 -1.458703640000E+00  5.326633900000E-02
 -1.438756110000E+00  5.181760710000E-02
 -1.418807270000E+00  5.038882790000E-02
 -1.398857000000E+00  4.898000650235E-02
 -1.378905180000E+00  4.759112933230E-02
 -1.358952160000E+00  4.622220544721E-02
 -1.338997720000E+00  4.487323648448E-02
 -1.319041850000E+00  4.354421907030E-02
 -1.299084780000E+00  4.223515590926E-02
 -1.279126410000E+00  4.094605501125E-02
 -1.259166720000E+00  3.967691010867E-02
 -1.239205720000E+00  3.842772425620E-02
 -1.219243530000E+00  3.719849921472E-02
 -1.199280140000E+00  3.598924059712E-02
 -1.179315570000E+00  3.479994294688E-02
 -1.159349680000E+00  3.363061007482E-02
 -1.139382840000E+00  3.248124436087E-02
 -1.119414690000E+00  3.135184357920E-02
 -1.099445460000E+00  3.024241383066E-02
 -1.079475160000E+00  2.915295245694E-02
 -1.059503790000E+00  2.808346216314E-02
 -1.039531350000E+00  2.703394449519E-02
 -1.019557830000E+00  2.600439793176E-02
 -9.995833640000E-01  2.499482681668E-02
 -9.796078800000E-01  2.400523046721E-02
 -9.596313830000E-01  2.303560890753E-02
 -9.396539330000E-01  2.208596419326E-02
 -9.196755890000E-01  2.115629846104E-02
 -8.996962900000E-01  2.024661264049E-02
 -8.797160980000E-01  1.935690419342E-02
 -8.597350120000E-01  1.848717779179E-02
 -8.397530910000E-01  1.763743230986E-02
 -8.197702770000E-01  1.680766896317E-02
 -7.997866870000E-01  1.599788841450E-02
 -7.798022630000E-01  1.520809272338E-02
 -7.598171230000E-01  1.443828182710E-02
 -7.398311500000E-01  1.368845673803E-02
 -7.198444600000E-01  1.295861712494E-02
 -6.998571160000E-01  1.224876567635E-02
 -6.798689960000E-01  1.155890124896E-02
 -6.598802210000E-01  1.088902498239E-02
 -6.398907900000E-01  1.023913868815E-02
 -6.199007030000E-01  9.609242192926E-03
 -5.999100210000E-01  8.999335790388E-03
 -5.799186830000E-01  8.409420175172E-03
 -5.599268080000E-01  7.839496446209E-03
 -5.399343970000E-01  7.289565020892E-03
 -5.199413900000E-01  6.759626286873E-03
 -4.999479060000E-01  6.249680823549E-03
 -4.799539150000E-01  5.759729024464E-03
 -4.599594470000E-01  5.289771842258E-03
 -4.399645030000E-01  4.839809253960E-03
 -4.199691410000E-01  4.409841765801E-03
 -3.999733330000E-01  3.999869814377E-03
 -3.799771370000E-01  3.609894323434E-03
 -3.599805530000E-01  3.239914842129E-03
 -3.399836120000E-01  2.889932517804E-03
 -3.199863430000E-01  2.559947137131E-03
 -2.999887470000E-01  2.249959246878E-03
 -2.799908520000E-01  1.959969068180E-03
 -2.599926890000E-01  1.689977109454E-03
 -2.399942430000E-01  1.439983396658E-03
 -2.199955580000E-01  1.209988378448E-03
 -1.999966650000E-01  9.999922478948E-04
 -1.799975630000E-01  8.099950429685E-04
 -1.599982980000E-01  6.399970287235E-04
 -1.399988530000E-01  4.899983434875E-04
 -1.199992820000E-01  3.599991469688E-04
 -9.999958430000E-02  2.499996233448E-04
 -7.999978960000E-02  1.599998651174E-04
 -5.999990930000E-02  8.999996803291E-05
 -3.999997300000E-02  3.999999788767E-05
 -1.999999580000E-02  1.000000008419E-05
  0.000000000000E+00  0.000000000000E+00
  1.999999580000E-02  1.000000008419E-05
  3.999997300000E-02  3.999999788767E-05
  5.999990930000E-02  8.999996803291E-05
  7.999978960000E-02  1.599998651174E-04
  9.999958430000E-02  2.499996233448E-04
  1.199992820000E-01  3.599991469688E-04
  1.399988530000E-01  4.899983434875E-04
  1.599982980000E-01  6.399970287235E-04
  1.799975630000E-01  8.099950429685E-04
  1.999966650000E-01  9.999922478948E-04
  2.199955580000E-01  1.209988378448E-03
  2.399942430000E-01  1.439983396658E-03
  2.599926890000E-01  1.689977109454E-03
  2.799908520000E-01  1.959969068180E-03
  2.999887470000E-01  2.249959246878E-03
  3.199863430000E-01  2.559947137131E-03
  3.399836120000E-01  2.889932517804E-03
  3.599805530000E-01  3.239914842129E-03
  3.799771370000E-01  3.609894323434E-03
  3.999733330000E-01  3.999869814377E-03
  4.199691410000E-01  4.409841765801E-03
  4.399645030000E-01  4.839809253960E-03
  4.599594470000E-01  5.289771842258E-03
  4.799539150000E-01  5.759729024464E-03
  4.999479060000E-01  6.249680823549E-03
  5.199413900000E-01  6.759626286873E-03
  5.399343970000E-01  7.289565020892E-03
  5.599268080000E-01  7.839496446209E-03
  5.799186830000E-01  8.409420175172E-03
  5.999100210000E-01  8.999335790388E-03
  6.199007030000E-01  9.609242192926E-03
  6.398907900000E-01  1.023913868815E-02
  6.598802210000E-01  1.088902498239E-02
  6.798689960000E-01  1.155890124896E-02
  6.998571160000E-01  1.224876567635E-02
  7.198444600000E-01  1.295861712494E-02
  7.398311500000E-01  1.368845673803E-02
  7.598171230000E-01  1.443828182710E-02
  7.798022630000E-01  1.520809272338E-02
  7.997866870000E-01  1.599788841450E-02
  8.197702770000E-01  1.680766896317E-02
  8.397530910000E-01  1.763743230986E-02
  8.597350120000E-01  1.848717779179E-02
  8.797160980000E-01  1.935690419342E-02
  8.996962900000E-01  2.024661264049E-02
  9.196755890000E-01  2.115629846104E-02
  9.396539330000E-01  2.208596419326E-02
  9.596313830000E-01  2.303560890753E-02
  9.796078800000E-01  2.400523046721E-02
  9.995833640000E-01  2.499482681668E-02
  1.019557830000E+00  2.600439793176E-02
  1.039531350000E+00  2.703394449519E-02
  1.059503790000E+00  2.808346216314E-02
  1.079475160000E+00  2.915295245694E-02
  1.099445460000E+00  3.024241383066E-02
  1.119414690000E+00  3.135184357920E-02
  1.139382840000E+00  3.248124436087E-02
  1.159349680000E+00  3.363061007482E-02
  1.179315570000E+00  3.479994294688E-02
  1.199280140000E+00  3.598924059712E-02
  1.219243530000E+00  3.719849921472E-02
  1.239205720000E+00  3.842772425620E-02
  1.259166720000E+00  3.967691010867E-02
  1.279126410000E+00  4.094605501125E-02
  1.299084780000E+00  4.223515590926E-02
  1.319041850000E+00  4.354421907030E-02
  1.338997720000E+00  4.487323648448E-02
  1.358952160000E+00  4.622220544721E-02
  1.378905180000E+00  4.759112933230E-02
  1.398857000000E+00  4.898000650235E-02
  1.418807270000E+00  5.038882790000E-02
  1.438756110000E+00  5.181760710000E-02
  1.458703640000E+00  5.326633900000E-02
  1.478649620000E+00  5.473501610000E-02
  1.498594160000E+00  5.622363840000E-02
  1.518537160000E+00  5.773220210000E-02
  1.538478730000E+00  5.926071110000E-02
  1.558418630000E+00  6.080916150000E-02
  1.578357100000E+00  6.237754970000E-02
  1.598293900000E+00  6.396587190000E-02
  1.618229150000E+00  6.557413190000E-02
  1.638162730000E+00  6.720232960000E-02
  1.658094640000E+00  6.885045770000E-02
  1.678025010000E+00  7.051852350000E-02
  1.697953700000E+00  7.220651210000E-02
  1.717880610000E+00  7.391442360000E-02
  1.737805840000E+00  7.564227280000E-02
  1.757729290000E+00  7.739003750000E-02
  1.777651070000E+00  7.915772500000E-02
  1.797570940000E+00  8.094534280000E-02
STEP  34 TIME  3.20020000E+04
BODY 1   181
 -1.799999950000E+00 -3.167842896242E-05
 -1.779999970000E+00 -3.469446951906E-14
 -1.759999990000E+00 -3.469446951906E-14
 -1.740000010000E+00 -3.469446951906E-14
 -1.720000030000E+00 -3.469446951906E-14
 -1.700000050000E+00 -3.469446951906E-14
 -1.679999950000E+00 -3.469446951906E-14
 -1.659999970000E+00 -3.469446951906E-14
 -1.639999990000E+00 -3.469446951906E-14
 -1.620000000000E+00 -3.469446951906E-14
 -1.600000020000E+00 -3.469446951906E-14
 -1.580000040000E+00 -3.469446951906E-14
 -1.559999940000E+00 -3.469446951906E-14
 -1.539999960000E+00 -3.469446951906E-14
 -1.519999980000E+00 -3.469446951906E-14
 -1.500000000000E+00 -3.469446951906E-14
 -1.480000020000E+00 -3.469446951906E-14
 -1.460000040000E+00 -3.469446951906E-14
 -1.440000060000E+00 -3.469446951906E-14
 -1.419999960000E+00 -3.469446951906E-14
 -1.399999980000E+00 -3.469446951906E-14
 -1.380000000000E+00 -3.469446951906E-14
 -1.360000010000E+00 -3.469446951906E-14
 -1.340000030000E+00 -3.469446951906E-14
 -1.320000050000E+00 -3.469446951906E-14
 -1.299999950000E+00 -3.469446951906E-14
 -1.279999970000E+00 -3.469446951906E-14
 -1.259999990000E+00 -3.469446951906E-14
 -1.240000010000E+00 -3.469446951906E-14
 -1.220000030000E+00 -3.469446951906E-14
 -1.200000050000E+00 -4.865909452814E-05
 -1.179999950000E+00 -4.849102521482E-04
 -1.159999970000E+00 -1.605900290468E-03
 -1.139999990000E+00 -2.748088518024E-03
 -1.120000000000E+00 -3.879123112879E-03
 -1.100000020000E+00 -4.988943262017E-03
 -1.080000040000E+00 -6.079005581872E-03
 -1.059999940000E+00 -7.149066726575E-03
 -1.039999960000E+00 -8.199182398231E-03
 -1.019999980000E+00 -9.229320123705E-03
 -1.000000000000E+00 -1.023940298146E-02
 -9.800000190000E-01 -1.122939278795E-02
 -9.599999790000E-01 -1.219936848440E-02
 -9.399999980000E-01 -1.314939790534E-02
 -9.200000170000E-01 -1.407942318646E-02
 -8.999999760000E-01 -1.498935785129E-02
 -8.799999950000E-01 -1.587925897353E-02
 -8.600000140000E-01 -1.674919830367E-02
 -8.399999740000E-01 -1.759911878849E-02
 -8.199999930000E-01 -1.842894166973E-02
 -8.000000120000E-01 -1.923881004009E-02
 -7.799999710000E-01 -2.002869431879E-02
 -7.599999900000E-01 -2.079844986018E-02
 -7.400000100000E-01 -2.154825132463E-02
 -7.200000290000E-01 -2.227801728797E-02
 -6.999999880000E-01 -2.298778918549E-02
 -6.800000070000E-01 -2.367754412383E-02
 -6.600000260000E-01 -2.434728938535E-02
 -6.399999860000E-01 -2.499703082682E-02
 -6.200000050000E-01 -2.562674902385E-02
 -6.000000240000E-01 -2.623646948973E-02
 -5.799999830000E-01 -2.682617662628E-02
 -5.600000020000E-01 -2.739588500150E-02
 -5.400000210000E-01 -2.794558584855E-02
 -5.199999810000E-01 -2.847530098647E-02
 -5.000000000000E-01 -2.898500527116E-02
 -4.799999890000E-01 -2.947471153494E-02
 -4.600000080000E-01 -2.994441817854E-02
 -4.399999980000E-01 -3.039412928416E-02
 -4.199999870000E-01 -3.082385099477E-02
 -4.000000060000E-01 -3.123357373896E-02
 -3.799999950000E-01 -3.162330236706E-02
 -3.600000140000E-01 -3.199304158015E-02
 -3.400000040000E-01 -3.234278913881E-02
 -3.199999930000E-01 -3.267254786259E-02
 -3.000000120000E-01 -3.298231551764E-02
 -2.800000010000E-01 -3.327209553904E-02
 -2.599999900000E-01 -3.354188828869E-02
 -2.399999950000E-01 -3.379169379842E-02
 -2.199999990000E-01 -3.402151014186E-02
 -2.000000030000E-01 -3.423134134319E-02
 -1.800000070000E-01 -3.442118711724E-02
 -1.599999960000E-01 -3.459104808667E-02
 -1.400000010000E-01 -3.474092414435E-02
 -1.199999970000E-01 -3.487081552526E-02
 -1.000000010000E-01 -3.498072171042E-02
 -7.999999820000E-02 -3.507064278586E-02
 -5.999999870000E-02 -3.514057789079E-02
 -3.999999910000E-02 -3.519052775024E-02
 -1.999999960000E-02 -3.522051048514E-02
  0.000000000000E+00 -3.523033949711E-02
  1.999999960000E-02 -3.522051048514E-02
  3.999999910000E-02 -3.519052775024E-02
  5.999999870000E-02 -3.514057789079E-02
  7.999999820000E-02 -3.507064278586E-02
  1.000000010000E-01 -3.498072171042E-02
  1.199999970000E-01 -3.487081552526E-02
  1.400000010000E-01 -3.474092414435E-02
  1.599999960000E-01 -3.459104808667E-02
  1.800000070000E-01 -3.442118711724E-02
  2.000000030000E-01 -3.423134134319E-02
  2.199999990000E-01 -3.402151014186E-02
  2.399999950000E-01 -3.379169379842E-02
  2.599999900000E-01 -3.354188828869E-02
  2.800000010000E-01 -3.327209553904E-02
  3.000000120000E-01 -3.298231551764E-02
  3.199999930000E-01 -3.267254786260E-02
  3.400000040000E-01 -3.234278913881E-02
  3.600000140000E-01 -3.199304158015E-02
  3.799999950000E-01 -3.162330236706E-02
  4.000000060000E-01 -3.123357373896E-02
  4.199999870000E-01 -3.082385099477E-02
  4.399999980000E-01 -3.039412928416E-02
  4.600000080000E-01 -2.994441817854E-02
  4.799999890000E-01 -2.947471153494E-02
  5.000000000000E-01 -2.898500527116E-02
  5.199999810000E-01 -2.847530098647E-02
  5.400000210000E-01 -2.794558584855E-02
  5.600000020000E-01 -2.739588500149E-02
  5.799999830000E-01 -2.682617662628E-02
  6.000000240000E-01 -2.623646948972E-02
  6.200000050000E-01 -2.562674902385E-02
  6.399999860000E-01 -2.499703082682E-02
  6.600000260000E-01 -2.434728938535E-02
  6.800000070000E-01 -2.367754412383E-02
  6.999999880000E-01 -2.298778918549E-02
  7.200000290000E-01 -2.227801728797E-02
  7.400000100000E-01 -2.154825132463E-02
  7.599999900000E-01 -2.079844986018E-02
  7.799999710000E-01 -2.002869431878E-02
  8.000000120000E-01 -1.923881004009E-02
  8.199999930000E-01 -1.842894166973E-02
  8.399999740000E-01 -1.759911878849E-02
  8.600000140000E-01 -1.674919830367E-02
  8.799999950000E-01 -1.587925897353E-02
  8.999999760000E-01 -1.498935785129E-02
  9.200000170000E-01 -1.407942318646E-02
  9.399999980000E-01 -1.314939790534E-02
  9.599999790000E-01 -1.219936848440E-02
  9.800000190000E-01 -1.122939278795E-02
  1.000000000000E+00 -1.023940298146E-02
  1.019999980000E+00 -9.229320123705E-03
  1.039999960000E+00 -8.199182398231E-03
  1.059999940000E+00 -7.149066726576E-03
  1.080000040000E+00 -6.079005581872E-03
  1.100000020000E+00 -4.988943262016E-03
  1.120000000000E+00 -3.879123112881E-03
  1.139999990000E+00 -2.748088518025E-03
  1.159999970000E+00 -1.605900290469E-03
  1.179999950000E+00 -4.849102521484E-04
  1.200000050000E+00 -4.865909452833E-05
  1.220000030000E+00 -3.469446951906E-14
  1.240000010000E+00 -3.469446951906E-14
  1.259999990000E+00 -3.469446951906E-14
  1.279999970000E+00 -3.469446951906E-14
  1.299999950000E+00 -3.469446951906E-14
  1.320000050000E+00 -3.469446951906E-14
  1.340000030000E+00 -3.469446951906E-14
  1.360000010000E+00 -3.469446951906E-14
  1.380000000000E+00 -3.469446951906E-14
  1.399999980000E+00 -3.469446951906E-14
  1.419999960000E+00 -3.469446951906E-14
  1.440000060000E+00 -3.469446951906E-14
  1.460000040000E+00 -3.469446951906E-14
  1.480000020000E+00 -3.469446951906E-14
  1.500000000000E+00 -3.469446951906E-14
  1.519999980000E+00 -3.469446951906E-14
  1.539999960000E+00 -3.469446951906E-14
  1.559999940000E+00 -3.469446951906E-14
  1.580000040000E+00 -3.469446951906E-14
  1.600000020000E+00 -3.469446951906E-14
  1.620000000000E+00 -3.469446951906E-14
  1.639999990000E+00 -3.469446951906E-14
  1.659999970000E+00 -3.469446951906E-14
  1.679999950000E+00 -3.469446951906E-14
  1.700000050000E+00 -3.469446951906E-14
  1.720000030000E+00 -3.469446951906E-14
  1.740000010000E+00 -3.469446951906E-14
  1.759999990000E+00 -3.469446951906E-14
  1.779999970000E+00 -3.469446951906E-14
  1.799999950000E+00 -3.168082866176E-05
BODY 2   181
 -1.797570940000E+00  8.094534280000E-02
 -1.777651070000E+00  7.915772500000E-02
 -1.757729290000E+00  7.739003750000E-02
 -1.737805840000E+00  7.564227280000E-02
 -1.717880610000E+00  7.391442360000E-02
 -1.697953700000E+00  7.220651210000E-02
 -1.678025010000E+00  7.051852350000E-02
 -1.658094640000E+00  6.885045770000E-02
 -1.638162730000E+00  6.720232960000E-02
 -1.618229150000E+00  6.557413190000E-02
 -1.598293900000E+00  6.396587190000E-02
 -1.578357100000E+00  6.237754970000E-02
 -1.558418630000E+00  6.080916150000E-02
 -1.538478730000E+00  5.926071110000E-02
 -1.518537160000E+00  5.773220210000E-02
 -1.498594160000E+00  5.622363840000E-02
 -1.478649620000E+00  5.473501610000E-02
 -1.458703640000E+00  5.326633900000E-02
 -1.438756110000E+00  5.181760710000E-02
 -1.418807270000E+00  5.038882790000E-02
 -1.398857000000E+00  4.898000650235E-02
 -1.378905180000E+00  4.759112933230E-02
 -1.358952160000E+00  4.622220544721E-02
 -1.338997720000E+00  4.487323648448E-02
 -1.319041850000E+00  4.354421907030E-02
 -1.299084780000E+00  4.223515590926E-02
 -1.279126410000E+00  4.094605501125E-02
 -1.259166720000E+00  3.967691010867E-02
 -1.239205720000E+00  3.842772425620E-02
 -1.219243530000E+00  3.719849921472E-02
 -1.199280140000E+00  3.598924059712E-02
 -1.179315570000E+00  3.479994294688E-02
 -1.159349680000E+00  3.363061007482E-02
 -1.139382840000E+00  3.248124436087E-02
 -1.119414690000E+00  3.135184357920E-02
 -1.099445460000E+00  3.024241383066E-02
 -1.079475160000E+00  2.915295245694E-02
 -1.059503790000E+00  2.808346216314E-02
 -1.039531350000E+00  2.703394449519E-02
 -1.019557830000E+00  2.600439793176E-02
 -9.995833640000E-01  2.499482681668E-02
 -9.796078800000E-01  2.400523046721E-02
 -9.596313830000E-01  2.303560890753E-02
 -9.396539330000E-01  2.208596419326E-02
 -9.196755890000E-01  2.115629846104E-02
 -8.996962900000E-01  2.024661264049E-02
 -8.797160980000E-01  1.935690419342E-02
 -8.597350120000E-01  1.848717779179E-02
 -8.397530910000E-01  1.763743230986E-02
 -8.197702770000E-01  1.680766896317E-02
 -7.997866870000E-01  1.599788841450E-02
 -7.798022630000E-01  1.520809272338E-02
 -7.598171230000E-01  1.443828182710E-02
 -7.398311500000E-01  1.368845673803E-02
 -7.198444600000E-01  1.295861712494E-02
 -6.998571160000E-01  1.224876567635E-02
 -6.798689960000E-01  1.155890124896E-02
 -6.598802210000E-01  1.088902498239E-02
 -6.398907900000E-01  1.023913868815E-02
 -6.199007030000E-01  9.609242192926E-03
 -5.999100210000E-01  8.999335790388E-03
 -5.799186830000E-01  8.409420175172E-03
 -5.599268080000E-01  7.839496446209E-03
 -5.399343970000E-01  7.289565020892E-03
 -5.199413900000E-01  6.759626286873E-03
 -4.999479060000E-01  6.249680823549E-03
 -4.799539150000E-01  5.759729024464E-03
 -4.599594470000E-01  5.289771842258E-03
 -4.399645030000E-01  4.839809253960E-03
 -4.199691410000E-01  4.409841765801E-03
 -3.999733330000E-01  3.999869814377E-03
 -3.799771370000E-01  3.609894323434E-03
 -3.599805530000E-01  3.239914842129E-03
 -3.399836120000E-01  2.889932517804E-03
 -3.199863430000E-01  2.559947137131E-03
 -2.999887470000E-01  2.249959246878E-03
 -2.799908520000E-01  1.959969068180E-03
 -2.599926890000E-01  1.689977109454E-03
 -2.399942430000E-01  1.439983396658E-03
 -2.199955580000E-01  1.209988378448E-03
 -1.999966650000E-01  9.999922478948E-04
 -1.799975630000E-01  8.099950429685E-04
 -1.599982980000E-01  6.399970287235E-04
 -1.399988530000E-01  4.899983434875E-04
 -1.199992820000E-01  3.599991469688E-04
 -9.999958430000E-02  2.499996233448E-04
 -7.999978960000E-02  1.599998651174E-04
 -5.999990930000E-02  8.999996803291E-05
 -3.999997300000E-02  3.999999788767E-05
 -1.999999580000E-02  1.000000008419E-05
  0.000000000000E+00  0.000000000000E+00
  1.999999580000E-02  1.000000008419E-05
  3.999997300000E-02  3.999999788767E-05
  5.999990930000E-02  8.999996803291E-05
  7.999978960000E-02  1.599998651174E-04
  9.999958430000E-02  2.499996233448E-04
  1.199992820000E-01  3.599991469688E-04
  1.399988530000E-01  4.899983434875E-04
  1.599982980000E-01  6.399970287235E-04
  1.799975630000E-01  8.099950429685E-04
  1.999966650000E-01  9.999922478948E-04
  2.199955580000E-01  1.209988378448E-03
  2.399942430000E-01  1.439983396658E-03
  2.599926890000E-01  1.689977109454E-03
  2.799908520000E-01  1.959969068180E-03
  2.999887470000E-01  2.249959246878E-03
  3.199863430000E-01  2.559947137131E-03
  3.399836120000E-01  2.889932517804E-03
  3.599805530000E-01  3.239914842129E-03
  3.799771370000E-01  3.609894323434E-03
  3.999733330000E-01  3.999869814377E-03
  4.199691410000E-01  4.409841765801E-03
  4.399645030000E-01  4.839809253960E-03
  4.599594470000E-01  5.289771842258E-03
  4.799539150000E-01  5.759729024464E-03
  4.999479060000E-01  6.249680823549E-03
  5.199413900000E-01  6.759626286873E-03
  5.399343970000E-01  7.289565020892E-03
  5.599268080000E-01  7.839496446209E-03
  5.799186830000E-01  8.409420175172E-03
  5.999100210000E-01  8.999335790388E-03
  6.199007030000E-01  9.609242192926E-03
  6.398907900000E-01  1.023913868815E-02
  6.598802210000E-01  1.088902498239E-02
  6.798689960000E-01  1.155890124896E-02
  6.998571160000E-01  1.224876567635E-02
  7.198444600000E-01  1.295861712494E-02
  7.398311500000E-01  1.368845673803E-02
  7.598171230000E-01  1.443828182710E-02
  7.798022630000E-01  1.520809272338E-02
  7.997866870000E-01  1.599788841450E-02
  8.197702770000E-01  1.680766896317E-02
  8.397530910000E-01  1.763743230986E-02
  8.597350120000E-01  1.848717779179E-02
  8.797160980000E-01  1.935690419342E-02
  8.996962900000E-01  2.024661264049E-02
  9.196755890000E-01  2.115629846104E-02
  9.396539330000E-01  2.208596419326E-02
  9.596313830000E-01  2.303560890753E-02
  9.796078800000E-01  2.400523046721E-02
  9.995833640000E-01  2.499482681668E-02
  1.019557830000E+00  2.600439793176E-02
  1.039531350000E+00  2.703394449519E-02
  1.059503790000E+00  2.808346216314E-02
  1.079475160000E+00  2.915295245694E-02
  1.099445460000E+00  3.024241383066E-02
  1.119414690000E+00  3.135184357920E-02
  1.139382840000E+00  3.248124436087E-02
  1.159349680000E+00  3.363061007482E-02
  1.179315570000E+00  3.479994294688E-02
  1.199280140000E+00  3.598924059712E-02
  1.219243530000E+00  3.719849921472E-02
  1.239205720000E+00  3.842772425620E-02
  1.259166720000E+00  3.967691010867E-02
  1.279126410000E+00  4.094605501125E-02
  1.299084780000E+00  4.223515590926E-02
  1.319041850000E+00  4.354421907030E-02
  1.338997720000E+00  4.487323648448E-02
  1.358952160000E+00  4.622220544721E-02
  1.378905180000E+00  4.759112933230E-02
  1.398857000000E+00  4.898000650235E-02
  1.418807270000E+00  5.038882790000E-02
  1.438756110000E+00  5.181760710000E-02
  1.458703640000E+00  5.326633900000E-02
  1.478649620000E+00  5.473501610000E-02
  1.498594160000E+00  5.622363840000E-02
  1.518537160000E+00  5.773220210000E-02
  1.538478730000E+00  5.926071110000E-02
  1.558418630000E+00  6.080916150000E-02
  1.578357100000E+00  6.237754970000E-02
  1.598293900000E+00  6.396587190000E-02
  1.618229150000E+00  6.557413190000E-02
  1.638162730000E+00  6.720232960000E-02
  1.658094640000E+00  6.885045770000E-02
  1.678025010000E+00  7.051852350000E-02
  1.697953700000E+00  7.220651210000E-02
  1.717880610000E+00  7.391442360000E-02
  1.737805840000E+00  7.564227280000E-02
  1.757729290000E+00  7.739003750000E-02
  1.777651070000E+00  7.915772500000E-02
  1.797570940000E+00  8.094534280000E-02
STEP  35 TIME  3.30020000E+04
BODY 1   181
 -1.799999950000E+00 -3.140319527412E-05
 -1.779999970000E+00 -3.577867169151E-14
 -1.759999990000E+00 -3.577867169151E-14
 -1.740000010000E+00 -3.577867169151E-14
 -1.720000030000E+00 -3.577867169151E-14
 -1.700000050000E+00 -3.577867169151E-14
 -1.679999950000E+00 -3.577867169151E-14
 -1.659999970000E+00 -3.577867169151E-14
 -1.639999990000E+00 -3.577867169151E-14
 -1.620000000000E+00 -3.577867169151E-14
 -1.600000020000E+00 -3.577867169151E-14
 -1.580000040000E+00 -3.577867169151E-14
 -1.559999940000E+00 -3.577867169151E-14
 -1.539999960000E+00 -3.577867169151E-14
 -1.519999980000E+00 -3.577867169151E-14
 -1.500000000000E+00 -3.577867169151E-14
 -1.480000020000E+00 -3.577867169151E-14
 -1.460000040000E+00 -3.577867169151E-14
 -1.440000060000E+00 -3.577867169151E-14
 -1.419999960000E+00 -3.577867169151E-14
 -1.399999980000E+00 -3.577867169151E-14
 -1.380000000000E+00 -3.577867169151E-14
 -1.360000010000E+00 -3.577867169151E-14
 -1.340000030000E+00 -3.577867169151E-14
 -1.320000050000E+00 -3.577867169151E-14
 -1.299999950000E+00 -3.577867169151E-14
 -1.279999970000E+00 -3.577867169151E-14
 -1.259999990000E+00 -3.577867169151E-14
 -1.240000010000E+00 -3.577867169151E-14
 -1.220000030000E+00 -3.577867169151E-14
 -1.200000050000E+00 -1.929905335611E-04
 -1.179999950000E+00 -1.180993998025E-03
 -1.159999970000E+00 -2.332421081010E-03
 -1.139999990000E+00 -3.481563009220E-03
 -1.120000000000E+00 -4.611694255428E-03
 -1.100000020000E+00 -5.721773431709E-03
 -1.080000040000E+00 -6.811948374889E-03
 -1.059999940000E+00 -7.882101034503E-03
 -1.039999960000E+00 -8.932210349441E-03
 -1.019999980000E+00 -9.962239723232E-03
 -1.000000000000E+00 -1.097228358945E-02
 -9.800000190000E-01 -1.196237769241E-02
 -9.599999790000E-01 -1.293250087159E-02
 -9.399999980000E-01 -1.388256824886E-02
 -9.200000170000E-01 -1.481253139034E-02
 -8.999999760000E-01 -1.572257249406E-02
 -8.799999950000E-01 -1.661263594820E-02
 -8.600000140000E-01 -1.748263859782E-02
 -8.399999740000E-01 -1.833268351129E-02
 -8.199999930000E-01 -1.916281508525E-02
 -8.000000120000E-01 -1.997344016330E-02
 -7.799999710000E-01 -2.076327484765E-02
 -7.599999900000E-01 -2.153230249134E-02
 -7.400000100000E-01 -2.228185373931E-02
 -7.200000290000E-01 -2.301145811033E-02
 -6.999999880000E-01 -2.372111843185E-02
 -6.800000070000E-01 -2.441078157525E-02
 -6.600000260000E-01 -2.508046267193E-02
 -6.399999860000E-01 -2.573012578558E-02
 -6.200000050000E-01 -2.635980544856E-02
 -6.000000240000E-01 -2.696946910454E-02
 -5.799999830000E-01 -2.755915257368E-02
 -5.600000020000E-01 -2.812881501647E-02
 -5.400000210000E-01 -2.867849263264E-02
 -5.199999810000E-01 -2.920817090100E-02
 -5.000000000000E-01 -2.971786326963E-02
 -4.799999890000E-01 -3.020755143719E-02
 -4.600000080000E-01 -3.067724081013E-02
 -4.399999980000E-01 -3.112693780191E-02
 -4.199999870000E-01 -3.155664200368E-02
 -4.000000060000E-01 -3.196635631718E-02
 -3.799999950000E-01 -3.235607657297E-02
 -3.600000140000E-01 -3.272580738522E-02
 -3.400000040000E-01 -3.307554885853E-02
 -3.199999930000E-01 -3.340530055357E-02
 -3.000000120000E-01 -3.371506310664E-02
 -2.800000010000E-01 -3.400483738354E-02
 -2.599999900000E-01 -3.427462489046E-02
 -2.399999950000E-01 -3.452442502106E-02
 -2.199999990000E-01 -3.475423944659E-02
 -2.000000030000E-01 -3.496406795810E-02
 -1.800000070000E-01 -3.515391101949E-02
 -1.599999960000E-01 -3.532376940352E-02
 -1.400000010000E-01 -3.547364308406E-02
 -1.199999970000E-01 -3.560353266440E-02
 -1.000000010000E-01 -3.571343756206E-02
 -7.999999820000E-02 -3.580335788535E-02
 -5.999999870000E-02 -3.587329249912E-02
 -3.999999910000E-02 -3.592324178116E-02
 -1.999999960000E-02 -3.595322381705E-02
  0.000000000000E+00 -3.596305648866E-02
  1.999999960000E-02 -3.595322381705E-02
  3.999999910000E-02 -3.592324178116E-02
  5.999999870000E-02 -3.587329249912E-02
  7.999999820000E-02 -3.580335788535E-02
  1.000000010000E-01 -3.571343756206E-02
  1.199999970000E-01 -3.560353266440E-02
  1.400000010000E-01 -3.547364308406E-02
  1.599999960000E-01 -3.532376940352E-02
  1.800000070000E-01 -3.515391101949E-02
  2.000000030000E-01 -3.496406795810E-02
  2.199999990000E-01 -3.475423944659E-02
  2.399999950000E-01 -3.452442502106E-02
  2.599999900000E-01 -3.427462489046E-02
  2.800000010000E-01 -3.400483738354E-02
  3.000000120000E-01 -3.371506310664E-02
  3.199999930000E-01 -3.340530055357E-02
  3.400000040000E-01 -3.307554885853E-02
  3.600000140000E-01 -3.272580738522E-02
  3.799999950000E-01 -3.235607657297E-02
  4.000000060000E-01 -3.196635631718E-02
  4.199999870000E-01 -3.155664200369E-02
  4.399999980000E-01 -3.112693780191E-02
  4.600000080000E-01 -3.067724081013E-02
  4.799999890000E-01 -3.020755143719E-02
  5.000000000000E-01 -2.971786326963E-02
  5.199999810000E-01 -2.920817090100E-02
  5.400000210000E-01 -2.867849263264E-02
  5.600000020000E-01 -2.812881501647E-02
  5.799999830000E-01 -2.755915257368E-02
  6.000000240000E-01 -2.696946910454E-02
  6.200000050000E-01 -2.635980544856E-02
  6.399999860000E-01 -2.573012578558E-02
  6.600000260000E-01 -2.508046267193E-02
  6.800000070000E-01 -2.441078157525E-02
  6.999999880000E-01 -2.372111843185E-02
  7.200000290000E-01 -2.301145811033E-02
  7.400000100000E-01 -2.228185373931E-02
  7.599999900000E-01 -2.153230249134E-02
  7.799999710000E-01 -2.076327484765E-02
  8.000000120000E-01 -1.997344016330E-02
  8.199999930000E-01 -1.916281508525E-02
  8.399999740000E-01 -1.833268351129E-02
  8.600000140000E-01 -1.748263859783E-02
  8.799999950000E-01 -1.661263594820E-02
  8.999999760000E-01 -1.572257249406E-02
  9.200000170000E-01 -1.481253139034E-02
  9.399999980000E-01 -1.388256824886E-02
  9.599999790000E-01 -1.293250087159E-02
  9.800000190000E-01 -1.196237769241E-02
  1.000000000000E+00 -1.097228358945E-02
  1.019999980000E+00 -9.962239723233E-03
  1.039999960000E+00 -8.932210349441E-03
  1.059999940000E+00 -7.882101034503E-03
  1.080000040000E+00 -6.811948374889E-03
  1.100000020000E+00 -5.721773431709E-03
  1.120000000000E+00 -4.611694255428E-03
  1.139999990000E+00 -3.481563009220E-03
  1.159999970000E+00 -2.332421081010E-03
  1.179999950000E+00 -1.180993998025E-03
  1.200000050000E+00 -1.929905335608E-04
  1.220000030000E+00 -3.577867169151E-14
  1.240000010000E+00 -3.577867169151E-14
  1.259999990000E+00 -3.577867169151E-14
  1.279999970000E+00 -3.577867169151E-14
  1.299999950000E+00 -3.577867169151E-14
  1.320000050000E+00 -3.577867169151E-14
  1.340000030000E+00 -3.577867169151E-14
  1.360000010000E+00 -3.577867169151E-14
  1.380000000000E+00 -3.577867169151E-14
  1.399999980000E+00 -3.577867169151E-14
  1.419999960000E+00 -3.577867169151E-14
  1.440000060000E+00 -3.577867169151E-14
  1.460000040000E+00 -3.577867169151E-14
  1.480000020000E+00 -3.577867169151E-14
  1.500000000000E+00 -3.577867169151E-14
  1.519999980000E+00 -3.577867169151E-14
  1.539999960000E+00 -3.577867169151E-14
  1.559999940000E+00 -3.577867169151E-14
  1.580000040000E+00 -3.577867169151E-14
  1.600000020000E+00 -3.577867169151E-14
  1.620000000000E+00 -3.577867169151E-14
  1.639999990000E+00 -3.577867169151E-14
  1.659999970000E+00 -3.577867169151E-14
  1.679999950000E+00 -3.577867169151E-14
  1.700000050000E+00 -3.577867169151E-14
  1.720000030000E+00 -3.577867169151E-14
  1.740000010000E+00 -3.577867169151E-14
  1.759999990000E+00 -3.577867169151E-14
  1.779999970000E+00 -3.577867169151E-14
  1.799999950000E+00 -3.140647676864E-05
BODY 2   181
 -1.797570940000E+00  8.094534280000E-02
 -1.777651070000E+00  7.915772500000E-02
 -1.757729290000E+00  7.739003750000E-02
 -1.737805840000E+00  7.564227280000E-02
 -1.717880610000E+00  7.391442360000E-02
 -1.697953700000E+00  7.220651210000E-02
 -1.678025010000E+00  7.051852350000E-02
 -1.658094640000E+00  6.885045770000E-02
 -1.638162730000E+00  6.720232960000E-02
 -1.618229150000E+00  6.557413190000E-02
 -1.598293900000E+00  6.396587190000E-02
 -1.578357100000E+00  6.237754970000E-02
 -1.558418630000E+00  6.080916150000E-02
 -1.538478730000E+00  5.926071110000E-02
 -1.518537160000E+00  5.773220210000E-02
 -1.498594160000E+00  5.622363840000E-02
 -1.478649620000E+00  5.473501610000E-02
 -1.458703640000E+00  5.326633900000E-02
 -1.438756110000E+00  5.181760710000E-02
 -1.418807270000E+00  5.038882790000E-02
 -1.398857000000E+00  4.898000650235E-02
 -1.378905180000E+00  4.759112933230E-02
 -1.358952160000E+00  4.622220544721E-02
 -1.338997720000E+00  4.487323648448E-02
 -1.319041850000E+00  4.354421907030E-02
 -1.299084780000E+00  4.223515590926E-02
 -1.279126410000E+00  4.094605501125E-02
 -1.259166720000E+00  3.967691010867E-02
 -1.239205720000E+00  3.842772425620E-02
 -1.219243530000E+00  3.719849921472E-02
 -1.199280140000E+00  3.598924059712E-02
 -1.179315570000E+00  3.479994294688E-02
 -1.159349680000E+00  3.363061007482E-02
 -1.139382840000E+00  3.248124436087E-02
 -1.119414690000E+00  3.135184357920E-02
 -1.099445460000E+00  3.024241383066E-02
 -1.079475160000E+00  2.915295245694E-02
 -1.059503790000E+00  2.808346216314E-02
 -1.039531350000E+00  2.703394449519E-02
 -1.019557830000E+00  2.600439793176E-02
 -9.995833640000E-01  2.499482681668E-02
 -9.796078800000E-01  2.400523046721E-02
 -9.596313830000E-01  2.303560890753E-02
 -9.396539330000E-01  2.208596419326E-02
 -9.196755890000E-01  2.115629846104E-02
 -8.996962900000E-01  2.024661264049E-02
 -8.797160980000E-01  1.935690419342E-02
 -8.597350120000E-01  1.848717779179E-02
 -8.397530910000E-01  1.763743230986E-02
 -8.197702770000E-01  1.680766896317E-02
 -7.997866870000E-01  1.599788841450E-02
 -7.798022630000E-01  1.520809272338E-02
 -7.598171230000E-01  1.443828182710E-02
 -7.398311500000E-01  1.368845673803E-02
 -7.198444600000E-01  1.295861712494E-02
 -6.998571160000E-01  1.224876567635E-02
 -6.798689960000E-01  1.155890124896E-02
 -6.598802210000E-01  1.088902498239E-02
 -6.398907900000E-01  1.023913868815E-02
 -6.199007030000E-01  9.609242192926E-03
 -5.999100210000E-01  8.999335790388E-03
 -5.799186830000E-01  8.409420175172E-03
 -5.599268080000E-01  7.839496446209E-03
 -5.399343970000E-01  7.289565020892E-03
 -5.199413900000E-01  6.759626286873E-03
 -4.999479060000E-01  6.249680823549E-03
 -4.799539150000E-01  5.759729024464E-03
 -4.599594470000E-01  5.289771842258E-03
 -4.399645030000E-01  4.839809253960E-03
 -4.199691410000E-01  4.409841765801E-03
 -3.999733330000E-01  3.999869814377E-03
 -3.799771370000E-01  3.609894323434E-03
 -3.599805530000E-01  3.239914842129E-03
 -3.399836120000E-01  2.889932517804E-03
 -3.199863430000E-01  2.559947137131E-03
 -2.999887470000E-01  2.249959246878E-03
 -2.799908520000E-01  1.959969068180E-03
 -2.599926890000E-01  1.689977109454E-03
 -2.399942430000E-01  1.439983396658E-03
 -2.199955580000E-01  1.209988378448E-03
 -1.999966650000E-01  9.999922478948E-04
 -1.799975630000E-01  8.099950429685E-04
 -1.599982980000E-01  6.399970287235E-04
 -1.399988530000E-01  4.899983434875E-04
 -1.199992820000E-01  3.599991469688E-04
 -9.999958430000E-02  2.499996233448E-04
 -7.999978960000E-02  1.599998651174E-04
 -5.999990930000E-02  8.999996803291E-05
 -3.999997300000E-02  3.999999788767E-05
 -1.999999580000E-02  1.000000008419E-05
  0.000000000000E+00  0.000000000000E+00
  1.999999580000E-02  1.000000008419E-05
  3.999997300000E-02  3.999999788767E-05
  5.999990930000E-02  8.999996803291E-05
  7.999978960000E-02  1.599998651174E-04
  9.999958430000E-02  2.499996233448E-04
  1.199992820000E-01  3.599991469688E-04
  1.399988530000E-01  4.899983434875E-04
  1.599982980000E-01  6.399970287235E-04
  1.799975630000E-01  8.099950429685E-04
  1.999966650000E-01  9.999922478948E-04
  2.199955580000E-01  1.209988378448E-03
  2.399942430000E-01  1.439983396658E-03
  2.599926890000E-01  1.689977109454E-03
  2.799908520000E-01  1.959969068180E-03
  2.999887470000E-01  2.249959246878E-03
  3.199863430000E-01  2.559947137131E-03
  3.399836120000E-01  2.889932517804E-03
  3.599805530000E-01  3.239914842129E-03
  3.799771370000E-01  3.609894323434E-03
  3.999733330000E-01  3.999869814377E-03
  4.199691410000E-01  4.409841765801E-03
  4.399645030000E-01  4.839809253960E-03
  4.599594470000E-01  5.289771842258E-03
  4.799539150000E-01  5.759729024464E-03
  4.999479060000E-01  6.249680823549E-03
  5.199413900000E-01  6.759626286873E-03
  5.399343970000E-01  7.289565020892E-03
  5.599268080000E-01  7.839496446209E-03
  5.799186830000E-01  8.409420175172E-03
  5.999100210000E-01  8.999335790388E-03
  6.199007030000E-01  9.609242192926E-03
  6.398907900000E-01  1.023913868815E-02
  6.598802210000E-01  1.088902498239E-02
  6.798689960000E-01  1.155890124896E-02
  6.998571160000E-01  1.224876567635E-02
  7.198444600000E-01  1.295861712494E-02
  7.398311500000E-01  1.368845673803E-02
  7.598171230000E-01  1.443828182710E-02
  7.798022630000E-01  1.520809272338E-02
  7.997866870000E-01  1.599788841450E-02
  8.197702770000E-01  1.680766896317E-02
  8.397530910000E-01  1.763743230986E-02
  8.597350120000E-01  1.848717779179E-02
  8.797160980000E-01  1.935690419342E-02
  8.996962900000E-01  2.024661264049E-02
  9.196755890000E-01  2.115629846104E-02
  9.396539330000E-01  2.208596419326E-02
  9.596313830000E-01  2.303560890753E-02
  9.796078800000E-01  2.400523046721E-02
  9.995833640000E-01  2.499482681668E-02
  1.019557830000E+00  2.600439793176E-02
  1.039531350000E+00  2.703394449519E-02
  1.059503790000E+00  2.808346216314E-02
  1.079475160000E+00  2.915295245694E-02
  1.099445460000E+00  3.024241383066E-02
  1.119414690000E+00  3.135184357920E-02
  1.139382840000E+00  3.248124436087E-02
  1.159349680000E+00  3.363061007482E-02
  1.179315570000E+00  3.479994294688E-02
  1.199280140000E+00  3.598924059712E-02
  1.219243530000E+00  3.719849921472E-02
  1.239205720000E+00  3.842772425620E-02
  1.259166720000E+00  3.967691010867E-02
  1.279126410000E+00  4.094605501125E-02
  1.299084780000E+00  4.223515590926E-02
  1.319041850000E+00  4.354421907030E-02
  1.338997720000E+00  4.487323648448E-02
  1.358952160000E+00  4.622220544721E-02
  1.378905180000E+00  4.759112933230E-02
  1.398857000000E+00  4.898000650235E-02
  1.418807270000E+00  5.038882790000E-02
  1.438756110000E+00  5.181760710000E-02
  1.458703640000E+00  5.326633900000E-02
  1.478649620000E+00  5.473501610000E-02
  1.498594160000E+00  5.622363840000E-02
  1.518537160000E+00  5.773220210000E-02
  1.538478730000E+00  5.926071110000E-02
  1.558418630000E+00  6.080916150000E-02
  1.578357100000E+00  6.237754970000E-02
  1.598293900000E+00  6.396587190000E-02
  1.618229150000E+00  6.557413190000E-02
  1.638162730000E+00  6.720232960000E-02
  1.658094640000E+00  6.885045770000E-02
  1.678025010000E+00  7.051852350000E-02
  1.697953700000E+00  7.220651210000E-02
  1.717880610000E+00  7.391442360000E-02
  1.737805840000E+00  7.564227280000E-02
  1.757729290000E+00  7.739003750000E-02
  1.777651070000E+00  7.915772500000E-02
  1.797570940000E+00  8.094534280000E-02
STEP  36 TIME  3.40020000E+04
BODY 1   181
 -1.799999950000E+00 -3.115243865352E-05
 -1.779999970000E+00 -3.686287386396E-14
 -1.759999990000E+00 -3.686287386396E-14
 -1.740000010000E+00 -3.686287386396E-14
 -1.720000030000E+00 -3.686287386396E-14
 -1.700000050000E+00 -3.686287386396E-14
 -1.679999950000E+00 -3.686287386396E-14
 -1.659999970000E+00 -3.686287386396E-14
 -1.639999990000E+00 -3.686287386396E-14
 -1.620000000000E+00 -3.686287386396E-14
 -1.600000020000E+00 -3.686287386396E-14
 -1.580000040000E+00 -3.686287386396E-14
 -1.559999940000E+00 -3.686287386396E-14
 -1.539999960000E+00 -3.686287386396E-14
 -1.519999980000E+00 -3.686287386396E-14
 -1.500000000000E+00 -3.686287386396E-14
 -1.480000020000E+00 -3.686287386396E-14
 -1.460000040000E+00 -3.686287386396E-14
 -1.440000060000E+00 -3.686287386396E-14
 -1.419999960000E+00 -3.686287386396E-14
 -1.399999980000E+00 -3.686287386396E-14
 -1.380000000000E+00 -3.686287386396E-14
 -1.360000010000E+00 -3.686287386396E-14
 -1.340000030000E+00 -3.686287386396E-14
 -1.320000050000E+00 -3.686287386396E-14
 -1.299999950000E+00 -3.686287386396E-14
 -1.279999970000E+00 -3.686287386396E-14
 -1.259999990000E+00 -3.686287386396E-14
 -1.240000010000E+00 -3.686287386396E-14
 -1.220000030000E+00 -9.725152756729E-05
 -1.200000050000E+00 -7.391948736894E-04
 -1.179999950000E+00 -1.888488058623E-03
 -1.159999970000E+00 -3.053449998003E-03
 -1.139999990000E+00 -4.204349341278E-03
 -1.120000000000E+00 -5.334381382726E-03
 -1.100000020000E+00 -6.444634638564E-03
 -1.080000040000E+00 -7.534778053207E-03
 -1.059999940000E+00 -8.604897086507E-03
 -1.039999960000E+00 -9.655058701317E-03
 -1.019999980000E+00 -1.068526479637E-02
 -1.000000000000E+00 -1.169548313690E-02
 -9.800000190000E-01 -1.268563797869E-02
 -9.599999790000E-01 -1.365568793221E-02
 -9.399999980000E-01 -1.460577055106E-02
 -9.200000170000E-01 -1.553590220945E-02
 -8.999999760000E-01 -1.644601643529E-02
 -8.799999950000E-01 -1.733602474526E-02
 -8.600000140000E-01 -1.820612700955E-02
 -8.399999740000E-01 -1.905630120405E-02
 -8.199999930000E-01 -1.988680041169E-02
 -8.000000120000E-01 -2.069681711628E-02
 -7.799999710000E-01 -2.148595417109E-02
 -7.599999900000E-01 -2.225557367903E-02
 -7.400000100000E-01 -2.300524156012E-02
 -7.200000290000E-01 -2.373495563738E-02
 -6.999999880000E-01 -2.444466989010E-02
 -6.800000070000E-01 -2.513439337495E-02
 -6.600000260000E-01 -2.580409530057E-02
 -6.399999860000E-01 -2.645380952832E-02
 -6.200000050000E-01 -2.708351264026E-02
 -6.000000240000E-01 -2.769321928372E-02
 -5.799999830000E-01 -2.828292064284E-02
 -5.600000020000E-01 -2.885262865426E-02
 -5.400000210000E-01 -2.940232096288E-02
 -5.199999810000E-01 -2.993202478909E-02
 -5.000000000000E-01 -3.044172668693E-02
 -4.799999890000E-01 -3.093144399388E-02
 -4.600000080000E-01 -3.140115635322E-02
 -4.399999980000E-01 -3.185086732281E-02
 -4.199999870000E-01 -3.228059095097E-02
 -4.000000060000E-01 -3.269032043266E-02
 -3.799999950000E-01 -3.308005585996E-02
 -3.600000140000E-01 -3.344980173687E-02
 -3.400000040000E-01 -3.379955797150E-02
 -3.199999930000E-01 -3.412931787552E-02
 -3.000000120000E-01 -3.443909145968E-02
 -2.800000010000E-01 -3.472887685719E-02
 -2.599999900000E-01 -3.499867462014E-02
 -2.399999950000E-01 -3.524848277822E-02
 -2.199999990000E-01 -3.547830481637E-02
 -2.000000030000E-01 -3.568814023686E-02
 -1.800000070000E-01 -3.587799018626E-02
 -1.599999960000E-01 -3.604785476953E-02
 -1.400000010000E-01 -3.619773405929E-02
 -1.199999970000E-01 -3.632762818122E-02
 -1.000000010000E-01 -3.643753676862E-02
 -7.999999820000E-02 -3.652746006228E-02
 -5.999999870000E-02 -3.659739704927E-02
 -3.999999910000E-02 -3.664734792625E-02
 -1.999999960000E-02 -3.667733075844E-02
  0.000000000000E+00 -3.668716576599E-02
  1.999999960000E-02 -3.667733075844E-02
  3.999999910000E-02 -3.664734792625E-02
  5.999999870000E-02 -3.659739704927E-02
  7.999999820000E-02 -3.652746006228E-02
  1.000000010000E-01 -3.643753676862E-02
  1.199999970000E-01 -3.632762818122E-02
  1.400000010000E-01 -3.619773405929E-02
  1.599999960000E-01 -3.604785476953E-02
  1.800000070000E-01 -3.587799018626E-02
  2.000000030000E-01 -3.568814023686E-02
  2.199999990000E-01 -3.547830481637E-02
  2.399999950000E-01 -3.524848277822E-02
  2.599999900000E-01 -3.499867462014E-02
  2.800000010000E-01 -3.472887685719E-02
  3.000000120000E-01 -3.443909145968E-02
  3.199999930000E-01 -3.412931787552E-02
  3.400000040000E-01 -3.379955797150E-02
  3.600000140000E-01 -3.344980173687E-02
  3.799999950000E-01 -3.308005585996E-02
  4.000000060000E-01 -3.269032043266E-02
  4.199999870000E-01 -3.228059095097E-02
  4.399999980000E-01 -3.185086732281E-02
  4.600000080000E-01 -3.140115635322E-02
  4.799999890000E-01 -3.093144399388E-02
  5.000000000000E-01 -3.044172668693E-02
  5.199999810000E-01 -2.993202478909E-02
  5.400000210000E-01 -2.940232096288E-02
  5.600000020000E-01 -2.885262865426E-02
  5.799999830000E-01 -2.828292064284E-02
  6.000000240000E-01 -2.769321928372E-02
  6.200000050000E-01 -2.708351264026E-02
  6.399999860000E-01 -2.645380952832E-02
  6.600000260000E-01 -2.580409530057E-02
  6.800000070000E-01 -2.513439337495E-02
  6.999999880000E-01 -2.444466989010E-02
  7.200000290000E-01 -2.373495563738E-02
  7.400000100000E-01 -2.300524156012E-02
  7.599999900000E-01 -2.225557367903E-02
  7.799999710000E-01 -2.148595417109E-02
  8.000000120000E-01 -2.069681711628E-02
  8.199999930000E-01 -1.988680041169E-02
  8.399999740000E-01 -1.905630120405E-02
  8.600000140000E-01 -1.820612700955E-02
  8.799999950000E-01 -1.733602474526E-02
  8.999999760000E-01 -1.644601643529E-02
  9.200000170000E-01 -1.553590220945E-02
  9.399999980000E-01 -1.460577055106E-02
  9.599999790000E-01 -1.365568793221E-02
  9.800000190000E-01 -1.268563797869E-02
  1.000000000000E+00 -1.169548313690E-02
  1.019999980000E+00 -1.068526479637E-02
  1.039999960000E+00 -9.655058701319E-03
  1.059999940000E+00 -8.604897086507E-03
  1.080000040000E+00 -7.534778053207E-03
  1.100000020000E+00 -6.444634638562E-03
  1.120000000000E+00 -5.334381382726E-03
  1.139999990000E+00 -4.204349341277E-03
  1.159999970000E+00 -3.053449998003E-03
  1.179999950000E+00 -1.888488058623E-03
  1.200000050000E+00 -7.391948736891E-04
  1.220000030000E+00 -9.725152756734E-05
  1.240000010000E+00 -3.686287386396E-14
  1.259999990000E+00 -3.686287386396E-14
  1.279999970000E+00 -3.686287386396E-14
  1.299999950000E+00 -3.686287386396E-14
  1.320000050000E+00 -3.686287386396E-14
  1.340000030000E+00 -3.686287386396E-14
  1.360000010000E+00 -3.686287386396E-14
  1.380000000000E+00 -3.686287386396E-14
  1.399999980000E+00 -3.686287386396E-14
  1.419999960000E+00 -3.686287386396E-14
  1.440000060000E+00 -3.686287386396E-14
  1.460000040000E+00 -3.686287386396E-14
  1.480000020000E+00 -3.686287386396E-14
  1.500000000000E+00 -3.686287386396E-14
  1.519999980000E+00 -3.686287386396E-14
  1.539999960000E+00 -3.686287386396E-14
  1.559999940000E+00 -3.686287386396E-14
  1.580000040000E+00 -3.686287386396E-14
  1.600000020000E+00 -3.686287386396E-14
  1.620000000000E+00 -3.686287386396E-14
  1.639999990000E+00 -3.686287386396E-14
  1.659999970000E+00 -3.686287386396E-14
  1.679999950000E+00 -3.686287386396E-14
  1.700000050000E+00 -3.686287386396E-14
  1.720000030000E+00 -3.686287386396E-14
  1.740000010000E+00 -3.686287386396E-14
  1.759999990000E+00 -3.686287386396E-14
  1.779999970000E+00 -3.686287386396E-14
  1.799999950000E+00 -3.115689361770E-05
BODY 2   181
 -1.797570940000E+00  8.094534280000E-02
 -1.777651070000E+00  7.915772500000E-02
 -1.757729290000E+00  7.739003750000E-02
 -1.737805840000E+00  7.564227280000E-02
 -1.717880610000E+00  7.391442360000E-02
 -1.697953700000E+00  7.220651210000E-02
 -1.678025010000E+00  7.051852350000E-02
 -1.658094640000E+00  6.885045770000E-02
 -1.638162730000E+00  6.720232960000E-02
 -1.618229150000E+00  6.557413190000E-02
 -1.598293900000E+00  6.396587190000E-02
 -1.578357100000E+00  6.237754970000E-02
 -1.558418630000E+00  6.080916150000E-02
 -1.538478730000E+00  5.926071110000E-02
 -1.518537160000E+00  5.773220210000E-02
 -1.498594160000E+00  5.622363840000E-02
 -1.478649620000E+00  5.473501610000E-02
 -1.458703640000E+00  5.326633900000E-02
 -1.438756110000E+00  5.181760710000E-02
 -1.418807270000E+00  5.038882790000E-02
 -1.398857000000E+00  4.898000650235E-02
 -1.378905180000E+00  4.759112933230E-02
 -1.358952160000E+00  4.622220544721E-02
 -1.338997720000E+00  4.487323648448E-02
 -1.319041850000E+00  4.354421907030E-02
 -1.299084780000E+00  4.223515590926E-02
 -1.279126410000E+00  4.094605501125E-02
 -1.259166720000E+00  3.967691010867E-02
 -1.239205720000E+00  3.842772425620E-02
 -1.219243530000E+00  3.719849921472E-02
 -1.199280140000E+00  3.598924059712E-02
 -1.179315570000E+00  3.479994294688E-02
 -1.159349680000E+00  3.363061007482E-02
 -1.139382840000E+00  3.248124436087E-02
 -1.119414690000E+00  3.135184357920E-02
 -1.099445460000E+00  3.024241383066E-02
 -1.079475160000E+00  2.915295245694E-02
 -1.059503790000E+00  2.808346216314E-02
 -1.039531350000E+00  2.703394449519E-02
 -1.019557830000E+00  2.600439793176E-02
 -9.995833640000E-01  2.499482681668E-02
 -9.796078800000E-01  2.400523046721E-02
 -9.596313830000E-01  2.303560890753E-02
 -9.396539330000E-01  2.208596419326E-02
 -9.196755890000E-01  2.115629846104E-02
 -8.996962900000E-01  2.024661264049E-02
 -8.797160980000E-01  1.935690419342E-02
 -8.597350120000E-01  1.848717779179E-02
 -8.397530910000E-01  1.763743230986E-02
 -8.197702770000E-01  1.680766896317E-02
 -7.997866870000E-01  1.599788841450E-02
 -7.798022630000E-01  1.520809272338E-02
 -7.598171230000E-01  1.443828182710E-02
 -7.398311500000E-01  1.368845673803E-02
 -7.198444600000E-01  1.295861712494E-02
 -6.998571160000E-01  1.224876567635E-02
 -6.798689960000E-01  1.155890124896E-02
 -6.598802210000E-01  1.088902498239E-02
 -6.398907900000E-01  1.023913868815E-02
 -6.199007030000E-01  9.609242192926E-03
 -5.999100210000E-01  8.999335790388E-03
 -5.799186830000E-01  8.409420175172E-03
 -5.599268080000E-01  7.839496446209E-03
 -5.399343970000E-01  7.289565020892E-03
 -5.199413900000E-01  6.759626286873E-03
 -4.999479060000E-01  6.249680823549E-03
 -4.799539150000E-01  5.759729024464E-03
 -4.599594470000E-01  5.289771842258E-03
 -4.399645030000E-01  4.839809253960E-03
 -4.199691410000E-01  4.409841765801E-03
 -3.999733330000E-01  3.999869814377E-03
 -3.799771370000E-01  3.609894323434E-03
 -3.599805530000E-01  3.239914842129E-03
 -3.399836120000E-01  2.889932517804E-03
 -3.199863430000E-01  2.559947137131E-03
 -2.999887470000E-01  2.249959246878E-03
 -2.799908520000E-01  1.959969068180E-03
 -2.599926890000E-01  1.689977109454E-03
 -2.399942430000E-01  1.439983396658E-03
 -2.199955580000E-01  1.209988378448E-03
 -1.999966650000E-01  9.999922478948E-04
 -1.799975630000E-01  8.099950429685E-04
 -1.599982980000E-01  6.399970287235E-04
 -1.399988530000E-01  4.899983434875E-04
 -1.199992820000E-01  3.599991469688E-04
 -9.999958430000E-02  2.499996233448E-04
 -7.999978960000E-02  1.599998651174E-04
 -5.999990930000E-02  8.999996803291E-05
 -3.999997300000E-02  3.999999788767E-05
 -1.999999580000E-02  1.000000008419E-05
  0.000000000000E+00  0.000000000000E+00
  1.999999580000E-02  1.000000008419E-05
  3.999997300000E-02  3.999999788767E-05
  5.999990930000E-02  8.999996803291E-05
  7.999978960000E-02  1.599998651174E-04
  9.999958430000E-02  2.499996233448E-04
  1.199992820000E-01  3.599991469688E-04
  1.399988530000E-01  4.899983434875E-04
  1.599982980000E-01  6.399970287235E-04
  1.799975630000E-01  8.099950429685E-04
  1.999966650000E-01  9.999922478948E-04
  2.199955580000E-01  1.209988378448E-03
  2.399942430000E-01  1.439983396658E-03
  2.599926890000E-01  1.689977109454E-03
  2.799908520000E-01  1.959969068180E-03
  2.999887470000E-01  2.249959246878E-03
  3.199863430000E-01  2.559947137131E-03
  3.399836120000E-01  2.889932517804E-03
  3.599805530000E-01  3.239914842129E-03
  3.799771370000E-01  3.609894323434E-03
  3.999733330000E-01  3.999869814377E-03
  4.199691410000E-01  4.409841765801E-03
  4.399645030000E-01  4.839809253960E-03
  4.599594470000E-01  5.289771842258E-03
  4.799539150000E-01  5.759729024464E-03
  4.999479060000E-01  6.249680823549E-03
  5.199413900000E-01  6.759626286873E-03
  5.399343970000E-01  7.289565020892E-03
  5.599268080000E-01  7.839496446209E-03
  5.799186830000E-01  8.409420175172E-03
  5.999100210000E-01  8.999335790388E-03
  6.199007030000E-01  9.609242192926E-03
  6.398907900000E-01  1.023913868815E-02
  6.598802210000E-01  1.088902498239E-02
  6.798689960000E-01  1.155890124896E-02
  6.998571160000E-01  1.224876567635E-02
  7.198444600000E-01  1.295861712494E-02
  7.398311500000E-01  1.368845673803E-02
  7.598171230000E-01  1.443828182710E-02
  7.798022630000E-01  1.520809272338E-02
  7.997866870000E-01  1.599788841450E-02
  8.197702770000E-01  1.680766896317E-02
  8.397530910000E-01  1.763743230986E-02
  8.597350120000E-01  1.848717779179E-02
  8.797160980000E-01  1.935690419342E-02
  8.996962900000E-01  2.024661264049E-02
  9.196755890000E-01  2.115629846104E-02
  9.396539330000E-01  2.208596419326E-02
  9.596313830000E-01  2.303560890753E-02
  9.796078800000E-01  2.400523046721E-02
  9.995833640000E-01  2.499482681668E-02
  1.019557830000E+00  2.600439793176E-02
  1.039531350000E+00  2.703394449519E-02
  1.059503790000E+00  2.808346216314E-02
  1.079475160000E+00  2.915295245694E-02
  1.099445460000E+00  3.024241383066E-02
  1.119414690000E+00  3.135184357920E-02
  1.139382840000E+00  3.248124436087E-02
  1.159349680000E+00  3.363061007482E-02
  1.179315570000E+00  3.479994294688E-02
  1.199280140000E+00  3.598924059712E-02
  1.219243530000E+00  3.719849921472E-02
  1.239205720000E+00  3.842772425620E-02
  1.259166720000E+00  3.967691010867E-02
  1.279126410000E+00  4.094605501125E-02
  1.299084780000E+00  4.223515590926E-02
  1.319041850000E+00  4.354421907030E-02
  1.338997720000E+00  4.487323648448E-02
  1.358952160000E+00  4.622220544721E-02
  1.378905180000E+00  4.759112933230E-02
  1.398857000000E+00  4.898000650235E-02
  1.418807270000E+00  5.038882790000E-02
  1.438756110000E+00  5.181760710000E-02
  1.458703640000E+00  5.326633900000E-02
  1.478649620000E+00  5.473501610000E-02
  1.498594160000E+00  5.622363840000E-02
  1.518537160000E+00  5.773220210000E-02
  1.538478730000E+00  5.926071110000E-02
  1.558418630000E+00  6.080916150000E-02
  1.578357100000E+00  6.237754970000E-02
  1.598293900000E+00  6.396587190000E-02
  1.618229150000E+00  6.557413190000E-02
  1.638162730000E+00  6.720232960000E-02
  1.658094640000E+00  6.885045770000E-02
  1.678025010000E+00  7.051852350000E-02
  1.697953700000E+00  7.220651210000E-02
  1.717880610000E+00  7.391442360000E-02
  1.737805840000E+00  7.564227280000E-02
  1.757729290000E+00  7.739003750000E-02
  1.777651070000E+00  7.915772500000E-02
  1.797570940000E+00  8.094534280000E-02
STEP  37 TIME  3.50020000E+04
BODY 1   181
 -1.799999950000E+00 -3.092910746088E-05
 -1.779999970000E+00 -3.794707603642E-14
 -1.759999990000E+00 -3.794707603642E-14
 -1.740000010000E+00 -3.794707603642E-14
 -1.720000030000E+00 -3.794707603642E-14
 -1.700000050000E+00 -3.794707603642E-14
 -1.679999950000E+00 -3.794707603642E-14
 -1.659999970000E+00 -3.794707603642E-14
 -1.639999990000E+00 -3.794707603642E-14
 -1.620000000000E+00 -3.794707603642E-14
 -1.600000020000E+00 -3.794707603642E-14
 -1.580000040000E+00 -3.794707603642E-14
 -1.559999940000E+00 -3.794707603642E-14
 -1.539999960000E+00 -3.794707603642E-14
 -1.519999980000E+00 -3.794707603642E-14
 -1.500000000000E+00 -3.794707603642E-14
 -1.480000020000E+00 -3.794707603642E-14
 -1.460000040000E+00 -3.794707603642E-14
 -1.440000060000E+00 -3.794707603642E-14
 -1.419999960000E+00 -3.794707603642E-14
 -1.399999980000E+00 -3.794707603642E-14
 -1.380000000000E+00 -3.794707603642E-14
 -1.360000010000E+00 -3.794707603642E-14
 -1.340000030000E+00 -3.794707603642E-14
 -1.320000050000E+00 -3.794707603642E-14
 -1.299999950000E+00 -3.794707603642E-14
 -1.279999970000E+00 -3.794707603642E-14
 -1.259999990000E+00 -3.794707603642E-14
 -1.240000010000E+00 -5.400467744829E-06
 -1.220000030000E+00 -2.706900182305E-04
 -1.200000050000E+00 -1.421670561069E-03
 -1.179999950000E+00 -2.601188286835E-03
 -1.159999970000E+00 -3.772800235399E-03
 -1.139999990000E+00 -4.922859982342E-03
 -1.120000000000E+00 -6.053172968671E-03
 -1.100000020000E+00 -7.163444820140E-03
 -1.080000040000E+00 -8.253753437445E-03
 -1.059999940000E+00 -9.324098606746E-03
 -1.039999960000E+00 -1.037440740794E-02
 -1.019999980000E+00 -1.140464224792E-02
 -1.000000000000E+00 -1.241476757638E-02
 -9.800000190000E-01 -1.340492418487E-02
 -9.599999790000E-01 -1.437512773286E-02
 -9.399999980000E-01 -1.532531618710E-02
 -9.200000170000E-01 -1.625541799051E-02
 -8.999999760000E-01 -1.716548445952E-02
 -8.799999950000E-01 -1.805562871621E-02
 -8.600000140000E-01 -1.892581211291E-02
 -8.399999740000E-01 -1.977617361603E-02
 -8.199999930000E-01 -2.060634766959E-02
 -8.000000120000E-01 -2.141561006054E-02
 -7.799999710000E-01 -2.220529964671E-02
 -7.599999900000E-01 -2.297502939941E-02
 -7.400000100000E-01 -2.372478700009E-02
 -7.200000290000E-01 -2.445454552141E-02
 -6.999999880000E-01 -2.516430939452E-02
 -6.800000070000E-01 -2.585404248905E-02
 -6.600000260000E-01 -2.652378308440E-02
 -6.399999860000E-01 -2.717351509533E-02
 -6.200000050000E-01 -2.780324182636E-02
 -6.000000240000E-01 -2.841297044113E-02
 -5.799999830000E-01 -2.900269326383E-02
 -5.600000020000E-01 -2.957241524304E-02
 -5.400000210000E-01 -3.012213635103E-02
 -5.199999810000E-01 -3.065184525486E-02
 -5.000000000000E-01 -3.116156152464E-02
 -4.799999890000E-01 -3.165127855897E-02
 -4.600000080000E-01 -3.212100842676E-02
 -4.399999980000E-01 -3.257073797423E-02
 -4.199999870000E-01 -3.300046446407E-02
 -4.000000060000E-01 -3.341020504525E-02
 -3.799999950000E-01 -3.379995250485E-02
 -3.600000140000E-01 -3.416969947207E-02
 -3.400000040000E-01 -3.451946048723E-02
 -3.199999930000E-01 -3.484923048055E-02
 -3.000000120000E-01 -3.515901030216E-02
 -2.800000010000E-01 -3.544879969841E-02
 -2.599999900000E-01 -3.571860117246E-02
 -2.399999950000E-01 -3.596841487033E-02
 -2.199999990000E-01 -3.619824120356E-02
 -2.000000030000E-01 -3.640808036024E-02
 -1.800000070000E-01 -3.659793324101E-02
 -1.599999960000E-01 -3.676780022915E-02
 -1.400000010000E-01 -3.691768185548E-02
 -1.199999970000E-01 -3.704757826026E-02
 -1.000000010000E-01 -3.715748904725E-02
 -7.999999820000E-02 -3.724741423112E-02
 -5.999999870000E-02 -3.731735268335E-02
 -3.999999910000E-02 -3.736730434440E-02
 -1.999999960000E-02 -3.739728731242E-02
  0.000000000000E+00 -3.740712577533E-02
  1.999999960000E-02 -3.739728731242E-02
  3.999999910000E-02 -3.736730434440E-02
  5.999999870000E-02 -3.731735268335E-02
  7.999999820000E-02 -3.724741423112E-02
  1.000000010000E-01 -3.715748904725E-02
  1.199999970000E-01 -3.704757826026E-02
  1.400000010000E-01 -3.691768185548E-02
  1.599999960000E-01 -3.676780022915E-02
  1.800000070000E-01 -3.659793324101E-02
  2.000000030000E-01 -3.640808036024E-02
  2.199999990000E-01 -3.619824120356E-02
  2.399999950000E-01 -3.596841487033E-02
  2.599999900000E-01 -3.571860117246E-02
  2.800000010000E-01 -3.544879969841E-02
  3.000000120000E-01 -3.515901030216E-02
  3.199999930000E-01 -3.484923048055E-02
  3.400000040000E-01 -3.451946048723E-02
  3.600000140000E-01 -3.416969947207E-02
  3.799999950000E-01 -3.379995250485E-02
  4.000000060000E-01 -3.341020504525E-02
  4.199999870000E-01 -3.300046446407E-02
  4.399999980000E-01 -3.257073797423E-02
  4.600000080000E-01 -3.212100842676E-02
  4.799999890000E-01 -3.165127855897E-02
  5.000000000000E-01 -3.116156152464E-02
  5.199999810000E-01 -3.065184525486E-02
  5.400000210000E-01 -3.012213635103E-02
  5.600000020000E-01 -2.957241524304E-02
  5.799999830000E-01 -2.900269326383E-02
  6.000000240000E-01 -2.841297044113E-02
  6.200000050000E-01 -2.780324182636E-02
  6.399999860000E-01 -2.717351509533E-02
  6.600000260000E-01 -2.652378308440E-02
  6.800000070000E-01 -2.585404248905E-02
  6.999999880000E-01 -2.516430939451E-02
  7.200000290000E-01 -2.445454552141E-02
  7.400000100000E-01 -2.372478700009E-02
  7.599999900000E-01 -2.297502939941E-02
  7.799999710000E-01 -2.220529964671E-02
  8.000000120000E-01 -2.141561006054E-02
  8.199999930000E-01 -2.060634766959E-02
  8.399999740000E-01 -1.977617361603E-02
  8.600000140000E-01 -1.892581211291E-02
  8.799999950000E-01 -1.805562871621E-02
  8.999999760000E-01 -1.716548445952E-02
  9.200000170000E-01 -1.625541799051E-02
  9.399999980000E-01 -1.532531618710E-02
  9.599999790000E-01 -1.437512773286E-02
  9.800000190000E-01 -1.340492418487E-02
  1.000000000000E+00 -1.241476757638E-02
  1.019999980000E+00 -1.140464224792E-02
  1.039999960000E+00 -1.037440740794E-02
  1.059999940000E+00 -9.324098606746E-03
  1.080000040000E+00 -8.253753437446E-03
  1.100000020000E+00 -7.163444820140E-03
  1.120000000000E+00 -6.053172968671E-03
  1.139999990000E+00 -4.922859982342E-03
  1.159999970000E+00 -3.772800235399E-03
  1.179999950000E+00 -2.601188286835E-03
  1.200000050000E+00 -1.421670561070E-03
  1.220000030000E+00 -2.706900182298E-04
  1.240000010000E+00 -5.400467744748E-06
  1.259999990000E+00 -3.794707603642E-14
  1.279999970000E+00 -3.794707603642E-14
  1.299999950000E+00 -3.794707603642E-14
  1.320000050000E+00 -3.794707603642E-14
  1.340000030000E+00 -3.794707603642E-14
  1.360000010000E+00 -3.794707603642E-14
  1.380000000000E+00 -3.794707603642E-14
  1.399999980000E+00 -3.794707603642E-14
  1.419999960000E+00 -3.794707603642E-14
  1.440000060000E+00 -3.794707603642E-14
  1.460000040000E+00 -3.794707603642E-14
  1.480000020000E+00 -3.794707603642E-14
  1.500000000000E+00 -3.794707603642E-14
  1.519999980000E+00 -3.794707603642E-14
  1.539999960000E+00 -3.794707603642E-14
  1.559999940000E+00 -3.794707603642E-14
  1.580000040000E+00 -3.794707603642E-14
  1.600000020000E+00 -3.794707603642E-14
  1.620000000000E+00 -3.794707603642E-14
  1.639999990000E+00 -3.794707603642E-14
  1.659999970000E+00 -3.794707603642E-14
  1.679999950000E+00 -3.794707603642E-14
  1.700000050000E+00 -3.794707603642E-14
  1.720000030000E+00 -3.794707603642E-14
  1.740000010000E+00 -3.794707603642E-14
  1.759999990000E+00 -3.794707603642E-14
  1.779999970000E+00 -3.794707603642E-14
  1.799999950000E+00 -3.093511153536E-05
BODY 2   181
 -1.797570940000E+00  8.094534280000E-02
 -1.777651070000E+00  7.915772500000E-02
 -1.757729290000E+00  7.739003750000E-02
 -1.737805840000E+00  7.564227280000E-02
 -1.717880610000E+00  7.391442360000E-02
 -1.697953700000E+00  7.220651210000E-02
 -1.678025010000E+00  7.051852350000E-02
 -1.658094640000E+00  6.885045770000E-02
 -1.638162730000E+00  6.720232960000E-02
 -1.618229150000E+00  6.557413190000E-02
 -1.598293900000E+00  6.396587190000E-02
 -1.578357100000E+00  6.237754970000E-02
 -1.558418630000E+00  6.080916150000E-02
 -1.538478730000E+00  5.926071110000E-02
 -1.518537160000E+00  5.773220210000E-02
 -1.498594160000E+00  5.622363840000E-02
 -1.478649620000E+00  5.473501610000E-02
 -1.458703640000E+00  5.326633900000E-02
 -1.438756110000E+00  5.181760710000E-02
 -1.418807270000E+00  5.038882790000E-02
 -1.398857000000E+00  4.898000650235E-02
 -1.378905180000E+00  4.759112933230E-02
 -1.358952160000E+00  4.622220544721E-02
 -1.338997720000E+00  4.487323648448E-02
 -1.319041850000E+00  4.354421907030E-02
 -1.299084780000E+00  4.223515590926E-02
 -1.279126410000E+00  4.094605501125E-02
 -1.259166720000E+00  3.967691010867E-02
 -1.239205720000E+00  3.842772425620E-02
 -1.219243530000E+00  3.719849921472E-02
 -1.199280140000E+00  3.598924059712E-02
 -1.179315570000E+00  3.479994294688E-02
 -1.159349680000E+00  3.363061007482E-02
 -1.139382840000E+00  3.248124436087E-02
 -1.119414690000E+00  3.135184357920E-02
 -1.099445460000E+00  3.024241383066E-02
 -1.079475160000E+00  2.915295245694E-02
 -1.059503790000E+00  2.808346216314E-02
 -1.039531350000E+00  2.703394449519E-02
 -1.019557830000E+00  2.600439793176E-02
 -9.995833640000E-01  2.499482681668E-02
 -9.796078800000E-01  2.400523046721E-02
 -9.596313830000E-01  2.303560890753E-02
 -9.396539330000E-01  2.208596419326E-02
 -9.196755890000E-01  2.115629846104E-02
 -8.996962900000E-01  2.024661264049E-02
 -8.797160980000E-01  1.935690419342E-02
 -8.597350120000E-01  1.848717779179E-02
 -8.397530910000E-01  1.763743230986E-02
 -8.197702770000E-01  1.680766896317E-02
 -7.997866870000E-01  1.599788841450E-02
 -7.798022630000E-01  1.520809272338E-02
 -7.598171230000E-01  1.443828182710E-02
 -7.398311500000E-01  1.368845673803E-02
 -7.198444600000E-01  1.295861712494E-02
 -6.998571160000E-01  1.224876567635E-02
 -6.798689960000E-01  1.155890124896E-02
 -6.598802210000E-01  1.088902498239E-02
 -6.398907900000E-01  1.023913868815E-02
 -6.199007030000E-01  9.609242192926E-03
 -5.999100210000E-01  8.999335790388E-03
 -5.799186830000E-01  8.409420175172E-03
 -5.599268080000E-01  7.839496446209E-03
 -5.399343970000E-01  7.289565020892E-03
 -5.199413900000E-01  6.759626286873E-03
 -4.999479060000E-01  6.249680823549E-03
 -4.799539150000E-01  5.759729024464E-03
 -4.599594470000E-01  5.289771842258E-03
 -4.399645030000E-01  4.839809253960E-03
 -4.199691410000E-01  4.409841765801E-03
 -3.999733330000E-01  3.999869814377E-03
 -3.799771370000E-01  3.609894323434E-03
 -3.599805530000E-01  3.239914842129E-03
 -3.399836120000E-01  2.889932517804E-03
 -3.199863430000E-01  2.559947137131E-03
 -2.999887470000E-01  2.249959246878E-03
 -2.799908520000E-01  1.959969068180E-03
 -2.599926890000E-01  1.689977109454E-03
 -2.399942430000E-01  1.439983396658E-03
 -2.199955580000E-01  1.209988378448E-03
 -1.999966650000E-01  9.999922478948E-04
 -1.799975630000E-01  8.099950429685E-04
 -1.599982980000E-01  6.399970287235E-04
 -1.399988530000E-01  4.899983434875E-04
 -1.199992820000E-01  3.599991469688E-04
 -9.999958430000E-02  2.499996233448E-04
 -7.999978960000E-02  1.599998651174E-04
 -5.999990930000E-02  8.999996803291E-05
 -3.999997300000E-02  3.999999788767E-05
 -1.999999580000E-02  1.000000008419E-05
  0.000000000000E+00  0.000000000000E+00
  1.999999580000E-02  1.000000008419E-05
  3.999997300000E-02  3.999999788767E-05
  5.999990930000E-02  8.999996803291E-05
  7.999978960000E-02  1.599998651174E-04
  9.999958430000E-02  2.499996233448E-04
  1.199992820000E-01  3.599991469688E-04
  1.399988530000E-01  4.899983434875E-04
  1.599982980000E-01  6.399970287235E-04
  1.799975630000E-01  8.099950429685E-04
  1.999966650000E-01  9.999922478948E-04
  2.199955580000E-01  1.209988378448E-03
  2.399942430000E-01  1.439983396658E-03
  2.599926890000E-01  1.689977109454E-03
  2.799908520000E-01  1.959969068180E-03
  2.999887470000E-01  2.249959246878E-03
  3.199863430000E-01  2.559947137131E-03
  3.399836120000E-01  2.889932517804E-03
  3.599805530000E-01  3.239914842129E-03
  3.799771370000E-01  3.609894323434E-03
  3.999733330000E-01  3.999869814377E-03
  4.199691410000E-01  4.409841765801E-03
  4.399645030000E-01  4.839809253960E-03
  4.599594470000E-01  5.289771842258E-03
  4.799539150000E-01  5.759729024464E-03
  4.999479060000E-01  6.249680823549E-03
  5.199413900000E-01  6.759626286873E-03
  5.399343970000E-01  7.289565020892E-03
  5.599268080000E-01  7.839496446209E-03
  5.799186830000E-01  8.409420175172E-03
  5.999100210000E-01  8.999335790388E-03
  6.199007030000E-01  9.609242192926E-03
  6.398907900000E-01  1.023913868815E-02
  6.598802210000E-01  1.088902498239E-02
  6.798689960000E-01  1.155890124896E-02
  6.998571160000E-01  1.224876567635E-02
  7.198444600000E-01  1.295861712494E-02
  7.398311500000E-01  1.368845673803E-02
  7.598171230000E-01  1.443828182710E-02
  7.798022630000E-01  1.520809272338E-02
  7.997866870000E-01  1.599788841450E-02
  8.197702770000E-01  1.680766896317E-02
  8.397530910000E-01  1.763743230986E-02
  8.597350120000E-01  1.848717779179E-02
  8.797160980000E-01  1.935690419342E-02
  8.996962900000E-01  2.024661264049E-02
  9.196755890000E-01  2.115629846104E-02
  9.396539330000E-01  2.208596419326E-02
  9.596313830000E-01  2.303560890753E-02
  9.796078800000E-01  2.400523046721E-02
  9.995833640000E-01  2.499482681668E-02
  1.019557830000E+00  2.600439793176E-02
  1.039531350000E+00  2.703394449519E-02
  1.059503790000E+00  2.808346216314E-02
  1.079475160000E+00  2.915295245694E-02
  1.099445460000E+00  3.024241383066E-02
  1.119414690000E+00  3.135184357920E-02
  1.139382840000E+00  3.248124436087E-02
  1.159349680000E+00  3.363061007482E-02
  1.179315570000E+00  3.479994294688E-02
  1.199280140000E+00  3.598924059712E-02
  1.219243530000E+00  3.719849921472E-02
  1.239205720000E+00  3.842772425620E-02
  1.259166720000E+00  3.967691010867E-02
  1.279126410000E+00  4.094605501125E-02
  1.299084780000E+00  4.223515590926E-02
  1.319041850000E+00  4.354421907030E-02
  1.338997720000E+00  4.487323648448E-02
  1.358952160000E+00  4.622220544721E-02
  1.378905180000E+00  4.759112933230E-02
  1.398857000000E+00  4.898000650235E-02
  1.418807270000E+00  5.038882790000E-02
  1.438756110000E+00  5.181760710000E-02
  1.458703640000E+00  5.326633900000E-02
  1.478649620000E+00  5.473501610000E-02
  1.498594160000E+00  5.622363840000E-02
  1.518537160000E+00  5.773220210000E-02
  1.538478730000E+00  5.926071110000E-02
  1.558418630000E+00  6.080916150000E-02
  1.578357100000E+00  6.237754970000E-02
  1.598293900000E+00  6.396587190000E-02
  1.618229150000E+00  6.557413190000E-02
  1.638162730000E+00  6.720232960000E-02
  1.658094640000E+00  6.885045770000E-02
  1.678025010000E+00  7.051852350000E-02
  1.697953700000E+00  7.220651210000E-02
  1.717880610000E+00  7.391442360000E-02
  1.737805840000E+00  7.564227280000E-02
  1.757729290000E+00  7.739003750000E-02
  1.777651070000E+00  7.915772500000E-02
  1.797570940000E+00  8.094534280000E-02
STEP  38 TIME  3.60020000E+04
BODY 1   181
 -1.799999950000E+00 -3.073717863181E-05
 -1.779999970000E+00 -3.903127820887E-14
 -1.759999990000E+00 -3.903127820887E-14
 -1.740000010000E+00 -3.903127820887E-14
 -1.720000030000E+00 -3.903127820887E-14
 -1.700000050000E+00 -3.903127820887E-14
 -1.679999950000E+00 -3.903127820887E-14
 -1.659999970000E+00 -3.903127820887E-14
 -1.639999990000E+00 -3.903127820887E-14
 -1.620000000000E+00 -3.903127820887E-14
 -1.600000020000E+00 -3.903127820887E-14
 -1.580000040000E+00 -3.903127820887E-14
 -1.559999940000E+00 -3.903127820887E-14
 -1.539999960000E+00 -3.903127820887E-14
 -1.519999980000E+00 -3.903127820887E-14
 -1.500000000000E+00 -3.903127820887E-14
 -1.480000020000E+00 -3.903127820887E-14
 -1.460000040000E+00 -3.903127820887E-14
 -1.440000060000E+00 -3.903127820887E-14
 -1.419999960000E+00 -3.903127820887E-14
 -1.399999980000E+00 -3.903127820887E-14
 -1.380000000000E+00 -3.903127820887E-14
 -1.360000010000E+00 -3.903127820887E-14
 -1.340000030000E+00 -3.903127820887E-14
 -1.320000050000E+00 -3.903127820887E-14
 -1.299999950000E+00 -3.903127820887E-14
 -1.279999970000E+00 -3.903127820887E-14
 -1.259999990000E+00 -3.903127820888E-14
 -1.240000010000E+00 -1.383338910413E-04
 -1.220000030000E+00 -9.462365863422E-04
 -1.200000050000E+00 -2.123496247265E-03
 -1.179999950000E+00 -3.310544867566E-03
 -1.159999970000E+00 -4.481281732928E-03
 -1.139999990000E+00 -5.631482961694E-03
 -1.120000000000E+00 -6.761903192524E-03
 -1.100000020000E+00 -7.872229563307E-03
 -1.080000040000E+00 -8.962534364048E-03
 -1.059999940000E+00 -1.003278286579E-02
 -1.039999960000E+00 -1.108295647018E-02
 -1.019999980000E+00 -1.211316991563E-02
 -1.000000000000E+00 -1.312343427433E-02
 -9.800000190000E-01 -1.411368214392E-02
 -9.599999790000E-01 -1.508385752829E-02
 -9.399999980000E-01 -1.603392209802E-02
 -9.200000170000E-01 -1.696406777595E-02
 -8.999999760000E-01 -1.787423896008E-02
 -8.799999950000E-01 -1.876437666989E-02
 -8.600000140000E-01 -1.963461576848E-02
 -8.399999740000E-01 -2.048491266019E-02
 -8.199999930000E-01 -2.131431290422E-02
 -8.000000120000E-01 -2.212407550053E-02
 -7.799999710000E-01 -2.291387137060E-02
 -7.599999900000E-01 -2.368366340759E-02
 -7.400000100000E-01 -2.443347318816E-02
 -7.200000290000E-01 -2.516327835710E-02
 -6.999999880000E-01 -2.587304591151E-02
 -6.800000070000E-01 -2.656282006114E-02
 -6.600000260000E-01 -2.723257720558E-02
 -6.399999860000E-01 -2.788233314576E-02
 -6.200000050000E-01 -2.851208675309E-02
 -6.000000240000E-01 -2.912182866142E-02
 -5.799999830000E-01 -2.971157960100E-02
 -5.600000020000E-01 -3.028131390971E-02
 -5.400000210000E-01 -3.083105365438E-02
 -5.199999810000E-01 -3.136079081455E-02
 -5.000000000000E-01 -3.187051350292E-02
 -4.799999890000E-01 -3.236024690389E-02
 -4.600000080000E-01 -3.282998177534E-02
 -4.399999980000E-01 -3.327972735065E-02
 -4.199999870000E-01 -3.370947068428E-02
 -4.000000060000E-01 -3.411921799856E-02
 -3.799999950000E-01 -3.450897538306E-02
 -3.600000140000E-01 -3.487873630977E-02
 -3.400000040000E-01 -3.522850632232E-02
 -3.199999930000E-01 -3.555828507590E-02
 -3.000000120000E-01 -3.586807216328E-02
 -2.800000010000E-01 -3.615787033826E-02
 -2.599999900000E-01 -3.642767919274E-02
 -2.399999950000E-01 -3.667749903861E-02
 -2.199999990000E-01 -3.690733085202E-02
 -2.000000030000E-01 -3.711717561412E-02
 -1.800000070000E-01 -3.730703373146E-02
 -1.599999960000E-01 -3.747690556049E-02
 -1.400000010000E-01 -3.762679092728E-02
 -1.199999970000E-01 -3.775669052266E-02
 -1.000000010000E-01 -3.786660392278E-02
 -7.999999820000E-02 -3.795653137270E-02
 -5.999999870000E-02 -3.802647168692E-02
 -3.999999910000E-02 -3.807642462286E-02
 -1.999999960000E-02 -3.810640818853E-02
  0.000000000000E+00 -3.811624934796E-02
  1.999999960000E-02 -3.810640818853E-02
  3.999999910000E-02 -3.807642462286E-02
  5.999999870000E-02 -3.802647168692E-02
  7.999999820000E-02 -3.795653137270E-02
  1.000000010000E-01 -3.786660392278E-02
  1.199999970000E-01 -3.775669052266E-02
  1.400000010000E-01 -3.762679092728E-02
  1.599999960000E-01 -3.747690556049E-02
  1.800000070000E-01 -3.730703373146E-02
  2.000000030000E-01 -3.711717561412E-02
  2.199999990000E-01 -3.690733085202E-02
  2.399999950000E-01 -3.667749903861E-02
  2.599999900000E-01 -3.642767919274E-02
  2.800000010000E-01 -3.615787033826E-02
  3.000000120000E-01 -3.586807216328E-02
  3.199999930000E-01 -3.555828507590E-02
  3.400000040000E-01 -3.522850632232E-02
  3.600000140000E-01 -3.487873630977E-02
  3.799999950000E-01 -3.450897538306E-02
  4.000000060000E-01 -3.411921799856E-02
  4.199999870000E-01 -3.370947068428E-02
  4.399999980000E-01 -3.327972735065E-02
  4.600000080000E-01 -3.282998177534E-02
  4.799999890000E-01 -3.236024690389E-02
  5.000000000000E-01 -3.187051350292E-02
  5.199999810000E-01 -3.136079081455E-02
  5.400000210000E-01 -3.083105365438E-02
  5.600000020000E-01 -3.028131390971E-02
  5.799999830000E-01 -2.971157960099E-02
  6.000000240000E-01 -2.912182866142E-02
  6.200000050000E-01 -2.851208675309E-02
  6.399999860000E-01 -2.788233314576E-02
  6.600000260000E-01 -2.723257720558E-02
  6.800000070000E-01 -2.656282006114E-02
  6.999999880000E-01 -2.587304591151E-02
  7.200000290000E-01 -2.516327835710E-02
  7.400000100000E-01 -2.443347318816E-02
  7.599999900000E-01 -2.368366340759E-02
  7.799999710000E-01 -2.291387137060E-02
  8.000000120000E-01 -2.212407550053E-02
  8.199999930000E-01 -2.131431290422E-02
  8.399999740000E-01 -2.048491266019E-02
  8.600000140000E-01 -1.963461576848E-02
  8.799999950000E-01 -1.876437666989E-02
  8.999999760000E-01 -1.787423896008E-02
  9.200000170000E-01 -1.696406777595E-02
  9.399999980000E-01 -1.603392209802E-02
  9.599999790000E-01 -1.508385752829E-02
  9.800000190000E-01 -1.411368214392E-02
  1.000000000000E+00 -1.312343427433E-02
  1.019999980000E+00 -1.211316991563E-02
  1.039999960000E+00 -1.108295647018E-02
  1.059999940000E+00 -1.003278286579E-02
  1.080000040000E+00 -8.962534364048E-03
  1.100000020000E+00 -7.872229563307E-03
  1.120000000000E+00 -6.761903192524E-03
  1.139999990000E+00 -5.631482961693E-03
  1.159999970000E+00 -4.481281732928E-03
  1.179999950000E+00 -3.310544867566E-03
  1.200000050000E+00 -2.123496247265E-03
  1.220000030000E+00 -9.462365863417E-04
  1.240000010000E+00 -1.383338910415E-04
  1.259999990000E+00 -3.903127820931E-14
  1.279999970000E+00 -3.903127820887E-14
  1.299999950000E+00 -3.903127820887E-14
  1.320000050000E+00 -3.903127820887E-14
  1.340000030000E+00 -3.903127820887E-14
  1.360000010000E+00 -3.903127820887E-14
  1.380000000000E+00 -3.903127820887E-14
  1.399999980000E+00 -3.903127820887E-14
  1.419999960000E+00 -3.903127820887E-14
  1.440000060000E+00 -3.903127820887E-14
  1.460000040000E+00 -3.903127820887E-14
  1.480000020000E+00 -3.903127820887E-14
  1.500000000000E+00 -3.903127820887E-14
  1.519999980000E+00 -3.903127820887E-14
  1.539999960000E+00 -3.903127820887E-14
  1.559999940000E+00 -3.903127820887E-14
  1.580000040000E+00 -3.903127820887E-14
  1.600000020000E+00 -3.903127820887E-14
  1.620000000000E+00 -3.903127820887E-14
  1.639999990000E+00 -3.903127820887E-14
  1.659999970000E+00 -3.903127820887E-14
  1.679999950000E+00 -3.903127820887E-14
  1.700000050000E+00 -3.903127820887E-14
  1.720000030000E+00 -3.903127820887E-14
  1.740000010000E+00 -3.903127820887E-14
  1.759999990000E+00 -3.903127820887E-14
  1.779999970000E+00 -3.903127820887E-14
  1.799999950000E+00 -3.074521009399E-05
BODY 2   181
 -1.797570940000E+00  8.094534280000E-02
 -1.777651070000E+00  7.915772500000E-02
 -1.757729290000E+00  7.739003750000E-02
 -1.737805840000E+00  7.564227280000E-02
 -1.717880610000E+00  7.391442360000E-02
 -1.697953700000E+00  7.220651210000E-02
 -1.678025010000E+00  7.051852350000E-02
 -1.658094640000E+00  6.885045770000E-02
 -1.638162730000E+00  6.720232960000E-02
 -1.618229150000E+00  6.557413190000E-02
 -1.598293900000E+00  6.396587190000E-02
 -1.578357100000E+00  6.237754970000E-02
 -1.558418630000E+00  6.080916150000E-02
 -1.538478730000E+00  5.926071110000E-02
 -1.518537160000E+00  5.773220210000E-02
 -1.498594160000E+00  5.622363840000E-02
 -1.478649620000E+00  5.473501610000E-02
 -1.458703640000E+00  5.326633900000E-02
 -1.438756110000E+00  5.181760710000E-02
 -1.418807270000E+00  5.038882790000E-02
 -1.398857000000E+00  4.898000650235E-02
 -1.378905180000E+00  4.759112933230E-02
 -1.358952160000E+00  4.622220544721E-02
 -1.338997720000E+00  4.487323648448E-02
 -1.319041850000E+00  4.354421907030E-02
 -1.299084780000E+00  4.223515590926E-02
 -1.279126410000E+00  4.094605501125E-02
 -1.259166720000E+00  3.967691010867E-02
 -1.239205720000E+00  3.842772425620E-02
 -1.219243530000E+00  3.719849921472E-02
 -1.199280140000E+00  3.598924059712E-02
 -1.179315570000E+00  3.479994294688E-02
 -1.159349680000E+00  3.363061007482E-02
 -1.139382840000E+00  3.248124436087E-02
 -1.119414690000E+00  3.135184357920E-02
 -1.099445460000E+00  3.024241383066E-02
 -1.079475160000E+00  2.915295245694E-02
 -1.059503790000E+00  2.808346216314E-02
 -1.039531350000E+00  2.703394449519E-02
 -1.019557830000E+00  2.600439793176E-02
 -9.995833640000E-01  2.499482681668E-02
 -9.796078800000E-01  2.400523046721E-02
 -9.596313830000E-01  2.303560890753E-02
 -9.396539330000E-01  2.208596419326E-02
 -9.196755890000E-01  2.115629846104E-02
 -8.996962900000E-01  2.024661264049E-02
 -8.797160980000E-01  1.935690419342E-02
 -8.597350120000E-01  1.848717779179E-02
 -8.397530910000E-01  1.763743230986E-02
 -8.197702770000E-01  1.680766896317E-02
 -7.997866870000E-01  1.599788841450E-02
 -7.798022630000E-01  1.520809272338E-02
 -7.598171230000E-01  1.443828182710E-02
 -7.398311500000E-01  1.368845673803E-02
 -7.198444600000E-01  1.295861712494E-02
 -6.998571160000E-01  1.224876567635E-02
 -6.798689960000E-01  1.155890124896E-02
 -6.598802210000E-01  1.088902498239E-02
 -6.398907900000E-01  1.023913868815E-02
 -6.199007030000E-01  9.609242192926E-03
 -5.999100210000E-01  8.999335790388E-03
 -5.799186830000E-01  8.409420175172E-03
 -5.599268080000E-01  7.839496446209E-03
 -5.399343970000E-01  7.289565020892E-03
 -5.199413900000E-01  6.759626286873E-03
 -4.999479060000E-01  6.249680823549E-03
 -4.799539150000E-01  5.759729024464E-03
 -4.599594470000E-01  5.289771842258E-03
 -4.399645030000E-01  4.839809253960E-03
 -4.199691410000E-01  4.409841765801E-03
 -3.999733330000E-01  3.999869814377E-03
 -3.799771370000E-01  3.609894323434E-03
 -3.599805530000E-01  3.239914842129E-03
 -3.399836120000E-01  2.889932517804E-03
 -3.199863430000E-01  2.559947137131E-03
 -2.999887470000E-01  2.249959246878E-03
 -2.799908520000E-01  1.959969068180E-03
 -2.599926890000E-01  1.689977109454E-03
 -2.399942430000E-01  1.439983396658E-03
 -2.199955580000E-01  1.209988378448E-03
 -1.999966650000E-01  9.999922478948E-04
 -1.799975630000E-01  8.099950429685E-04
 -1.599982980000E-01  6.399970287235E-04
 -1.399988530000E-01  4.899983434875E-04
 -1.199992820000E-01  3.599991469688E-04
 -9.999958430000E-02  2.499996233448E-04
 -7.999978960000E-02  1.599998651174E-04
 -5.999990930000E-02  8.999996803291E-05
 -3.999997300000E-02  3.999999788767E-05
 -1.999999580000E-02  1.000000008419E-05
  0.000000000000E+00  0.000000000000E+00
  1.999999580000E-02  1.000000008419E-05
  3.999997300000E-02  3.999999788767E-05
  5.999990930000E-02  8.999996803291E-05
  7.999978960000E-02  1.599998651174E-04
  9.999958430000E-02  2.499996233448E-04
  1.199992820000E-01  3.599991469688E-04
  1.399988530000E-01  4.899983434875E-04
  1.599982980000E-01  6.399970287235E-04
  1.799975630000E-01  8.099950429685E-04
  1.999966650000E-01  9.999922478948E-04
  2.199955580000E-01  1.209988378448E-03
  2.399942430000E-01  1.439983396658E-03
  2.599926890000E-01  1.689977109454E-03
  2.799908520000E-01  1.959969068180E-03
  2.999887470000E-01  2.249959246878E-03
  3.199863430000E-01  2.559947137131E-03
  3.399836120000E-01  2.889932517804E-03
  3.599805530000E-01  3.239914842129E-03
  3.799771370000E-01  3.609894323434E-03
  3.999733330000E-01  3.999869814377E-03
  4.199691410000E-01  4.409841765801E-03
  4.399645030000E-01  4.839809253960E-03
  4.599594470000E-01  5.289771842258E-03
  4.799539150000E-01  5.759729024464E-03
  4.999479060000E-01  6.249680823549E-03
  5.199413900000E-01  6.759626286873E-03
  5.399343970000E-01  7.289565020892E-03
  5.599268080000E-01  7.839496446209E-03
  5.799186830000E-01  8.409420175172E-03
  5.999100210000E-01  8.999335790388E-03
  6.199007030000E-01  9.609242192926E-03
  6.398907900000E-01  1.023913868815E-02
  6.598802210000E-01  1.088902498239E-02
  6.798689960000E-01  1.155890124896E-02
  6.998571160000E-01  1.224876567635E-02
  7.198444600000E-01  1.295861712494E-02
  7.398311500000E-01  1.368845673803E-02
  7.598171230000E-01  1.443828182710E-02
  7.798022630000E-01  1.520809272338E-02
  7.997866870000E-01  1.599788841450E-02
  8.197702770000E-01  1.680766896317E-02
  8.397530910000E-01  1.763743230986E-02
  8.597350120000E-01  1.848717779179E-02
  8.797160980000E-01  1.935690419342E-02
  8.996962900000E-01  2.024661264049E-02
  9.196755890000E-01  2.115629846104E-02
  9.396539330000E-01  2.208596419326E-02
  9.596313830000E-01  2.303560890753E-02
  9.796078800000E-01  2.400523046721E-02
  9.995833640000E-01  2.499482681668E-02
  1.019557830000E+00  2.600439793176E-02
  1.039531350000E+00  2.703394449519E-02
  1.059503790000E+00  2.808346216314E-02
  1.079475160000E+00  2.915295245694E-02
  1.099445460000E+00  3.024241383066E-02
  1.119414690000E+00  3.135184357920E-02
  1.139382840000E+00  3.248124436087E-02
  1.159349680000E+00  3.363061007482E-02
  1.179315570000E+00  3.479994294688E-02
  1.199280140000E+00  3.598924059712E-02
  1.219243530000E+00  3.719849921472E-02
  1.239205720000E+00  3.842772425620E-02
  1.259166720000E+00  3.967691010867E-02
  1.279126410000E+00  4.094605501125E-02
  1.299084780000E+00  4.223515590926E-02
  1.319041850000E+00  4.354421907030E-02
  1.338997720000E+00  4.487323648448E-02
  1.358952160000E+00  4.622220544721E-02
  1.378905180000E+00  4.759112933230E-02
  1.398857000000E+00  4.898000650235E-02
  1.418807270000E+00  5.038882790000E-02
  1.438756110000E+00  5.181760710000E-02
  1.458703640000E+00  5.326633900000E-02
  1.478649620000E+00  5.473501610000E-02
  1.498594160000E+00  5.622363840000E-02
  1.518537160000E+00  5.773220210000E-02
  1.538478730000E+00  5.926071110000E-02
  1.558418630000E+00  6.080916150000E-02
  1.578357100000E+00  6.237754970000E-02
  1.598293900000E+00  6.396587190000E-02
  1.618229150000E+00  6.557413190000E-02
  1.638162730000E+00  6.720232960000E-02
  1.658094640000E+00  6.885045770000E-02
  1.678025010000E+00  7.051852350000E-02
  1.697953700000E+00  7.220651210000E-02
  1.717880610000E+00  7.391442360000E-02
  1.737805840000E+00  7.564227280000E-02
  1.757729290000E+00  7.739003750000E-02
  1.777651070000E+00  7.915772500000E-02
  1.797570940000E+00  8.094534280000E-02
STEP  39 TIME  3.70020000E+04
BODY 1   181
 -1.799999950000E+00 -3.058182063566E-05
 -1.779999970000E+00 -4.011548038132E-14
 -1.759999990000E+00 -4.011548038132E-14
 -1.740000010000E+00 -4.011548038132E-14
 -1.720000030000E+00 -4.011548038132E-14
 -1.700000050000E+00 -4.011548038132E-14
 -1.679999950000E+00 -4.011548038132E-14
 -1.659999970000E+00 -4.011548038132E-14
 -1.639999990000E+00 -4.011548038132E-14
 -1.620000000000E+00 -4.011548038132E-14
 -1.600000020000E+00 -4.011548038132E-14
 -1.580000040000E+00 -4.011548038132E-14
 -1.559999940000E+00 -4.011548038132E-14
 -1.539999960000E+00 -4.011548038132E-14
 -1.519999980000E+00 -4.011548038132E-14
 -1.500000000000E+00 -4.011548038132E-14
 -1.480000020000E+00 -4.011548038132E-14
 -1.460000040000E+00 -4.011548038132E-14
 -1.440000060000E+00 -4.011548038132E-14
 -1.419999960000E+00 -4.011548038132E-14
 -1.399999980000E+00 -4.011548038132E-14
 -1.380000000000E+00 -4.011548038132E-14
 -1.360000010000E+00 -4.011548038132E-14
 -1.340000030000E+00 -4.011548038132E-14
 -1.320000050000E+00 -4.011548038132E-14
 -1.299999950000E+00 -4.011548038132E-14
 -1.279999970000E+00 -4.011548038132E-14
 -1.259999990000E+00 -3.799721026339E-05
 -1.240000010000E+00 -4.462965539812E-04
 -1.220000030000E+00 -1.622219344243E-03
 -1.200000050000E+00 -2.824099766770E-03
 -1.179999950000E+00 -4.015629919014E-03
 -1.159999970000E+00 -5.185807397987E-03
 -1.139999990000E+00 -6.336272438489E-03
 -1.120000000000E+00 -7.466581193051E-03
 -1.100000020000E+00 -8.576914938697E-03
 -1.080000040000E+00 -9.667260733995E-03
 -1.059999940000E+00 -1.073763256516E-02
 -1.039999960000E+00 -1.178801691606E-02
 -1.019999980000E+00 -1.281835091572E-02
 -1.000000000000E+00 -1.382861297379E-02
 -9.800000190000E-01 -1.481875681674E-02
 -9.599999790000E-01 -1.578895917267E-02
 -9.399999980000E-01 -1.673919703283E-02
 -9.200000170000E-01 -1.766938699747E-02
 -8.999999760000E-01 -1.857948241894E-02
 -8.799999950000E-01 -1.946967385057E-02
 -8.600000140000E-01 -2.034005069531E-02
 -8.399999740000E-01 -2.118960787138E-02
 -8.199999930000E-01 -2.201950797842E-02
 -8.000000120000E-01 -2.282939487560E-02
 -7.799999710000E-01 -2.361924115769E-02
 -7.599999900000E-01 -2.438911791183E-02
 -7.400000100000E-01 -2.513898577888E-02
 -7.200000290000E-01 -2.586880026963E-02
 -6.999999880000E-01 -2.657862596894E-02
 -6.800000070000E-01 -2.726842391528E-02
 -6.600000260000E-01 -2.793821975635E-02
 -6.399999860000E-01 -2.858801218239E-02
 -6.200000050000E-01 -2.921778881962E-02
 -6.000000240000E-01 -2.982756650948E-02
 -5.799999830000E-01 -3.041732897303E-02
 -5.600000020000E-01 -3.098709878315E-02
 -5.400000210000E-01 -3.153685241786E-02
 -5.199999810000E-01 -3.206661348739E-02
 -5.000000000000E-01 -3.257637023158E-02
 -4.799999890000E-01 -3.306611533775E-02
 -4.600000080000E-01 -3.353587202840E-02
 -4.399999980000E-01 -3.398562898859E-02
 -4.199999870000E-01 -3.441538884958E-02
 -4.000000060000E-01 -3.482515215429E-02
 -3.799999950000E-01 -3.521492178341E-02
 -3.600000140000E-01 -3.558469590528E-02
 -3.400000040000E-01 -3.593447841118E-02
 -3.199999930000E-01 -3.626426998919E-02
 -3.000000120000E-01 -3.657406517193E-02
 -2.800000010000E-01 -3.686387310352E-02
 -2.599999900000E-01 -3.713369066567E-02
 -2.399999950000E-01 -3.738351947335E-02
 -2.199999990000E-01 -3.761335948099E-02
 -2.000000030000E-01 -3.782321034712E-02
 -1.800000070000E-01 -3.801307403104E-02
 -1.599999960000E-01 -3.818295107497E-02
 -1.400000010000E-01 -3.833284096869E-02
 -1.199999970000E-01 -3.846274518897E-02
 -1.000000010000E-01 -3.857266350099E-02
 -7.999999820000E-02 -3.866259464679E-02
 -5.999999870000E-02 -3.873253770364E-02
 -3.999999910000E-02 -3.878249233850E-02
 -1.999999960000E-02 -3.881247667734E-02
  0.000000000000E+00 -3.882232053134E-02
  1.999999960000E-02 -3.881247667734E-02
  3.999999910000E-02 -3.878249233850E-02
  5.999999870000E-02 -3.873253770364E-02
  7.999999820000E-02 -3.866259464679E-02
  1.000000010000E-01 -3.857266350099E-02
  1.199999970000E-01 -3.846274518897E-02
  1.400000010000E-01 -3.833284096869E-02
  1.599999960000E-01 -3.818295107497E-02
  1.800000070000E-01 -3.801307403104E-02
  2.000000030000E-01 -3.782321034712E-02
  2.199999990000E-01 -3.761335948099E-02
  2.399999950000E-01 -3.738351947335E-02
  2.599999900000E-01 -3.713369066567E-02
  2.800000010000E-01 -3.686387310352E-02
  3.000000120000E-01 -3.657406517193E-02
  3.199999930000E-01 -3.626426998919E-02
  3.400000040000E-01 -3.593447841118E-02
  3.600000140000E-01 -3.558469590528E-02
  3.799999950000E-01 -3.521492178341E-02
  4.000000060000E-01 -3.482515215429E-02
  4.199999870000E-01 -3.441538884958E-02
  4.399999980000E-01 -3.398562898859E-02
  4.600000080000E-01 -3.353587202840E-02
  4.799999890000E-01 -3.306611533775E-02
  5.000000000000E-01 -3.257637023158E-02
  5.199999810000E-01 -3.206661348739E-02
  5.400000210000E-01 -3.153685241786E-02
  5.600000020000E-01 -3.098709878315E-02
  5.799999830000E-01 -3.041732897303E-02
  6.000000240000E-01 -2.982756650948E-02
  6.200000050000E-01 -2.921778881962E-02
  6.399999860000E-01 -2.858801218239E-02
  6.600000260000E-01 -2.793821975635E-02
  6.800000070000E-01 -2.726842391528E-02
  6.999999880000E-01 -2.657862596894E-02
  7.200000290000E-01 -2.586880026963E-02
  7.400000100000E-01 -2.513898577888E-02
  7.599999900000E-01 -2.438911791183E-02
  7.799999710000E-01 -2.361924115768E-02
  8.000000120000E-01 -2.282939487560E-02
  8.199999930000E-01 -2.201950797842E-02
  8.399999740000E-01 -2.118960787138E-02
  8.600000140000E-01 -2.034005069531E-02
  8.799999950000E-01 -1.946967385057E-02
  8.999999760000E-01 -1.857948241894E-02
  9.200000170000E-01 -1.766938699747E-02
  9.399999980000E-01 -1.673919703283E-02
  9.599999790000E-01 -1.578895917267E-02
  9.800000190000E-01 -1.481875681674E-02
  1.000000000000E+00 -1.382861297379E-02
  1.019999980000E+00 -1.281835091572E-02
  1.039999960000E+00 -1.178801691606E-02
  1.059999940000E+00 -1.073763256516E-02
  1.080000040000E+00 -9.667260733995E-03
  1.100000020000E+00 -8.576914938696E-03
  1.120000000000E+00 -7.466581193050E-03
  1.139999990000E+00 -6.336272438490E-03
  1.159999970000E+00 -5.185807397988E-03
  1.179999950000E+00 -4.015629919014E-03
  1.200000050000E+00 -2.824099766769E-03
  1.220000030000E+00 -1.622219344243E-03
  1.240000010000E+00 -4.462965539811E-04
  1.259999990000E+00 -3.799721026347E-05
  1.279999970000E+00 -4.011548038156E-14
  1.299999950000E+00 -4.011548038132E-14
  1.320000050000E+00 -4.011548038132E-14
  1.340000030000E+00 -4.011548038132E-14
  1.360000010000E+00 -4.011548038132E-14
  1.380000000000E+00 -4.011548038132E-14
  1.399999980000E+00 -4.011548038132E-14
  1.419999960000E+00 -4.011548038132E-14
  1.440000060000E+00 -4.011548038132E-14
  1.460000040000E+00 -4.011548038132E-14
  1.480000020000E+00 -4.011548038132E-14
  1.500000000000E+00 -4.011548038132E-14
  1.519999980000E+00 -4.011548038132E-14
  1.539999960000E+00 -4.011548038132E-14
  1.559999940000E+00 -4.011548038132E-14
  1.580000040000E+00 -4.011548038132E-14
  1.600000020000E+00 -4.011548038132E-14
  1.620000000000E+00 -4.011548038132E-14
  1.639999990000E+00 -4.011548038132E-14
  1.659999970000E+00 -4.011548038132E-14
  1.679999950000E+00 -4.011548038132E-14
  1.700000050000E+00 -4.011548038132E-14
  1.720000030000E+00 -4.011548038132E-14
  1.740000010000E+00 -4.011548038132E-14
  1.759999990000E+00 -4.011548038132E-14
  1.779999970000E+00 -4.011548038132E-14
  1.799999950000E+00 -3.059248026769E-05
BODY 2   181
 -1.797570940000E+00  8.094534280000E-02
 -1.777651070000E+00  7.915772500000E-02
 -1.757729290000E+00  7.739003750000E-02
 -1.737805840000E+00  7.564227280000E-02
 -1.717880610000E+00  7.391442360000E-02
 -1.697953700000E+00  7.220651210000E-02
 -1.678025010000E+00  7.051852350000E-02
 -1.658094640000E+00  6.885045770000E-02
 -1.638162730000E+00  6.720232960000E-02
 -1.618229150000E+00  6.557413190000E-02
 -1.598293900000E+00  6.396587190000E-02
 -1.578357100000E+00  6.237754970000E-02
 -1.558418630000E+00  6.080916150000E-02
 -1.538478730000E+00  5.926071110000E-02
 -1.518537160000E+00  5.773220210000E-02
 -1.498594160000E+00  5.622363840000E-02
 -1.478649620000E+00  5.473501610000E-02
 -1.458703640000E+00  5.326633900000E-02
 -1.438756110000E+00  5.181760710000E-02
 -1.418807270000E+00  5.038882790000E-02
 -1.398857000000E+00  4.898000650235E-02
 -1.378905180000E+00  4.759112933230E-02
 -1.358952160000E+00  4.622220544721E-02
 -1.338997720000E+00  4.487323648448E-02
 -1.319041850000E+00  4.354421907030E-02
 -1.299084780000E+00  4.223515590926E-02
 -1.279126410000E+00  4.094605501125E-02
 -1.259166720000E+00  3.967691010867E-02
 -1.239205720000E+00  3.842772425620E-02
 -1.219243530000E+00  3.719849921472E-02
 -1.199280140000E+00  3.598924059712E-02
 -1.179315570000E+00  3.479994294688E-02
 -1.159349680000E+00  3.363061007482E-02
 -1.139382840000E+00  3.248124436087E-02
 -1.119414690000E+00  3.135184357920E-02
 -1.099445460000E+00  3.024241383066E-02
 -1.079475160000E+00  2.915295245694E-02
 -1.059503790000E+00  2.808346216314E-02
 -1.039531350000E+00  2.703394449519E-02
 -1.019557830000E+00  2.600439793176E-02
 -9.995833640000E-01  2.499482681668E-02
 -9.796078800000E-01  2.400523046721E-02
 -9.596313830000E-01  2.303560890753E-02
 -9.396539330000E-01  2.208596419326E-02
 -9.196755890000E-01  2.115629846104E-02
 -8.996962900000E-01  2.024661264049E-02
 -8.797160980000E-01  1.935690419342E-02
 -8.597350120000E-01  1.848717779179E-02
 -8.397530910000E-01  1.763743230986E-02
 -8.197702770000E-01  1.680766896317E-02
 -7.997866870000E-01  1.599788841450E-02
 -7.798022630000E-01  1.520809272338E-02
 -7.598171230000E-01  1.443828182710E-02
 -7.398311500000E-01  1.368845673803E-02
 -7.198444600000E-01  1.295861712494E-02
 -6.998571160000E-01  1.224876567635E-02
 -6.798689960000E-01  1.155890124896E-02
 -6.598802210000E-01  1.088902498239E-02
 -6.398907900000E-01  1.023913868815E-02
 -6.199007030000E-01  9.609242192926E-03
 -5.999100210000E-01  8.999335790388E-03
 -5.799186830000E-01  8.409420175172E-03
 -5.599268080000E-01  7.839496446209E-03
 -5.399343970000E-01  7.289565020892E-03
 -5.199413900000E-01  6.759626286873E-03
 -4.999479060000E-01  6.249680823549E-03
 -4.799539150000E-01  5.759729024464E-03
 -4.599594470000E-01  5.289771842258E-03
 -4.399645030000E-01  4.839809253960E-03
 -4.199691410000E-01  4.409841765801E-03
 -3.999733330000E-01  3.999869814377E-03
 -3.799771370000E-01  3.609894323434E-03
 -3.599805530000E-01  3.239914842129E-03
 -3.399836120000E-01  2.889932517804E-03
 -3.199863430000E-01  2.559947137131E-03
 -2.999887470000E-01  2.249959246878E-03
 -2.799908520000E-01  1.959969068180E-03
 -2.599926890000E-01  1.689977109454E-03
 -2.399942430000E-01  1.439983396658E-03
 -2.199955580000E-01  1.209988378448E-03
 -1.999966650000E-01  9.999922478948E-04
 -1.799975630000E-01  8.099950429685E-04
 -1.599982980000E-01  6.399970287235E-04
 -1.399988530000E-01  4.899983434875E-04
 -1.199992820000E-01  3.599991469688E-04
 -9.999958430000E-02  2.499996233448E-04
 -7.999978960000E-02  1.599998651174E-04
 -5.999990930000E-02  8.999996803291E-05
 -3.999997300000E-02  3.999999788767E-05
 -1.999999580000E-02  1.000000008419E-05
  0.000000000000E+00  0.000000000000E+00
  1.999999580000E-02  1.000000008419E-05
  3.999997300000E-02  3.999999788767E-05
  5.999990930000E-02  8.999996803291E-05
  7.999978960000E-02  1.599998651174E-04
  9.999958430000E-02  2.499996233448E-04
  1.199992820000E-01  3.599991469688E-04
  1.399988530000E-01  4.899983434875E-04
  1.599982980000E-01  6.399970287235E-04
  1.799975630000E-01  8.099950429685E-04
  1.999966650000E-01  9.999922478948E-04
  2.199955580000E-01  1.209988378448E-03
  2.399942430000E-01  1.439983396658E-03
  2.599926890000E-01  1.689977109454E-03
  2.799908520000E-01  1.959969068180E-03
  2.999887470000E-01  2.249959246878E-03
  3.199863430000E-01  2.559947137131E-03
  3.399836120000E-01  2.889932517804E-03
  3.599805530000E-01  3.239914842129E-03
  3.799771370000E-01  3.609894323434E-03
  3.999733330000E-01  3.999869814377E-03
  4.199691410000E-01  4.409841765801E-03
  4.399645030000E-01  4.839809253960E-03
  4.599594470000E-01  5.289771842258E-03
  4.799539150000E-01  5.759729024464E-03
  4.999479060000E-01  6.249680823549E-03
  5.199413900000E-01  6.759626286873E-03
  5.399343970000E-01  7.289565020892E-03
  5.599268080000E-01  7.839496446209E-03
  5.799186830000E-01  8.409420175172E-03
  5.999100210000E-01  8.999335790388E-03
  6.199007030000E-01  9.609242192926E-03
  6.398907900000E-01  1.023913868815E-02
  6.598802210000E-01  1.088902498239E-02
  6.798689960000E-01  1.155890124896E-02
  6.998571160000E-01  1.224876567635E-02
  7.198444600000E-01  1.295861712494E-02
  7.398311500000E-01  1.368845673803E-02
  7.598171230000E-01  1.443828182710E-02
  7.798022630000E-01  1.520809272338E-02
  7.997866870000E-01  1.599788841450E-02
  8.197702770000E-01  1.680766896317E-02
  8.397530910000E-01  1.763743230986E-02
  8.597350120000E-01  1.848717779179E-02
  8.797160980000E-01  1.935690419342E-02
  8.996962900000E-01  2.024661264049E-02
  9.196755890000E-01  2.115629846104E-02
  9.396539330000E-01  2.208596419326E-02
  9.596313830000E-01  2.303560890753E-02
  9.796078800000E-01  2.400523046721E-02
  9.995833640000E-01  2.499482681668E-02
  1.019557830000E+00  2.600439793176E-02
  1.039531350000E+00  2.703394449519E-02
  1.059503790000E+00  2.808346216314E-02
  1.079475160000E+00  2.915295245694E-02
  1.099445460000E+00  3.024241383066E-02
  1.119414690000E+00  3.135184357920E-02
  1.139382840000E+00  3.248124436087E-02
  1.159349680000E+00  3.363061007482E-02
  1.179315570000E+00  3.479994294688E-02
  1.199280140000E+00  3.598924059712E-02
  1.219243530000E+00  3.719849921472E-02
  1.239205720000E+00  3.842772425620E-02
  1.259166720000E+00  3.967691010867E-02
  1.279126410000E+00  4.094605501125E-02
  1.299084780000E+00  4.223515590926E-02
  1.319041850000E+00  4.354421907030E-02
  1.338997720000E+00  4.487323648448E-02
  1.358952160000E+00  4.622220544721E-02
  1.378905180000E+00  4.759112933230E-02
  1.398857000000E+00  4.898000650235E-02
  1.418807270000E+00  5.038882790000E-02
  1.438756110000E+00  5.181760710000E-02
  1.458703640000E+00  5.326633900000E-02
  1.478649620000E+00  5.473501610000E-02
  1.498594160000E+00  5.622363840000E-02
  1.518537160000E+00  5.773220210000E-02
  1.538478730000E+00  5.926071110000E-02
  1.558418630000E+00  6.080916150000E-02
  1.578357100000E+00  6.237754970000E-02
  1.598293900000E+00  6.396587190000E-02
  1.618229150000E+00  6.557413190000E-02
  1.638162730000E+00  6.720232960000E-02
  1.658094640000E+00  6.885045770000E-02
  1.678025010000E+00  7.051852350000E-02
  1.697953700000E+00  7.220651210000E-02
  1.717880610000E+00  7.391442360000E-02
  1.737805840000E+00  7.564227280000E-02
  1.757729290000E+00  7.739003750000E-02
  1.777651070000E+00  7.915772500000E-02
  1.797570940000E+00  8.094534280000E-02
STEP  40 TIME  3.80020000E+04
BODY 1   181
 -1.799999950000E+00 -3.046954757710E-05
 -1.779999970000E+00 -4.119968255377E-14
 -1.759999990000E+00 -4.119968255377E-14
 -1.740000010000E+00 -4.119968255377E-14
 -1.720000030000E+00 -4.119968255377E-14
 -1.700000050000E+00 -4.119968255377E-14
 -1.679999950000E+00 -4.119968255377E-14
 -1.659999970000E+00 -4.119968255377E-14
 -1.639999990000E+00 -4.119968255377E-14
 -1.620000000000E+00 -4.119968255377E-14
 -1.600000020000E+00 -4.119968255377E-14
 -1.580000040000E+00 -4.119968255377E-14
 -1.559999940000E+00 -4.119968255377E-14
 -1.539999960000E+00 -4.119968255377E-14
 -1.519999980000E+00 -4.119968255377E-14
 -1.500000000000E+00 -4.119968255377E-14
 -1.480000020000E+00 -4.119968255377E-14
 -1.460000040000E+00 -4.119968255377E-14
 -1.440000060000E+00 -4.119968255377E-14
 -1.419999960000E+00 -4.119968255377E-14
 -1.399999980000E+00 -4.119968255377E-14
 -1.380000000000E+00 -4.119968255377E-14
 -1.360000010000E+00 -4.119968255377E-14
 -1.340000030000E+00 -4.119968255377E-14
 -1.320000050000E+00 -4.119968255377E-14
 -1.299999950000E+00 -4.119968255377E-14
 -1.279999970000E+00 -4.119968255382E-14
 -1.259999990000E+00 -1.724635885369E-04
 -1.240000010000E+00 -1.110014101384E-03
 -1.220000030000E+00 -2.314325856691E-03
 -1.200000050000E+00 -3.522924076055E-03
 -1.179999950000E+00 -4.713529324892E-03
 -1.159999970000E+00 -5.883852011277E-03
 -1.139999990000E+00 -7.034315477371E-03
 -1.120000000000E+00 -8.164750854114E-03
 -1.100000020000E+00 -9.275215316505E-03
 -1.080000040000E+00 -1.036562943529E-02
 -1.059999940000E+00 -1.143598301516E-02
 -1.039999960000E+00 -1.248623644003E-02
 -1.019999980000E+00 -1.351646131839E-02
 -1.000000000000E+00 -1.452671705244E-02
 -9.800000190000E-01 -1.551700510068E-02
 -9.599999790000E-01 -1.648723736929E-02
 -9.399999980000E-01 -1.743734144134E-02
 -9.200000170000E-01 -1.836746523453E-02
 -8.999999760000E-01 -1.927762400196E-02
 -8.799999950000E-01 -2.016792405746E-02
 -8.600000140000E-01 -2.103765956574E-02
 -8.399999740000E-01 -2.188765368372E-02
 -8.199999930000E-01 -2.271761896772E-02
 -8.000000120000E-01 -2.352749809733E-02
 -7.799999710000E-01 -2.431742273701E-02
 -7.599999900000E-01 -2.508733221239E-02
 -7.400000100000E-01 -2.583718153311E-02
 -7.200000290000E-01 -2.656703840558E-02
 -6.999999880000E-01 -2.727686065136E-02
 -6.800000070000E-01 -2.796668324167E-02
 -6.600000260000E-01 -2.863649535479E-02
 -6.399999860000E-01 -2.928629614905E-02
 -6.200000050000E-01 -2.991608992799E-02
 -6.000000240000E-01 -3.052586711536E-02
 -5.799999830000E-01 -3.111564671045E-02
 -5.600000020000E-01 -3.168540925916E-02
 -5.400000210000E-01 -3.223518309531E-02
 -5.199999810000E-01 -3.276494426371E-02
 -5.000000000000E-01 -3.327470779672E-02
 -4.799999890000E-01 -3.376447102428E-02
 -4.600000080000E-01 -3.423422325214E-02
 -4.399999980000E-01 -3.468399089107E-02
 -4.199999870000E-01 -3.511375770891E-02
 -4.000000060000E-01 -3.552351983424E-02
 -3.799999950000E-01 -3.591329474822E-02
 -3.600000140000E-01 -3.628307558485E-02
 -3.400000040000E-01 -3.663285688032E-02
 -3.199999930000E-01 -3.696265021327E-02
 -3.000000120000E-01 -3.727245178148E-02
 -2.800000010000E-01 -3.756226369441E-02
 -2.599999900000E-01 -3.783208160500E-02
 -2.399999950000E-01 -3.808191178565E-02
 -2.199999990000E-01 -3.831175243138E-02
 -2.000000030000E-01 -3.852160645662E-02
 -1.800000070000E-01 -3.871147393949E-02
 -1.599999960000E-01 -3.888135329152E-02
 -1.400000010000E-01 -3.903124547354E-02
 -1.199999970000E-01 -3.916115084565E-02
 -1.000000010000E-01 -3.927106944558E-02
 -7.999999820000E-02 -3.936100118859E-02
 -5.999999870000E-02 -3.943094496357E-02
 -3.999999910000E-02 -3.948090009751E-02
 -1.999999960000E-02 -3.951088454141E-02
  0.000000000000E+00 -3.952073159351E-02
  1.999999960000E-02 -3.951088454141E-02
  3.999999910000E-02 -3.948090009751E-02
  5.999999870000E-02 -3.943094496357E-02
  7.999999820000E-02 -3.936100118859E-02
  1.000000010000E-01 -3.927106944558E-02
  1.199999970000E-01 -3.916115084565E-02
  1.400000010000E-01 -3.903124547354E-02
  1.599999960000E-01 -3.888135329152E-02
  1.800000070000E-01 -3.871147393949E-02
  2.000000030000E-01 -3.852160645662E-02
  2.199999990000E-01 -3.831175243138E-02
  2.399999950000E-01 -3.808191178565E-02
  2.599999900000E-01 -3.783208160500E-02
  2.800000010000E-01 -3.756226369441E-02
  3.000000120000E-01 -3.727245178148E-02
  3.199999930000E-01 -3.696265021327E-02
  3.400000040000E-01 -3.663285688032E-02
  3.600000140000E-01 -3.628307558485E-02
  3.799999950000E-01 -3.591329474822E-02
  4.000000060000E-01 -3.552351983425E-02
  4.199999870000E-01 -3.511375770891E-02
  4.399999980000E-01 -3.468399089107E-02
  4.600000080000E-01 -3.423422325214E-02
  4.799999890000E-01 -3.376447102428E-02
  5.000000000000E-01 -3.327470779672E-02
  5.199999810000E-01 -3.276494426371E-02
  5.400000210000E-01 -3.223518309531E-02
  5.600000020000E-01 -3.168540925916E-02
  5.799999830000E-01 -3.111564671045E-02
  6.000000240000E-01 -3.052586711536E-02
  6.200000050000E-01 -2.991608992799E-02
  6.399999860000E-01 -2.928629614905E-02
  6.600000260000E-01 -2.863649535479E-02
  6.800000070000E-01 -2.796668324167E-02
  6.999999880000E-01 -2.727686065136E-02
  7.200000290000E-01 -2.656703840558E-02
  7.400000100000E-01 -2.583718153311E-02
  7.599999900000E-01 -2.508733221239E-02
  7.799999710000E-01 -2.431742273701E-02
  8.000000120000E-01 -2.352749809733E-02
  8.199999930000E-01 -2.271761896772E-02
  8.399999740000E-01 -2.188765368372E-02
  8.600000140000E-01 -2.103765956574E-02
  8.799999950000E-01 -2.016792405746E-02
  8.999999760000E-01 -1.927762400196E-02
  9.200000170000E-01 -1.836746523453E-02
  9.399999980000E-01 -1.743734144134E-02
  9.599999790000E-01 -1.648723736929E-02
  9.800000190000E-01 -1.551700510068E-02
  1.000000000000E+00 -1.452671705244E-02
  1.019999980000E+00 -1.351646131839E-02
  1.039999960000E+00 -1.248623644004E-02
  1.059999940000E+00 -1.143598301516E-02
  1.080000040000E+00 -1.036562943529E-02
  1.100000020000E+00 -9.275215316504E-03
  1.120000000000E+00 -8.164750854114E-03
  1.139999990000E+00 -7.034315477371E-03
  1.159999970000E+00 -5.883852011277E-03
  1.179999950000E+00 -4.713529324893E-03
  1.200000050000E+00 -3.522924076055E-03
  1.220000030000E+00 -2.314325856692E-03
  1.240000010000E+00 -1.110014101385E-03
  1.259999990000E+00 -1.724635885372E-04
  1.279999970000E+00 -4.119968257382E-14
  1.299999950000E+00 -4.119968255377E-14
  1.320000050000E+00 -4.119968255377E-14
  1.340000030000E+00 -4.119968255377E-14
  1.360000010000E+00 -4.119968255377E-14
  1.380000000000E+00 -4.119968255377E-14
  1.399999980000E+00 -4.119968255377E-14
  1.419999960000E+00 -4.119968255377E-14
  1.440000060000E+00 -4.119968255377E-14
  1.460000040000E+00 -4.119968255377E-14
  1.480000020000E+00 -4.119968255377E-14
  1.500000000000E+00 -4.119968255377E-14
  1.519999980000E+00 -4.119968255377E-14
  1.539999960000E+00 -4.119968255377E-14
  1.559999940000E+00 -4.119968255377E-14
  1.580000040000E+00 -4.119968255377E-14
  1.600000020000E+00 -4.119968255377E-14
  1.620000000000E+00 -4.119968255377E-14
  1.639999990000E+00 -4.119968255377E-14
  1.659999970000E+00 -4.119968255377E-14
  1.679999950000E+00 -4.119968255377E-14
  1.700000050000E+00 -4.119968255377E-14
  1.720000030000E+00 -4.119968255377E-14
  1.740000010000E+00 -4.119968255377E-14
  1.759999990000E+00 -4.119968255377E-14
  1.779999970000E+00 -4.119968255377E-14
  1.799999950000E+00 -3.048357775102E-05
BODY 2   181
 -1.797570940000E+00  8.094534280000E-02
 -1.777651070000E+00  7.915772500000E-02
 -1.757729290000E+00  7.739003750000E-02
 -1.737805840000E+00  7.564227280000E-02
 -1.717880610000E+00  7.391442360000E-02
 -1.697953700000E+00  7.220651210000E-02
 -1.678025010000E+00  7.051852350000E-02
 -1.658094640000E+00  6.885045770000E-02
 -1.638162730000E+00  6.720232960000E-02
 -1.618229150000E+00  6.557413190000E-02
 -1.598293900000E+00  6.396587190000E-02
 -1.578357100000E+00  6.237754970000E-02
 -1.558418630000E+00  6.080916150000E-02
 -1.538478730000E+00  5.926071110000E-02
 -1.518537160000E+00  5.773220210000E-02
 -1.498594160000E+00  5.622363840000E-02
 -1.478649620000E+00  5.473501610000E-02
 -1.458703640000E+00  5.326633900000E-02
 -1.438756110000E+00  5.181760710000E-02
 -1.418807270000E+00  5.038882790000E-02
 -1.398857000000E+00  4.898000650235E-02
 -1.378905180000E+00  4.759112933230E-02
 -1.358952160000E+00  4.622220544721E-02
 -1.338997720000E+00  4.487323648448E-02
 -1.319041850000E+00  4.354421907030E-02
 -1.299084780000E+00  4.223515590926E-02
 -1.279126410000E+00  4.094605501125E-02
 -1.259166720000E+00  3.967691010867E-02
 -1.239205720000E+00  3.842772425620E-02
 -1.219243530000E+00  3.719849921472E-02
 -1.199280140000E+00  3.598924059712E-02
 -1.179315570000E+00  3.479994294688E-02
 -1.159349680000E+00  3.363061007482E-02
 -1.139382840000E+00  3.248124436087E-02
 -1.119414690000E+00  3.135184357920E-02
 -1.099445460000E+00  3.024241383066E-02
 -1.079475160000E+00  2.915295245694E-02
 -1.059503790000E+00  2.808346216314E-02
 -1.039531350000E+00  2.703394449519E-02
 -1.019557830000E+00  2.600439793176E-02
 -9.995833640000E-01  2.499482681668E-02
 -9.796078800000E-01  2.400523046721E-02
 -9.596313830000E-01  2.303560890753E-02
 -9.396539330000E-01  2.208596419326E-02
 -9.196755890000E-01  2.115629846104E-02
 -8.996962900000E-01  2.024661264049E-02
 -8.797160980000E-01  1.935690419342E-02
 -8.597350120000E-01  1.848717779179E-02
 -8.397530910000E-01  1.763743230986E-02
 -8.197702770000E-01  1.680766896317E-02
 -7.997866870000E-01  1.599788841450E-02
 -7.798022630000E-01  1.520809272338E-02
 -7.598171230000E-01  1.443828182710E-02
 -7.398311500000E-01  1.368845673803E-02
 -7.198444600000E-01  1.295861712494E-02
 -6.998571160000E-01  1.224876567635E-02
 -6.798689960000E-01  1.155890124896E-02
 -6.598802210000E-01  1.088902498239E-02
 -6.398907900000E-01  1.023913868815E-02
 -6.199007030000E-01  9.609242192926E-03
 -5.999100210000E-01  8.999335790388E-03
 -5.799186830000E-01  8.409420175172E-03
 -5.599268080000E-01  7.839496446209E-03
 -5.399343970000E-01  7.289565020892E-03
 -5.199413900000E-01  6.759626286873E-03
 -4.999479060000E-01  6.249680823549E-03
 -4.799539150000E-01  5.759729024464E-03
 -4.599594470000E-01  5.289771842258E-03
 -4.399645030000E-01  4.839809253960E-03
 -4.199691410000E-01  4.409841765801E-03
 -3.999733330000E-01  3.999869814377E-03
 -3.799771370000E-01  3.609894323434E-03
 -3.599805530000E-01  3.239914842129E-03
 -3.399836120000E-01  2.889932517804E-03
 -3.199863430000E-01  2.559947137131E-03
 -2.999887470000E-01  2.249959246878E-03
 -2.799908520000E-01  1.959969068180E-03
 -2.599926890000E-01  1.689977109454E-03
 -2.399942430000E-01  1.439983396658E-03
 -2.199955580000E-01  1.209988378448E-03
 -1.999966650000E-01  9.999922478948E-04
 -1.799975630000E-01  8.099950429685E-04
 -1.599982980000E-01  6.399970287235E-04
 -1.399988530000E-01  4.899983434875E-04
 -1.199992820000E-01  3.599991469688E-04
 -9.999958430000E-02  2.499996233448E-04
 -7.999978960000E-02  1.599998651174E-04
 -5.999990930000E-02  8.999996803291E-05
 -3.999997300000E-02  3.999999788767E-05
 -1.999999580000E-02  1.000000008419E-05
  0.000000000000E+00  0.000000000000E+00
  1.999999580000E-02  1.000000008419E-05
  3.999997300000E-02  3.999999788767E-05
  5.999990930000E-02  8.999996803291E-05
  7.999978960000E-02  1.599998651174E-04
  9.999958430000E-02  2.499996233448E-04
  1.199992820000E-01  3.599991469688E-04
  1.399988530000E-01  4.899983434875E-04
  1.599982980000E-01  6.399970287235E-04
  1.799975630000E-01  8.099950429685E-04
  1.999966650000E-01  9.999922478948E-04
  2.199955580000E-01  1.209988378448E-03
  2.399942430000E-01  1.439983396658E-03
  2.599926890000E-01  1.689977109454E-03
  2.799908520000E-01  1.959969068180E-03
  2.999887470000E-01  2.249959246878E-03
  3.199863430000E-01  2.559947137131E-03
  3.399836120000E-01  2.889932517804E-03
  3.599805530000E-01  3.239914842129E-03
  3.799771370000E-01  3.609894323434E-03
  3.999733330000E-01  3.999869814377E-03
  4.199691410000E-01  4.409841765801E-03
  4.399645030000E-01  4.839809253960E-03
  4.599594470000E-01  5.289771842258E-03
  4.799539150000E-01  5.759729024464E-03
  4.999479060000E-01  6.249680823549E-03
  5.199413900000E-01  6.759626286873E-03
  5.399343970000E-01  7.289565020892E-03
  5.599268080000E-01  7.839496446209E-03
  5.799186830000E-01  8.409420175172E-03
  5.999100210000E-01  8.999335790388E-03
  6.199007030000E-01  9.609242192926E-03
  6.398907900000E-01  1.023913868815E-02
  6.598802210000E-01  1.088902498239E-02
  6.798689960000E-01  1.155890124896E-02
  6.998571160000E-01  1.224876567635E-02
  7.198444600000E-01  1.295861712494E-02
  7.398311500000E-01  1.368845673803E-02
  7.598171230000E-01  1.443828182710E-02
  7.798022630000E-01  1.520809272338E-02
  7.997866870000E-01  1.599788841450E-02
  8.197702770000E-01  1.680766896317E-02
  8.397530910000E-01  1.763743230986E-02
  8.597350120000E-01  1.848717779179E-02
  8.797160980000E-01  1.935690419342E-02
  8.996962900000E-01  2.024661264049E-02
  9.196755890000E-01  2.115629846104E-02
  9.396539330000E-01  2.208596419326E-02
  9.596313830000E-01  2.303560890753E-02
  9.796078800000E-01  2.400523046721E-02
  9.995833640000E-01  2.499482681668E-02
  1.019557830000E+00  2.600439793176E-02
  1.039531350000E+00  2.703394449519E-02
  1.059503790000E+00  2.808346216314E-02
  1.079475160000E+00  2.915295245694E-02
  1.099445460000E+00  3.024241383066E-02
  1.119414690000E+00  3.135184357920E-02
  1.139382840000E+00  3.248124436087E-02
  1.159349680000E+00  3.363061007482E-02
  1.179315570000E+00  3.479994294688E-02
  1.199280140000E+00  3.598924059712E-02
  1.219243530000E+00  3.719849921472E-02
  1.239205720000E+00  3.842772425620E-02
  1.259166720000E+00  3.967691010867E-02
  1.279126410000E+00  4.094605501125E-02
  1.299084780000E+00  4.223515590926E-02
  1.319041850000E+00  4.354421907030E-02
  1.338997720000E+00  4.487323648448E-02
  1.358952160000E+00  4.622220544721E-02
  1.378905180000E+00  4.759112933230E-02
  1.398857000000E+00  4.898000650235E-02
  1.418807270000E+00  5.038882790000E-02
  1.438756110000E+00  5.181760710000E-02
  1.458703640000E+00  5.326633900000E-02
  1.478649620000E+00  5.473501610000E-02
  1.498594160000E+00  5.622363840000E-02
  1.518537160000E+00  5.773220210000E-02
  1.538478730000E+00  5.926071110000E-02
  1.558418630000E+00  6.080916150000E-02
  1.578357100000E+00  6.237754970000E-02
  1.598293900000E+00  6.396587190000E-02
  1.618229150000E+00  6.557413190000E-02
  1.638162730000E+00  6.720232960000E-02
  1.658094640000E+00  6.885045770000E-02
  1.678025010000E+00  7.051852350000E-02
  1.697953700000E+00  7.220651210000E-02
  1.717880610000E+00  7.391442360000E-02
  1.737805840000E+00  7.564227280000E-02
  1.757729290000E+00  7.739003750000E-02
  1.777651070000E+00  7.915772500000E-02
  1.797570940000E+00  8.094534280000E-02
STEP  41 TIME  3.90020000E+04
BODY 1   181
 -1.799999950000E+00 -3.040833342683E-05
 -1.779999970000E+00 -4.228388472622E-14
 -1.759999990000E+00 -4.228388472622E-14
 -1.740000010000E+00 -4.228388472622E-14
 -1.720000030000E+00 -4.228388472622E-14
 -1.700000050000E+00 -4.228388472622E-14
 -1.679999950000E+00 -4.228388472622E-14
 -1.659999970000E+00 -4.228388472622E-14
 -1.639999990000E+00 -4.228388472622E-14
 -1.620000000000E+00 -4.228388472622E-14
 -1.600000020000E+00 -4.228388472622E-14
 -1.580000040000E+00 -4.228388472622E-14
 -1.559999940000E+00 -4.228388472622E-14
 -1.539999960000E+00 -4.228388472622E-14
 -1.519999980000E+00 -4.228388472622E-14
 -1.500000000000E+00 -4.228388472622E-14
 -1.480000020000E+00 -4.228388472622E-14
 -1.460000040000E+00 -4.228388472622E-14
 -1.440000060000E+00 -4.228388472622E-14
 -1.419999960000E+00 -4.228388472622E-14
 -1.399999980000E+00 -4.228388472622E-14
 -1.380000000000E+00 -4.228388472622E-14
 -1.360000010000E+00 -4.228388472622E-14
 -1.340000030000E+00 -4.228388472622E-14
 -1.320000050000E+00 -4.228388472622E-14
 -1.299999950000E+00 -4.228388472624E-14
 -1.279999970000E+00 -6.286701355469E-05
 -1.259999990000E+00 -5.823477065943E-04
 -1.240000010000E+00 -1.781722747539E-03
 -1.220000030000E+00 -3.005094304817E-03
 -1.200000050000E+00 -4.216618413826E-03
 -1.179999950000E+00 -5.406949622568E-03
 -1.159999970000E+00 -6.577569881553E-03
 -1.139999990000E+00 -7.728078136921E-03
 -1.120000000000E+00 -8.858578137872E-03
 -1.100000020000E+00 -9.968988928676E-03
 -1.080000040000E+00 -1.105939452348E-02
 -1.059999940000E+00 -1.212981359771E-02
 -1.039999960000E+00 -1.318026541335E-02
 -1.019999980000E+00 -1.421072102581E-02
 -1.000000000000E+00 -1.522110508829E-02
 -9.800000190000E-01 -1.621138374874E-02
 -9.599999790000E-01 -1.718166865354E-02
 -9.399999980000E-01 -1.813204512678E-02
 -9.200000170000E-01 -1.906247145795E-02
 -8.999999760000E-01 -1.997332587240E-02
 -8.799999950000E-01 -2.086331319181E-02
 -8.600000140000E-01 -2.173268426059E-02
 -8.399999740000E-01 -2.258252633151E-02
 -8.199999930000E-01 -2.341230287836E-02
 -8.000000120000E-01 -2.422218141698E-02
 -7.799999710000E-01 -2.501204394948E-02
 -7.599999900000E-01 -2.578188921845E-02
 -7.400000100000E-01 -2.653173833631E-02
 -7.200000290000E-01 -2.726154471882E-02
 -6.999999880000E-01 -2.797136866185E-02
 -6.800000070000E-01 -2.866117982279E-02
 -6.600000260000E-01 -2.933098350470E-02
 -6.399999860000E-01 -2.998078653479E-02
 -6.200000050000E-01 -3.061056653574E-02
 -6.000000240000E-01 -3.122034964615E-02
 -5.799999830000E-01 -3.181011852325E-02
 -5.600000020000E-01 -3.237989099118E-02
 -5.400000210000E-01 -3.292965510953E-02
 -5.199999810000E-01 -3.345943548347E-02
 -5.000000000000E-01 -3.396920184701E-02
 -4.799999890000E-01 -3.445896785889E-02
 -4.600000080000E-01 -3.492873489729E-02
 -4.399999980000E-01 -3.537850567200E-02
 -4.199999870000E-01 -3.580828728117E-02
 -4.000000060000E-01 -3.621806805597E-02
 -3.799999950000E-01 -3.660785545594E-02
 -3.600000140000E-01 -3.697765285335E-02
 -3.400000040000E-01 -3.732745832879E-02
 -3.199999930000E-01 -3.765727414151E-02
 -3.000000120000E-01 -3.796709807206E-02
 -2.800000010000E-01 -3.825693507670E-02
 -2.599999900000E-01 -3.852678814759E-02
 -2.399999950000E-01 -3.877665850981E-02
 -2.199999990000E-01 -3.900654271411E-02
 -2.000000030000E-01 -3.921644748524E-02
 -1.800000070000E-01 -3.940637539449E-02
 -1.599999960000E-01 -3.957633285374E-02
 -1.400000010000E-01 -3.972633012912E-02
 -1.199999970000E-01 -3.985639369710E-02
 -1.000000010000E-01 -3.996664067773E-02
 -7.999999820000E-02 -4.005680545650E-02
 -5.999999870000E-02 -4.012627339820E-02
 -3.999999910000E-02 -4.017612946530E-02
 -1.999999960000E-02 -4.020604885826E-02
  0.000000000000E+00 -4.021573317195E-02
  1.999999960000E-02 -4.020604885826E-02
  3.999999910000E-02 -4.017612946530E-02
  5.999999870000E-02 -4.012627339820E-02
  7.999999820000E-02 -4.005680545650E-02
  1.000000010000E-01 -3.996664067773E-02
  1.199999970000E-01 -3.985639369710E-02
  1.400000010000E-01 -3.972633012912E-02
  1.599999960000E-01 -3.957633285374E-02
  1.800000070000E-01 -3.940637539449E-02
  2.000000030000E-01 -3.921644748524E-02
  2.199999990000E-01 -3.900654271411E-02
  2.399999950000E-01 -3.877665850981E-02
  2.599999900000E-01 -3.852678814759E-02
  2.800000010000E-01 -3.825693507670E-02
  3.000000120000E-01 -3.796709807206E-02
  3.199999930000E-01 -3.765727414151E-02
  3.400000040000E-01 -3.732745832879E-02
  3.600000140000E-01 -3.697765285335E-02
  3.799999950000E-01 -3.660785545594E-02
  4.000000060000E-01 -3.621806805597E-02
  4.199999870000E-01 -3.580828728117E-02
  4.399999980000E-01 -3.537850567200E-02
  4.600000080000E-01 -3.492873489729E-02
  4.799999890000E-01 -3.445896785889E-02
  5.000000000000E-01 -3.396920184701E-02
  5.199999810000E-01 -3.345943548347E-02
  5.400000210000E-01 -3.292965510953E-02
  5.600000020000E-01 -3.237989099118E-02
  5.799999830000E-01 -3.181011852325E-02
  6.000000240000E-01 -3.122034964615E-02
  6.200000050000E-01 -3.061056653574E-02
  6.399999860000E-01 -2.998078653479E-02
  6.600000260000E-01 -2.933098350470E-02
  6.800000070000E-01 -2.866117982279E-02
  6.999999880000E-01 -2.797136866185E-02
  7.200000290000E-01 -2.726154471882E-02
  7.400000100000E-01 -2.653173833631E-02
  7.599999900000E-01 -2.578188921845E-02
  7.799999710000E-01 -2.501204394948E-02
  8.000000120000E-01 -2.422218141698E-02
  8.199999930000E-01 -2.341230287836E-02
  8.399999740000E-01 -2.258252633151E-02
  8.600000140000E-01 -2.173268426059E-02
  8.799999950000E-01 -2.086331319181E-02
  8.999999760000E-01 -1.997332587240E-02
  9.200000170000E-01 -1.906247145795E-02
  9.399999980000E-01 -1.813204512678E-02
  9.599999790000E-01 -1.718166865354E-02
  9.800000190000E-01 -1.621138374874E-02
  1.000000000000E+00 -1.522110508829E-02
  1.019999980000E+00 -1.421072102582E-02
  1.039999960000E+00 -1.318026541335E-02
  1.059999940000E+00 -1.212981359771E-02
  1.080000040000E+00 -1.105939452348E-02
  1.100000020000E+00 -9.968988928675E-03
  1.120000000000E+00 -8.858578137873E-03
  1.139999990000E+00 -7.728078136922E-03
  1.159999970000E+00 -6.577569881553E-03
  1.179999950000E+00 -5.406949622569E-03
  1.200000050000E+00 -4.216618413826E-03
  1.220000030000E+00 -3.005094304816E-03
  1.240000010000E+00 -1.781722747539E-03
  1.259999990000E+00 -5.823477065950E-04
  1.279999970000E+00 -6.286701355504E-05
  1.299999950000E+00 -4.228388472810E-14
  1.320000050000E+00 -4.228388472622E-14
  1.340000030000E+00 -4.228388472622E-14
  1.360000010000E+00 -4.228388472622E-14
  1.380000000000E+00 -4.228388472622E-14
  1.399999980000E+00 -4.228388472622E-14
  1.419999960000E+00 -4.228388472622E-14
  1.440000060000E+00 -4.228388472622E-14
  1.460000040000E+00 -4.228388472622E-14
  1.480000020000E+00 -4.228388472622E-14
  1.500000000000E+00 -4.228388472622E-14
  1.519999980000E+00 -4.228388472622E-14
  1.539999960000E+00 -4.228388472622E-14
  1.559999940000E+00 -4.228388472622E-14
  1.580000040000E+00 -4.228388472622E-14
  1.600000020000E+00 -4.228388472622E-14
  1.620000000000E+00 -4.228388472622E-14
  1.639999990000E+00 -4.228388472622E-14
  1.659999970000E+00 -4.228388472622E-14
  1.679999950000E+00 -4.228388472622E-14
  1.700000050000E+00 -4.228388472622E-14
  1.720000030000E+00 -4.228388472622E-14
  1.740000010000E+00 -4.228388472622E-14
  1.759999990000E+00 -4.228388472622E-14
  1.779999970000E+00 -4.228388472622E-14
  1.799999950000E+00 -3.042663285605E-05
BODY 2   181
 -1.797570940000E+00  8.094534280000E-02
 -1.777651070000E+00  7.915772500000E-02
 -1.757729290000E+00  7.739003750000E-02
 -1.737805840000E+00  7.564227280000E-02
 -1.717880610000E+00  7.391442360000E-02
 -1.697953700000E+00  7.220651210000E-02
 -1.678025010000E+00  7.051852350000E-02
 -1.658094640000E+00  6.885045770000E-02
 -1.638162730000E+00  6.720232960000E-02
 -1.618229150000E+00  6.557413190000E-02
 -1.598293900000E+00  6.396587190000E-02
 -1.578357100000E+00  6.237754970000E-02
 -1.558418630000E+00  6.080916150000E-02
 -1.538478730000E+00  5.926071110000E-02
 -1.518537160000E+00  5.773220210000E-02
 -1.498594160000E+00  5.622363840000E-02
 -1.478649620000E+00  5.473501610000E-02
 -1.458703640000E+00  5.326633900000E-02
 -1.438756110000E+00  5.181760710000E-02
 -1.418807270000E+00  5.038882790000E-02
 -1.398857000000E+00  4.898000650235E-02
 -1.378905180000E+00  4.759112933230E-02
 -1.358952160000E+00  4.622220544721E-02
 -1.338997720000E+00  4.487323648448E-02
 -1.319041850000E+00  4.354421907030E-02
 -1.299084780000E+00  4.223515590926E-02
 -1.279126410000E+00  4.094605501125E-02
 -1.259166720000E+00  3.967691010867E-02
 -1.239205720000E+00  3.842772425620E-02
 -1.219243530000E+00  3.719849921472E-02
 -1.199280140000E+00  3.598924059712E-02
 -1.179315570000E+00  3.479994294688E-02
 -1.159349680000E+00  3.363061007482E-02
 -1.139382840000E+00  3.248124436087E-02
 -1.119414690000E+00  3.135184357920E-02
 -1.099445460000E+00  3.024241383066E-02
 -1.079475160000E+00  2.915295245694E-02
 -1.059503790000E+00  2.808346216314E-02
 -1.039531350000E+00  2.703394449519E-02
 -1.019557830000E+00  2.600439793176E-02
 -9.995833640000E-01  2.499482681668E-02
 -9.796078800000E-01  2.400523046721E-02
 -9.596313830000E-01  2.303560890753E-02
 -9.396539330000E-01  2.208596419326E-02
 -9.196755890000E-01  2.115629846104E-02
 -8.996962900000E-01  2.024661264049E-02
 -8.797160980000E-01  1.935690419342E-02
 -8.597350120000E-01  1.848717779179E-02
 -8.397530910000E-01  1.763743230986E-02
 -8.197702770000E-01  1.680766896317E-02
 -7.997866870000E-01  1.599788841450E-02
 -7.798022630000E-01  1.520809272338E-02
 -7.598171230000E-01  1.443828182710E-02
 -7.398311500000E-01  1.368845673803E-02
 -7.198444600000E-01  1.295861712494E-02
 -6.998571160000E-01  1.224876567635E-02
 -6.798689960000E-01  1.155890124896E-02
 -6.598802210000E-01  1.088902498239E-02
 -6.398907900000E-01  1.023913868815E-02
 -6.199007030000E-01  9.609242192926E-03
 -5.999100210000E-01  8.999335790388E-03
 -5.799186830000E-01  8.409420175172E-03
 -5.599268080000E-01  7.839496446209E-03
 -5.399343970000E-01  7.289565020892E-03
 -5.199413900000E-01  6.759626286873E-03
 -4.999479060000E-01  6.249680823549E-03
 -4.799539150000E-01  5.759729024464E-03
 -4.599594470000E-01  5.289771842258E-03
 -4.399645030000E-01  4.839809253960E-03
 -4.199691410000E-01  4.409841765801E-03
 -3.999733330000E-01  3.999869814377E-03
 -3.799771370000E-01  3.609894323434E-03
 -3.599805530000E-01  3.239914842129E-03
 -3.399836120000E-01  2.889932517804E-03
 -3.199863430000E-01  2.559947137131E-03
 -2.999887470000E-01  2.249959246878E-03
 -2.799908520000E-01  1.959969068180E-03
 -2.599926890000E-01  1.689977109454E-03
 -2.399942430000E-01  1.439983396658E-03
 -2.199955580000E-01  1.209988378448E-03
 -1.999966650000E-01  9.999922478948E-04
 -1.799975630000E-01  8.099950429685E-04
 -1.599982980000E-01  6.399970287235E-04
 -1.399988530000E-01  4.899983434875E-04
 -1.199992820000E-01  3.599991469688E-04
 -9.999958430000E-02  2.499996233448E-04
 -7.999978960000E-02  1.599998651174E-04
 -5.999990930000E-02  8.999996803291E-05
 -3.999997300000E-02  3.999999788767E-05
 -1.999999580000E-02  1.000000008419E-05
  0.000000000000E+00  0.000000000000E+00
  1.999999580000E-02  1.000000008419E-05
  3.999997300000E-02  3.999999788767E-05
  5.999990930000E-02  8.999996803291E-05
  7.999978960000E-02  1.599998651174E-04
  9.999958430000E-02  2.499996233448E-04
  1.199992820000E-01  3.599991469688E-04
  1.399988530000E-01  4.899983434875E-04
  1.599982980000E-01  6.399970287235E-04
  1.799975630000E-01  8.099950429685E-04
  1.999966650000E-01  9.999922478948E-04
  2.199955580000E-01  1.209988378448E-03
  2.399942430000E-01  1.439983396658E-03
  2.599926890000E-01  1.689977109454E-03
  2.799908520000E-01  1.959969068180E-03
  2.999887470000E-01  2.249959246878E-03
  3.199863430000E-01  2.559947137131E-03
  3.399836120000E-01  2.889932517804E-03
  3.599805530000E-01  3.239914842129E-03
  3.799771370000E-01  3.609894323434E-03
  3.999733330000E-01  3.999869814377E-03
  4.199691410000E-01  4.409841765801E-03
  4.399645030000E-01  4.839809253960E-03
  4.599594470000E-01  5.289771842258E-03
  4.799539150000E-01  5.759729024464E-03
  4.999479060000E-01  6.249680823549E-03
  5.199413900000E-01  6.759626286873E-03
  5.399343970000E-01  7.289565020892E-03
  5.599268080000E-01  7.839496446209E-03
  5.799186830000E-01  8.409420175172E-03
  5.999100210000E-01  8.999335790388E-03
  6.199007030000E-01  9.609242192926E-03
  6.398907900000E-01  1.023913868815E-02
  6.598802210000E-01  1.088902498239E-02
  6.798689960000E-01  1.155890124896E-02
  6.998571160000E-01  1.224876567635E-02
  7.198444600000E-01  1.295861712494E-02
  7.398311500000E-01  1.368845673803E-02
  7.598171230000E-01  1.443828182710E-02
  7.798022630000E-01  1.520809272338E-02
  7.997866870000E-01  1.599788841450E-02
  8.197702770000E-01  1.680766896317E-02
  8.397530910000E-01  1.763743230986E-02
  8.597350120000E-01  1.848717779179E-02
  8.797160980000E-01  1.935690419342E-02
  8.996962900000E-01  2.024661264049E-02
  9.196755890000E-01  2.115629846104E-02
  9.396539330000E-01  2.208596419326E-02
  9.596313830000E-01  2.303560890753E-02
  9.796078800000E-01  2.400523046721E-02
  9.995833640000E-01  2.499482681668E-02
  1.019557830000E+00  2.600439793176E-02
  1.039531350000E+00  2.703394449519E-02
  1.059503790000E+00  2.808346216314E-02
  1.079475160000E+00  2.915295245694E-02
  1.099445460000E+00  3.024241383066E-02
  1.119414690000E+00  3.135184357920E-02
  1.139382840000E+00  3.248124436087E-02
  1.159349680000E+00  3.363061007482E-02
  1.179315570000E+00  3.479994294688E-02
  1.199280140000E+00  3.598924059712E-02
  1.219243530000E+00  3.719849921472E-02
  1.239205720000E+00  3.842772425620E-02
  1.259166720000E+00  3.967691010867E-02
  1.279126410000E+00  4.094605501125E-02
  1.299084780000E+00  4.223515590926E-02
  1.319041850000E+00  4.354421907030E-02
  1.338997720000E+00  4.487323648448E-02
  1.358952160000E+00  4.622220544721E-02
  1.378905180000E+00  4.759112933230E-02
  1.398857000000E+00  4.898000650235E-02
  1.418807270000E+00  5.038882790000E-02
  1.438756110000E+00  5.181760710000E-02
  1.458703640000E+00  5.326633900000E-02
  1.478649620000E+00  5.473501610000E-02
  1.498594160000E+00  5.622363840000E-02
  1.518537160000E+00  5.773220210000E-02
  1.538478730000E+00  5.926071110000E-02
  1.558418630000E+00  6.080916150000E-02
  1.578357100000E+00  6.237754970000E-02
  1.598293900000E+00  6.396587190000E-02
  1.618229150000E+00  6.557413190000E-02
  1.638162730000E+00  6.720232960000E-02
  1.658094640000E+00  6.885045770000E-02
  1.678025010000E+00  7.051852350000E-02
  1.697953700000E+00  7.220651210000E-02
  1.717880610000E+00  7.391442360000E-02
  1.737805840000E+00  7.564227280000E-02
  1.757729290000E+00  7.739003750000E-02
  1.777651070000E+00  7.915772500000E-02
  1.797570940000E+00  8.094534280000E-02
STEP  42 TIME  4.00020000E+04
BODY 1   181
 -1.799999950000E+00 -3.040763700368E-05
 -1.779999970000E+00 -4.336808689867E-14
 -1.759999990000E+00 -4.336808689867E-14
 -1.740000010000E+00 -4.336808689867E-14
 -1.720000030000E+00 -4.336808689867E-14
 -1.700000050000E+00 -4.336808689867E-14
 -1.679999950000E+00 -4.336808689867E-14
 -1.659999970000E+00 -4.336808689867E-14
 -1.639999990000E+00 -4.336808689867E-14
 -1.620000000000E+00 -4.336808689867E-14
 -1.600000020000E+00 -4.336808689867E-14
 -1.580000040000E+00 -4.336808689867E-14
 -1.559999940000E+00 -4.336808689867E-14
 -1.539999960000E+00 -4.336808689867E-14
 -1.519999980000E+00 -4.336808689867E-14
 -1.500000000000E+00 -4.336808689867E-14
 -1.480000020000E+00 -4.336808689867E-14
 -1.460000040000E+00 -4.336808689867E-14
 -1.440000060000E+00 -4.336808689867E-14
 -1.419999960000E+00 -4.336808689867E-14
 -1.399999980000E+00 -4.336808689867E-14
 -1.380000000000E+00 -4.336808689867E-14
 -1.360000010000E+00 -4.336808689867E-14
 -1.340000030000E+00 -4.336808689867E-14
 -1.320000050000E+00 -4.336808689867E-14
 -1.299999950000E+00 -4.336808689878E-14
 -1.279999970000E+00 -2.001347266818E-04
 -1.259999990000E+00 -1.237059225677E-03
 -1.240000010000E+00 -2.466597292046E-03
 -1.220000030000E+00 -3.696352061612E-03
 -1.200000050000E+00 -4.906951496297E-03
 -1.179999950000E+00 -6.097427794366E-03
 -1.159999970000E+00 -7.267961320974E-03
 -1.139999990000E+00 -8.418466756866E-03
 -1.120000000000E+00 -9.548994583211E-03
 -1.100000020000E+00 -1.065953184693E-02
 -1.080000040000E+00 -1.175006455906E-02
 -1.059999940000E+00 -1.282054359733E-02
 -1.039999960000E+00 -1.387095332832E-02
 -1.019999980000E+00 -1.490124041040E-02
 -1.000000000000E+00 -1.591156297814E-02
 -9.800000190000E-01 -1.690193666713E-02
 -9.599999790000E-01 -1.787232433648E-02
 -9.399999980000E-01 -1.882268154943E-02
 -9.200000170000E-01 -1.975321776324E-02
 -8.999999760000E-01 -2.066358783091E-02
 -8.799999950000E-01 -2.155305873073E-02
 -8.600000140000E-01 -2.242291348380E-02
 -8.399999740000E-01 -2.327281441120E-02
 -8.199999930000E-01 -2.410275436035E-02
 -8.000000120000E-01 -2.491262128164E-02
 -7.799999710000E-01 -2.570253457899E-02
 -7.599999900000E-01 -2.647242910850E-02
 -7.400000100000E-01 -2.722226317530E-02
 -7.200000290000E-01 -2.795211783444E-02
 -6.999999880000E-01 -2.866195591851E-02
 -6.800000070000E-01 -2.935178750751E-02
 -6.600000260000E-01 -3.002161871786E-02
 -6.399999860000E-01 -3.067141638734E-02
 -6.200000050000E-01 -3.130122604231E-02
 -6.000000240000E-01 -3.191100133506E-02
 -5.799999830000E-01 -3.250079326881E-02
 -5.600000020000E-01 -3.307056528426E-02
 -5.400000210000E-01 -3.362034536575E-02
 -5.199999810000E-01 -3.415011816795E-02
 -5.000000000000E-01 -3.465990459057E-02
 -4.799999890000E-01 -3.514968223132E-02
 -4.600000080000E-01 -3.561945280882E-02
 -4.399999980000E-01 -3.606923386893E-02
 -4.199999870000E-01 -3.649901904762E-02
 -4.000000060000E-01 -3.690880997226E-02
 -3.799999950000E-01 -3.729860886135E-02
 -3.600000140000E-01 -3.766841583201E-02
 -3.400000040000E-01 -3.801822987092E-02
 -3.199999930000E-01 -3.834805695511E-02
 -3.000000120000E-01 -3.865790027795E-02
 -2.800000010000E-01 -3.894776229692E-02
 -2.599999900000E-01 -3.921764524713E-02
 -2.399999950000E-01 -3.946755692979E-02
 -2.199999990000E-01 -3.969752278980E-02
 -2.000000030000E-01 -3.990761181008E-02
 -1.800000070000E-01 -4.009771472092E-02
 -1.599999960000E-01 -4.026717213559E-02
 -1.400000010000E-01 -4.041696751029E-02
 -1.199999970000E-01 -4.054678805815E-02
 -1.000000010000E-01 -4.065666201707E-02
 -7.999999820000E-02 -4.074655831851E-02
 -5.999999870000E-02 -4.081647761046E-02
 -3.999999910000E-02 -4.086641707860E-02
 -1.999999960000E-02 -4.089639794817E-02
  0.000000000000E+00 -4.090608817994E-02
  1.999999960000E-02 -4.089639794817E-02
  3.999999910000E-02 -4.086641707860E-02
  5.999999870000E-02 -4.081647761046E-02
  7.999999820000E-02 -4.074655831851E-02
  1.000000010000E-01 -4.065666201707E-02
  1.199999970000E-01 -4.054678805815E-02
  1.400000010000E-01 -4.041696751029E-02
  1.599999960000E-01 -4.026717213559E-02
  1.800000070000E-01 -4.009771472092E-02
  2.000000030000E-01 -3.990761181008E-02
  2.199999990000E-01 -3.969752278980E-02
  2.399999950000E-01 -3.946755692979E-02
  2.599999900000E-01 -3.921764524713E-02
  2.800000010000E-01 -3.894776229692E-02
  3.000000120000E-01 -3.865790027795E-02
  3.199999930000E-01 -3.834805695511E-02
  3.400000040000E-01 -3.801822987092E-02
  3.600000140000E-01 -3.766841583201E-02
  3.799999950000E-01 -3.729860886135E-02
  4.000000060000E-01 -3.690880997226E-02
  4.199999870000E-01 -3.649901904762E-02
  4.399999980000E-01 -3.606923386893E-02
  4.600000080000E-01 -3.561945280882E-02
  4.799999890000E-01 -3.514968223132E-02
  5.000000000000E-01 -3.465990459057E-02
  5.199999810000E-01 -3.415011816795E-02
  5.400000210000E-01 -3.362034536575E-02
  5.600000020000E-01 -3.307056528426E-02
  5.799999830000E-01 -3.250079326881E-02
  6.000000240000E-01 -3.191100133506E-02
  6.200000050000E-01 -3.130122604231E-02
  6.399999860000E-01 -3.067141638734E-02
  6.600000260000E-01 -3.002161871786E-02
  6.800000070000E-01 -2.935178750751E-02
  6.999999880000E-01 -2.866195591851E-02
  7.200000290000E-01 -2.795211783444E-02
  7.400000100000E-01 -2.722226317530E-02
  7.599999900000E-01 -2.647242910850E-02
  7.799999710000E-01 -2.570253457899E-02
  8.000000120000E-01 -2.491262128164E-02
  8.199999930000E-01 -2.410275436035E-02
  8.399999740000E-01 -2.327281441120E-02
  8.600000140000E-01 -2.242291348380E-02
  8.799999950000E-01 -2.155305873073E-02
  8.999999760000E-01 -2.066358783091E-02
  9.200000170000E-01 -1.975321776324E-02
  9.399999980000E-01 -1.882268154943E-02
  9.599999790000E-01 -1.787232433648E-02
  9.800000190000E-01 -1.690193666713E-02
  1.000000000000E+00 -1.591156297814E-02
  1.019999980000E+00 -1.490124041040E-02
  1.039999960000E+00 -1.387095332832E-02
  1.059999940000E+00 -1.282054359733E-02
  1.080000040000E+00 -1.175006455906E-02
  1.100000020000E+00 -1.065953184693E-02
  1.120000000000E+00 -9.548994583211E-03
  1.139999990000E+00 -8.418466756866E-03
  1.159999970000E+00 -7.267961320974E-03
  1.179999950000E+00 -6.097427794366E-03
  1.200000050000E+00 -4.906951496297E-03
  1.220000030000E+00 -3.696352061612E-03
  1.240000010000E+00 -2.466597292046E-03
  1.259999990000E+00 -1.237059225677E-03
  1.279999970000E+00 -2.001347266819E-04
  1.299999950000E+00 -4.336808695133E-14
  1.320000050000E+00 -4.336808689867E-14
  1.340000030000E+00 -4.336808689867E-14
  1.360000010000E+00 -4.336808689867E-14
  1.380000000000E+00 -4.336808689867E-14
  1.399999980000E+00 -4.336808689867E-14
  1.419999960000E+00 -4.336808689867E-14
  1.440000060000E+00 -4.336808689867E-14
  1.460000040000E+00 -4.336808689867E-14
  1.480000020000E+00 -4.336808689867E-14
  1.500000000000E+00 -4.336808689867E-14
  1.519999980000E+00 -4.336808689867E-14
  1.539999960000E+00 -4.336808689867E-14
  1.559999940000E+00 -4.336808689867E-14
  1.580000040000E+00 -4.336808689867E-14
  1.600000020000E+00 -4.336808689867E-14
  1.620000000000E+00 -4.336808689867E-14
  1.639999990000E+00 -4.336808689867E-14
  1.659999970000E+00 -4.336808689867E-14
  1.679999950000E+00 -4.336808689867E-14
  1.700000050000E+00 -4.336808689867E-14
  1.720000030000E+00 -4.336808689867E-14
  1.740000010000E+00 -4.336808689867E-14
  1.759999990000E+00 -4.336808689867E-14
  1.779999970000E+00 -4.336808689867E-14
  1.799999950000E+00 -3.043126541597E-05
BODY 2   181
 -1.797570940000E+00  8.094534280000E-02
 -1.777651070000E+00  7.915772500000E-02
 -1.757729290000E+00  7.739003750000E-02
 -1.737805840000E+00  7.564227280000E-02
 -1.717880610000E+00  7.391442360000E-02
 -1.697953700000E+00  7.220651210000E-02
 -1.678025010000E+00  7.051852350000E-02
 -1.658094640000E+00  6.885045770000E-02
 -1.638162730000E+00  6.720232960000E-02
 -1.618229150000E+00  6.557413190000E-02
 -1.598293900000E+00  6.396587190000E-02
 -1.578357100000E+00  6.237754970000E-02
 -1.558418630000E+00  6.080916150000E-02
 -1.538478730000E+00  5.926071110000E-02
 -1.518537160000E+00  5.773220210000E-02
 -1.498594160000E+00  5.622363840000E-02
 -1.478649620000E+00  5.473501610000E-02
 -1.458703640000E+00  5.326633900000E-02
 -1.438756110000E+00  5.181760710000E-02
 -1.418807270000E+00  5.038882790000E-02
 -1.398857000000E+00  4.898000650235E-02
 -1.378905180000E+00  4.759112933230E-02
 -1.358952160000E+00  4.622220544721E-02
 -1.338997720000E+00  4.487323648448E-02
 -1.319041850000E+00  4.354421907030E-02
 -1.299084780000E+00  4.223515590926E-02
 -1.279126410000E+00  4.094605501125E-02
 -1.259166720000E+00  3.967691010867E-02
 -1.239205720000E+00  3.842772425620E-02
 -1.219243530000E+00  3.719849921472E-02
 -1.199280140000E+00  3.598924059712E-02
 -1.179315570000E+00  3.479994294688E-02
 -1.159349680000E+00  3.363061007482E-02
 -1.139382840000E+00  3.248124436087E-02
 -1.119414690000E+00  3.135184357920E-02
 -1.099445460000E+00  3.024241383066E-02
 -1.079475160000E+00  2.915295245694E-02
 -1.059503790000E+00  2.808346216314E-02
 -1.039531350000E+00  2.703394449519E-02
 -1.019557830000E+00  2.600439793176E-02
 -9.995833640000E-01  2.499482681668E-02
 -9.796078800000E-01  2.400523046721E-02
 -9.596313830000E-01  2.303560890753E-02
 -9.396539330000E-01  2.208596419326E-02
 -9.196755890000E-01  2.115629846104E-02
 -8.996962900000E-01  2.024661264049E-02
 -8.797160980000E-01  1.935690419342E-02
 -8.597350120000E-01  1.848717779179E-02
 -8.397530910000E-01  1.763743230986E-02
 -8.197702770000E-01  1.680766896317E-02
 -7.997866870000E-01  1.599788841450E-02
 -7.798022630000E-01  1.520809272338E-02
 -7.598171230000E-01  1.443828182710E-02
 -7.398311500000E-01  1.368845673803E-02
 -7.198444600000E-01  1.295861712494E-02
 -6.998571160000E-01  1.224876567635E-02
 -6.798689960000E-01  1.155890124896E-02
 -6.598802210000E-01  1.088902498239E-02
 -6.398907900000E-01  1.023913868815E-02
 -6.199007030000E-01  9.609242192926E-03
 -5.999100210000E-01  8.999335790388E-03
 -5.799186830000E-01  8.409420175172E-03
 -5.599268080000E-01  7.839496446209E-03
 -5.399343970000E-01  7.289565020892E-03
 -5.199413900000E-01  6.759626286873E-03
 -4.999479060000E-01  6.249680823549E-03
 -4.799539150000E-01  5.759729024464E-03
 -4.599594470000E-01  5.289771842258E-03
 -4.399645030000E-01  4.839809253960E-03
 -4.199691410000E-01  4.409841765801E-03
 -3.999733330000E-01  3.999869814377E-03
 -3.799771370000E-01  3.609894323434E-03
 -3.599805530000E-01  3.239914842129E-03
 -3.399836120000E-01  2.889932517804E-03
 -3.199863430000E-01  2.559947137131E-03
 -2.999887470000E-01  2.249959246878E-03
 -2.799908520000E-01  1.959969068180E-03
 -2.599926890000E-01  1.689977109454E-03
 -2.399942430000E-01  1.439983396658E-03
 -2.199955580000E-01  1.209988378448E-03
 -1.999966650000E-01  9.999922478948E-04
 -1.799975630000E-01  8.099950429685E-04
 -1.599982980000E-01  6.399970287235E-04
 -1.399988530000E-01  4.899983434875E-04
 -1.199992820000E-01  3.599991469688E-04
 -9.999958430000E-02  2.499996233448E-04
 -7.999978960000E-02  1.599998651174E-04
 -5.999990930000E-02  8.999996803291E-05
 -3.999997300000E-02  3.999999788767E-05
 -1.999999580000E-02  1.000000008419E-05
  0.000000000000E+00  0.000000000000E+00
  1.999999580000E-02  1.000000008419E-05
  3.999997300000E-02  3.999999788767E-05
  5.999990930000E-02  8.999996803291E-05
  7.999978960000E-02  1.599998651174E-04
  9.999958430000E-02  2.499996233448E-04
  1.199992820000E-01  3.599991469688E-04
  1.399988530000E-01  4.899983434875E-04
  1.599982980000E-01  6.399970287235E-04
  1.799975630000E-01  8.099950429685E-04
  1.999966650000E-01  9.999922478948E-04
  2.199955580000E-01  1.209988378448E-03
  2.399942430000E-01  1.439983396658E-03
  2.599926890000E-01  1.689977109454E-03
  2.799908520000E-01  1.959969068180E-03
  2.999887470000E-01  2.249959246878E-03
  3.199863430000E-01  2.559947137131E-03
  3.399836120000E-01  2.889932517804E-03
  3.599805530000E-01  3.239914842129E-03
  3.799771370000E-01  3.609894323434E-03
  3.999733330000E-01  3.999869814377E-03
  4.199691410000E-01  4.409841765801E-03
  4.399645030000E-01  4.839809253960E-03
  4.599594470000E-01  5.289771842258E-03
  4.799539150000E-01  5.759729024464E-03
  4.999479060000E-01  6.249680823549E-03
  5.199413900000E-01  6.759626286873E-03
  5.399343970000E-01  7.289565020892E-03
  5.599268080000E-01  7.839496446209E-03
  5.799186830000E-01  8.409420175172E-03
  5.999100210000E-01  8.999335790388E-03
  6.199007030000E-01  9.609242192926E-03
  6.398907900000E-01  1.023913868815E-02
  6.598802210000E-01  1.088902498239E-02
  6.798689960000E-01  1.155890124896E-02
  6.998571160000E-01  1.224876567635E-02
  7.198444600000E-01  1.295861712494E-02
  7.398311500000E-01  1.368845673803E-02
  7.598171230000E-01  1.443828182710E-02
  7.798022630000E-01  1.520809272338E-02
  7.997866870000E-01  1.599788841450E-02
  8.197702770000E-01  1.680766896317E-02
  8.397530910000E-01  1.763743230986E-02
  8.597350120000E-01  1.848717779179E-02
  8.797160980000E-01  1.935690419342E-02
  8.996962900000E-01  2.024661264049E-02
  9.196755890000E-01  2.115629846104E-02
  9.396539330000E-01  2.208596419326E-02
  9.596313830000E-01  2.303560890753E-02
  9.796078800000E-01  2.400523046721E-02
  9.995833640000E-01  2.499482681668E-02
  1.019557830000E+00  2.600439793176E-02
  1.039531350000E+00  2.703394449519E-02
  1.059503790000E+00  2.808346216314E-02
  1.079475160000E+00  2.915295245694E-02
  1.099445460000E+00  3.024241383066E-02
  1.119414690000E+00  3.135184357920E-02
  1.139382840000E+00  3.248124436087E-02
  1.159349680000E+00  3.363061007482E-02
  1.179315570000E+00  3.479994294688E-02
  1.199280140000E+00  3.598924059712E-02
  1.219243530000E+00  3.719849921472E-02
  1.239205720000E+00  3.842772425620E-02
  1.259166720000E+00  3.967691010867E-02
  1.279126410000E+00  4.094605501125E-02
  1.299084780000E+00  4.223515590926E-02
  1.319041850000E+00  4.354421907030E-02
  1.338997720000E+00  4.487323648448E-02
  1.358952160000E+00  4.622220544721E-02
  1.378905180000E+00  4.759112933230E-02
  1.398857000000E+00  4.898000650235E-02
  1.418807270000E+00  5.038882790000E-02
  1.438756110000E+00  5.181760710000E-02
  1.458703640000E+00  5.326633900000E-02
  1.478649620000E+00  5.473501610000E-02
  1.498594160000E+00  5.622363840000E-02
  1.518537160000E+00  5.773220210000E-02
  1.538478730000E+00  5.926071110000E-02
  1.558418630000E+00  6.080916150000E-02
  1.578357100000E+00  6.237754970000E-02
  1.598293900000E+00  6.396587190000E-02
  1.618229150000E+00  6.557413190000E-02
  1.638162730000E+00  6.720232960000E-02
  1.658094640000E+00  6.885045770000E-02
  1.678025010000E+00  7.051852350000E-02
  1.697953700000E+00  7.220651210000E-02
  1.717880610000E+00  7.391442360000E-02
  1.737805840000E+00  7.564227280000E-02
  1.757729290000E+00  7.739003750000E-02
  1.777651070000E+00  7.915772500000E-02
  1.797570940000E+00  8.094534280000E-02
STEP  43 TIME  4.10020000E+04
BODY 1   181
 -1.799999950000E+00 -3.047826524666E-05
 -1.779999970000E+00 -4.445228907112E-14
 -1.759999990000E+00 -4.445228907112E-14
 -1.740000010000E+00 -4.445228907112E-14
 -1.720000030000E+00 -4.445228907112E-14
 -1.700000050000E+00 -4.445228907112E-14
 -1.679999950000E+00 -4.445228907112E-14
 -1.659999970000E+00 -4.445228907112E-14
 -1.639999990000E+00 -4.445228907112E-14
 -1.620000000000E+00 -4.445228907112E-14
 -1.600000020000E+00 -4.445228907112E-14
 -1.580000040000E+00 -4.445228907112E-14
 -1.559999940000E+00 -4.445228907112E-14
 -1.539999960000E+00 -4.445228907112E-14
 -1.519999980000E+00 -4.445228907112E-14
 -1.500000000000E+00 -4.445228907112E-14
 -1.480000020000E+00 -4.445228907112E-14
 -1.460000040000E+00 -4.445228907112E-14
 -1.440000060000E+00 -4.445228907112E-14
 -1.419999960000E+00 -4.445228907112E-14
 -1.399999980000E+00 -4.445228907112E-14
 -1.380000000000E+00 -4.445228907112E-14
 -1.360000010000E+00 -4.445228907112E-14
 -1.340000030000E+00 -4.445228907112E-14
 -1.320000050000E+00 -4.445228907112E-14
 -1.299999950000E+00 -8.091369064377E-05
 -1.279999970000E+00 -6.822078026211E-04
 -1.259999990000E+00 -1.903979366508E-03
 -1.240000010000E+00 -3.148258910825E-03
 -1.220000030000E+00 -4.379860328535E-03
 -1.200000050000E+00 -5.590284299540E-03
 -1.179999950000E+00 -6.781056272523E-03
 -1.159999970000E+00 -7.951702659081E-03
 -1.139999990000E+00 -9.102351141516E-03
 -1.120000000000E+00 -1.023293914810E-02
 -1.100000020000E+00 -1.134347565902E-02
 -1.080000040000E+00 -1.243389951787E-02
 -1.059999940000E+00 -1.350434247936E-02
 -1.039999960000E+00 -1.455478481250E-02
 -1.019999980000E+00 -1.558526340530E-02
 -1.000000000000E+00 -1.659570642446E-02
 -9.800000190000E-01 -1.758606864368E-02
 -9.599999790000E-01 -1.855634301766E-02
 -9.399999980000E-01 -1.950675623835E-02
 -9.200000170000E-01 -2.043734145499E-02
 -8.999999760000E-01 -2.134702870304E-02
 -8.799999950000E-01 -2.223698722781E-02
 -8.600000140000E-01 -2.310701260127E-02
 -8.399999740000E-01 -2.395705236879E-02
 -8.199999930000E-01 -2.478697894179E-02
 -8.000000120000E-01 -2.559696617300E-02
 -7.799999710000E-01 -2.638693889517E-02
 -7.599999900000E-01 -2.715683305111E-02
 -7.400000100000E-01 -2.790674789087E-02
 -7.200000290000E-01 -2.863662970323E-02
 -6.999999880000E-01 -2.934651587381E-02
 -6.800000070000E-01 -3.003639818186E-02
 -6.600000260000E-01 -3.070623773128E-02
 -6.399999860000E-01 -3.135609009322E-02
 -6.200000050000E-01 -3.198590624973E-02
 -6.000000240000E-01 -3.259573617938E-02
 -5.799999830000E-01 -3.318554013219E-02
 -5.600000020000E-01 -3.375535527731E-02
 -5.400000210000E-01 -3.430515021110E-02
 -5.199999810000E-01 -3.483495662678E-02
 -5.000000000000E-01 -3.534475478293E-02
 -4.799999890000E-01 -3.583456587206E-02
 -4.600000080000E-01 -3.630437280979E-02
 -4.399999980000E-01 -3.675417223828E-02
 -4.199999870000E-01 -3.718398932215E-02
 -4.000000060000E-01 -3.759381051011E-02
 -3.799999950000E-01 -3.798363340256E-02
 -3.600000140000E-01 -3.835347313078E-02
 -3.400000040000E-01 -3.870333014508E-02
 -3.199999930000E-01 -3.903320916734E-02
 -3.000000120000E-01 -3.934311951311E-02
 -2.800000010000E-01 -3.963308473642E-02
 -2.599999900000E-01 -3.990321601389E-02
 -2.399999950000E-01 -4.015328558873E-02
 -2.199999990000E-01 -4.038265535689E-02
 -2.000000030000E-01 -4.059239798933E-02
 -1.800000070000E-01 -4.078216571024E-02
 -1.599999960000E-01 -4.095199229018E-02
 -1.400000010000E-01 -4.110184196114E-02
 -1.199999970000E-01 -4.123171711951E-02
 -1.000000010000E-01 -4.134161155199E-02
 -7.999999820000E-02 -4.143152496379E-02
 -5.999999870000E-02 -4.150145412740E-02
 -3.999999910000E-02 -4.155140057162E-02
 -1.999999960000E-02 -4.158138499160E-02
  0.000000000000E+00 -4.159107603163E-02
  1.999999960000E-02 -4.158138499160E-02
  3.999999910000E-02 -4.155140057162E-02
  5.999999870000E-02 -4.150145412740E-02
  7.999999820000E-02 -4.143152496379E-02
  1.000000010000E-01 -4.134161155199E-02
  1.199999970000E-01 -4.123171711951E-02
  1.400000010000E-01 -4.110184196114E-02
  1.599999960000E-01 -4.095199229018E-02
  1.800000070000E-01 -4.078216571024E-02
  2.000000030000E-01 -4.059239798933E-02
  2.199999990000E-01 -4.038265535689E-02
  2.399999950000E-01 -4.015328558873E-02
  2.599999900000E-01 -3.990321601389E-02
  2.800000010000E-01 -3.963308473641E-02
  3.000000120000E-01 -3.934311951311E-02
  3.199999930000E-01 -3.903320916734E-02
  3.400000040000E-01 -3.870333014508E-02
  3.600000140000E-01 -3.835347313078E-02
  3.799999950000E-01 -3.798363340256E-02
  4.000000060000E-01 -3.759381051011E-02
  4.199999870000E-01 -3.718398932215E-02
  4.399999980000E-01 -3.675417223828E-02
  4.600000080000E-01 -3.630437280979E-02
  4.799999890000E-01 -3.583456587206E-02
  5.000000000000E-01 -3.534475478293E-02
  5.199999810000E-01 -3.483495662678E-02
  5.400000210000E-01 -3.430515021110E-02
  5.600000020000E-01 -3.375535527731E-02
  5.799999830000E-01 -3.318554013219E-02
  6.000000240000E-01 -3.259573617938E-02
  6.200000050000E-01 -3.198590624973E-02
  6.399999860000E-01 -3.135609009322E-02
  6.600000260000E-01 -3.070623773128E-02
  6.800000070000E-01 -3.003639818186E-02
  6.999999880000E-01 -2.934651587381E-02
  7.200000290000E-01 -2.863662970323E-02
  7.400000100000E-01 -2.790674789087E-02
  7.599999900000E-01 -2.715683305111E-02
  7.799999710000E-01 -2.638693889517E-02
  8.000000120000E-01 -2.559696617300E-02
  8.199999930000E-01 -2.478697894179E-02
  8.399999740000E-01 -2.395705236879E-02
  8.600000140000E-01 -2.310701260127E-02
  8.799999950000E-01 -2.223698722781E-02
  8.999999760000E-01 -2.134702870304E-02
  9.200000170000E-01 -2.043734145499E-02
  9.399999980000E-01 -1.950675623835E-02
  9.599999790000E-01 -1.855634301766E-02
  9.800000190000E-01 -1.758606864368E-02
  1.000000000000E+00 -1.659570642446E-02
  1.019999980000E+00 -1.558526340530E-02
  1.039999960000E+00 -1.455478481250E-02
  1.059999940000E+00 -1.350434247936E-02
  1.080000040000E+00 -1.243389951787E-02
  1.100000020000E+00 -1.134347565902E-02
  1.120000000000E+00 -1.023293914810E-02
  1.139999990000E+00 -9.102351141515E-03
  1.159999970000E+00 -7.951702659081E-03
  1.179999950000E+00 -6.781056272522E-03
  1.200000050000E+00 -5.590284299539E-03
  1.220000030000E+00 -4.379860328533E-03
  1.240000010000E+00 -3.148258910824E-03
  1.259999990000E+00 -1.903979366507E-03
  1.279999970000E+00 -6.822078026202E-04
  1.299999950000E+00 -8.091369064317E-05
  1.320000050000E+00 -4.445228907112E-14
  1.340000030000E+00 -4.445228907112E-14
  1.360000010000E+00 -4.445228907112E-14
  1.380000000000E+00 -4.445228907112E-14
  1.399999980000E+00 -4.445228907112E-14
  1.419999960000E+00 -4.445228907112E-14
  1.440000060000E+00 -4.445228907112E-14
  1.460000040000E+00 -4.445228907112E-14
  1.480000020000E+00 -4.445228907112E-14
  1.500000000000E+00 -4.445228907112E-14
  1.519999980000E+00 -4.445228907112E-14
  1.539999960000E+00 -4.445228907112E-14
  1.559999940000E+00 -4.445228907112E-14
  1.580000040000E+00 -4.445228907112E-14
  1.600000020000E+00 -4.445228907112E-14
  1.620000000000E+00 -4.445228907112E-14
  1.639999990000E+00 -4.445228907112E-14
  1.659999970000E+00 -4.445228907112E-14
  1.679999950000E+00 -4.445228907112E-14
  1.700000050000E+00 -4.445228907112E-14
  1.720000030000E+00 -4.445228907112E-14
  1.740000010000E+00 -4.445228907112E-14
  1.759999990000E+00 -4.445228907112E-14
  1.779999970000E+00 -4.445228907112E-14
  1.799999950000E+00 -3.050842950728E-05
BODY 2   181
 -1.797570940000E+00  8.094534280000E-02
 -1.777651070000E+00  7.915772500000E-02
 -1.757729290000E+00  7.739003750000E-02
 -1.737805840000E+00  7.564227280000E-02
 -1.717880610000E+00  7.391442360000E-02
 -1.697953700000E+00  7.220651210000E-02
 -1.678025010000E+00  7.051852350000E-02
 -1.658094640000E+00  6.885045770000E-02
 -1.638162730000E+00  6.720232960000E-02
 -1.618229150000E+00  6.557413190000E-02
 -1.598293900000E+00  6.396587190000E-02
 -1.578357100000E+00  6.237754970000E-02
 -1.558418630000E+00  6.080916150000E-02
 -1.538478730000E+00  5.926071110000E-02
 -1.518537160000E+00  5.773220210000E-02
 -1.498594160000E+00  5.622363840000E-02
 -1.478649620000E+00  5.473501610000E-02
 -1.458703640000E+00  5.326633900000E-02
 -1.438756110000E+00  5.181760710000E-02
 -1.418807270000E+00  5.038882790000E-02
 -1.398857000000E+00  4.898000650235E-02
 -1.378905180000E+00  4.759112933230E-02
 -1.358952160000E+00  4.622220544721E-02
 -1.338997720000E+00  4.487323648448E-02
 -1.319041850000E+00  4.354421907030E-02
 -1.299084780000E+00  4.223515590926E-02
 -1.279126410000E+00  4.094605501125E-02
 -1.259166720000E+00  3.967691010867E-02
 -1.239205720000E+00  3.842772425620E-02
 -1.219243530000E+00  3.719849921472E-02
 -1.199280140000E+00  3.598924059712E-02
 -1.179315570000E+00  3.479994294688E-02
 -1.159349680000E+00  3.363061007482E-02
 -1.139382840000E+00  3.248124436087E-02
 -1.119414690000E+00  3.135184357920E-02
 -1.099445460000E+00  3.024241383066E-02
 -1.079475160000E+00  2.915295245694E-02
 -1.059503790000E+00  2.808346216314E-02
 -1.039531350000E+00  2.703394449519E-02
 -1.019557830000E+00  2.600439793176E-02
 -9.995833640000E-01  2.499482681668E-02
 -9.796078800000E-01  2.400523046721E-02
 -9.596313830000E-01  2.303560890753E-02
 -9.396539330000E-01  2.208596419326E-02
 -9.196755890000E-01  2.115629846104E-02
 -8.996962900000E-01  2.024661264049E-02
 -8.797160980000E-01  1.935690419342E-02
 -8.597350120000E-01  1.848717779179E-02
 -8.397530910000E-01  1.763743230986E-02
 -8.197702770000E-01  1.680766896317E-02
 -7.997866870000E-01  1.599788841450E-02
 -7.798022630000E-01  1.520809272338E-02
 -7.598171230000E-01  1.443828182710E-02
 -7.398311500000E-01  1.368845673803E-02
 -7.198444600000E-01  1.295861712494E-02
 -6.998571160000E-01  1.224876567635E-02
 -6.798689960000E-01  1.155890124896E-02
 -6.598802210000E-01  1.088902498239E-02
 -6.398907900000E-01  1.023913868815E-02
 -6.199007030000E-01  9.609242192926E-03
 -5.999100210000E-01  8.999335790388E-03
 -5.799186830000E-01  8.409420175172E-03
 -5.599268080000E-01  7.839496446209E-03
 -5.399343970000E-01  7.289565020892E-03
 -5.199413900000E-01  6.759626286873E-03
 -4.999479060000E-01  6.249680823549E-03
 -4.799539150000E-01  5.759729024464E-03
 -4.599594470000E-01  5.289771842258E-03
 -4.399645030000E-01  4.839809253960E-03
 -4.199691410000E-01  4.409841765801E-03
 -3.999733330000E-01  3.999869814377E-03
 -3.799771370000E-01  3.609894323434E-03
 -3.599805530000E-01  3.239914842129E-03
 -3.399836120000E-01  2.889932517804E-03
 -3.199863430000E-01  2.559947137131E-03
 -2.999887470000E-01  2.249959246878E-03
 -2.799908520000E-01  1.959969068180E-03
 -2.599926890000E-01  1.689977109454E-03
 -2.399942430000E-01  1.439983396658E-03
 -2.199955580000E-01  1.209988378448E-03
 -1.999966650000E-01  9.999922478948E-04
 -1.799975630000E-01  8.099950429685E-04
 -1.599982980000E-01  6.399970287235E-04
 -1.399988530000E-01  4.899983434875E-04
 -1.199992820000E-01  3.599991469688E-04
 -9.999958430000E-02  2.499996233448E-04
 -7.999978960000E-02  1.599998651174E-04
 -5.999990930000E-02  8.999996803291E-05
 -3.999997300000E-02  3.999999788767E-05
 -1.999999580000E-02  1.000000008419E-05
  0.000000000000E+00  0.000000000000E+00
  1.999999580000E-02  1.000000008419E-05
  3.999997300000E-02  3.999999788767E-05
  5.999990930000E-02  8.999996803291E-05
  7.999978960000E-02  1.599998651174E-04
  9.999958430000E-02  2.499996233448E-04
  1.199992820000E-01  3.599991469688E-04
  1.399988530000E-01  4.899983434875E-04
  1.599982980000E-01  6.399970287235E-04
  1.799975630000E-01  8.099950429685E-04
  1.999966650000E-01  9.999922478948E-04
  2.199955580000E-01  1.209988378448E-03
  2.399942430000E-01  1.439983396658E-03
  2.599926890000E-01  1.689977109454E-03
  2.799908520000E-01  1.959969068180E-03
  2.999887470000E-01  2.249959246878E-03
  3.199863430000E-01  2.559947137131E-03
  3.399836120000E-01  2.889932517804E-03
  3.599805530000E-01  3.239914842129E-03
  3.799771370000E-01  3.609894323434E-03
  3.999733330000E-01  3.999869814377E-03
  4.199691410000E-01  4.409841765801E-03
  4.399645030000E-01  4.839809253960E-03
  4.599594470000E-01  5.289771842258E-03
  4.799539150000E-01  5.759729024464E-03
  4.999479060000E-01  6.249680823549E-03
  5.199413900000E-01  6.759626286873E-03
  5.399343970000E-01  7.289565020892E-03
  5.599268080000E-01  7.839496446209E-03
  5.799186830000E-01  8.409420175172E-03
  5.999100210000E-01  8.999335790388E-03
  6.199007030000E-01  9.609242192926E-03
  6.398907900000E-01  1.023913868815E-02
  6.598802210000E-01  1.088902498239E-02
  6.798689960000E-01  1.155890124896E-02
  6.998571160000E-01  1.224876567635E-02
  7.198444600000E-01  1.295861712494E-02
  7.398311500000E-01  1.368845673803E-02
  7.598171230000E-01  1.443828182710E-02
  7.798022630000E-01  1.520809272338E-02
  7.997866870000E-01  1.599788841450E-02
  8.197702770000E-01  1.680766896317E-02
  8.397530910000E-01  1.763743230986E-02
  8.597350120000E-01  1.848717779179E-02
  8.797160980000E-01  1.935690419342E-02
  8.996962900000E-01  2.024661264049E-02
  9.196755890000E-01  2.115629846104E-02
  9.396539330000E-01  2.208596419326E-02
  9.596313830000E-01  2.303560890753E-02
  9.796078800000E-01  2.400523046721E-02
  9.995833640000E-01  2.499482681668E-02
  1.019557830000E+00  2.600439793176E-02
  1.039531350000E+00  2.703394449519E-02
  1.059503790000E+00  2.808346216314E-02
  1.079475160000E+00  2.915295245694E-02
  1.099445460000E+00  3.024241383066E-02
  1.119414690000E+00  3.135184357920E-02
  1.139382840000E+00  3.248124436087E-02
  1.159349680000E+00  3.363061007482E-02
  1.179315570000E+00  3.479994294688E-02
  1.199280140000E+00  3.598924059712E-02
  1.219243530000E+00  3.719849921472E-02
  1.239205720000E+00  3.842772425620E-02
  1.259166720000E+00  3.967691010867E-02
  1.279126410000E+00  4.094605501125E-02
  1.299084780000E+00  4.223515590926E-02
  1.319041850000E+00  4.354421907030E-02
  1.338997720000E+00  4.487323648448E-02
  1.358952160000E+00  4.622220544721E-02
  1.378905180000E+00  4.759112933230E-02
  1.398857000000E+00  4.898000650235E-02
  1.418807270000E+00  5.038882790000E-02
  1.438756110000E+00  5.181760710000E-02
  1.458703640000E+00  5.326633900000E-02
  1.478649620000E+00  5.473501610000E-02
  1.498594160000E+00  5.622363840000E-02
  1.518537160000E+00  5.773220210000E-02
  1.538478730000E+00  5.926071110000E-02
  1.558418630000E+00  6.080916150000E-02
  1.578357100000E+00  6.237754970000E-02
  1.598293900000E+00  6.396587190000E-02
  1.618229150000E+00  6.557413190000E-02
  1.638162730000E+00  6.720232960000E-02
  1.658094640000E+00  6.885045770000E-02
  1.678025010000E+00  7.051852350000E-02
  1.697953700000E+00  7.220651210000E-02
  1.717880610000E+00  7.391442360000E-02
  1.737805840000E+00  7.564227280000E-02
  1.757729290000E+00  7.739003750000E-02
  1.777651070000E+00  7.915772500000E-02
  1.797570940000E+00  8.094534280000E-02
STEP  44 TIME  4.20020000E+04
BODY 1   181
 -1.799999950000E+00 -3.063197817450E-05
 -1.779999970000E+00 -4.553649124357E-14
 -1.759999990000E+00 -4.553649124357E-14
 -1.740000010000E+00 -4.553649124357E-14
 -1.720000030000E+00 -4.553649124357E-14
 -1.700000050000E+00 -4.553649124357E-14
 -1.679999950000E+00 -4.553649124357E-14
 -1.659999970000E+00 -4.553649124357E-14
 -1.639999990000E+00 -4.553649124357E-14
 -1.620000000000E+00 -4.553649124357E-14
 -1.600000020000E+00 -4.553649124357E-14
 -1.580000040000E+00 -4.553649124357E-14
 -1.559999940000E+00 -4.553649124357E-14
 -1.539999960000E+00 -4.553649124357E-14
 -1.519999980000E+00 -4.553649124357E-14
 -1.500000000000E+00 -4.553649124357E-14
 -1.480000020000E+00 -4.553649124357E-14
 -1.460000040000E+00 -4.553649124357E-14
 -1.440000060000E+00 -4.553649124357E-14
 -1.419999960000E+00 -4.553649124357E-14
 -1.399999980000E+00 -4.553649124357E-14
 -1.380000000000E+00 -4.553649124357E-14
 -1.360000010000E+00 -4.553649124357E-14
 -1.340000030000E+00 -4.553649124357E-14
 -1.320000050000E+00 -4.553649124357E-14
 -1.299999950000E+00 -2.204792467255E-04
 -1.279999970000E+00 -1.327786611261E-03
 -1.259999990000E+00 -2.580434419380E-03
 -1.240000010000E+00 -3.831117351860E-03
 -1.220000030000E+00 -5.061790023042E-03
 -1.200000050000E+00 -6.272380362997E-03
 -1.179999950000E+00 -7.462993123250E-03
 -1.159999970000E+00 -8.633569094248E-03
 -1.139999990000E+00 -9.784156483906E-03
 -1.120000000000E+00 -1.091471507896E-02
 -1.100000020000E+00 -1.202527386195E-02
 -1.080000040000E+00 -1.311584688347E-02
 -1.059999940000E+00 -1.418639754696E-02
 -1.039999960000E+00 -1.523685545913E-02
 -1.019999980000E+00 -1.626722129918E-02
 -1.000000000000E+00 -1.727750766468E-02
 -9.800000190000E-01 -1.826784772171E-02
 -9.599999790000E-01 -1.923821390545E-02
 -9.399999980000E-01 -2.018870011864E-02
 -9.200000170000E-01 -2.111858113383E-02
 -8.999999760000E-01 -2.202871563365E-02
 -8.799999950000E-01 -2.291884569442E-02
 -8.600000140000E-01 -2.378891897590E-02
 -8.399999740000E-01 -2.463892509125E-02
 -8.199999930000E-01 -2.546896535443E-02
 -8.000000120000E-01 -2.627897029438E-02
 -7.799999710000E-01 -2.706892825930E-02
 -7.599999900000E-01 -2.783888742687E-02
 -7.400000100000E-01 -2.858879251705E-02
 -7.200000290000E-01 -2.931871156022E-02
 -6.999999880000E-01 -3.002862743888E-02
 -6.800000070000E-01 -3.071849681668E-02
 -6.600000260000E-01 -3.138837184785E-02
 -6.399999860000E-01 -3.203821387347E-02
 -6.200000050000E-01 -3.266806028445E-02
 -6.000000240000E-01 -3.327788572201E-02
 -5.799999830000E-01 -3.386771754128E-02
 -5.600000020000E-01 -3.443752167158E-02
 -5.400000210000E-01 -3.498733436314E-02
 -5.199999810000E-01 -3.551713433955E-02
 -5.000000000000E-01 -3.602694179501E-02
 -4.799999890000E-01 -3.651674163102E-02
 -4.600000080000E-01 -3.698654344307E-02
 -4.399999980000E-01 -3.743634230197E-02
 -4.199999870000E-01 -3.786614302722E-02
 -4.000000060000E-01 -3.827594940333E-02
 -3.799999950000E-01 -3.866575930865E-02
 -3.600000140000E-01 -3.903557677550E-02
 -3.400000040000E-01 -3.938540620690E-02
 -3.199999930000E-01 -3.971523896413E-02
 -3.000000120000E-01 -4.002511593662E-02
 -2.800000010000E-01 -4.031487575127E-02
 -2.599999900000E-01 -4.058470231070E-02
 -2.399999950000E-01 -4.083454388224E-02
 -2.199999990000E-01 -4.106439567529E-02
 -2.000000030000E-01 -4.127425847321E-02
 -1.800000070000E-01 -4.146413125687E-02
 -1.599999960000E-01 -4.163401779316E-02
 -1.400000010000E-01 -4.178391707554E-02
 -1.199999970000E-01 -4.191382861788E-02
 -1.000000010000E-01 -4.202375172509E-02
 -7.999999820000E-02 -4.211368655609E-02
 -5.999999870000E-02 -4.218363168388E-02
 -3.999999910000E-02 -4.223358914715E-02
 -1.999999960000E-02 -4.226358022620E-02
  0.000000000000E+00 -4.227327374322E-02
  1.999999960000E-02 -4.226358022620E-02
  3.999999910000E-02 -4.223358914715E-02
  5.999999870000E-02 -4.218363168388E-02
  7.999999820000E-02 -4.211368655609E-02
  1.000000010000E-01 -4.202375172509E-02
  1.199999970000E-01 -4.191382861788E-02
  1.400000010000E-01 -4.178391707554E-02
  1.599999960000E-01 -4.163401779316E-02
  1.800000070000E-01 -4.146413125687E-02
  2.000000030000E-01 -4.127425847321E-02
  2.199999990000E-01 -4.106439567529E-02
  2.399999950000E-01 -4.083454388224E-02
  2.599999900000E-01 -4.058470231070E-02
  2.800000010000E-01 -4.031487575127E-02
  3.000000120000E-01 -4.002511593662E-02
  3.199999930000E-01 -3.971523896413E-02
  3.400000040000E-01 -3.938540620690E-02
  3.600000140000E-01 -3.903557677550E-02
  3.799999950000E-01 -3.866575930865E-02
  4.000000060000E-01 -3.827594940333E-02
  4.199999870000E-01 -3.786614302722E-02
  4.399999980000E-01 -3.743634230197E-02
  4.600000080000E-01 -3.698654344307E-02
  4.799999890000E-01 -3.651674163102E-02
  5.000000000000E-01 -3.602694179501E-02
  5.199999810000E-01 -3.551713433955E-02
  5.400000210000E-01 -3.498733436314E-02
  5.600000020000E-01 -3.443752167158E-02
  5.799999830000E-01 -3.386771754128E-02
  6.000000240000E-01 -3.327788572201E-02
  6.200000050000E-01 -3.266806028445E-02
  6.399999860000E-01 -3.203821387347E-02
  6.600000260000E-01 -3.138837184785E-02
  6.800000070000E-01 -3.071849681668E-02
  6.999999880000E-01 -3.002862743888E-02
  7.200000290000E-01 -2.931871156022E-02
  7.400000100000E-01 -2.858879251705E-02
  7.599999900000E-01 -2.783888742686E-02
  7.799999710000E-01 -2.706892825930E-02
  8.000000120000E-01 -2.627897029438E-02
  8.199999930000E-01 -2.546896535443E-02
  8.399999740000E-01 -2.463892509125E-02
  8.600000140000E-01 -2.378891897590E-02
  8.799999950000E-01 -2.291884569442E-02
  8.999999760000E-01 -2.202871563365E-02
  9.200000170000E-01 -2.111858113383E-02
  9.399999980000E-01 -2.018870011864E-02
  9.599999790000E-01 -1.923821390545E-02
  9.800000190000E-01 -1.826784772171E-02
  1.000000000000E+00 -1.727750766468E-02
  1.019999980000E+00 -1.626722129918E-02
  1.039999960000E+00 -1.523685545913E-02
  1.059999940000E+00 -1.418639754696E-02
  1.080000040000E+00 -1.311584688347E-02
  1.100000020000E+00 -1.202527386195E-02
  1.120000000000E+00 -1.091471507896E-02
  1.139999990000E+00 -9.784156483905E-03
  1.159999970000E+00 -8.633569094249E-03
  1.179999950000E+00 -7.462993123249E-03
  1.200000050000E+00 -6.272380362997E-03
  1.220000030000E+00 -5.061790023041E-03
  1.240000010000E+00 -3.831117351860E-03
  1.259999990000E+00 -2.580434419380E-03
  1.279999970000E+00 -1.327786611259E-03
  1.299999950000E+00 -2.204792467248E-04
  1.320000050000E+00 -4.553649124357E-14
  1.340000030000E+00 -4.553649124357E-14
  1.360000010000E+00 -4.553649124357E-14
  1.380000000000E+00 -4.553649124357E-14
  1.399999980000E+00 -4.553649124357E-14
  1.419999960000E+00 -4.553649124357E-14
  1.440000060000E+00 -4.553649124357E-14
  1.460000040000E+00 -4.553649124357E-14
  1.480000020000E+00 -4.553649124357E-14
  1.500000000000E+00 -4.553649124357E-14
  1.519999980000E+00 -4.553649124357E-14
  1.539999960000E+00 -4.553649124357E-14
  1.559999940000E+00 -4.553649124357E-14
  1.580000040000E+00 -4.553649124357E-14
  1.600000020000E+00 -4.553649124357E-14
  1.620000000000E+00 -4.553649124357E-14
  1.639999990000E+00 -4.553649124357E-14
  1.659999970000E+00 -4.553649124357E-14
  1.679999950000E+00 -4.553649124357E-14
  1.700000050000E+00 -4.553649124357E-14
  1.720000030000E+00 -4.553649124357E-14
  1.740000010000E+00 -4.553649124357E-14
  1.759999990000E+00 -4.553649124357E-14
  1.779999970000E+00 -4.553649124357E-14
  1.799999950000E+00 -3.066998865039E-05
BODY 2   181
 -1.797570940000E+00  8.094534280000E-02
 -1.777651070000E+00  7.915772500000E-02
 -1.757729290000E+00  7.739003750000E-02
 -1.737805840000E+00  7.564227280000E-02
 -1.717880610000E+00  7.391442360000E-02
 -1.697953700000E+00  7.220651210000E-02
 -1.678025010000E+00  7.051852350000E-02
 -1.658094640000E+00  6.885045770000E-02
 -1.638162730000E+00  6.720232960000E-02
 -1.618229150000E+00  6.557413190000E-02
 -1.598293900000E+00  6.396587190000E-02
 -1.578357100000E+00  6.237754970000E-02
 -1.558418630000E+00  6.080916150000E-02
 -1.538478730000E+00  5.926071110000E-02
 -1.518537160000E+00  5.773220210000E-02
 -1.498594160000E+00  5.622363840000E-02
 -1.478649620000E+00  5.473501610000E-02
 -1.458703640000E+00  5.326633900000E-02
 -1.438756110000E+00  5.181760710000E-02
 -1.418807270000E+00  5.038882790000E-02
 -1.398857000000E+00  4.898000650235E-02
 -1.378905180000E+00  4.759112933230E-02
 -1.358952160000E+00  4.622220544721E-02
 -1.338997720000E+00  4.487323648448E-02
 -1.319041850000E+00  4.354421907030E-02
 -1.299084780000E+00  4.223515590926E-02
 -1.279126410000E+00  4.094605501125E-02
 -1.259166720000E+00  3.967691010867E-02
 -1.239205720000E+00  3.842772425620E-02
 -1.219243530000E+00  3.719849921472E-02
 -1.199280140000E+00  3.598924059712E-02
 -1.179315570000E+00  3.479994294688E-02
 -1.159349680000E+00  3.363061007482E-02
 -1.139382840000E+00  3.248124436087E-02
 -1.119414690000E+00  3.135184357920E-02
 -1.099445460000E+00  3.024241383066E-02
 -1.079475160000E+00  2.915295245694E-02
 -1.059503790000E+00  2.808346216314E-02
 -1.039531350000E+00  2.703394449519E-02
 -1.019557830000E+00  2.600439793176E-02
 -9.995833640000E-01  2.499482681668E-02
 -9.796078800000E-01  2.400523046721E-02
 -9.596313830000E-01  2.303560890753E-02
 -9.396539330000E-01  2.208596419326E-02
 -9.196755890000E-01  2.115629846104E-02
 -8.996962900000E-01  2.024661264049E-02
 -8.797160980000E-01  1.935690419342E-02
 -8.597350120000E-01  1.848717779179E-02
 -8.397530910000E-01  1.763743230986E-02
 -8.197702770000E-01  1.680766896317E-02
 -7.997866870000E-01  1.599788841450E-02
 -7.798022630000E-01  1.520809272338E-02
 -7.598171230000E-01  1.443828182710E-02
 -7.398311500000E-01  1.368845673803E-02
 -7.198444600000E-01  1.295861712494E-02
 -6.998571160000E-01  1.224876567635E-02
 -6.798689960000E-01  1.155890124896E-02
 -6.598802210000E-01  1.088902498239E-02
 -6.398907900000E-01  1.023913868815E-02
 -6.199007030000E-01  9.609242192926E-03
 -5.999100210000E-01  8.999335790388E-03
 -5.799186830000E-01  8.409420175172E-03
 -5.599268080000E-01  7.839496446209E-03
 -5.399343970000E-01  7.289565020892E-03
 -5.199413900000E-01  6.759626286873E-03
 -4.999479060000E-01  6.249680823549E-03
 -4.799539150000E-01  5.759729024464E-03
 -4.599594470000E-01  5.289771842258E-03
 -4.399645030000E-01  4.839809253960E-03
 -4.199691410000E-01  4.409841765801E-03
 -3.999733330000E-01  3.999869814377E-03
 -3.799771370000E-01  3.609894323434E-03
 -3.599805530000E-01  3.239914842129E-03
 -3.399836120000E-01  2.889932517804E-03
 -3.199863430000E-01  2.559947137131E-03
 -2.999887470000E-01  2.249959246878E-03
 -2.799908520000E-01  1.959969068180E-03
 -2.599926890000E-01  1.689977109454E-03
 -2.399942430000E-01  1.439983396658E-03
 -2.199955580000E-01  1.209988378448E-03
 -1.999966650000E-01  9.999922478948E-04
 -1.799975630000E-01  8.099950429685E-04
 -1.599982980000E-01  6.399970287235E-04
 -1.399988530000E-01  4.899983434875E-04
 -1.199992820000E-01  3.599991469688E-04
 -9.999958430000E-02  2.499996233448E-04
 -7.999978960000E-02  1.599998651174E-04
 -5.999990930000E-02  8.999996803291E-05
 -3.999997300000E-02  3.999999788767E-05
 -1.999999580000E-02  1.000000008419E-05
  0.000000000000E+00  0.000000000000E+00
  1.999999580000E-02  1.000000008419E-05
  3.999997300000E-02  3.999999788767E-05
  5.999990930000E-02  8.999996803291E-05
  7.999978960000E-02  1.599998651174E-04
  9.999958430000E-02  2.499996233448E-04
  1.199992820000E-01  3.599991469688E-04
  1.399988530000E-01  4.899983434875E-04
  1.599982980000E-01  6.399970287235E-04
  1.799975630000E-01  8.099950429685E-04
  1.999966650000E-01  9.999922478948E-04
  2.199955580000E-01  1.209988378448E-03
  2.399942430000E-01  1.439983396658E-03
  2.599926890000E-01  1.689977109454E-03
  2.799908520000E-01  1.959969068180E-03
  2.999887470000E-01  2.249959246878E-03
  3.199863430000E-01  2.559947137131E-03
  3.399836120000E-01  2.889932517804E-03
  3.599805530000E-01  3.239914842129E-03
  3.799771370000E-01  3.609894323434E-03
  3.999733330000E-01  3.999869814377E-03
  4.199691410000E-01  4.409841765801E-03
  4.399645030000E-01  4.839809253960E-03
  4.599594470000E-01  5.289771842258E-03
  4.799539150000E-01  5.759729024464E-03
  4.999479060000E-01  6.249680823549E-03
  5.199413900000E-01  6.759626286873E-03
  5.399343970000E-01  7.289565020892E-03
  5.599268080000E-01  7.839496446209E-03
  5.799186830000E-01  8.409420175172E-03
  5.999100210000E-01  8.999335790388E-03
  6.199007030000E-01  9.609242192926E-03
  6.398907900000E-01  1.023913868815E-02
  6.598802210000E-01  1.088902498239E-02
  6.798689960000E-01  1.155890124896E-02
  6.998571160000E-01  1.224876567635E-02
  7.198444600000E-01  1.295861712494E-02
  7.398311500000E-01  1.368845673803E-02
  7.598171230000E-01  1.443828182710E-02
  7.798022630000E-01  1.520809272338E-02
  7.997866870000E-01  1.599788841450E-02
  8.197702770000E-01  1.680766896317E-02
  8.397530910000E-01  1.763743230986E-02
  8.597350120000E-01  1.848717779179E-02
  8.797160980000E-01  1.935690419342E-02
  8.996962900000E-01  2.024661264049E-02
  9.196755890000E-01  2.115629846104E-02
  9.396539330000E-01  2.208596419326E-02
  9.596313830000E-01  2.303560890753E-02
  9.796078800000E-01  2.400523046721E-02
  9.995833640000E-01  2.499482681668E-02
  1.019557830000E+00  2.600439793176E-02
  1.039531350000E+00  2.703394449519E-02
  1.059503790000E+00  2.808346216314E-02
  1.079475160000E+00  2.915295245694E-02
  1.099445460000E+00  3.024241383066E-02
  1.119414690000E+00  3.135184357920E-02
  1.139382840000E+00  3.248124436087E-02
  1.159349680000E+00  3.363061007482E-02
  1.179315570000E+00  3.479994294688E-02
  1.199280140000E+00  3.598924059712E-02
  1.219243530000E+00  3.719849921472E-02
  1.239205720000E+00  3.842772425620E-02
  1.259166720000E+00  3.967691010867E-02
  1.279126410000E+00  4.094605501125E-02
  1.299084780000E+00  4.223515590926E-02
  1.319041850000E+00  4.354421907030E-02
  1.338997720000E+00  4.487323648448E-02
  1.358952160000E+00  4.622220544721E-02
  1.378905180000E+00  4.759112933230E-02
  1.398857000000E+00  4.898000650235E-02
  1.418807270000E+00  5.038882790000E-02
  1.438756110000E+00  5.181760710000E-02
  1.458703640000E+00  5.326633900000E-02
  1.478649620000E+00  5.473501610000E-02
  1.498594160000E+00  5.622363840000E-02
  1.518537160000E+00  5.773220210000E-02
  1.538478730000E+00  5.926071110000E-02
  1.558418630000E+00  6.080916150000E-02
  1.578357100000E+00  6.237754970000E-02
  1.598293900000E+00  6.396587190000E-02
  1.618229150000E+00  6.557413190000E-02
  1.638162730000E+00  6.720232960000E-02
  1.658094640000E+00  6.885045770000E-02
  1.678025010000E+00  7.051852350000E-02
  1.697953700000E+00  7.220651210000E-02
  1.717880610000E+00  7.391442360000E-02
  1.737805840000E+00  7.564227280000E-02
  1.757729290000E+00  7.739003750000E-02
  1.777651070000E+00  7.915772500000E-02
  1.797570940000E+00  8.094534280000E-02
STEP  45 TIME  4.30020000E+04
BODY 1   181
 -1.799999950000E+00 -3.088072347326E-05
 -1.779999970000E+00 -4.662069341601E-14
 -1.759999990000E+00 -4.662069341601E-14
 -1.740000010000E+00 -4.662069341601E-14
 -1.720000030000E+00 -4.662069341601E-14
 -1.700000050000E+00 -4.662069341601E-14
 -1.679999950000E+00 -4.662069341601E-14
 -1.659999970000E+00 -4.662069341601E-14
 -1.639999990000E+00 -4.662069341601E-14
 -1.620000000000E+00 -4.662069341601E-14
 -1.600000020000E+00 -4.662069341601E-14
 -1.580000040000E+00 -4.662069341601E-14
 -1.559999940000E+00 -4.662069341601E-14
 -1.539999960000E+00 -4.662069341601E-14
 -1.519999980000E+00 -4.662069341601E-14
 -1.500000000000E+00 -4.662069341601E-14
 -1.480000020000E+00 -4.662069341601E-14
 -1.460000040000E+00 -4.662069341601E-14
 -1.440000060000E+00 -4.662069341601E-14
 -1.419999960000E+00 -4.662069341601E-14
 -1.399999980000E+00 -4.662069341601E-14
 -1.380000000000E+00 -4.662069341601E-14
 -1.360000010000E+00 -4.662069341601E-14
 -1.340000030000E+00 -4.662069341601E-14
 -1.320000050000E+00 -9.176218895408E-05
 -1.299999950000E+00 -7.443976343345E-04
 -1.279999970000E+00 -1.987378315608E-03
 -1.259999990000E+00 -3.252260916645E-03
 -1.240000010000E+00 -4.503917877145E-03
 -1.220000030000E+00 -5.734453189441E-03
 -1.200000050000E+00 -6.945336879559E-03
 -1.179999950000E+00 -8.136117283481E-03
 -1.159999970000E+00 -9.306915795243E-03
 -1.139999990000E+00 -1.045767278471E-02
 -1.120000000000E+00 -1.158837667657E-02
 -1.100000020000E+00 -1.269901820059E-02
 -1.080000040000E+00 -1.378959320813E-02
 -1.059999940000E+00 -1.486007801371E-02
 -1.039999960000E+00 -1.591058777693E-02
 -1.019999980000E+00 -1.694114165154E-02
 -1.000000000000E+00 -1.795173127886E-02
 -9.800000190000E-01 -1.894229596991E-02
 -9.599999790000E-01 -1.991319826614E-02
 -9.399999980000E-01 -2.086340309397E-02
 -9.200000170000E-01 -2.179301316917E-02
 -8.999999760000E-01 -2.270304364298E-02
 -8.799999950000E-01 -2.359295597430E-02
 -8.600000140000E-01 -2.446298491001E-02
 -8.399999740000E-01 -2.531301146835E-02
 -8.199999930000E-01 -2.614294521366E-02
 -8.000000120000E-01 -2.695292601655E-02
 -7.799999710000E-01 -2.774289243424E-02
 -7.599999900000E-01 -2.851277939480E-02
 -7.400000100000E-01 -2.926269622684E-02
 -7.200000290000E-01 -2.999259903980E-02
 -6.999999880000E-01 -3.070247685610E-02
 -6.800000070000E-01 -3.139235236787E-02
 -6.600000260000E-01 -3.206218825262E-02
 -6.399999860000E-01 -3.271203253933E-02
 -6.200000050000E-01 -3.334185662368E-02
 -6.000000240000E-01 -3.395167858091E-02
 -5.799999830000E-01 -3.454148806212E-02
 -5.600000020000E-01 -3.511129847217E-02
 -5.400000210000E-01 -3.566108665246E-02
 -5.199999810000E-01 -3.619088372132E-02
 -5.000000000000E-01 -3.670067390364E-02
 -4.799999890000E-01 -3.719047755652E-02
 -4.600000080000E-01 -3.766027298366E-02
 -4.399999980000E-01 -3.811006381308E-02
 -4.199999870000E-01 -3.853986839353E-02
 -4.000000060000E-01 -3.894968086980E-02
 -3.799999950000E-01 -3.933950942731E-02
 -3.600000140000E-01 -3.970934576168E-02
 -3.400000040000E-01 -4.005929455065E-02
 -3.199999930000E-01 -4.038893697217E-02
 -3.000000120000E-01 -4.069872268412E-02
 -2.800000010000E-01 -4.098852166750E-02
 -2.599999900000E-01 -4.125833968702E-02
 -2.399999950000E-01 -4.150816855153E-02
 -2.199999990000E-01 -4.173801337396E-02
 -2.000000030000E-01 -4.194787069510E-02
 -1.800000070000E-01 -4.213774020466E-02
 -1.599999960000E-01 -4.230762248374E-02
 -1.400000010000E-01 -4.245751734774E-02
 -1.199999970000E-01 -4.258742502037E-02
 -1.000000010000E-01 -4.269734523762E-02
 -7.999999820000E-02 -4.278727793553E-02
 -5.999999870000E-02 -4.285722173006E-02
 -3.999999910000E-02 -4.290717840019E-02
 -1.999999960000E-02 -4.293716939558E-02
  0.000000000000E+00 -4.294686357482E-02
  1.999999960000E-02 -4.293716939558E-02
  3.999999910000E-02 -4.290717840019E-02
  5.999999870000E-02 -4.285722173006E-02
  7.999999820000E-02 -4.278727793553E-02
  1.000000010000E-01 -4.269734523762E-02
  1.199999970000E-01 -4.258742502037E-02
  1.400000010000E-01 -4.245751734774E-02
  1.599999960000E-01 -4.230762248374E-02
  1.800000070000E-01 -4.213774020466E-02
  2.000000030000E-01 -4.194787069509E-02
  2.199999990000E-01 -4.173801337396E-02
  2.399999950000E-01 -4.150816855153E-02
  2.599999900000E-01 -4.125833968702E-02
  2.800000010000E-01 -4.098852166750E-02
  3.000000120000E-01 -4.069872268412E-02
  3.199999930000E-01 -4.038893697217E-02
  3.400000040000E-01 -4.005929455065E-02
  3.600000140000E-01 -3.970934576168E-02
  3.799999950000E-01 -3.933950942731E-02
  4.000000060000E-01 -3.894968086980E-02
  4.199999870000E-01 -3.853986839353E-02
  4.399999980000E-01 -3.811006381308E-02
  4.600000080000E-01 -3.766027298366E-02
  4.799999890000E-01 -3.719047755652E-02
  5.000000000000E-01 -3.670067390364E-02
  5.199999810000E-01 -3.619088372132E-02
  5.400000210000E-01 -3.566108665246E-02
  5.600000020000E-01 -3.511129847217E-02
  5.799999830000E-01 -3.454148806212E-02
  6.000000240000E-01 -3.395167858091E-02
  6.200000050000E-01 -3.334185662368E-02
  6.399999860000E-01 -3.271203253933E-02
  6.600000260000E-01 -3.206218825262E-02
  6.800000070000E-01 -3.139235236787E-02
  6.999999880000E-01 -3.070247685610E-02
  7.200000290000E-01 -2.999259903980E-02
  7.400000100000E-01 -2.926269622683E-02
  7.599999900000E-01 -2.851277939480E-02
  7.799999710000E-01 -2.774289243424E-02
  8.000000120000E-01 -2.695292601655E-02
  8.199999930000E-01 -2.614294521366E-02
  8.399999740000E-01 -2.531301146835E-02
  8.600000140000E-01 -2.446298491000E-02
  8.799999950000E-01 -2.359295597430E-02
  8.999999760000E-01 -2.270304364298E-02
  9.200000170000E-01 -2.179301316917E-02
  9.399999980000E-01 -2.086340309397E-02
  9.599999790000E-01 -1.991319826614E-02
  9.800000190000E-01 -1.894229596991E-02
  1.000000000000E+00 -1.795173127886E-02
  1.019999980000E+00 -1.694114165154E-02
  1.039999960000E+00 -1.591058777693E-02
  1.059999940000E+00 -1.486007801371E-02
  1.080000040000E+00 -1.378959320813E-02
  1.100000020000E+00 -1.269901820058E-02
  1.120000000000E+00 -1.158837667657E-02
  1.139999990000E+00 -1.045767278471E-02
  1.159999970000E+00 -9.306915795242E-03
  1.179999950000E+00 -8.136117283480E-03
  1.200000050000E+00 -6.945336879558E-03
  1.220000030000E+00 -5.734453189440E-03
  1.240000010000E+00 -4.503917877144E-03
  1.259999990000E+00 -3.252260916646E-03
  1.279999970000E+00 -1.987378315607E-03
  1.299999950000E+00 -7.443976343334E-04
  1.320000050000E+00 -9.176218895343E-05
  1.340000030000E+00 -4.662069341601E-14
  1.360000010000E+00 -4.662069341601E-14
  1.380000000000E+00 -4.662069341601E-14
  1.399999980000E+00 -4.662069341601E-14
  1.419999960000E+00 -4.662069341601E-14
  1.440000060000E+00 -4.662069341601E-14
  1.460000040000E+00 -4.662069341601E-14
  1.480000020000E+00 -4.662069341601E-14
  1.500000000000E+00 -4.662069341601E-14
  1.519999980000E+00 -4.662069341601E-14
  1.539999960000E+00 -4.662069341601E-14
  1.559999940000E+00 -4.662069341601E-14
  1.580000040000E+00 -4.662069341601E-14
  1.600000020000E+00 -4.662069341601E-14
  1.620000000000E+00 -4.662069341601E-14
  1.639999990000E+00 -4.662069341601E-14
  1.659999970000E+00 -4.662069341601E-14
  1.679999950000E+00 -4.662069341601E-14
  1.700000050000E+00 -4.662069341601E-14
  1.720000030000E+00 -4.662069341601E-14
  1.740000010000E+00 -4.662069341601E-14
  1.759999990000E+00 -4.662069341601E-14
  1.779999970000E+00 -4.662069341601E-14
  1.799999950000E+00 -3.092790799322E-05
BODY 2   181
 -1.797570940000E+00  8.094534280000E-02
 -1.777651070000E+00  7.915772500000E-02
 -1.757729290000E+00  7.739003750000E-02
 -1.737805840000E+00  7.564227280000E-02
 -1.717880610000E+00  7.391442360000E-02
 -1.697953700000E+00  7.220651210000E-02
 -1.678025010000E+00  7.051852350000E-02
 -1.658094640000E+00  6.885045770000E-02
 -1.638162730000E+00  6.720232960000E-02
 -1.618229150000E+00  6.557413190000E-02
 -1.598293900000E+00  6.396587190000E-02
 -1.578357100000E+00  6.237754970000E-02
 -1.558418630000E+00  6.080916150000E-02
 -1.538478730000E+00  5.926071110000E-02
 -1.518537160000E+00  5.773220210000E-02
 -1.498594160000E+00  5.622363840000E-02
 -1.478649620000E+00  5.473501610000E-02
 -1.458703640000E+00  5.326633900000E-02
 -1.438756110000E+00  5.181760710000E-02
 -1.418807270000E+00  5.038882790000E-02
 -1.398857000000E+00  4.898000650235E-02
 -1.378905180000E+00  4.759112933230E-02
 -1.358952160000E+00  4.622220544721E-02
 -1.338997720000E+00  4.487323648448E-02
 -1.319041850000E+00  4.354421907030E-02
 -1.299084780000E+00  4.223515590926E-02
 -1.279126410000E+00  4.094605501125E-02
 -1.259166720000E+00  3.967691010867E-02
 -1.239205720000E+00  3.842772425620E-02
 -1.219243530000E+00  3.719849921472E-02
 -1.199280140000E+00  3.598924059712E-02
 -1.179315570000E+00  3.479994294688E-02
 -1.159349680000E+00  3.363061007482E-02
 -1.139382840000E+00  3.248124436087E-02
 -1.119414690000E+00  3.135184357920E-02
 -1.099445460000E+00  3.024241383066E-02
 -1.079475160000E+00  2.915295245694E-02
 -1.059503790000E+00  2.808346216314E-02
 -1.039531350000E+00  2.703394449519E-02
 -1.019557830000E+00  2.600439793176E-02
 -9.995833640000E-01  2.499482681668E-02
 -9.796078800000E-01  2.400523046721E-02
 -9.596313830000E-01  2.303560890753E-02
 -9.396539330000E-01  2.208596419326E-02
 -9.196755890000E-01  2.115629846104E-02
 -8.996962900000E-01  2.024661264049E-02
 -8.797160980000E-01  1.935690419342E-02
 -8.597350120000E-01  1.848717779179E-02
 -8.397530910000E-01  1.763743230986E-02
 -8.197702770000E-01  1.680766896317E-02
 -7.997866870000E-01  1.599788841450E-02
 -7.798022630000E-01  1.520809272338E-02
 -7.598171230000E-01  1.443828182710E-02
 -7.398311500000E-01  1.368845673803E-02
 -7.198444600000E-01  1.295861712494E-02
 -6.998571160000E-01  1.224876567635E-02
 -6.798689960000E-01  1.155890124896E-02
 -6.598802210000E-01  1.088902498239E-02
 -6.398907900000E-01  1.023913868815E-02
 -6.199007030000E-01  9.609242192926E-03
 -5.999100210000E-01  8.999335790388E-03
 -5.799186830000E-01  8.409420175172E-03
 -5.599268080000E-01  7.839496446209E-03
 -5.399343970000E-01  7.289565020892E-03
 -5.199413900000E-01  6.759626286873E-03
 -4.999479060000E-01  6.249680823549E-03
 -4.799539150000E-01  5.759729024464E-03
 -4.599594470000E-01  5.289771842258E-03
 -4.399645030000E-01  4.839809253960E-03
 -4.199691410000E-01  4.409841765801E-03
 -3.999733330000E-01  3.999869814377E-03
 -3.799771370000E-01  3.609894323434E-03
 -3.599805530000E-01  3.239914842129E-03
 -3.399836120000E-01  2.889932517804E-03
 -3.199863430000E-01  2.559947137131E-03
 -2.999887470000E-01  2.249959246878E-03
 -2.799908520000E-01  1.959969068180E-03
 -2.599926890000E-01  1.689977109454E-03
 -2.399942430000E-01  1.439983396658E-03
 -2.199955580000E-01  1.209988378448E-03
 -1.999966650000E-01  9.999922478948E-04
 -1.799975630000E-01  8.099950429685E-04
 -1.599982980000E-01  6.399970287235E-04
 -1.399988530000E-01  4.899983434875E-04
 -1.199992820000E-01  3.599991469688E-04
 -9.999958430000E-02  2.499996233448E-04
 -7.999978960000E-02  1.599998651174E-04
 -5.999990930000E-02  8.999996803291E-05
 -3.999997300000E-02  3.999999788767E-05
 -1.999999580000E-02  1.000000008419E-05
  0.000000000000E+00  0.000000000000E+00
  1.999999580000E-02  1.000000008419E-05
  3.999997300000E-02  3.999999788767E-05
  5.999990930000E-02  8.999996803291E-05
  7.999978960000E-02  1.599998651174E-04
  9.999958430000E-02  2.499996233448E-04
  1.199992820000E-01  3.599991469688E-04
  1.399988530000E-01  4.899983434875E-04
  1.599982980000E-01  6.399970287235E-04
  1.799975630000E-01  8.099950429685E-04
  1.999966650000E-01  9.999922478948E-04
  2.199955580000E-01  1.209988378448E-03
  2.399942430000E-01  1.439983396658E-03
  2.599926890000E-01  1.689977109454E-03
  2.799908520000E-01  1.959969068180E-03
  2.999887470000E-01  2.249959246878E-03
  3.199863430000E-01  2.559947137131E-03
  3.399836120000E-01  2.889932517804E-03
  3.599805530000E-01  3.239914842129E-03
  3.799771370000E-01  3.609894323434E-03
  3.999733330000E-01  3.999869814377E-03
  4.199691410000E-01  4.409841765801E-03
  4.399645030000E-01  4.839809253960E-03
  4.599594470000E-01  5.289771842258E-03
  4.799539150000E-01  5.759729024464E-03
  4.999479060000E-01  6.249680823549E-03
  5.199413900000E-01  6.759626286873E-03
  5.399343970000E-01  7.289565020892E-03
  5.599268080000E-01  7.839496446209E-03
  5.799186830000E-01  8.409420175172E-03
  5.999100210000E-01  8.999335790388E-03
  6.199007030000E-01  9.609242192926E-03
  6.398907900000E-01  1.023913868815E-02
  6.598802210000E-01  1.088902498239E-02
  6.798689960000E-01  1.155890124896E-02
  6.998571160000E-01  1.224876567635E-02
  7.198444600000E-01  1.295861712494E-02
  7.398311500000E-01  1.368845673803E-02
  7.598171230000E-01  1.443828182710E-02
  7.798022630000E-01  1.520809272338E-02
  7.997866870000E-01  1.599788841450E-02
  8.197702770000E-01  1.680766896317E-02
  8.397530910000E-01  1.763743230986E-02
  8.597350120000E-01  1.848717779179E-02
  8.797160980000E-01  1.935690419342E-02
  8.996962900000E-01  2.024661264049E-02
  9.196755890000E-01  2.115629846104E-02
  9.396539330000E-01  2.208596419326E-02
  9.596313830000E-01  2.303560890753E-02
  9.796078800000E-01  2.400523046721E-02
  9.995833640000E-01  2.499482681668E-02
  1.019557830000E+00  2.600439793176E-02
  1.039531350000E+00  2.703394449519E-02
  1.059503790000E+00  2.808346216314E-02
  1.079475160000E+00  2.915295245694E-02
  1.099445460000E+00  3.024241383066E-02
  1.119414690000E+00  3.135184357920E-02
  1.139382840000E+00  3.248124436087E-02
  1.159349680000E+00  3.363061007482E-02
  1.179315570000E+00  3.479994294688E-02
  1.199280140000E+00  3.598924059712E-02
  1.219243530000E+00  3.719849921472E-02
  1.239205720000E+00  3.842772425620E-02
  1.259166720000E+00  3.967691010867E-02
  1.279126410000E+00  4.094605501125E-02
  1.299084780000E+00  4.223515590926E-02
  1.319041850000E+00  4.354421907030E-02
  1.338997720000E+00  4.487323648448E-02
  1.358952160000E+00  4.622220544721E-02
  1.378905180000E+00  4.759112933230E-02
  1.398857000000E+00  4.898000650235E-02
  1.418807270000E+00  5.038882790000E-02
  1.438756110000E+00  5.181760710000E-02
  1.458703640000E+00  5.326633900000E-02
  1.478649620000E+00  5.473501610000E-02
  1.498594160000E+00  5.622363840000E-02
  1.518537160000E+00  5.773220210000E-02
  1.538478730000E+00  5.926071110000E-02
  1.558418630000E+00  6.080916150000E-02
  1.578357100000E+00  6.237754970000E-02
  1.598293900000E+00  6.396587190000E-02
  1.618229150000E+00  6.557413190000E-02
  1.638162730000E+00  6.720232960000E-02
  1.658094640000E+00  6.885045770000E-02
  1.678025010000E+00  7.051852350000E-02
  1.697953700000E+00  7.220651210000E-02
  1.717880610000E+00  7.391442360000E-02
  1.737805840000E+00  7.564227280000E-02
  1.757729290000E+00  7.739003750000E-02
  1.777651070000E+00  7.915772500000E-02
  1.797570940000E+00  8.094534280000E-02
STEP  46 TIME  4.40020000E+04
BODY 1   181
 -1.799999950000E+00 -3.123540085272E-05
 -1.779999970000E+00 -4.770489558846E-14
 -1.759999990000E+00 -4.770489558846E-14
 -1.740000010000E+00 -4.770489558846E-14
 -1.720000030000E+00 -4.770489558846E-14
 -1.700000050000E+00 -4.770489558846E-14
 -1.679999950000E+00 -4.770489558846E-14
 -1.659999970000E+00 -4.770489558846E-14
 -1.639999990000E+00 -4.770489558846E-14
 -1.620000000000E+00 -4.770489558846E-14
 -1.600000020000E+00 -4.770489558846E-14
 -1.580000040000E+00 -4.770489558846E-14
 -1.559999940000E+00 -4.770489558846E-14
 -1.539999960000E+00 -4.770489558846E-14
 -1.519999980000E+00 -4.770489558846E-14
 -1.500000000000E+00 -4.770489558846E-14
 -1.480000020000E+00 -4.770489558846E-14
 -1.460000040000E+00 -4.770489558846E-14
 -1.440000060000E+00 -4.770489558846E-14
 -1.419999960000E+00 -4.770489558846E-14
 -1.399999980000E+00 -4.770489558846E-14
 -1.380000000000E+00 -4.770489558846E-14
 -1.360000010000E+00 -4.770489558846E-14
 -1.340000030000E+00 -4.770489558846E-14
 -1.320000050000E+00 -2.312963274430E-04
 -1.299999950000E+00 -1.377452357629E-03
 -1.279999970000E+00 -2.651493380261E-03
 -1.259999990000E+00 -3.922509314610E-03
 -1.240000010000E+00 -5.173306199500E-03
 -1.220000030000E+00 -6.404051716326E-03
 -1.200000050000E+00 -7.614833687669E-03
 -1.179999950000E+00 -8.805565560791E-03
 -1.159999970000E+00 -9.976239038287E-03
 -1.139999990000E+00 -1.112688442749E-02
 -1.120000000000E+00 -1.225751876717E-02
 -1.100000020000E+00 -1.336813971222E-02
 -1.080000040000E+00 -1.445877587149E-02
 -1.059999940000E+00 -1.552942018612E-02
 -1.039999960000E+00 -1.658000062018E-02
 -1.019999980000E+00 -1.761051089582E-02
 -1.000000000000E+00 -1.862093176087E-02
 -9.800000190000E-01 -1.961155949479E-02
 -9.599999790000E-01 -2.058223476604E-02
 -9.399999980000E-01 -2.153196461503E-02
 -9.200000170000E-01 -2.246201723506E-02
 -8.999999760000E-01 -2.337207231774E-02
 -8.799999950000E-01 -2.426219883386E-02
 -8.600000140000E-01 -2.513228546370E-02
 -8.399999740000E-01 -2.598227410956E-02
 -8.199999930000E-01 -2.681232003835E-02
 -8.000000120000E-01 -2.762234693247E-02
 -7.799999710000E-01 -2.841228939522E-02
 -7.599999900000E-01 -2.918225994500E-02
 -7.400000100000E-01 -2.993219387930E-02
 -7.200000290000E-01 -3.066212697899E-02
 -6.999999880000E-01 -3.137205622481E-02
 -6.800000070000E-01 -3.206193424903E-02
 -6.600000260000E-01 -3.273182050151E-02
 -6.399999860000E-01 -3.338168739519E-02
 -6.200000050000E-01 -3.401154792394E-02
 -6.000000240000E-01 -3.462140037385E-02
 -5.799999830000E-01 -3.521124697851E-02
 -5.600000020000E-01 -3.578108216489E-02
 -5.400000210000E-01 -3.633092075112E-02
 -5.199999810000E-01 -3.686073842403E-02
 -5.000000000000E-01 -3.737056367518E-02
 -4.799999890000E-01 -3.786038359562E-02
 -4.600000080000E-01 -3.833021095265E-02
 -4.399999980000E-01 -3.878003455046E-02
 -4.199999870000E-01 -3.920985015751E-02
 -4.000000060000E-01 -3.961966590455E-02
 -3.799999950000E-01 -4.000949091674E-02
 -3.600000140000E-01 -4.037927305601E-02
 -3.400000040000E-01 -4.072907385840E-02
 -3.199999930000E-01 -4.105888650163E-02
 -3.000000120000E-01 -4.136869281495E-02
 -2.800000010000E-01 -4.165850424970E-02
 -2.599999900000E-01 -4.192832343263E-02
 -2.399999950000E-01 -4.217815148252E-02
 -2.199999990000E-01 -4.240798818809E-02
 -2.000000030000E-01 -4.261783530212E-02
 -1.800000070000E-01 -4.280769376274E-02
 -1.599999960000E-01 -4.297756574089E-02
 -1.400000010000E-01 -4.312745137963E-02
 -1.199999970000E-01 -4.325735094239E-02
 -1.000000010000E-01 -4.336726410921E-02
 -7.999999820000E-02 -4.345719088553E-02
 -5.999999870000E-02 -4.352713004519E-02
 -3.999999910000E-02 -4.357708329276E-02
 -1.999999960000E-02 -4.360707284314E-02
  0.000000000000E+00 -4.361676826137E-02
  1.999999960000E-02 -4.360707284314E-02
  3.999999910000E-02 -4.357708329276E-02
  5.999999870000E-02 -4.352713004519E-02
  7.999999820000E-02 -4.345719088553E-02
  1.000000010000E-01 -4.336726410921E-02
  1.199999970000E-01 -4.325735094239E-02
  1.400000010000E-01 -4.312745137963E-02
  1.599999960000E-01 -4.297756574089E-02
  1.800000070000E-01 -4.280769376274E-02
  2.000000030000E-01 -4.261783530212E-02
  2.199999990000E-01 -4.240798818809E-02
  2.399999950000E-01 -4.217815148252E-02
  2.599999900000E-01 -4.192832343263E-02
  2.800000010000E-01 -4.165850424970E-02
  3.000000120000E-01 -4.136869281495E-02
  3.199999930000E-01 -4.105888650164E-02
  3.400000040000E-01 -4.072907385840E-02
  3.600000140000E-01 -4.037927305601E-02
  3.799999950000E-01 -4.000949091674E-02
  4.000000060000E-01 -3.961966590455E-02
  4.199999870000E-01 -3.920985015751E-02
  4.399999980000E-01 -3.878003455046E-02
  4.600000080000E-01 -3.833021095265E-02
  4.799999890000E-01 -3.786038359561E-02
  5.000000000000E-01 -3.737056367518E-02
  5.199999810000E-01 -3.686073842403E-02
  5.400000210000E-01 -3.633092075112E-02
  5.600000020000E-01 -3.578108216489E-02
  5.799999830000E-01 -3.521124697851E-02
  6.000000240000E-01 -3.462140037385E-02
  6.200000050000E-01 -3.401154792393E-02
  6.399999860000E-01 -3.338168739519E-02
  6.600000260000E-01 -3.273182050151E-02
  6.800000070000E-01 -3.206193424903E-02
  6.999999880000E-01 -3.137205622480E-02
  7.200000290000E-01 -3.066212697898E-02
  7.400000100000E-01 -2.993219387930E-02
  7.599999900000E-01 -2.918225994500E-02
  7.799999710000E-01 -2.841228939522E-02
  8.000000120000E-01 -2.762234693247E-02
  8.199999930000E-01 -2.681232003835E-02
  8.399999740000E-01 -2.598227410956E-02
  8.600000140000E-01 -2.513228546370E-02
  8.799999950000E-01 -2.426219883386E-02
  8.999999760000E-01 -2.337207231774E-02
  9.200000170000E-01 -2.246201723506E-02
  9.399999980000E-01 -2.153196461504E-02
  9.599999790000E-01 -2.058223476604E-02
  9.800000190000E-01 -1.961155949479E-02
  1.000000000000E+00 -1.862093176087E-02
  1.019999980000E+00 -1.761051089582E-02
  1.039999960000E+00 -1.658000062018E-02
  1.059999940000E+00 -1.552942018612E-02
  1.080000040000E+00 -1.445877587149E-02
  1.100000020000E+00 -1.336813971222E-02
  1.120000000000E+00 -1.225751876717E-02
  1.139999990000E+00 -1.112688442749E-02
  1.159999970000E+00 -9.976239038287E-03
  1.179999950000E+00 -8.805565560791E-03
  1.200000050000E+00 -7.614833687670E-03
  1.220000030000E+00 -6.404051716326E-03
  1.240000010000E+00 -5.173306199500E-03
  1.259999990000E+00 -3.922509314610E-03
  1.279999970000E+00 -2.651493380261E-03
  1.299999950000E+00 -1.377452357628E-03
  1.320000050000E+00 -2.312963274424E-04
  1.340000030000E+00 -4.770489558846E-14
  1.360000010000E+00 -4.770489558846E-14
  1.380000000000E+00 -4.770489558846E-14
  1.399999980000E+00 -4.770489558846E-14
  1.419999960000E+00 -4.770489558846E-14
  1.440000060000E+00 -4.770489558846E-14
  1.460000040000E+00 -4.770489558846E-14
  1.480000020000E+00 -4.770489558846E-14
  1.500000000000E+00 -4.770489558846E-14
  1.519999980000E+00 -4.770489558846E-14
  1.539999960000E+00 -4.770489558846E-14
  1.559999940000E+00 -4.770489558846E-14
  1.580000040000E+00 -4.770489558846E-14
  1.600000020000E+00 -4.770489558846E-14
  1.620000000000E+00 -4.770489558846E-14
  1.639999990000E+00 -4.770489558846E-14
  1.659999970000E+00 -4.770489558846E-14
  1.679999950000E+00 -4.770489558846E-14
  1.700000050000E+00 -4.770489558846E-14
  1.720000030000E+00 -4.770489558846E-14
  1.740000010000E+00 -4.770489558846E-14
  1.759999990000E+00 -4.770489558846E-14
  1.779999970000E+00 -4.770489558846E-14
  1.799999950000E+00 -3.129296592104E-05
BODY 2   181
 -1.797570940000E+00  8.094534280000E-02
 -1.777651070000E+00  7.915772500000E-02
 -1.757729290000E+00  7.739003750000E-02
 -1.737805840000E+00  7.564227280000E-02
 -1.717880610000E+00  7.391442360000E-02
 -1.697953700000E+00  7.220651210000E-02
 -1.678025010000E+00  7.051852350000E-02
 -1.658094640000E+00  6.885045770000E-02
 -1.638162730000E+00  6.720232960000E-02
 -1.618229150000E+00  6.557413190000E-02
 -1.598293900000E+00  6.396587190000E-02
 -1.578357100000E+00  6.237754970000E-02
 -1.558418630000E+00  6.080916150000E-02
 -1.538478730000E+00  5.926071110000E-02
 -1.518537160000E+00  5.773220210000E-02
 -1.498594160000E+00  5.622363840000E-02
 -1.478649620000E+00  5.473501610000E-02
 -1.458703640000E+00  5.326633900000E-02
 -1.438756110000E+00  5.181760710000E-02
 -1.418807270000E+00  5.038882790000E-02
 -1.398857000000E+00  4.898000650235E-02
 -1.378905180000E+00  4.759112933230E-02
 -1.358952160000E+00  4.622220544721E-02
 -1.338997720000E+00  4.487323648448E-02
 -1.319041850000E+00  4.354421907030E-02
 -1.299084780000E+00  4.223515590926E-02
 -1.279126410000E+00  4.094605501125E-02
 -1.259166720000E+00  3.967691010867E-02
 -1.239205720000E+00  3.842772425620E-02
 -1.219243530000E+00  3.719849921472E-02
 -1.199280140000E+00  3.598924059712E-02
 -1.179315570000E+00  3.479994294688E-02
 -1.159349680000E+00  3.363061007482E-02
 -1.139382840000E+00  3.248124436087E-02
 -1.119414690000E+00  3.135184357920E-02
 -1.099445460000E+00  3.024241383066E-02
 -1.079475160000E+00  2.915295245694E-02
 -1.059503790000E+00  2.808346216314E-02
 -1.039531350000E+00  2.703394449519E-02
 -1.019557830000E+00  2.600439793176E-02
 -9.995833640000E-01  2.499482681668E-02
 -9.796078800000E-01  2.400523046721E-02
 -9.596313830000E-01  2.303560890753E-02
 -9.396539330000E-01  2.208596419326E-02
 -9.196755890000E-01  2.115629846104E-02
 -8.996962900000E-01  2.024661264049E-02
 -8.797160980000E-01  1.935690419342E-02
 -8.597350120000E-01  1.848717779179E-02
 -8.397530910000E-01  1.763743230986E-02
 -8.197702770000E-01  1.680766896317E-02
 -7.997866870000E-01  1.599788841450E-02
 -7.798022630000E-01  1.520809272338E-02
 -7.598171230000E-01  1.443828182710E-02
 -7.398311500000E-01  1.368845673803E-02
 -7.198444600000E-01  1.295861712494E-02
 -6.998571160000E-01  1.224876567635E-02
 -6.798689960000E-01  1.155890124896E-02
 -6.598802210000E-01  1.088902498239E-02
 -6.398907900000E-01  1.023913868815E-02
 -6.199007030000E-01  9.609242192926E-03
 -5.999100210000E-01  8.999335790388E-03
 -5.799186830000E-01  8.409420175172E-03
 -5.599268080000E-01  7.839496446209E-03
 -5.399343970000E-01  7.289565020892E-03
 -5.199413900000E-01  6.759626286873E-03
 -4.999479060000E-01  6.249680823549E-03
 -4.799539150000E-01  5.759729024464E-03
 -4.599594470000E-01  5.289771842258E-03
 -4.399645030000E-01  4.839809253960E-03
 -4.199691410000E-01  4.409841765801E-03
 -3.999733330000E-01  3.999869814377E-03
 -3.799771370000E-01  3.609894323434E-03
 -3.599805530000E-01  3.239914842129E-03
 -3.399836120000E-01  2.889932517804E-03
 -3.199863430000E-01  2.559947137131E-03
 -2.999887470000E-01  2.249959246878E-03
 -2.799908520000E-01  1.959969068180E-03
 -2.599926890000E-01  1.689977109454E-03
 -2.399942430000E-01  1.439983396658E-03
 -2.199955580000E-01  1.209988378448E-03
 -1.999966650000E-01  9.999922478948E-04
 -1.799975630000E-01  8.099950429685E-04
 -1.599982980000E-01  6.399970287235E-04
 -1.399988530000E-01  4.899983434875E-04
 -1.199992820000E-01  3.599991469688E-04
 -9.999958430000E-02  2.499996233448E-04
 -7.999978960000E-02  1.599998651174E-04
 -5.999990930000E-02  8.999996803291E-05
 -3.999997300000E-02  3.999999788767E-05
 -1.999999580000E-02  1.000000008419E-05
  0.000000000000E+00  0.000000000000E+00
  1.999999580000E-02  1.000000008419E-05
  3.999997300000E-02  3.999999788767E-05
  5.999990930000E-02  8.999996803291E-05
  7.999978960000E-02  1.599998651174E-04
  9.999958430000E-02  2.499996233448E-04
  1.199992820000E-01  3.599991469688E-04
  1.399988530000E-01  4.899983434875E-04
  1.599982980000E-01  6.399970287235E-04
  1.799975630000E-01  8.099950429685E-04
  1.999966650000E-01  9.999922478948E-04
  2.199955580000E-01  1.209988378448E-03
  2.399942430000E-01  1.439983396658E-03
  2.599926890000E-01  1.689977109454E-03
  2.799908520000E-01  1.959969068180E-03
  2.999887470000E-01  2.249959246878E-03
  3.199863430000E-01  2.559947137131E-03
  3.399836120000E-01  2.889932517804E-03
  3.599805530000E-01  3.239914842129E-03
  3.799771370000E-01  3.609894323434E-03
  3.999733330000E-01  3.999869814377E-03
  4.199691410000E-01  4.409841765801E-03
  4.399645030000E-01  4.839809253960E-03
  4.599594470000E-01  5.289771842258E-03
  4.799539150000E-01  5.759729024464E-03
  4.999479060000E-01  6.249680823549E-03
  5.199413900000E-01  6.759626286873E-03
  5.399343970000E-01  7.289565020892E-03
  5.599268080000E-01  7.839496446209E-03
  5.799186830000E-01  8.409420175172E-03
  5.999100210000E-01  8.999335790388E-03
  6.199007030000E-01  9.609242192926E-03
  6.398907900000E-01  1.023913868815E-02
  6.598802210000E-01  1.088902498239E-02
  6.798689960000E-01  1.155890124896E-02
  6.998571160000E-01  1.224876567635E-02
  7.198444600000E-01  1.295861712494E-02
  7.398311500000E-01  1.368845673803E-02
  7.598171230000E-01  1.443828182710E-02
  7.798022630000E-01  1.520809272338E-02
  7.997866870000E-01  1.599788841450E-02
  8.197702770000E-01  1.680766896317E-02
  8.397530910000E-01  1.763743230986E-02
  8.597350120000E-01  1.848717779179E-02
  8.797160980000E-01  1.935690419342E-02
  8.996962900000E-01  2.024661264049E-02
  9.196755890000E-01  2.115629846104E-02
  9.396539330000E-01  2.208596419326E-02
  9.596313830000E-01  2.303560890753E-02
  9.796078800000E-01  2.400523046721E-02
  9.995833640000E-01  2.499482681668E-02
  1.019557830000E+00  2.600439793176E-02
  1.039531350000E+00  2.703394449519E-02
  1.059503790000E+00  2.808346216314E-02
  1.079475160000E+00  2.915295245694E-02
  1.099445460000E+00  3.024241383066E-02
  1.119414690000E+00  3.135184357920E-02
  1.139382840000E+00  3.248124436087E-02
  1.159349680000E+00  3.363061007482E-02
  1.179315570000E+00  3.479994294688E-02
  1.199280140000E+00  3.598924059712E-02
  1.219243530000E+00  3.719849921472E-02
  1.239205720000E+00  3.842772425620E-02
  1.259166720000E+00  3.967691010867E-02
  1.279126410000E+00  4.094605501125E-02
  1.299084780000E+00  4.223515590926E-02
  1.319041850000E+00  4.354421907030E-02
  1.338997720000E+00  4.487323648448E-02
  1.358952160000E+00  4.622220544721E-02
  1.378905180000E+00  4.759112933230E-02
  1.398857000000E+00  4.898000650235E-02
  1.418807270000E+00  5.038882790000E-02
  1.438756110000E+00  5.181760710000E-02
  1.458703640000E+00  5.326633900000E-02
  1.478649620000E+00  5.473501610000E-02
  1.498594160000E+00  5.622363840000E-02
  1.518537160000E+00  5.773220210000E-02
  1.538478730000E+00  5.926071110000E-02
  1.558418630000E+00  6.080916150000E-02
  1.578357100000E+00  6.237754970000E-02
  1.598293900000E+00  6.396587190000E-02
  1.618229150000E+00  6.557413190000E-02
  1.638162730000E+00  6.720232960000E-02
  1.658094640000E+00  6.885045770000E-02
  1.678025010000E+00  7.051852350000E-02
  1.697953700000E+00  7.220651210000E-02
  1.717880610000E+00  7.391442360000E-02
  1.737805840000E+00  7.564227280000E-02
  1.757729290000E+00  7.739003750000E-02
  1.777651070000E+00  7.915772500000E-02
  1.797570940000E+00  8.094534280000E-02
STEP  47 TIME  4.50020000E+04
BODY 1   181
 -1.799999950000E+00 -3.170412447656E-05
 -1.779999970000E+00 -4.878909776090E-14
 -1.759999990000E+00 -4.878909776090E-14
 -1.740000010000E+00 -4.878909776090E-14
 -1.720000030000E+00 -4.878909776090E-14
 -1.700000050000E+00 -4.878909776090E-14
 -1.679999950000E+00 -4.878909776090E-14
 -1.659999970000E+00 -4.878909776090E-14
 -1.639999990000E+00 -4.878909776090E-14
 -1.620000000000E+00 -4.878909776090E-14
 -1.600000020000E+00 -4.878909776090E-14
 -1.580000040000E+00 -4.878909776090E-14
 -1.559999940000E+00 -4.878909776090E-14
 -1.539999960000E+00 -4.878909776090E-14
 -1.519999980000E+00 -4.878909776090E-14
 -1.500000000000E+00 -4.878909776090E-14
 -1.480000020000E+00 -4.878909776090E-14
 -1.460000040000E+00 -4.878909776090E-14
 -1.440000060000E+00 -4.878909776090E-14
 -1.419999960000E+00 -4.878909776090E-14
 -1.399999980000E+00 -4.878909776090E-14
 -1.380000000000E+00 -4.878909776090E-14
 -1.360000010000E+00 -4.878909776090E-14
 -1.340000030000E+00 -9.430008388141E-05
 -1.320000050000E+00 -7.643302728174E-04
 -1.299999950000E+00 -2.026839348739E-03
 -1.279999970000E+00 -3.311910336316E-03
 -1.259999990000E+00 -4.583671607738E-03
 -1.240000010000E+00 -5.834311273570E-03
 -1.220000030000E+00 -7.065295311968E-03
 -1.200000050000E+00 -8.276147585863E-03
 -1.179999950000E+00 -9.467029126802E-03
 -1.159999970000E+00 -1.063787243742E-02
 -1.139999990000E+00 -1.178869294319E-02
 -1.120000000000E+00 -1.291945987036E-02
 -1.100000020000E+00 -1.403015687312E-02
 -1.080000040000E+00 -1.512078421442E-02
 -1.059999940000E+00 -1.619128594719E-02
 -1.039999960000E+00 -1.724177891523E-02
 -1.019999980000E+00 -1.827229892187E-02
 -1.000000000000E+00 -1.928284974099E-02
 -9.800000190000E-01 -2.027357052734E-02
 -9.599999790000E-01 -2.124354640725E-02
 -9.399999980000E-01 -2.219373978820E-02
 -9.200000170000E-01 -2.312398060377E-02
 -8.999999760000E-01 -2.403421413414E-02
 -8.799999950000E-01 -2.492431074862E-02
 -8.600000140000E-01 -2.579444129662E-02
 -8.399999740000E-01 -2.664456901217E-02
 -8.199999930000E-01 -2.747461777841E-02
 -8.000000120000E-01 -2.828466031118E-02
 -7.799999710000E-01 -2.907469747112E-02
 -7.599999900000E-01 -2.984466219722E-02
 -7.400000100000E-01 -3.059464514924E-02
 -7.200000290000E-01 -3.132462581774E-02
 -6.999999880000E-01 -3.203454727069E-02
 -6.800000070000E-01 -3.272447606480E-02
 -6.600000260000E-01 -3.339437380134E-02
 -6.399999860000E-01 -3.404427056734E-02
 -6.200000050000E-01 -3.467415550454E-02
 -6.000000240000E-01 -3.528402948008E-02
 -5.799999830000E-01 -3.587390559142E-02
 -5.600000020000E-01 -3.644377191203E-02
 -5.400000210000E-01 -3.699363076788E-02
 -5.199999810000E-01 -3.752350222623E-02
 -5.000000000000E-01 -3.803336120203E-02
 -4.799999890000E-01 -3.852324937746E-02
 -4.600000080000E-01 -3.899316145162E-02
 -4.399999980000E-01 -3.944312257556E-02
 -4.199999870000E-01 -3.987328540693E-02
 -4.000000060000E-01 -4.028329713599E-02
 -3.799999950000E-01 -4.067258360464E-02
 -3.600000140000E-01 -4.104226286040E-02
 -3.400000040000E-01 -4.139195969114E-02
 -3.199999930000E-01 -4.172170977586E-02
 -3.000000120000E-01 -4.203148066351E-02
 -2.800000010000E-01 -4.232127342349E-02
 -2.599999900000E-01 -4.259108047248E-02
 -2.399999950000E-01 -4.284090033518E-02
 -2.199999990000E-01 -4.307073582450E-02
 -2.000000030000E-01 -4.328058500441E-02
 -1.800000070000E-01 -4.347044768754E-02
 -1.599999960000E-01 -4.364032438513E-02
 -1.400000010000E-01 -4.379021462571E-02
 -1.199999970000E-01 -4.392011816760E-02
 -1.000000010000E-01 -4.403003532436E-02
 -7.999999820000E-02 -4.411996567788E-02
 -5.999999870000E-02 -4.418990788077E-02
 -3.999999910000E-02 -4.423986334536E-02
 -1.999999960000E-02 -4.426985466080E-02
  0.000000000000E+00 -4.427955214007E-02
  1.999999960000E-02 -4.426985466080E-02
  3.999999910000E-02 -4.423986334536E-02
  5.999999870000E-02 -4.418990788077E-02
  7.999999820000E-02 -4.411996567788E-02
  1.000000010000E-01 -4.403003532436E-02
  1.199999970000E-01 -4.392011816760E-02
  1.400000010000E-01 -4.379021462571E-02
  1.599999960000E-01 -4.364032438513E-02
  1.800000070000E-01 -4.347044768754E-02
  2.000000030000E-01 -4.328058500441E-02
  2.199999990000E-01 -4.307073582450E-02
  2.399999950000E-01 -4.284090033518E-02
  2.599999900000E-01 -4.259108047248E-02
  2.800000010000E-01 -4.232127342349E-02
  3.000000120000E-01 -4.203148066351E-02
  3.199999930000E-01 -4.172170977586E-02
  3.400000040000E-01 -4.139195969114E-02
  3.600000140000E-01 -4.104226286040E-02
  3.799999950000E-01 -4.067258360464E-02
  4.000000060000E-01 -4.028329713599E-02
  4.199999870000E-01 -3.987328540693E-02
  4.399999980000E-01 -3.944312257556E-02
  4.600000080000E-01 -3.899316145162E-02
  4.799999890000E-01 -3.852324937747E-02
  5.000000000000E-01 -3.803336120203E-02
  5.199999810000E-01 -3.752350222624E-02
  5.400000210000E-01 -3.699363076788E-02
  5.600000020000E-01 -3.644377191203E-02
  5.799999830000E-01 -3.587390559142E-02
  6.000000240000E-01 -3.528402948008E-02
  6.200000050000E-01 -3.467415550454E-02
  6.399999860000E-01 -3.404427056734E-02
  6.600000260000E-01 -3.339437380134E-02
  6.800000070000E-01 -3.272447606480E-02
  6.999999880000E-01 -3.203454727069E-02
  7.200000290000E-01 -3.132462581774E-02
  7.400000100000E-01 -3.059464514924E-02
  7.599999900000E-01 -2.984466219722E-02
  7.799999710000E-01 -2.907469747112E-02
  8.000000120000E-01 -2.828466031118E-02
  8.199999930000E-01 -2.747461777842E-02
  8.399999740000E-01 -2.664456901217E-02
  8.600000140000E-01 -2.579444129662E-02
  8.799999950000E-01 -2.492431074862E-02
  8.999999760000E-01 -2.403421413414E-02
  9.200000170000E-01 -2.312398060377E-02
  9.399999980000E-01 -2.219373978820E-02
  9.599999790000E-01 -2.124354640725E-02
  9.800000190000E-01 -2.027357052734E-02
  1.000000000000E+00 -1.928284974099E-02
  1.019999980000E+00 -1.827229892187E-02
  1.039999960000E+00 -1.724177891523E-02
  1.059999940000E+00 -1.619128594719E-02
  1.080000040000E+00 -1.512078421442E-02
  1.100000020000E+00 -1.403015687312E-02
  1.120000000000E+00 -1.291945987036E-02
  1.139999990000E+00 -1.178869294319E-02
  1.159999970000E+00 -1.063787243742E-02
  1.179999950000E+00 -9.467029126801E-03
  1.200000050000E+00 -8.276147585862E-03
  1.220000030000E+00 -7.065295311967E-03
  1.240000010000E+00 -5.834311273570E-03
  1.259999990000E+00 -4.583671607737E-03
  1.279999970000E+00 -3.311910336316E-03
  1.299999950000E+00 -2.026839348739E-03
  1.320000050000E+00 -7.643302728175E-04
  1.340000030000E+00 -9.430008388110E-05
  1.360000010000E+00 -4.878909776090E-14
  1.380000000000E+00 -4.878909776090E-14
  1.399999980000E+00 -4.878909776090E-14
  1.419999960000E+00 -4.878909776090E-14
  1.440000060000E+00 -4.878909776090E-14
  1.460000040000E+00 -4.878909776090E-14
  1.480000020000E+00 -4.878909776090E-14
  1.500000000000E+00 -4.878909776090E-14
  1.519999980000E+00 -4.878909776090E-14
  1.539999960000E+00 -4.878909776090E-14
  1.559999940000E+00 -4.878909776090E-14
  1.580000040000E+00 -4.878909776090E-14
  1.600000020000E+00 -4.878909776090E-14
  1.620000000000E+00 -4.878909776090E-14
  1.639999990000E+00 -4.878909776090E-14
  1.659999970000E+00 -4.878909776090E-14
  1.679999950000E+00 -4.878909776090E-14
  1.700000050000E+00 -4.878909776090E-14
  1.720000030000E+00 -4.878909776090E-14
  1.740000010000E+00 -4.878909776090E-14
  1.759999990000E+00 -4.878909776090E-14
  1.779999970000E+00 -4.878909776090E-14
  1.799999950000E+00 -3.177296279774E-05
BODY 2   181
 -1.797570940000E+00  8.094534280000E-02
 -1.777651070000E+00  7.915772500000E-02
 -1.757729290000E+00  7.739003750000E-02
 -1.737805840000E+00  7.564227280000E-02
 -1.717880610000E+00  7.391442360000E-02
 -1.697953700000E+00  7.220651210000E-02
 -1.678025010000E+00  7.051852350000E-02
 -1.658094640000E+00  6.885045770000E-02
 -1.638162730000E+00  6.720232960000E-02
 -1.618229150000E+00  6.557413190000E-02
 -1.598293900000E+00  6.396587190000E-02
 -1.578357100000E+00  6.237754970000E-02
 -1.558418630000E+00  6.080916150000E-02
 -1.538478730000E+00  5.926071110000E-02
 -1.518537160000E+00  5.773220210000E-02
 -1.498594160000E+00  5.622363840000E-02
 -1.478649620000E+00  5.473501610000E-02
 -1.458703640000E+00  5.326633900000E-02
 -1.438756110000E+00  5.181760710000E-02
 -1.418807270000E+00  5.038882790000E-02
 -1.398857000000E+00  4.898000650235E-02
 -1.378905180000E+00  4.759112933230E-02
 -1.358952160000E+00  4.622220544721E-02
 -1.338997720000E+00  4.487323648448E-02
 -1.319041850000E+00  4.354421907030E-02
 -1.299084780000E+00  4.223515590926E-02
 -1.279126410000E+00  4.094605501125E-02
 -1.259166720000E+00  3.967691010867E-02
 -1.239205720000E+00  3.842772425620E-02
 -1.219243530000E+00  3.719849921472E-02
 -1.199280140000E+00  3.598924059712E-02
 -1.179315570000E+00  3.479994294688E-02
 -1.159349680000E+00  3.363061007482E-02
 -1.139382840000E+00  3.248124436087E-02
 -1.119414690000E+00  3.135184357920E-02
 -1.099445460000E+00  3.024241383066E-02
 -1.079475160000E+00  2.915295245694E-02
 -1.059503790000E+00  2.808346216314E-02
 -1.039531350000E+00  2.703394449519E-02
 -1.019557830000E+00  2.600439793176E-02
 -9.995833640000E-01  2.499482681668E-02
 -9.796078800000E-01  2.400523046721E-02
 -9.596313830000E-01  2.303560890753E-02
 -9.396539330000E-01  2.208596419326E-02
 -9.196755890000E-01  2.115629846104E-02
 -8.996962900000E-01  2.024661264049E-02
 -8.797160980000E-01  1.935690419342E-02
 -8.597350120000E-01  1.848717779179E-02
 -8.397530910000E-01  1.763743230986E-02
 -8.197702770000E-01  1.680766896317E-02
 -7.997866870000E-01  1.599788841450E-02
 -7.798022630000E-01  1.520809272338E-02
 -7.598171230000E-01  1.443828182710E-02
 -7.398311500000E-01  1.368845673803E-02
 -7.198444600000E-01  1.295861712494E-02
 -6.998571160000E-01  1.224876567635E-02
 -6.798689960000E-01  1.155890124896E-02
 -6.598802210000E-01  1.088902498239E-02
 -6.398907900000E-01  1.023913868815E-02
 -6.199007030000E-01  9.609242192926E-03
 -5.999100210000E-01  8.999335790388E-03
 -5.799186830000E-01  8.409420175172E-03
 -5.599268080000E-01  7.839496446209E-03
 -5.399343970000E-01  7.289565020892E-03
 -5.199413900000E-01  6.759626286873E-03
 -4.999479060000E-01  6.249680823549E-03
 -4.799539150000E-01  5.759729024464E-03
 -4.599594470000E-01  5.289771842258E-03
 -4.399645030000E-01  4.839809253960E-03
 -4.199691410000E-01  4.409841765801E-03
 -3.999733330000E-01  3.999869814377E-03
 -3.799771370000E-01  3.609894323434E-03
 -3.599805530000E-01  3.239914842129E-03
 -3.399836120000E-01  2.889932517804E-03
 -3.199863430000E-01  2.559947137131E-03
 -2.999887470000E-01  2.249959246878E-03
 -2.799908520000E-01  1.959969068180E-03
 -2.599926890000E-01  1.689977109454E-03
 -2.399942430000E-01  1.439983396658E-03
 -2.199955580000E-01  1.209988378448E-03
 -1.999966650000E-01  9.999922478948E-04
 -1.799975630000E-01  8.099950429685E-04
 -1.599982980000E-01  6.399970287235E-04
 -1.399988530000E-01  4.899983434875E-04
 -1.199992820000E-01  3.599991469688E-04
 -9.999958430000E-02  2.499996233448E-04
 -7.999978960000E-02  1.599998651174E-04
 -5.999990930000E-02  8.999996803291E-05
 -3.999997300000E-02  3.999999788767E-05
 -1.999999580000E-02  1.000000008419E-05
  0.000000000000E+00  0.000000000000E+00
  1.999999580000E-02  1.000000008419E-05
  3.999997300000E-02  3.999999788767E-05
  5.999990930000E-02  8.999996803291E-05
  7.999978960000E-02  1.599998651174E-04
  9.999958430000E-02  2.499996233448E-04
  1.199992820000E-01  3.599991469688E-04
  1.399988530000E-01  4.899983434875E-04
  1.599982980000E-01  6.399970287235E-04
  1.799975630000E-01  8.099950429685E-04
  1.999966650000E-01  9.999922478948E-04
  2.199955580000E-01  1.209988378448E-03
  2.399942430000E-01  1.439983396658E-03
  2.599926890000E-01  1.689977109454E-03
  2.799908520000E-01  1.959969068180E-03
  2.999887470000E-01  2.249959246878E-03
  3.199863430000E-01  2.559947137131E-03
  3.399836120000E-01  2.889932517804E-03
  3.599805530000E-01  3.239914842129E-03
  3.799771370000E-01  3.609894323434E-03
  3.999733330000E-01  3.999869814377E-03
  4.199691410000E-01  4.409841765801E-03
  4.399645030000E-01  4.839809253960E-03
  4.599594470000E-01  5.289771842258E-03
  4.799539150000E-01  5.759729024464E-03
  4.999479060000E-01  6.249680823549E-03
  5.199413900000E-01  6.759626286873E-03
  5.399343970000E-01  7.289565020892E-03
  5.599268080000E-01  7.839496446209E-03
  5.799186830000E-01  8.409420175172E-03
  5.999100210000E-01  8.999335790388E-03
  6.199007030000E-01  9.609242192926E-03
  6.398907900000E-01  1.023913868815E-02
  6.598802210000E-01  1.088902498239E-02
  6.798689960000E-01  1.155890124896E-02
  6.998571160000E-01  1.224876567635E-02
  7.198444600000E-01  1.295861712494E-02
  7.398311500000E-01  1.368845673803E-02
  7.598171230000E-01  1.443828182710E-02
  7.798022630000E-01  1.520809272338E-02
  7.997866870000E-01  1.599788841450E-02
  8.197702770000E-01  1.680766896317E-02
  8.397530910000E-01  1.763743230986E-02
  8.597350120000E-01  1.848717779179E-02
  8.797160980000E-01  1.935690419342E-02
  8.996962900000E-01  2.024661264049E-02
  9.196755890000E-01  2.115629846104E-02
  9.396539330000E-01  2.208596419326E-02
  9.596313830000E-01  2.303560890753E-02
  9.796078800000E-01  2.400523046721E-02
  9.995833640000E-01  2.499482681668E-02
  1.019557830000E+00  2.600439793176E-02
  1.039531350000E+00  2.703394449519E-02
  1.059503790000E+00  2.808346216314E-02
  1.079475160000E+00  2.915295245694E-02
  1.099445460000E+00  3.024241383066E-02
  1.119414690000E+00  3.135184357920E-02
  1.139382840000E+00  3.248124436087E-02
  1.159349680000E+00  3.363061007482E-02
  1.179315570000E+00  3.479994294688E-02
  1.199280140000E+00  3.598924059712E-02
  1.219243530000E+00  3.719849921472E-02
  1.239205720000E+00  3.842772425620E-02
  1.259166720000E+00  3.967691010867E-02
  1.279126410000E+00  4.094605501125E-02
  1.299084780000E+00  4.223515590926E-02
  1.319041850000E+00  4.354421907030E-02
  1.338997720000E+00  4.487323648448E-02
  1.358952160000E+00  4.622220544721E-02
  1.378905180000E+00  4.759112933230E-02
  1.398857000000E+00  4.898000650235E-02
  1.418807270000E+00  5.038882790000E-02
  1.438756110000E+00  5.181760710000E-02
  1.458703640000E+00  5.326633900000E-02
  1.478649620000E+00  5.473501610000E-02
  1.498594160000E+00  5.622363840000E-02
  1.518537160000E+00  5.773220210000E-02
  1.538478730000E+00  5.926071110000E-02
  1.558418630000E+00  6.080916150000E-02
  1.578357100000E+00  6.237754970000E-02
  1.598293900000E+00  6.396587190000E-02
  1.618229150000E+00  6.557413190000E-02
  1.638162730000E+00  6.720232960000E-02
  1.658094640000E+00  6.885045770000E-02
  1.678025010000E+00  7.051852350000E-02
  1.697953700000E+00  7.220651210000E-02
  1.717880610000E+00  7.391442360000E-02
  1.737805840000E+00  7.564227280000E-02
  1.757729290000E+00  7.739003750000E-02
  1.777651070000E+00  7.915772500000E-02
  1.797570940000E+00  8.094534280000E-02
