# LevelSetWear, data of Fig. 13 of
# I. Llavori, Wear simulation on a fixed mesh with level sets
# and immersed frictional contact,
# submitted for publication. Mondragon Unibertsitatea.
# https://github.com/illavori/LevelSetWear       BSD 3-Clause
# self-consistent Winkler wear model: rigid cylinder R = 6 mm on a flat, gross slip, Archard,
# k = 2.9e-8 MPa^-1, cycle jump 100, narrow band level set update of Section 4.3 (kernel of
# radius le = 10 um, Eq. 18 at every update) against the height function, grid spacing
# dx = le/16 = 0.625 um (protoNBLS.py)
# worn profile y of the height function
cycles,x_mm,y_um
4500,-0.4,0
4500,-0.399375,0
4500,-0.39875,0
4500,-0.398125,0
4500,-0.3975,0
4500,-0.396875,0
4500,-0.39625,0
4500,-0.395625,0
4500,-0.395,0
4500,-0.394375,0
4500,-0.39375,0
4500,-0.393125,0
4500,-0.3925,0
4500,-0.391875,0
4500,-0.39125,0
4500,-0.390625,0
4500,-0.39,0
4500,-0.389375,0
4500,-0.38875,0
4500,-0.388125,0
4500,-0.3875,0
4500,-0.386875,0
4500,-0.38625,0
4500,-0.385625,0
4500,-0.385,0
4500,-0.384375,0
4500,-0.38375,0
4500,-0.383125,0
4500,-0.3825,0
4500,-0.381875,0
4500,-0.38125,0
4500,-0.380625,0
4500,-0.38,0
4500,-0.379375,0
4500,-0.37875,0
4500,-0.378125,0
4500,-0.3775,0
4500,-0.376875,0
4500,-0.37625,0
4500,-0.375625,0
4500,-0.375,0
4500,-0.374375,0
4500,-0.37375,0
4500,-0.373125,0
4500,-0.3725,0
4500,-0.371875,0
4500,-0.37125,0
4500,-0.370625,0
4500,-0.37,0
4500,-0.369375,0
4500,-0.36875,0
4500,-0.368125,0
4500,-0.3675,0
4500,-0.366875,0
4500,-0.36625,0
4500,-0.365625,0
4500,-0.365,0
4500,-0.364375,0
4500,-0.36375,0
4500,-0.363125,0
4500,-0.3625,0
4500,-0.361875,0
4500,-0.36125,0
4500,-0.360625,0
4500,-0.36,0
4500,-0.359375,0
4500,-0.35875,0
4500,-0.358125,0
4500,-0.3575,0
4500,-0.356875,0
4500,-0.35625,0
4500,-0.355625,0
4500,-0.355,0
4500,-0.354375,0
4500,-0.35375,0
4500,-0.353125,0
4500,-0.3525,0
4500,-0.351875,0
4500,-0.35125,0
4500,-0.350625,0
4500,-0.35,0
4500,-0.349375,0
4500,-0.34875,0
4500,-0.348125,0
4500,-0.3475,0
4500,-0.346875,0
4500,-0.34625,0
4500,-0.345625,0
4500,-0.345,0
4500,-0.344375,0
4500,-0.34375,0
4500,-0.343125,0
4500,-0.3425,0
4500,-0.341875,0
4500,-0.34125,0
4500,-0.340625,0
4500,-0.34,0
4500,-0.339375,0
4500,-0.33875,0
4500,-0.338125,0
4500,-0.3375,0
4500,-0.336875,0
4500,-0.33625,0
4500,-0.335625,0
4500,-0.335,0
4500,-0.334375,0
4500,-0.33375,0
4500,-0.333125,0
4500,-0.3325,0
4500,-0.331875,0
4500,-0.33125,0
4500,-0.330625,0
4500,-0.33,0
4500,-0.329375,0
4500,-0.32875,0
4500,-0.328125,0
4500,-0.3275,0
4500,-0.326875,0
4500,-0.32625,0
4500,-0.325625,0
4500,-0.325,0
4500,-0.324375,0
4500,-0.32375,0
4500,-0.323125,0
4500,-0.3225,0
4500,-0.321875,0
4500,-0.32125,0
4500,-0.320625,0
4500,-0.32,0
4500,-0.319375,0
4500,-0.31875,0
4500,-0.318125,0
4500,-0.3175,0
4500,-0.316875,0
4500,-0.31625,0
4500,-0.315625,0
4500,-0.315,0
4500,-0.314375,0
4500,-0.31375,0
4500,-0.313125,0
4500,-0.3125,0
4500,-0.311875,0
4500,-0.31125,0
4500,-0.310625,0
4500,-0.31,0
4500,-0.309375,0
4500,-0.30875,0
4500,-0.308125,0
4500,-0.3075,0
4500,-0.306875,0
4500,-0.30625,0
4500,-0.305625,0
4500,-0.305,0
4500,-0.304375,0
4500,-0.30375,0
4500,-0.303125,0
4500,-0.3025,0
4500,-0.301875,0
4500,-0.30125,0
4500,-0.300625,0
4500,-0.3,0
4500,-0.299375,0
4500,-0.29875,0
4500,-0.298125,0
4500,-0.2975,0
4500,-0.296875,0
4500,-0.29625,0
4500,-0.295625,0
4500,-0.295,0
4500,-0.294375,0
4500,-0.29375,0
4500,-0.293125,0
4500,-0.2925,0
4500,-0.291875,0
4500,-0.29125,0
4500,-0.290625,0
4500,-0.29,0
4500,-0.289375,0
4500,-0.28875,0
4500,-0.288125,0
4500,-0.2875,0
4500,-0.286875,0
4500,-0.28625,0
4500,-0.285625,0
4500,-0.285,0
4500,-0.284375,0
4500,-0.28375,0
4500,-0.283125,0
4500,-0.2825,0
4500,-0.281875,0
4500,-0.28125,0
4500,-0.280625,0
4500,-0.28,0
4500,-0.279375,0
4500,-0.27875,0
4500,-0.278125,0
4500,-0.2775,0
4500,-0.276875,0
4500,-0.27625,0
4500,-0.275625,0
4500,-0.275,0
4500,-0.274375,0
4500,-0.27375,0
4500,-0.273125,0
4500,-0.2725,0
4500,-0.271875,0
4500,-0.27125,0
4500,-0.270625,0
4500,-0.27,0
4500,-0.269375,0
4500,-0.26875,0
4500,-0.268125,0
4500,-0.2675,0
4500,-0.266875,0
4500,-0.26625,0
4500,-0.265625,0
4500,-0.265,0
4500,-0.264375,0
4500,-0.26375,0
4500,-0.263125,0
4500,-0.2625,0
4500,-0.261875,0
4500,-0.26125,0
4500,-0.260625,0
4500,-0.26,0
4500,-0.259375,0
4500,-0.25875,0
4500,-0.258125,0
4500,-0.2575,0
4500,-0.256875,0
4500,-0.25625,0
4500,-0.255625,0
4500,-0.255,0
4500,-0.254375,0
4500,-0.25375,0
4500,-0.253125,0
4500,-0.2525,0
4500,-0.251875,0
4500,-0.25125,0
4500,-0.250625,0
4500,-0.25,0
4500,-0.249375,0
4500,-0.24875,0
4500,-0.248125,0
4500,-0.2475,0
4500,-0.246875,0
4500,-0.24625,0
4500,-0.245625,0
4500,-0.245,0
4500,-0.244375,0
4500,-0.24375,0
4500,-0.243125,0
4500,-0.2425,0
4500,-0.241875,0
4500,-0.24125,0
4500,-0.240625,0
4500,-0.24,0
4500,-0.239375,0
4500,-0.23875,0
4500,-0.238125,0
4500,-0.2375,0
4500,-0.236875,0
4500,-0.23625,0
4500,-0.235625,0
4500,-0.235,0
4500,-0.234375,0
4500,-0.23375,0
4500,-0.233125,0
4500,-0.2325,0
4500,-0.231875,0
4500,-0.23125,0
4500,-0.230625,0
4500,-0.23,0
4500,-0.229375,0
4500,-0.22875,0
4500,-0.228125,0
4500,-0.2275,0
4500,-0.226875,0
4500,-0.22625,0
4500,-0.225625,0
4500,-0.225,0
4500,-0.224375,0
4500,-0.22375,0
4500,-0.223125,0
4500,-0.2225,0
4500,-0.221875,0
4500,-0.22125,0
4500,-0.220625,0
4500,-0.22,0
4500,-0.219375,0
4500,-0.21875,0
4500,-0.218125,0
4500,-0.2175,0
4500,-0.216875,0
4500,-0.21625,0
4500,-0.215625,0
4500,-0.215,0
4500,-0.214375,0
4500,-0.21375,0
4500,-0.213125,0
4500,-0.2125,0
4500,-0.211875,0
4500,-0.21125,0
4500,-0.210625,0
4500,-0.21,0
4500,-0.209375,0
4500,-0.20875,0
4500,-0.208125,0
4500,-0.2075,0
4500,-0.206875,0
4500,-0.20625,0
4500,-0.205625,0
4500,-0.205,0
4500,-0.204375,0
4500,-0.20375,0
4500,-0.203125,0
4500,-0.2025,0
4500,-0.201875,0
4500,-0.20125,0
4500,-0.200625,0
4500,-0.2,0
4500,-0.199375,0
4500,-0.19875,0
4500,-0.198125,0
4500,-0.1975,0
4500,-0.196875,0
4500,-0.19625,0
4500,-0.195625,0
4500,-0.195,0
4500,-0.194375,0
4500,-0.19375,0
4500,-0.193125,0
4500,-0.1925,0
4500,-0.191875,0
4500,-0.19125,0
4500,-0.190625,0
4500,-0.19,0
4500,-0.189375,0
4500,-0.18875,0
4500,-0.188125,0
4500,-0.1875,0
4500,-0.186875,0
4500,-0.18625,0
4500,-0.185625,0
4500,-0.185,0
4500,-0.184375,0
4500,-0.18375,0
4500,-0.183125,0
4500,-0.1825,0
4500,-0.181875,0
4500,-0.18125,0
4500,-0.180625,0
4500,-0.18,0
4500,-0.179375,0
4500,-0.17875,0
4500,-0.178125,0
4500,-0.1775,0
4500,-0.176875,0
4500,-0.17625,0
4500,-0.175625,0
4500,-0.175,0
4500,-0.174375,0
4500,-0.17375,0
4500,-0.173125,0
4500,-0.1725,0
4500,-0.171875,0
4500,-0.17125,0
4500,-0.170625,0
4500,-0.17,0
4500,-0.169375,0
4500,-0.16875,0
4500,-0.168125,0
4500,-0.1675,0
4500,-0.166875,0
4500,-0.16625,0
4500,-0.165625,0
4500,-0.165,0
4500,-0.164375,0
4500,-0.16375,0
4500,-0.163125,0
4500,-0.1625,0
4500,-0.161875,0
4500,-0.16125,0
4500,-0.160625,0
4500,-0.16,0
4500,-0.159375,0
4500,-0.15875,0
4500,-0.158125,0
4500,-0.1575,0
4500,-0.156875,0
4500,-0.15625,0
4500,-0.155625,0
4500,-0.155,0
4500,-0.154375,0
4500,-0.15375,0
4500,-0.153125,0
4500,-0.1525,0
4500,-0.151875,0
4500,-0.15125,0
4500,-0.150625,0
4500,-0.15,0
4500,-0.149375,0
4500,-0.14875,0
4500,-0.148125,0
4500,-0.1475,0
4500,-0.146875,0
4500,-0.14625,0
4500,-0.145625,-0.0006054592669
4500,-0.145,-0.001764363896
4500,-0.144375,-0.00344408144
4500,-0.14375,-0.005613965334
4500,-0.143125,-0.008305643274
4500,-0.1425,-0.01151579403
4500,-0.141875,-0.01512596924
4500,-0.14125,-0.01911252781
4500,-0.140625,-0.02345326938
4500,-0.14,-0.02824516525
4500,-0.139375,-0.03337119826
4500,-0.13875,-0.03878319509
4500,-0.138125,-0.04446417835
4500,-0.1375,-0.05050641242
4500,-0.136875,-0.05681345545
4500,-0.13625,-0.06333483127
4500,-0.135625,-0.07007030941
4500,-0.135,-0.07712027041
4500,-0.134375,-0.08433825402
4500,-0.13375,-0.09171407208
4500,-0.133125,-0.09933469968
4500,-0.1325,-0.1071252761
4500,-0.131875,-0.1150367837
4500,-0.13125,-0.1231358349
4500,-0.130625,-0.1313921139
4500,-0.13,-0.1397382596
4500,-0.129375,-0.1482444759
4500,-0.12875,-0.1568744397
4500,-0.128125,-0.1655682395
4500,-0.1275,-0.1744178096
4500,-0.126875,-0.1833423561
4500,-0.12625,-0.1923196186
4500,-0.125625,-0.2014447231
4500,-0.125,-0.2105960049
4500,-0.124375,-0.2198322207
4500,-0.12375,-0.2291416283
4500,-0.123125,-0.238465267
4500,-0.1225,-0.2479083348
4500,-0.121875,-0.2573494934
4500,-0.12125,-0.2668607248
4500,-0.120625,-0.2764017774
4500,-0.12,-0.2859663666
4500,-0.119375,-0.2955874753
4500,-0.11875,-0.3051950289
4500,-0.118125,-0.3148779201
4500,-0.1175,-0.3245298741
4500,-0.116875,-0.3342462982
4500,-0.11625,-0.3439355849
4500,-0.115625,-0.3536677713
4500,-0.115,-0.3633796758
4500,-0.114375,-0.3731193227
4500,-0.11375,-0.3828402688
4500,-0.113125,-0.3925795362
4500,-0.1125,-0.4022970297
4500,-0.111875,-0.4120285143
4500,-0.11125,-0.4217310642
4500,-0.110625,-0.4314477756
4500,-0.11,-0.441124821
4500,-0.109375,-0.4508201589
4500,-0.10875,-0.460462001
4500,-0.108125,-0.4701297992
4500,-0.1075,-0.4797417814
4500,-0.106875,-0.4893617198
4500,-0.10625,-0.4989397508
4500,-0.105625,-0.5085022147
4500,-0.105,-0.5180407713
4500,-0.104375,-0.5275385578
4500,-0.10375,-0.5370324723
4500,-0.103125,-0.5464693569
4500,-0.1025,-0.5559032608
4500,-0.101875,-0.5652900475
4500,-0.10125,-0.5746422448
4500,-0.100625,-0.5839744354
4500,-0.1,-0.5932488795
4500,-0.099375,-0.602512866
4500,-0.09875,-0.6117277434
4500,-0.098125,-0.6208844111
4500,-0.0975,-0.6299829223
4500,-0.096875,-0.6390232774
4500,-0.09625,-0.6480054765
4500,-0.095625,-0.6569295202
4500,-0.095,-0.6657954087
4500,-0.094375,-0.6746031424
4500,-0.09375,-0.6833527216
4500,-0.093125,-0.6920441468
4500,-0.0925,-0.7006774182
4500,-0.091875,-0.7092525362
4500,-0.09125,-0.7177695011
4500,-0.090625,-0.7262283133
4500,-0.09,-0.7346289731
4500,-0.089375,-0.7429714809
4500,-0.08875,-0.7512558369
4500,-0.088125,-0.7594820416
4500,-0.0875,-0.7676500952
4500,-0.086875,-0.7757599981
4500,-0.08625,-0.7838117505
4500,-0.085625,-0.7918053529
4500,-0.085,-0.7997408055
4500,-0.084375,-0.8076181087
4500,-0.08375,-0.8154372627
4500,-0.083125,-0.823198268
4500,-0.0825,-0.8309011247
4500,-0.081875,-0.8385458332
4500,-0.08125,-0.8461323938
4500,-0.080625,-0.8536608068
4500,-0.08,-0.8611310725
4500,-0.079375,-0.8685431912
4500,-0.07875,-0.8758971632
4500,-0.078125,-0.8831929888
4500,-0.0775,-0.8904306683
4500,-0.076875,-0.897610202
4500,-0.07625,-0.9047315901
4500,-0.075625,-0.911794833
4500,-0.075,-0.9187999309
4500,-0.074375,-0.9257468841
4500,-0.07375,-0.9326356929
4500,-0.073125,-0.9394663576
4500,-0.0725,-0.9462388784
4500,-0.071875,-0.9529532556
4500,-0.07125,-0.9596094894
4500,-0.070625,-0.9662075802
4500,-0.07,-0.9727475282
4500,-0.069375,-0.9792293337
4500,-0.06875,-0.9856529969
4500,-0.068125,-0.9920185181
4500,-0.0675,-0.9983258975
4500,-0.066875,-1.004575135
4500,-0.06625,-1.010766232
4500,-0.065625,-1.016899188
4500,-0.065,-1.022974002
4500,-0.064375,-1.028990677
4500,-0.06375,-1.034949211
4500,-0.063125,-1.040849605
4500,-0.0625,-1.046691859
4500,-0.061875,-1.052475973
4500,-0.06125,-1.058201949
4500,-0.060625,-1.063869785
4500,-0.06,-1.069479482
4500,-0.059375,-1.075031041
4500,-0.05875,-1.080524461
4500,-0.058125,-1.085959742
4500,-0.0575,-1.091336886
4500,-0.056875,-1.096655892
4500,-0.05625,-1.101916761
4500,-0.055625,-1.107119492
4500,-0.055,-1.112264086
4500,-0.054375,-1.117350543
4500,-0.05375,-1.122378863
4500,-0.053125,-1.127349046
4500,-0.0525,-1.132261094
4500,-0.051875,-1.137115005
4500,-0.05125,-1.14191078
4500,-0.050625,-1.146648419
4500,-0.05,-1.151327923
4500,-0.049375,-1.155949291
4500,-0.04875,-1.160512524
4500,-0.048125,-1.165017622
4500,-0.0475,-1.169464586
4500,-0.046875,-1.173853414
4500,-0.04625,-1.178184108
4500,-0.045625,-1.182456668
4500,-0.045,-1.186671094
4500,-0.044375,-1.190827385
4500,-0.04375,-1.194925543
4500,-0.043125,-1.198965567
4500,-0.0425,-1.202947458
4500,-0.041875,-1.206871215
4500,-0.04125,-1.210736839
4500,-0.040625,-1.21454433
4500,-0.04,-1.218293688
4500,-0.039375,-1.221984913
4500,-0.03875,-1.225618006
4500,-0.038125,-1.229192967
4500,-0.0375,-1.232709795
4500,-0.036875,-1.236168491
4500,-0.03625,-1.239569055
4500,-0.035625,-1.242911487
4500,-0.035,-1.246195787
4500,-0.034375,-1.249421956
4500,-0.03375,-1.252589993
4500,-0.033125,-1.255699899
4500,-0.0325,-1.258751673
4500,-0.031875,-1.261745317
4500,-0.03125,-1.264680829
4500,-0.030625,-1.267558211
4500,-0.03,-1.270377462
4500,-0.029375,-1.273138582
4500,-0.02875,-1.275841572
4500,-0.028125,-1.278486431
4500,-0.0275,-1.28107316
4500,-0.026875,-1.283601759
4500,-0.02625,-1.286072227
4500,-0.025625,-1.288484566
4500,-0.025,-1.290838775
4500,-0.024375,-1.293134853
4500,-0.02375,-1.295372802
4500,-0.023125,-1.297552622
4500,-0.0225,-1.299674312
4500,-0.021875,-1.301737872
4500,-0.02125,-1.303743303
4500,-0.020625,-1.305690605
4500,-0.02,-1.307579777
4500,-0.019375,-1.309410821
4500,-0.01875,-1.311183735
4500,-0.018125,-1.31289852
4500,-0.0175,-1.314555176
4500,-0.016875,-1.316153703
4500,-0.01625,-1.317694102
4500,-0.015625,-1.319176372
4500,-0.015,-1.320600513
4500,-0.014375,-1.321966525
4500,-0.01375,-1.323274409
4500,-0.013125,-1.324524164
4500,-0.0125,-1.325715791
4500,-0.011875,-1.326849289
4500,-0.01125,-1.327924659
4500,-0.010625,-1.328941901
4500,-0.01,-1.329901014
4500,-0.009375,-1.330801999
4500,-0.00875,-1.331644856
4500,-0.008125,-1.332429585
4500,-0.0075,-1.333156185
4500,-0.006875,-1.333824657
4500,-0.00625,-1.334435002
4500,-0.005625,-1.334987218
4500,-0.005,-1.335481306
4500,-0.004375,-1.335917266
4500,-0.00375,-1.336295098
4500,-0.003125,-1.336614802
4500,-0.0025,-1.336876377
4500,-0.001875,-1.337079825
4500,-0.00125,-1.337225145
4500,-0.000625,-1.337312337
4500,-8.54872e-15,-1.337341401
4500,0.000625,-1.337312337
4500,0.00125,-1.337225145
4500,0.001875,-1.337079825
4500,0.0025,-1.336876377
4500,0.003125,-1.336614802
4500,0.00375,-1.336295098
4500,0.004375,-1.335917266
4500,0.005,-1.335481306
4500,0.005625,-1.334987218
4500,0.00625,-1.334435002
4500,0.006875,-1.333824657
4500,0.0075,-1.333156185
4500,0.008125,-1.332429585
4500,0.00875,-1.331644856
4500,0.009375,-1.330801999
4500,0.01,-1.329901014
4500,0.010625,-1.328941901
4500,0.01125,-1.327924659
4500,0.011875,-1.326849289
4500,0.0125,-1.325715791
4500,0.013125,-1.324524164
4500,0.01375,-1.323274409
4500,0.014375,-1.321966525
4500,0.015,-1.320600513
4500,0.015625,-1.319176372
4500,0.01625,-1.317694102
4500,0.016875,-1.316153703
4500,0.0175,-1.314555176
4500,0.018125,-1.31289852
4500,0.01875,-1.311183735
4500,0.019375,-1.309410821
4500,0.02,-1.307579777
4500,0.020625,-1.305690605
4500,0.02125,-1.303743303
4500,0.021875,-1.301737872
4500,0.0225,-1.299674312
4500,0.023125,-1.297552622
4500,0.02375,-1.295372802
4500,0.024375,-1.293134853
4500,0.025,-1.290838775
4500,0.025625,-1.288484566
4500,0.02625,-1.286072227
4500,0.026875,-1.283601759
4500,0.0275,-1.28107316
4500,0.028125,-1.278486431
4500,0.02875,-1.275841572
4500,0.029375,-1.273138582
4500,0.03,-1.270377462
4500,0.030625,-1.267558211
4500,0.03125,-1.264680829
4500,0.031875,-1.261745317
4500,0.0325,-1.258751673
4500,0.033125,-1.255699899
4500,0.03375,-1.252589993
4500,0.034375,-1.249421956
4500,0.035,-1.246195787
4500,0.035625,-1.242911487
4500,0.03625,-1.239569055
4500,0.036875,-1.236168491
4500,0.0375,-1.232709795
4500,0.038125,-1.229192967
4500,0.03875,-1.225618006
4500,0.039375,-1.221984913
4500,0.04,-1.218293688
4500,0.040625,-1.21454433
4500,0.04125,-1.210736839
4500,0.041875,-1.206871215
4500,0.0425,-1.202947458
4500,0.043125,-1.198965567
4500,0.04375,-1.194925543
4500,0.044375,-1.190827385
4500,0.045,-1.186671094
4500,0.045625,-1.182456668
4500,0.04625,-1.178184108
4500,0.046875,-1.173853414
4500,0.0475,-1.169464586
4500,0.048125,-1.165017622
4500,0.04875,-1.160512524
4500,0.049375,-1.155949291
4500,0.05,-1.151327923
4500,0.050625,-1.146648419
4500,0.05125,-1.14191078
4500,0.051875,-1.137115005
4500,0.0525,-1.132261094
4500,0.053125,-1.127349046
4500,0.05375,-1.122378863
4500,0.054375,-1.117350543
4500,0.055,-1.112264086
4500,0.055625,-1.107119492
4500,0.05625,-1.101916761
4500,0.056875,-1.096655892
4500,0.0575,-1.091336886
4500,0.058125,-1.085959742
4500,0.05875,-1.080524461
4500,0.059375,-1.075031041
4500,0.06,-1.069479482
4500,0.060625,-1.063869785
4500,0.06125,-1.058201949
4500,0.061875,-1.052475973
4500,0.0625,-1.046691859
4500,0.063125,-1.040849605
4500,0.06375,-1.034949211
4500,0.064375,-1.028990677
4500,0.065,-1.022974002
4500,0.065625,-1.016899188
4500,0.06625,-1.010766232
4500,0.066875,-1.004575135
4500,0.0675,-0.9983258975
4500,0.068125,-0.9920185181
4500,0.06875,-0.9856529969
4500,0.069375,-0.9792293337
4500,0.07,-0.9727475282
4500,0.070625,-0.9662075802
4500,0.07125,-0.9596094894
4500,0.071875,-0.9529532556
4500,0.0725,-0.9462388784
4500,0.073125,-0.9394663576
4500,0.07375,-0.9326356929
4500,0.074375,-0.9257468841
4500,0.075,-0.9187999309
4500,0.075625,-0.911794833
4500,0.07625,-0.9047315901
4500,0.076875,-0.897610202
4500,0.0775,-0.8904306683
4500,0.078125,-0.8831929888
4500,0.07875,-0.8758971632
4500,0.079375,-0.8685431912
4500,0.08,-0.8611310725
4500,0.080625,-0.8536608068
4500,0.08125,-0.8461323938
4500,0.081875,-0.8385458332
4500,0.0825,-0.8309011247
4500,0.083125,-0.823198268
4500,0.08375,-0.8154372627
4500,0.084375,-0.8076181087
4500,0.085,-0.7997408055
4500,0.085625,-0.7918053529
4500,0.08625,-0.7838117505
4500,0.086875,-0.7757599981
4500,0.0875,-0.7676500952
4500,0.088125,-0.7594820416
4500,0.08875,-0.7512558369
4500,0.089375,-0.7429714809
4500,0.09,-0.7346289731
4500,0.090625,-0.7262283133
4500,0.09125,-0.7177695011
4500,0.091875,-0.7092525362
4500,0.0925,-0.7006774182
4500,0.093125,-0.6920441468
4500,0.09375,-0.6833527216
4500,0.094375,-0.6746031424
4500,0.095,-0.6657954087
4500,0.095625,-0.6569295202
4500,0.09625,-0.6480054765
4500,0.096875,-0.6390232774
4500,0.0975,-0.6299829223
4500,0.098125,-0.6208844111
4500,0.09875,-0.6117277434
4500,0.099375,-0.602512866
4500,0.1,-0.5932488795
4500,0.100625,-0.5839744354
4500,0.10125,-0.5746422448
4500,0.101875,-0.5652900475
4500,0.1025,-0.5559032608
4500,0.103125,-0.5464693569
4500,0.10375,-0.5370324723
4500,0.104375,-0.5275385578
4500,0.105,-0.5180407713
4500,0.105625,-0.5085022147
4500,0.10625,-0.4989397508
4500,0.106875,-0.4893617198
4500,0.1075,-0.4797417814
4500,0.108125,-0.4701297992
4500,0.10875,-0.460462001
4500,0.109375,-0.4508201589
4500,0.11,-0.441124821
4500,0.110625,-0.4314477756
4500,0.11125,-0.4217310642
4500,0.111875,-0.4120285143
4500,0.1125,-0.4022970297
4500,0.113125,-0.3925795362
4500,0.11375,-0.3828402688
4500,0.114375,-0.3731193227
4500,0.115,-0.3633796758
4500,0.115625,-0.3536677713
4500,0.11625,-0.3439355849
4500,0.116875,-0.3342462982
4500,0.1175,-0.3245298741
4500,0.118125,-0.3148779201
4500,0.11875,-0.3051950289
4500,0.119375,-0.2955874753
4500,0.12,-0.2859663666
4500,0.120625,-0.2764017774
4500,0.12125,-0.2668607248
4500,0.121875,-0.2573494934
4500,0.1225,-0.2479083348
4500,0.123125,-0.238465267
4500,0.12375,-0.2291416283
4500,0.124375,-0.2198322207
4500,0.125,-0.2105960049
4500,0.125625,-0.2014447231
4500,0.12625,-0.1923196186
4500,0.126875,-0.1833423561
4500,0.1275,-0.1744178096
4500,0.128125,-0.1655682395
4500,0.12875,-0.1568744397
4500,0.129375,-0.1482444759
4500,0.13,-0.1397382596
4500,0.130625,-0.1313921139
4500,0.13125,-0.1231358349
4500,0.131875,-0.1150367837
4500,0.1325,-0.1071252761
4500,0.133125,-0.09933469968
4500,0.13375,-0.09171407208
4500,0.134375,-0.08433825402
4500,0.135,-0.07712027041
4500,0.135625,-0.07007030941
4500,0.13625,-0.06333483127
4500,0.136875,-0.05681345545
4500,0.1375,-0.05050641242
4500,0.138125,-0.04446417835
4500,0.13875,-0.03878319509
4500,0.139375,-0.03337119826
4500,0.14,-0.02824516525
4500,0.140625,-0.02345326938
4500,0.14125,-0.01911252781
4500,0.141875,-0.01512596924
4500,0.1425,-0.01151579403
4500,0.143125,-0.008305643274
4500,0.14375,-0.005613965334
4500,0.144375,-0.00344408144
4500,0.145,-0.001764363896
4500,0.145625,-0.000605459267
4500,0.14625,0
4500,0.146875,0
4500,0.1475,0
4500,0.148125,0
4500,0.14875,0
4500,0.149375,0
4500,0.15,0
4500,0.150625,0
4500,0.15125,0
4500,0.151875,0
4500,0.1525,0
4500,0.153125,0
4500,0.15375,0
4500,0.154375,0
4500,0.155,0
4500,0.155625,0
4500,0.15625,0
4500,0.156875,0
4500,0.1575,0
4500,0.158125,0
4500,0.15875,0
4500,0.159375,0
4500,0.16,0
4500,0.160625,0
4500,0.16125,0
4500,0.161875,0
4500,0.1625,0
4500,0.163125,0
4500,0.16375,0
4500,0.164375,0
4500,0.165,0
4500,0.165625,0
4500,0.16625,0
4500,0.166875,0
4500,0.1675,0
4500,0.168125,0
4500,0.16875,0
4500,0.169375,0
4500,0.17,0
4500,0.170625,0
4500,0.17125,0
4500,0.171875,0
4500,0.1725,0
4500,0.173125,0
4500,0.17375,0
4500,0.174375,0
4500,0.175,0
4500,0.175625,0
4500,0.17625,0
4500,0.176875,0
4500,0.1775,0
4500,0.178125,0
4500,0.17875,0
4500,0.179375,0
4500,0.18,0
4500,0.180625,0
4500,0.18125,0
4500,0.181875,0
4500,0.1825,0
4500,0.183125,0
4500,0.18375,0
4500,0.184375,0
4500,0.185,0
4500,0.185625,0
4500,0.18625,0
4500,0.186875,0
4500,0.1875,0
4500,0.188125,0
4500,0.18875,0
4500,0.189375,0
4500,0.19,0
4500,0.190625,0
4500,0.19125,0
4500,0.191875,0
4500,0.1925,0
4500,0.193125,0
4500,0.19375,0
4500,0.194375,0
4500,0.195,0
4500,0.195625,0
4500,0.19625,0
4500,0.196875,0
4500,0.1975,0
4500,0.198125,0
4500,0.19875,0
4500,0.199375,0
4500,0.2,0
4500,0.200625,0
4500,0.20125,0
4500,0.201875,0
4500,0.2025,0
4500,0.203125,0
4500,0.20375,0
4500,0.204375,0
4500,0.205,0
4500,0.205625,0
4500,0.20625,0
4500,0.206875,0
4500,0.2075,0
4500,0.208125,0
4500,0.20875,0
4500,0.209375,0
4500,0.21,0
4500,0.210625,0
4500,0.21125,0
4500,0.211875,0
4500,0.2125,0
4500,0.213125,0
4500,0.21375,0
4500,0.214375,0
4500,0.215,0
4500,0.215625,0
4500,0.21625,0
4500,0.216875,0
4500,0.2175,0
4500,0.218125,0
4500,0.21875,0
4500,0.219375,0
4500,0.22,0
4500,0.220625,0
4500,0.22125,0
4500,0.221875,0
4500,0.2225,0
4500,0.223125,0
4500,0.22375,0
4500,0.224375,0
4500,0.225,0
4500,0.225625,0
4500,0.22625,0
4500,0.226875,0
4500,0.2275,0
4500,0.228125,0
4500,0.22875,0
4500,0.229375,0
4500,0.23,0
4500,0.230625,0
4500,0.23125,0
4500,0.231875,0
4500,0.2325,0
4500,0.233125,0
4500,0.23375,0
4500,0.234375,0
4500,0.235,0
4500,0.235625,0
4500,0.23625,0
4500,0.236875,0
4500,0.2375,0
4500,0.238125,0
4500,0.23875,0
4500,0.239375,0
4500,0.24,0
4500,0.240625,0
4500,0.24125,0
4500,0.241875,0
4500,0.2425,0
4500,0.243125,0
4500,0.24375,0
4500,0.244375,0
4500,0.245,0
4500,0.245625,0
4500,0.24625,0
4500,0.246875,0
4500,0.2475,0
4500,0.248125,0
4500,0.24875,0
4500,0.249375,0
4500,0.25,0
4500,0.250625,0
4500,0.25125,0
4500,0.251875,0
4500,0.2525,0
4500,0.253125,0
4500,0.25375,0
4500,0.254375,0
4500,0.255,0
4500,0.255625,0
4500,0.25625,0
4500,0.256875,0
4500,0.2575,0
4500,0.258125,0
4500,0.25875,0
4500,0.259375,0
4500,0.26,0
4500,0.260625,0
4500,0.26125,0
4500,0.261875,0
4500,0.2625,0
4500,0.263125,0
4500,0.26375,0
4500,0.264375,0
4500,0.265,0
4500,0.265625,0
4500,0.26625,0
4500,0.266875,0
4500,0.2675,0
4500,0.268125,0
4500,0.26875,0
4500,0.269375,0
4500,0.27,0
4500,0.270625,0
4500,0.27125,0
4500,0.271875,0
4500,0.2725,0
4500,0.273125,0
4500,0.27375,0
4500,0.274375,0
4500,0.275,0
4500,0.275625,0
4500,0.27625,0
4500,0.276875,0
4500,0.2775,0
4500,0.278125,0
4500,0.27875,0
4500,0.279375,0
4500,0.28,0
4500,0.280625,0
4500,0.28125,0
4500,0.281875,0
4500,0.2825,0
4500,0.283125,0
4500,0.28375,0
4500,0.284375,0
4500,0.285,0
4500,0.285625,0
4500,0.28625,0
4500,0.286875,0
4500,0.2875,0
4500,0.288125,0
4500,0.28875,0
4500,0.289375,0
4500,0.29,0
4500,0.290625,0
4500,0.29125,0
4500,0.291875,0
4500,0.2925,0
4500,0.293125,0
4500,0.29375,0
4500,0.294375,0
4500,0.295,0
4500,0.295625,0
4500,0.29625,0
4500,0.296875,0
4500,0.2975,0
4500,0.298125,0
4500,0.29875,0
4500,0.299375,0
4500,0.3,0
4500,0.300625,0
4500,0.30125,0
4500,0.301875,0
4500,0.3025,0
4500,0.303125,0
4500,0.30375,0
4500,0.304375,0
4500,0.305,0
4500,0.305625,0
4500,0.30625,0
4500,0.306875,0
4500,0.3075,0
4500,0.308125,0
4500,0.30875,0
4500,0.309375,0
4500,0.31,0
4500,0.310625,0
4500,0.31125,0
4500,0.311875,0
4500,0.3125,0
4500,0.313125,0
4500,0.31375,0
4500,0.314375,0
4500,0.315,0
4500,0.315625,0
4500,0.31625,0
4500,0.316875,0
4500,0.3175,0
4500,0.318125,0
4500,0.31875,0
4500,0.319375,0
4500,0.32,0
4500,0.320625,0
4500,0.32125,0
4500,0.321875,0
4500,0.3225,0
4500,0.323125,0
4500,0.32375,0
4500,0.324375,0
4500,0.325,0
4500,0.325625,0
4500,0.32625,0
4500,0.326875,0
4500,0.3275,0
4500,0.328125,0
4500,0.32875,0
4500,0.329375,0
4500,0.33,0
4500,0.330625,0
4500,0.33125,0
4500,0.331875,0
4500,0.3325,0
4500,0.333125,0
4500,0.33375,0
4500,0.334375,0
4500,0.335,0
4500,0.335625,0
4500,0.33625,0
4500,0.336875,0
4500,0.3375,0
4500,0.338125,0
4500,0.33875,0
4500,0.339375,0
4500,0.34,0
4500,0.340625,0
4500,0.34125,0
4500,0.341875,0
4500,0.3425,0
4500,0.343125,0
4500,0.34375,0
4500,0.344375,0
4500,0.345,0
4500,0.345625,0
4500,0.34625,0
4500,0.346875,0
4500,0.3475,0
4500,0.348125,0
4500,0.34875,0
4500,0.349375,0
4500,0.35,0
4500,0.350625,0
4500,0.35125,0
4500,0.351875,0
4500,0.3525,0
4500,0.353125,0
4500,0.35375,0
4500,0.354375,0
4500,0.355,0
4500,0.355625,0
4500,0.35625,0
4500,0.356875,0
4500,0.3575,0
4500,0.358125,0
4500,0.35875,0
4500,0.359375,0
4500,0.36,0
4500,0.360625,0
4500,0.36125,0
4500,0.361875,0
4500,0.3625,0
4500,0.363125,0
4500,0.36375,0
4500,0.364375,0
4500,0.365,0
4500,0.365625,0
4500,0.36625,0
4500,0.366875,0
4500,0.3675,0
4500,0.368125,0
4500,0.36875,0
4500,0.369375,0
4500,0.37,0
4500,0.370625,0
4500,0.37125,0
4500,0.371875,0
4500,0.3725,0
4500,0.373125,0
4500,0.37375,0
4500,0.374375,0
4500,0.375,0
4500,0.375625,0
4500,0.37625,0
4500,0.376875,0
4500,0.3775,0
4500,0.378125,0
4500,0.37875,0
4500,0.379375,0
4500,0.38,0
4500,0.380625,0
4500,0.38125,0
4500,0.381875,0
4500,0.3825,0
4500,0.383125,0
4500,0.38375,0
4500,0.384375,0
4500,0.385,0
4500,0.385625,0
4500,0.38625,0
4500,0.386875,0
4500,0.3875,0
4500,0.388125,0
4500,0.38875,0
4500,0.389375,0
4500,0.39,0
4500,0.390625,0
4500,0.39125,0
4500,0.391875,0
4500,0.3925,0
4500,0.393125,0
4500,0.39375,0
4500,0.394375,0
4500,0.395,0
4500,0.395625,0
4500,0.39625,0
4500,0.396875,0
4500,0.3975,0
4500,0.398125,0
4500,0.39875,0
4500,0.399375,0
4500,0.4,0
9000,-0.4,0
9000,-0.399375,0
9000,-0.39875,0
9000,-0.398125,0
9000,-0.3975,0
9000,-0.396875,0
9000,-0.39625,0
9000,-0.395625,0
9000,-0.395,0
9000,-0.394375,0
9000,-0.39375,0
9000,-0.393125,0
9000,-0.3925,0
9000,-0.391875,0
9000,-0.39125,0
9000,-0.390625,0
9000,-0.39,0
9000,-0.389375,0
9000,-0.38875,0
9000,-0.388125,0
9000,-0.3875,0
9000,-0.386875,0
9000,-0.38625,0
9000,-0.385625,0
9000,-0.385,0
9000,-0.384375,0
9000,-0.38375,0
9000,-0.383125,0
9000,-0.3825,0
9000,-0.381875,0
9000,-0.38125,0
9000,-0.380625,0
9000,-0.38,0
9000,-0.379375,0
9000,-0.37875,0
9000,-0.378125,0
9000,-0.3775,0
9000,-0.376875,0
9000,-0.37625,0
9000,-0.375625,0
9000,-0.375,0
9000,-0.374375,0
9000,-0.37375,0
9000,-0.373125,0
9000,-0.3725,0
9000,-0.371875,0
9000,-0.37125,0
9000,-0.370625,0
9000,-0.37,0
9000,-0.369375,0
9000,-0.36875,0
9000,-0.368125,0
9000,-0.3675,0
9000,-0.366875,0
9000,-0.36625,0
9000,-0.365625,0
9000,-0.365,0
9000,-0.364375,0
9000,-0.36375,0
9000,-0.363125,0
9000,-0.3625,0
9000,-0.361875,0
9000,-0.36125,0
9000,-0.360625,0
9000,-0.36,0
9000,-0.359375,0
9000,-0.35875,0
9000,-0.358125,0
9000,-0.3575,0
9000,-0.356875,0
9000,-0.35625,0
9000,-0.355625,0
9000,-0.355,0
9000,-0.354375,0
9000,-0.35375,0
9000,-0.353125,0
9000,-0.3525,0
9000,-0.351875,0
9000,-0.35125,0
9000,-0.350625,0
9000,-0.35,0
9000,-0.349375,0
9000,-0.34875,0
9000,-0.348125,0
9000,-0.3475,0
9000,-0.346875,0
9000,-0.34625,0
9000,-0.345625,0
9000,-0.345,0
9000,-0.344375,0
9000,-0.34375,0
9000,-0.343125,0
9000,-0.3425,0
9000,-0.341875,0
9000,-0.34125,0
9000,-0.340625,0
9000,-0.34,0
9000,-0.339375,0
9000,-0.33875,0
9000,-0.338125,0
9000,-0.3375,0
9000,-0.336875,0
9000,-0.33625,0
9000,-0.335625,0
9000,-0.335,0
9000,-0.334375,0
9000,-0.33375,0
9000,-0.333125,0
9000,-0.3325,0
9000,-0.331875,0
9000,-0.33125,0
9000,-0.330625,0
9000,-0.33,0
9000,-0.329375,0
9000,-0.32875,0
9000,-0.328125,0
9000,-0.3275,0
9000,-0.326875,0
9000,-0.32625,0
9000,-0.325625,0
9000,-0.325,0
9000,-0.324375,0
9000,-0.32375,0
9000,-0.323125,0
9000,-0.3225,0
9000,-0.321875,0
9000,-0.32125,0
9000,-0.320625,0
9000,-0.32,0
9000,-0.319375,0
9000,-0.31875,0
9000,-0.318125,0
9000,-0.3175,0
9000,-0.316875,0
9000,-0.31625,0
9000,-0.315625,0
9000,-0.315,0
9000,-0.314375,0
9000,-0.31375,0
9000,-0.313125,0
9000,-0.3125,0
9000,-0.311875,0
9000,-0.31125,0
9000,-0.310625,0
9000,-0.31,0
9000,-0.309375,0
9000,-0.30875,0
9000,-0.308125,0
9000,-0.3075,0
9000,-0.306875,0
9000,-0.30625,0
9000,-0.305625,0
9000,-0.305,0
9000,-0.304375,0
9000,-0.30375,0
9000,-0.303125,0
9000,-0.3025,0
9000,-0.301875,0
9000,-0.30125,0
9000,-0.300625,0
9000,-0.3,0
9000,-0.299375,0
9000,-0.29875,0
9000,-0.298125,0
9000,-0.2975,0
9000,-0.296875,0
9000,-0.29625,0
9000,-0.295625,0
9000,-0.295,0
9000,-0.294375,0
9000,-0.29375,0
9000,-0.293125,0
9000,-0.2925,0
9000,-0.291875,0
9000,-0.29125,0
9000,-0.290625,0
9000,-0.29,0
9000,-0.289375,0
9000,-0.28875,0
9000,-0.288125,0
9000,-0.2875,0
9000,-0.286875,0
9000,-0.28625,0
9000,-0.285625,0
9000,-0.285,0
9000,-0.284375,0
9000,-0.28375,0
9000,-0.283125,0
9000,-0.2825,0
9000,-0.281875,0
9000,-0.28125,0
9000,-0.280625,0
9000,-0.28,0
9000,-0.279375,0
9000,-0.27875,0
9000,-0.278125,0
9000,-0.2775,0
9000,-0.276875,0
9000,-0.27625,0
9000,-0.275625,0
9000,-0.275,0
9000,-0.274375,0
9000,-0.27375,0
9000,-0.273125,0
9000,-0.2725,0
9000,-0.271875,0
9000,-0.27125,0
9000,-0.270625,0
9000,-0.27,0
9000,-0.269375,0
9000,-0.26875,0
9000,-0.268125,0
9000,-0.2675,0
9000,-0.266875,0
9000,-0.26625,0
9000,-0.265625,0
9000,-0.265,0
9000,-0.264375,0
9000,-0.26375,0
9000,-0.263125,0
9000,-0.2625,0
9000,-0.261875,0
9000,-0.26125,0
9000,-0.260625,0
9000,-0.26,0
9000,-0.259375,0
9000,-0.25875,0
9000,-0.258125,0
9000,-0.2575,0
9000,-0.256875,0
9000,-0.25625,0
9000,-0.255625,0
9000,-0.255,0
9000,-0.254375,0
9000,-0.25375,0
9000,-0.253125,0
9000,-0.2525,0
9000,-0.251875,0
9000,-0.25125,0
9000,-0.250625,0
9000,-0.25,0
9000,-0.249375,0
9000,-0.24875,0
9000,-0.248125,0
9000,-0.2475,0
9000,-0.246875,0
9000,-0.24625,0
9000,-0.245625,0
9000,-0.245,0
9000,-0.244375,0
9000,-0.24375,0
9000,-0.243125,0
9000,-0.2425,0
9000,-0.241875,0
9000,-0.24125,0
9000,-0.240625,0
9000,-0.24,0
9000,-0.239375,0
9000,-0.23875,0
9000,-0.238125,0
9000,-0.2375,0
9000,-0.236875,0
9000,-0.23625,0
9000,-0.235625,0
9000,-0.235,0
9000,-0.234375,0
9000,-0.23375,0
9000,-0.233125,0
9000,-0.2325,0
9000,-0.231875,0
9000,-0.23125,0
9000,-0.230625,0
9000,-0.23,0
9000,-0.229375,0
9000,-0.22875,0
9000,-0.228125,0
9000,-0.2275,0
9000,-0.226875,0
9000,-0.22625,0
9000,-0.225625,0
9000,-0.225,0
9000,-0.224375,0
9000,-0.22375,0
9000,-0.223125,0
9000,-0.2225,0
9000,-0.221875,0
9000,-0.22125,0
9000,-0.220625,0
9000,-0.22,0
9000,-0.219375,0
9000,-0.21875,0
9000,-0.218125,0
9000,-0.2175,0
9000,-0.216875,0
9000,-0.21625,0
9000,-0.215625,0
9000,-0.215,0
9000,-0.214375,0
9000,-0.21375,0
9000,-0.213125,0
9000,-0.2125,0
9000,-0.211875,0
9000,-0.21125,0
9000,-0.210625,0
9000,-0.21,0
9000,-0.209375,0
9000,-0.20875,0
9000,-0.208125,0
9000,-0.2075,0
9000,-0.206875,0
9000,-0.20625,0
9000,-0.205625,0
9000,-0.205,0
9000,-0.204375,0
9000,-0.20375,0
9000,-0.203125,0
9000,-0.2025,0
9000,-0.201875,0
9000,-0.20125,0
9000,-0.200625,0
9000,-0.2,0
9000,-0.199375,0
9000,-0.19875,0
9000,-0.198125,0
9000,-0.1975,0
9000,-0.196875,0
9000,-0.19625,0
9000,-0.195625,0
9000,-0.195,0
9000,-0.194375,0
9000,-0.19375,0
9000,-0.193125,0
9000,-0.1925,0
9000,-0.191875,0
9000,-0.19125,0
9000,-0.190625,0
9000,-0.19,0
9000,-0.189375,0
9000,-0.18875,0
9000,-0.188125,0
9000,-0.1875,0
9000,-0.186875,0
9000,-0.18625,0
9000,-0.185625,0
9000,-0.185,0
9000,-0.184375,0
9000,-0.18375,0
9000,-0.183125,0
9000,-0.1825,0
9000,-0.181875,0
9000,-0.18125,0
9000,-0.180625,0
9000,-0.18,0
9000,-0.179375,0
9000,-0.17875,0
9000,-0.178125,0
9000,-0.1775,0
9000,-0.176875,0
9000,-0.17625,0
9000,-0.175625,0
9000,-0.175,0
9000,-0.174375,0
9000,-0.17375,-0.0007407677471
9000,-0.173125,-0.002552733043
9000,-0.1725,-0.005252468633
9000,-0.171875,-0.008776461288
9000,-0.17125,-0.01307020486
9000,-0.170625,-0.01808256711
9000,-0.17,-0.02376558221
9000,-0.169375,-0.03007426452
9000,-0.16875,-0.03701616249
9000,-0.168125,-0.04449533027
9000,-0.1675,-0.05247359085
9000,-0.166875,-0.06091689822
9000,-0.16625,-0.06979330506
9000,-0.165625,-0.07907283424
9000,-0.165,-0.08872735791
9000,-0.164375,-0.09873048379
9000,-0.16375,-0.1090574484
9000,-0.163125,-0.1196850167
9000,-0.1625,-0.1305913882
9000,-0.161875,-0.1417561079
9000,-0.16125,-0.1531599839
9000,-0.160625,-0.1647850089
9000,-0.16,-0.176614287
9000,-0.159375,-0.188631965
9000,-0.15875,-0.2008231678
9000,-0.158125,-0.2131739376
9000,-0.1575,-0.2256711771
9000,-0.156875,-0.2383025959
9000,-0.15625,-0.2510566607
9000,-0.155625,-0.2639225475
9000,-0.155,-0.2768900981
9000,-0.154375,-0.2899497784
9000,-0.15375,-0.3030926393
9000,-0.153125,-0.3163102802
9000,-0.1525,-0.3295948152
9000,-0.151875,-0.3429388546
9000,-0.15125,-0.3563385099
9000,-0.150625,-0.3697952844
9000,-0.15,-0.383291425
9000,-0.149375,-0.3968211972
9000,-0.14875,-0.4103791647
9000,-0.148125,-0.4239602241
9000,-0.1475,-0.4375595841
9000,-0.146875,-0.4511728336
9000,-0.14625,-0.4648096353
9000,-0.145625,-0.4784529724
9000,-0.145,-0.4920973563
9000,-0.144375,-0.5057393043
9000,-0.14375,-0.5193755823
9000,-0.143125,-0.533009599
9000,-0.1425,-0.5466408747
9000,-0.141875,-0.5602567023
9000,-0.14125,-0.5738546273
9000,-0.140625,-0.5874323775
9000,-0.14,-0.6010002528
9000,-0.139375,-0.6145455877
9000,-0.13875,-0.6280633119
9000,-0.138125,-0.6415517396
9000,-0.1375,-0.6550206745
9000,-0.136875,-0.6684596483
9000,-0.13625,-0.6818633491
9000,-0.135625,-0.6952319038
9000,-0.135,-0.7085759116
9000,-0.134375,-0.7218795748
9000,-0.13375,-0.7351420454
9000,-0.133125,-0.7483725677
9000,-0.1325,-0.7615629805
9000,-0.131875,-0.7747081877
9000,-0.13125,-0.7878153415
9000,-0.130625,-0.8008810487
9000,-0.13,-0.8138982084
9000,-0.129375,-0.8268743714
9000,-0.12875,-0.8398055027
9000,-0.128125,-0.8526853331
9000,-0.1275,-0.8655236815
9000,-0.126875,-0.8783117673
9000,-0.12625,-0.8910474099
9000,-0.125625,-0.9037406789
9000,-0.125,-0.9163785066
9000,-0.124375,-0.9289673119
9000,-0.12375,-0.9415057003
9000,-0.123125,-0.9539874967
9000,-0.1225,-0.9664238909
9000,-0.121875,-0.9788018531
9000,-0.12125,-0.9911291863
9000,-0.120625,-1.003401488
9000,-0.12,-1.015618174
9000,-0.119375,-1.027782699
9000,-0.11875,-1.039887627
9000,-0.118125,-1.051942434
9000,-0.1175,-1.063935748
9000,-0.116875,-1.075877804
9000,-0.11625,-1.087758762
9000,-0.115625,-1.099586156
9000,-0.115,-1.111353196
9000,-0.114375,-1.123065043
9000,-0.11375,-1.134716712
9000,-0.113125,-1.146312175
9000,-0.1125,-1.157847138
9000,-0.111875,-1.169325428
9000,-0.11125,-1.180742457
9000,-0.110625,-1.192102827
9000,-0.11,-1.203400794
9000,-0.109375,-1.214642541
9000,-0.10875,-1.225820408
9000,-0.108125,-1.236942891
9000,-0.1075,-1.248001217
9000,-0.106875,-1.25900225
9000,-0.10625,-1.26994061
9000,-0.105625,-1.280819164
9000,-0.105,-1.291636971
9000,-0.104375,-1.302392278
9000,-0.10375,-1.313088993
9000,-0.103125,-1.323721445
9000,-0.1025,-1.334295432
9000,-0.101875,-1.344806181
9000,-0.10125,-1.355255101
9000,-0.100625,-1.365643697
9000,-0.1,-1.375967964
9000,-0.099375,-1.386232966
9000,-0.09875,-1.396434501
9000,-0.098125,-1.406571639
9000,-0.0975,-1.416644396
9000,-0.096875,-1.426652773
9000,-0.09625,-1.436596768
9000,-0.095625,-1.446476384
9000,-0.095,-1.45629162
9000,-0.094375,-1.466042476
9000,-0.09375,-1.475728954
9000,-0.093125,-1.485351052
9000,-0.0925,-1.494908773
9000,-0.091875,-1.504402115
9000,-0.09125,-1.513831079
9000,-0.090625,-1.523195666
9000,-0.09,-1.532495876
9000,-0.089375,-1.541731709
9000,-0.08875,-1.550903166
9000,-0.088125,-1.560010247
9000,-0.0875,-1.569052951
9000,-0.086875,-1.578031281
9000,-0.08625,-1.586945235
9000,-0.085625,-1.595794814
9000,-0.085,-1.604580019
9000,-0.084375,-1.613300849
9000,-0.08375,-1.621957305
9000,-0.083125,-1.630549388
9000,-0.0825,-1.639077098
9000,-0.081875,-1.647540434
9000,-0.08125,-1.655939398
9000,-0.080625,-1.664273989
9000,-0.08,-1.672544208
9000,-0.079375,-1.680750055
9000,-0.07875,-1.688891531
9000,-0.078125,-1.696968635
9000,-0.0775,-1.704981368
9000,-0.076875,-1.712929731
9000,-0.07625,-1.720813723
9000,-0.075625,-1.728633344
9000,-0.075,-1.736388596
9000,-0.074375,-1.744079478
9000,-0.07375,-1.751705991
9000,-0.073125,-1.759268135
9000,-0.0725,-1.76676591
9000,-0.071875,-1.774199316
9000,-0.07125,-1.781568354
9000,-0.070625,-1.788873023
9000,-0.07,-1.796113325
9000,-0.069375,-1.80328926
9000,-0.06875,-1.810400827
9000,-0.068125,-1.817448027
9000,-0.0675,-1.82443086
9000,-0.066875,-1.831349327
9000,-0.06625,-1.838203427
9000,-0.065625,-1.844993161
9000,-0.065,-1.851718529
9000,-0.064375,-1.858379532
9000,-0.06375,-1.864976169
9000,-0.063125,-1.871508441
9000,-0.0625,-1.877976348
9000,-0.061875,-1.88437989
9000,-0.06125,-1.890719068
9000,-0.060625,-1.896993881
9000,-0.06,-1.903204331
9000,-0.059375,-1.909350417
9000,-0.05875,-1.915432139
9000,-0.058125,-1.921449497
9000,-0.0575,-1.927402493
9000,-0.056875,-1.933291125
9000,-0.05625,-1.939115395
9000,-0.055625,-1.944875302
9000,-0.055,-1.950570846
9000,-0.054375,-1.956202029
9000,-0.05375,-1.961768849
9000,-0.053125,-1.967271308
9000,-0.0525,-1.972709405
9000,-0.051875,-1.97808314
9000,-0.05125,-1.983392515
9000,-0.050625,-1.988637528
9000,-0.05,-1.99381818
9000,-0.049375,-1.998934472
9000,-0.04875,-2.003986403
9000,-0.048125,-2.008973974
9000,-0.0475,-2.013897185
9000,-0.046875,-2.018756036
9000,-0.04625,-2.023550527
9000,-0.045625,-2.028280658
9000,-0.045,-2.03294643
9000,-0.044375,-2.037547842
9000,-0.04375,-2.042084896
9000,-0.043125,-2.04655759
9000,-0.0425,-2.050965925
9000,-0.041875,-2.055309902
9000,-0.04125,-2.05958952
9000,-0.040625,-2.06380478
9000,-0.04,-2.067955682
9000,-0.039375,-2.072042225
9000,-0.03875,-2.076064411
9000,-0.038125,-2.080022239
9000,-0.0375,-2.083915709
9000,-0.036875,-2.087744821
9000,-0.03625,-2.091509576
9000,-0.035625,-2.095209974
9000,-0.035,-2.098846015
9000,-0.034375,-2.102417698
9000,-0.03375,-2.105925025
9000,-0.033125,-2.109367995
9000,-0.0325,-2.112746608
9000,-0.031875,-2.116060865
9000,-0.03125,-2.119310765
9000,-0.030625,-2.122496309
9000,-0.03,-2.125617497
9000,-0.029375,-2.128674329
9000,-0.02875,-2.131666805
9000,-0.028125,-2.134594924
9000,-0.0275,-2.137458688
9000,-0.026875,-2.140258097
9000,-0.02625,-2.14299315
9000,-0.025625,-2.145663847
9000,-0.025,-2.148270189
9000,-0.024375,-2.150812176
9000,-0.02375,-2.153289807
9000,-0.023125,-2.155703083
9000,-0.0225,-2.158052004
9000,-0.021875,-2.160336571
9000,-0.02125,-2.162556782
9000,-0.020625,-2.164712639
9000,-0.02,-2.166804141
9000,-0.019375,-2.168831288
9000,-0.01875,-2.17079408
9000,-0.018125,-2.172692518
9000,-0.0175,-2.174526602
9000,-0.016875,-2.176296331
9000,-0.01625,-2.178001706
9000,-0.015625,-2.179642727
9000,-0.015,-2.181219393
9000,-0.014375,-2.182731706
9000,-0.01375,-2.184179664
9000,-0.013125,-2.185563268
9000,-0.0125,-2.186882518
9000,-0.011875,-2.188137414
9000,-0.01125,-2.189327957
9000,-0.010625,-2.190454145
9000,-0.01,-2.19151598
9000,-0.009375,-2.19251346
9000,-0.00875,-2.193446587
9000,-0.008125,-2.194315361
9000,-0.0075,-2.19511978
9000,-0.006875,-2.195859846
9000,-0.00625,-2.196535559
9000,-0.005625,-2.197146917
9000,-0.005,-2.197693922
9000,-0.004375,-2.198176574
9000,-0.00375,-2.198594872
9000,-0.003125,-2.198948816
9000,-0.0025,-2.199238407
9000,-0.001875,-2.199463644
9000,-0.00125,-2.199624528
9000,-0.000625,-2.199721058
9000,-8.54872e-15,-2.199753235
9000,0.000625,-2.199721058
9000,0.00125,-2.199624528
9000,0.001875,-2.199463644
9000,0.0025,-2.199238407
9000,0.003125,-2.198948816
9000,0.00375,-2.198594872
9000,0.004375,-2.198176574
9000,0.005,-2.197693922
9000,0.005625,-2.197146917
9000,0.00625,-2.196535559
9000,0.006875,-2.195859846
9000,0.0075,-2.19511978
9000,0.008125,-2.194315361
9000,0.00875,-2.193446587
9000,0.009375,-2.19251346
9000,0.01,-2.19151598
9000,0.010625,-2.190454145
9000,0.01125,-2.189327957
9000,0.011875,-2.188137414
9000,0.0125,-2.186882518
9000,0.013125,-2.185563268
9000,0.01375,-2.184179664
9000,0.014375,-2.182731706
9000,0.015,-2.181219393
9000,0.015625,-2.179642727
9000,0.01625,-2.178001706
9000,0.016875,-2.176296331
9000,0.0175,-2.174526602
9000,0.018125,-2.172692518
9000,0.01875,-2.17079408
9000,0.019375,-2.168831288
9000,0.02,-2.166804141
9000,0.020625,-2.164712639
9000,0.02125,-2.162556782
9000,0.021875,-2.160336571
9000,0.0225,-2.158052004
9000,0.023125,-2.155703083
9000,0.02375,-2.153289807
9000,0.024375,-2.150812176
9000,0.025,-2.148270189
9000,0.025625,-2.145663847
9000,0.02625,-2.14299315
9000,0.026875,-2.140258097
9000,0.0275,-2.137458688
9000,0.028125,-2.134594924
9000,0.02875,-2.131666805
9000,0.029375,-2.128674329
9000,0.03,-2.125617497
9000,0.030625,-2.122496309
9000,0.03125,-2.119310765
9000,0.031875,-2.116060865
9000,0.0325,-2.112746608
9000,0.033125,-2.109367995
9000,0.03375,-2.105925025
9000,0.034375,-2.102417698
9000,0.035,-2.098846015
9000,0.035625,-2.095209974
9000,0.03625,-2.091509576
9000,0.036875,-2.087744821
9000,0.0375,-2.083915709
9000,0.038125,-2.080022239
9000,0.03875,-2.076064411
9000,0.039375,-2.072042225
9000,0.04,-2.067955682
9000,0.040625,-2.06380478
9000,0.04125,-2.05958952
9000,0.041875,-2.055309902
9000,0.0425,-2.050965925
9000,0.043125,-2.04655759
9000,0.04375,-2.042084896
9000,0.044375,-2.037547842
9000,0.045,-2.03294643
9000,0.045625,-2.028280658
9000,0.04625,-2.023550527
9000,0.046875,-2.018756036
9000,0.0475,-2.013897185
9000,0.048125,-2.008973974
9000,0.04875,-2.003986403
9000,0.049375,-1.998934472
9000,0.05,-1.99381818
9000,0.050625,-1.988637528
9000,0.05125,-1.983392515
9000,0.051875,-1.97808314
9000,0.0525,-1.972709405
9000,0.053125,-1.967271308
9000,0.05375,-1.961768849
9000,0.054375,-1.956202029
9000,0.055,-1.950570846
9000,0.055625,-1.944875302
9000,0.05625,-1.939115395
9000,0.056875,-1.933291125
9000,0.0575,-1.927402493
9000,0.058125,-1.921449497
9000,0.05875,-1.915432139
9000,0.059375,-1.909350417
9000,0.06,-1.903204331
9000,0.060625,-1.896993881
9000,0.06125,-1.890719068
9000,0.061875,-1.88437989
9000,0.0625,-1.877976348
9000,0.063125,-1.871508441
9000,0.06375,-1.864976169
9000,0.064375,-1.858379532
9000,0.065,-1.851718529
9000,0.065625,-1.844993161
9000,0.06625,-1.838203427
9000,0.066875,-1.831349327
9000,0.0675,-1.82443086
9000,0.068125,-1.817448027
9000,0.06875,-1.810400827
9000,0.069375,-1.80328926
9000,0.07,-1.796113325
9000,0.070625,-1.788873023
9000,0.07125,-1.781568354
9000,0.071875,-1.774199316
9000,0.0725,-1.76676591
9000,0.073125,-1.759268135
9000,0.07375,-1.751705991
9000,0.074375,-1.744079478
9000,0.075,-1.736388596
9000,0.075625,-1.728633344
9000,0.07625,-1.720813723
9000,0.076875,-1.712929731
9000,0.0775,-1.704981368
9000,0.078125,-1.696968635
9000,0.07875,-1.688891531
9000,0.079375,-1.680750055
9000,0.08,-1.672544208
9000,0.080625,-1.664273989
9000,0.08125,-1.655939398
9000,0.081875,-1.647540434
9000,0.0825,-1.639077098
9000,0.083125,-1.630549388
9000,0.08375,-1.621957305
9000,0.084375,-1.613300849
9000,0.085,-1.604580019
9000,0.085625,-1.595794814
9000,0.08625,-1.586945235
9000,0.086875,-1.578031281
9000,0.0875,-1.569052951
9000,0.088125,-1.560010247
9000,0.08875,-1.550903166
9000,0.089375,-1.541731709
9000,0.09,-1.532495876
9000,0.090625,-1.523195666
9000,0.09125,-1.513831079
9000,0.091875,-1.504402115
9000,0.0925,-1.494908773
9000,0.093125,-1.485351052
9000,0.09375,-1.475728954
9000,0.094375,-1.466042476
9000,0.095,-1.45629162
9000,0.095625,-1.446476384
9000,0.09625,-1.436596768
9000,0.096875,-1.426652773
9000,0.0975,-1.416644396
9000,0.098125,-1.406571639
9000,0.09875,-1.396434501
9000,0.099375,-1.386232966
9000,0.1,-1.375967964
9000,0.100625,-1.365643697
9000,0.10125,-1.355255101
9000,0.101875,-1.344806181
9000,0.1025,-1.334295432
9000,0.103125,-1.323721445
9000,0.10375,-1.313088993
9000,0.104375,-1.302392278
9000,0.105,-1.291636971
9000,0.105625,-1.280819164
9000,0.10625,-1.26994061
9000,0.106875,-1.25900225
9000,0.1075,-1.248001217
9000,0.108125,-1.236942891
9000,0.10875,-1.225820408
9000,0.109375,-1.214642541
9000,0.11,-1.203400794
9000,0.110625,-1.192102827
9000,0.11125,-1.180742457
9000,0.111875,-1.169325428
9000,0.1125,-1.157847138
9000,0.113125,-1.146312175
9000,0.11375,-1.134716712
9000,0.114375,-1.123065043
9000,0.115,-1.111353196
9000,0.115625,-1.099586156
9000,0.11625,-1.087758762
9000,0.116875,-1.075877804
9000,0.1175,-1.063935748
9000,0.118125,-1.051942434
9000,0.11875,-1.039887627
9000,0.119375,-1.027782699
9000,0.12,-1.015618174
9000,0.120625,-1.003401488
9000,0.12125,-0.9911291863
9000,0.121875,-0.9788018531
9000,0.1225,-0.9664238909
9000,0.123125,-0.9539874967
9000,0.12375,-0.9415057003
9000,0.124375,-0.9289673119
9000,0.125,-0.9163785066
9000,0.125625,-0.9037406789
9000,0.12625,-0.8910474099
9000,0.126875,-0.8783117673
9000,0.1275,-0.8655236815
9000,0.128125,-0.8526853331
9000,0.12875,-0.8398055027
9000,0.129375,-0.8268743714
9000,0.13,-0.8138982084
9000,0.130625,-0.8008810487
9000,0.13125,-0.7878153415
9000,0.131875,-0.7747081877
9000,0.1325,-0.7615629805
9000,0.133125,-0.7483725677
9000,0.13375,-0.7351420454
9000,0.134375,-0.7218795748
9000,0.135,-0.7085759116
9000,0.135625,-0.6952319038
9000,0.13625,-0.6818633491
9000,0.136875,-0.6684596483
9000,0.1375,-0.6550206745
9000,0.138125,-0.6415517396
9000,0.13875,-0.6280633119
9000,0.139375,-0.6145455877
9000,0.14,-0.6010002528
9000,0.140625,-0.5874323775
9000,0.14125,-0.5738546273
9000,0.141875,-0.5602567023
9000,0.1425,-0.5466408747
9000,0.143125,-0.533009599
9000,0.14375,-0.5193755823
9000,0.144375,-0.5057393043
9000,0.145,-0.4920973563
9000,0.145625,-0.4784529724
9000,0.14625,-0.4648096353
9000,0.146875,-0.4511728336
9000,0.1475,-0.4375595841
9000,0.148125,-0.4239602241
9000,0.14875,-0.4103791647
9000,0.149375,-0.3968211972
9000,0.15,-0.383291425
9000,0.150625,-0.3697952844
9000,0.15125,-0.3563385099
9000,0.151875,-0.3429388546
9000,0.1525,-0.3295948152
9000,0.153125,-0.3163102802
9000,0.15375,-0.3030926393
9000,0.154375,-0.2899497784
9000,0.155,-0.2768900981
9000,0.155625,-0.2639225475
9000,0.15625,-0.2510566607
9000,0.156875,-0.2383025959
9000,0.1575,-0.2256711771
9000,0.158125,-0.2131739376
9000,0.15875,-0.2008231678
9000,0.159375,-0.188631965
9000,0.16,-0.176614287
9000,0.160625,-0.1647850089
9000,0.16125,-0.1531599839
9000,0.161875,-0.1417561079
9000,0.1625,-0.1305913882
9000,0.163125,-0.1196850167
9000,0.16375,-0.1090574484
9000,0.164375,-0.09873048379
9000,0.165,-0.08872735791
9000,0.165625,-0.07907283424
9000,0.16625,-0.06979330506
9000,0.166875,-0.06091689822
9000,0.1675,-0.05247359085
9000,0.168125,-0.04449533027
9000,0.16875,-0.03701616249
9000,0.169375,-0.03007426452
9000,0.17,-0.02376558221
9000,0.170625,-0.01808256711
9000,0.17125,-0.01307020486
9000,0.171875,-0.008776461289
9000,0.1725,-0.005252468633
9000,0.173125,-0.002552733043
9000,0.17375,-0.0007407677471
9000,0.174375,0
9000,0.175,0
9000,0.175625,0
9000,0.17625,0
9000,0.176875,0
9000,0.1775,0
9000,0.178125,0
9000,0.17875,0
9000,0.179375,0
9000,0.18,0
9000,0.180625,0
9000,0.18125,0
9000,0.181875,0
9000,0.1825,0
9000,0.183125,0
9000,0.18375,0
9000,0.184375,0
9000,0.185,0
9000,0.185625,0
9000,0.18625,0
9000,0.186875,0
9000,0.1875,0
9000,0.188125,0
9000,0.18875,0
9000,0.189375,0
9000,0.19,0
9000,0.190625,0
9000,0.19125,0
9000,0.191875,0
9000,0.1925,0
9000,0.193125,0
9000,0.19375,0
9000,0.194375,0
9000,0.195,0
9000,0.195625,0
9000,0.19625,0
9000,0.196875,0
9000,0.1975,0
9000,0.198125,0
9000,0.19875,0
9000,0.199375,0
9000,0.2,0
9000,0.200625,0
9000,0.20125,0
9000,0.201875,0
9000,0.2025,0
9000,0.203125,0
9000,0.20375,0
9000,0.204375,0
9000,0.205,0
9000,0.205625,0
9000,0.20625,0
9000,0.206875,0
9000,0.2075,0
9000,0.208125,0
9000,0.20875,0
9000,0.209375,0
9000,0.21,0
9000,0.210625,0
9000,0.21125,0
9000,0.211875,0
9000,0.2125,0
9000,0.213125,0
9000,0.21375,0
9000,0.214375,0
9000,0.215,0
9000,0.215625,0
9000,0.21625,0
9000,0.216875,0
9000,0.2175,0
9000,0.218125,0
9000,0.21875,0
9000,0.219375,0
9000,0.22,0
9000,0.220625,0
9000,0.22125,0
9000,0.221875,0
9000,0.2225,0
9000,0.223125,0
9000,0.22375,0
9000,0.224375,0
9000,0.225,0
9000,0.225625,0
9000,0.22625,0
9000,0.226875,0
9000,0.2275,0
9000,0.228125,0
9000,0.22875,0
9000,0.229375,0
9000,0.23,0
9000,0.230625,0
9000,0.23125,0
9000,0.231875,0
9000,0.2325,0
9000,0.233125,0
9000,0.23375,0
9000,0.234375,0
9000,0.235,0
9000,0.235625,0
9000,0.23625,0
9000,0.236875,0
9000,0.2375,0
9000,0.238125,0
9000,0.23875,0
9000,0.239375,0
9000,0.24,0
9000,0.240625,0
9000,0.24125,0
9000,0.241875,0
9000,0.2425,0
9000,0.243125,0
9000,0.24375,0
9000,0.244375,0
9000,0.245,0
9000,0.245625,0
9000,0.24625,0
9000,0.246875,0
9000,0.2475,0
9000,0.248125,0
9000,0.24875,0
9000,0.249375,0
9000,0.25,0
9000,0.250625,0
9000,0.25125,0
9000,0.251875,0
9000,0.2525,0
9000,0.253125,0
9000,0.25375,0
9000,0.254375,0
9000,0.255,0
9000,0.255625,0
9000,0.25625,0
9000,0.256875,0
9000,0.2575,0
9000,0.258125,0
9000,0.25875,0
9000,0.259375,0
9000,0.26,0
9000,0.260625,0
9000,0.26125,0
9000,0.261875,0
9000,0.2625,0
9000,0.263125,0
9000,0.26375,0
9000,0.264375,0
9000,0.265,0
9000,0.265625,0
9000,0.26625,0
9000,0.266875,0
9000,0.2675,0
9000,0.268125,0
9000,0.26875,0
9000,0.269375,0
9000,0.27,0
9000,0.270625,0
9000,0.27125,0
9000,0.271875,0
9000,0.2725,0
9000,0.273125,0
9000,0.27375,0
9000,0.274375,0
9000,0.275,0
9000,0.275625,0
9000,0.27625,0
9000,0.276875,0
9000,0.2775,0
9000,0.278125,0
9000,0.27875,0
9000,0.279375,0
9000,0.28,0
9000,0.280625,0
9000,0.28125,0
9000,0.281875,0
9000,0.2825,0
9000,0.283125,0
9000,0.28375,0
9000,0.284375,0
9000,0.285,0
9000,0.285625,0
9000,0.28625,0
9000,0.286875,0
9000,0.2875,0
9000,0.288125,0
9000,0.28875,0
9000,0.289375,0
9000,0.29,0
9000,0.290625,0
9000,0.29125,0
9000,0.291875,0
9000,0.2925,0
9000,0.293125,0
9000,0.29375,0
9000,0.294375,0
9000,0.295,0
9000,0.295625,0
9000,0.29625,0
9000,0.296875,0
9000,0.2975,0
9000,0.298125,0
9000,0.29875,0
9000,0.299375,0
9000,0.3,0
9000,0.300625,0
9000,0.30125,0
9000,0.301875,0
9000,0.3025,0
9000,0.303125,0
9000,0.30375,0
9000,0.304375,0
9000,0.305,0
9000,0.305625,0
9000,0.30625,0
9000,0.306875,0
9000,0.3075,0
9000,0.308125,0
9000,0.30875,0
9000,0.309375,0
9000,0.31,0
9000,0.310625,0
9000,0.31125,0
9000,0.311875,0
9000,0.3125,0
9000,0.313125,0
9000,0.31375,0
9000,0.314375,0
9000,0.315,0
9000,0.315625,0
9000,0.31625,0
9000,0.316875,0
9000,0.3175,0
9000,0.318125,0
9000,0.31875,0
9000,0.319375,0
9000,0.32,0
9000,0.320625,0
9000,0.32125,0
9000,0.321875,0
9000,0.3225,0
9000,0.323125,0
9000,0.32375,0
9000,0.324375,0
9000,0.325,0
9000,0.325625,0
9000,0.32625,0
9000,0.326875,0
9000,0.3275,0
9000,0.328125,0
9000,0.32875,0
9000,0.329375,0
9000,0.33,0
9000,0.330625,0
9000,0.33125,0
9000,0.331875,0
9000,0.3325,0
9000,0.333125,0
9000,0.33375,0
9000,0.334375,0
9000,0.335,0
9000,0.335625,0
9000,0.33625,0
9000,0.336875,0
9000,0.3375,0
9000,0.338125,0
9000,0.33875,0
9000,0.339375,0
9000,0.34,0
9000,0.340625,0
9000,0.34125,0
9000,0.341875,0
9000,0.3425,0
9000,0.343125,0
9000,0.34375,0
9000,0.344375,0
9000,0.345,0
9000,0.345625,0
9000,0.34625,0
9000,0.346875,0
9000,0.3475,0
9000,0.348125,0
9000,0.34875,0
9000,0.349375,0
9000,0.35,0
9000,0.350625,0
9000,0.35125,0
9000,0.351875,0
9000,0.3525,0
9000,0.353125,0
9000,0.35375,0
9000,0.354375,0
9000,0.355,0
9000,0.355625,0
9000,0.35625,0
9000,0.356875,0
9000,0.3575,0
9000,0.358125,0
9000,0.35875,0
9000,0.359375,0
9000,0.36,0
9000,0.360625,0
9000,0.36125,0
9000,0.361875,0
9000,0.3625,0
9000,0.363125,0
9000,0.36375,0
9000,0.364375,0
9000,0.365,0
9000,0.365625,0
9000,0.36625,0
9000,0.366875,0
9000,0.3675,0
9000,0.368125,0
9000,0.36875,0
9000,0.369375,0
9000,0.37,0
9000,0.370625,0
9000,0.37125,0
9000,0.371875,0
9000,0.3725,0
9000,0.373125,0
9000,0.37375,0
9000,0.374375,0
9000,0.375,0
9000,0.375625,0
9000,0.37625,0
9000,0.376875,0
9000,0.3775,0
9000,0.378125,0
9000,0.37875,0
9000,0.379375,0
9000,0.38,0
9000,0.380625,0
9000,0.38125,0
9000,0.381875,0
9000,0.3825,0
9000,0.383125,0
9000,0.38375,0
9000,0.384375,0
9000,0.385,0
9000,0.385625,0
9000,0.38625,0
9000,0.386875,0
9000,0.3875,0
9000,0.388125,0
9000,0.38875,0
9000,0.389375,0
9000,0.39,0
9000,0.390625,0
9000,0.39125,0
9000,0.391875,0
9000,0.3925,0
9000,0.393125,0
9000,0.39375,0
9000,0.394375,0
9000,0.395,0
9000,0.395625,0
9000,0.39625,0
9000,0.396875,0
9000,0.3975,0
9000,0.398125,0
9000,0.39875,0
9000,0.399375,0
9000,0.4,0
13500,-0.4,0
13500,-0.399375,0
13500,-0.39875,0
13500,-0.398125,0
13500,-0.3975,0
13500,-0.396875,0
13500,-0.39625,0
13500,-0.395625,0
13500,-0.395,0
13500,-0.394375,0
13500,-0.39375,0
13500,-0.393125,0
13500,-0.3925,0
13500,-0.391875,0
13500,-0.39125,0
13500,-0.390625,0
13500,-0.39,0
13500,-0.389375,0
13500,-0.38875,0
13500,-0.388125,0
13500,-0.3875,0
13500,-0.386875,0
13500,-0.38625,0
13500,-0.385625,0
13500,-0.385,0
13500,-0.384375,0
13500,-0.38375,0
13500,-0.383125,0
13500,-0.3825,0
13500,-0.381875,0
13500,-0.38125,0
13500,-0.380625,0
13500,-0.38,0
13500,-0.379375,0
13500,-0.37875,0
13500,-0.378125,0
13500,-0.3775,0
13500,-0.376875,0
13500,-0.37625,0
13500,-0.375625,0
13500,-0.375,0
13500,-0.374375,0
13500,-0.37375,0
13500,-0.373125,0
13500,-0.3725,0
13500,-0.371875,0
13500,-0.37125,0
13500,-0.370625,0
13500,-0.37,0
13500,-0.369375,0
13500,-0.36875,0
13500,-0.368125,0
13500,-0.3675,0
13500,-0.366875,0
13500,-0.36625,0
13500,-0.365625,0
13500,-0.365,0
13500,-0.364375,0
13500,-0.36375,0
13500,-0.363125,0
13500,-0.3625,0
13500,-0.361875,0
13500,-0.36125,0
13500,-0.360625,0
13500,-0.36,0
13500,-0.359375,0
13500,-0.35875,0
13500,-0.358125,0
13500,-0.3575,0
13500,-0.356875,0
13500,-0.35625,0
13500,-0.355625,0
13500,-0.355,0
13500,-0.354375,0
13500,-0.35375,0
13500,-0.353125,0
13500,-0.3525,0
13500,-0.351875,0
13500,-0.35125,0
13500,-0.350625,0
13500,-0.35,0
13500,-0.349375,0
13500,-0.34875,0
13500,-0.348125,0
13500,-0.3475,0
13500,-0.346875,0
13500,-0.34625,0
13500,-0.345625,0
13500,-0.345,0
13500,-0.344375,0
13500,-0.34375,0
13500,-0.343125,0
13500,-0.3425,0
13500,-0.341875,0
13500,-0.34125,0
13500,-0.340625,0
13500,-0.34,0
13500,-0.339375,0
13500,-0.33875,0
13500,-0.338125,0
13500,-0.3375,0
13500,-0.336875,0
13500,-0.33625,0
13500,-0.335625,0
13500,-0.335,0
13500,-0.334375,0
13500,-0.33375,0
13500,-0.333125,0
13500,-0.3325,0
13500,-0.331875,0
13500,-0.33125,0
13500,-0.330625,0
13500,-0.33,0
13500,-0.329375,0
13500,-0.32875,0
13500,-0.328125,0
13500,-0.3275,0
13500,-0.326875,0
13500,-0.32625,0
13500,-0.325625,0
13500,-0.325,0
13500,-0.324375,0
13500,-0.32375,0
13500,-0.323125,0
13500,-0.3225,0
13500,-0.321875,0
13500,-0.32125,0
13500,-0.320625,0
13500,-0.32,0
13500,-0.319375,0
13500,-0.31875,0
13500,-0.318125,0
13500,-0.3175,0
13500,-0.316875,0
13500,-0.31625,0
13500,-0.315625,0
13500,-0.315,0
13500,-0.314375,0
13500,-0.31375,0
13500,-0.313125,0
13500,-0.3125,0
13500,-0.311875,0
13500,-0.31125,0
13500,-0.310625,0
13500,-0.31,0
13500,-0.309375,0
13500,-0.30875,0
13500,-0.308125,0
13500,-0.3075,0
13500,-0.306875,0
13500,-0.30625,0
13500,-0.305625,0
13500,-0.305,0
13500,-0.304375,0
13500,-0.30375,0
13500,-0.303125,0
13500,-0.3025,0
13500,-0.301875,0
13500,-0.30125,0
13500,-0.300625,0
13500,-0.3,0
13500,-0.299375,0
13500,-0.29875,0
13500,-0.298125,0
13500,-0.2975,0
13500,-0.296875,0
13500,-0.29625,0
13500,-0.295625,0
13500,-0.295,0
13500,-0.294375,0
13500,-0.29375,0
13500,-0.293125,0
13500,-0.2925,0
13500,-0.291875,0
13500,-0.29125,0
13500,-0.290625,0
13500,-0.29,0
13500,-0.289375,0
13500,-0.28875,0
13500,-0.288125,0
13500,-0.2875,0
13500,-0.286875,0
13500,-0.28625,0
13500,-0.285625,0
13500,-0.285,0
13500,-0.284375,0
13500,-0.28375,0
13500,-0.283125,0
13500,-0.2825,0
13500,-0.281875,0
13500,-0.28125,0
13500,-0.280625,0
13500,-0.28,0
13500,-0.279375,0
13500,-0.27875,0
13500,-0.278125,0
13500,-0.2775,0
13500,-0.276875,0
13500,-0.27625,0
13500,-0.275625,0
13500,-0.275,0
13500,-0.274375,0
13500,-0.27375,0
13500,-0.273125,0
13500,-0.2725,0
13500,-0.271875,0
13500,-0.27125,0
13500,-0.270625,0
13500,-0.27,0
13500,-0.269375,0
13500,-0.26875,0
13500,-0.268125,0
13500,-0.2675,0
13500,-0.266875,0
13500,-0.26625,0
13500,-0.265625,0
13500,-0.265,0
13500,-0.264375,0
13500,-0.26375,0
13500,-0.263125,0
13500,-0.2625,0
13500,-0.261875,0
13500,-0.26125,0
13500,-0.260625,0
13500,-0.26,0
13500,-0.259375,0
13500,-0.25875,0
13500,-0.258125,0
13500,-0.2575,0
13500,-0.256875,0
13500,-0.25625,0
13500,-0.255625,0
13500,-0.255,0
13500,-0.254375,0
13500,-0.25375,0
13500,-0.253125,0
13500,-0.2525,0
13500,-0.251875,0
13500,-0.25125,0
13500,-0.250625,0
13500,-0.25,0
13500,-0.249375,0
13500,-0.24875,0
13500,-0.248125,0
13500,-0.2475,0
13500,-0.246875,0
13500,-0.24625,0
13500,-0.245625,0
13500,-0.245,0
13500,-0.244375,0
13500,-0.24375,0
13500,-0.243125,0
13500,-0.2425,0
13500,-0.241875,0
13500,-0.24125,0
13500,-0.240625,0
13500,-0.24,0
13500,-0.239375,0
13500,-0.23875,0
13500,-0.238125,0
13500,-0.2375,0
13500,-0.236875,0
13500,-0.23625,0
13500,-0.235625,0
13500,-0.235,0
13500,-0.234375,0
13500,-0.23375,0
13500,-0.233125,0
13500,-0.2325,0
13500,-0.231875,0
13500,-0.23125,0
13500,-0.230625,0
13500,-0.23,0
13500,-0.229375,0
13500,-0.22875,0
13500,-0.228125,0
13500,-0.2275,0
13500,-0.226875,0
13500,-0.22625,0
13500,-0.225625,0
13500,-0.225,0
13500,-0.224375,0
13500,-0.22375,0
13500,-0.223125,0
13500,-0.2225,0
13500,-0.221875,0
13500,-0.22125,0
13500,-0.220625,0
13500,-0.22,0
13500,-0.219375,0
13500,-0.21875,0
13500,-0.218125,0
13500,-0.2175,0
13500,-0.216875,0
13500,-0.21625,0
13500,-0.215625,0
13500,-0.215,0
13500,-0.214375,0
13500,-0.21375,0
13500,-0.213125,0
13500,-0.2125,0
13500,-0.211875,0
13500,-0.21125,0
13500,-0.210625,0
13500,-0.21,0
13500,-0.209375,0
13500,-0.20875,0
13500,-0.208125,0
13500,-0.2075,0
13500,-0.206875,0
13500,-0.20625,0
13500,-0.205625,0
13500,-0.205,0
13500,-0.204375,0
13500,-0.20375,0
13500,-0.203125,0
13500,-0.2025,0
13500,-0.201875,0
13500,-0.20125,0
13500,-0.200625,0
13500,-0.2,0
13500,-0.199375,0
13500,-0.19875,0
13500,-0.198125,0
13500,-0.1975,0
13500,-0.196875,0
13500,-0.19625,0
13500,-0.195625,0
13500,-0.195,-0.0007234048949
13500,-0.194375,-0.002953732745
13500,-0.19375,-0.006317779573
13500,-0.193125,-0.01096559871
13500,-0.1925,-0.01658127817
13500,-0.191875,-0.02323039236
13500,-0.19125,-0.03074470801
13500,-0.190625,-0.03907099864
13500,-0.19,-0.04818515895
13500,-0.189375,-0.05793125956
13500,-0.18875,-0.06837821186
13500,-0.188125,-0.07936976289
13500,-0.1875,-0.09088165363
13500,-0.186875,-0.1029192665
13500,-0.18625,-0.1153690583
13500,-0.185625,-0.1282367946
13500,-0.185,-0.1414948509
13500,-0.184375,-0.1550707172
13500,-0.18375,-0.1689652133
13500,-0.183125,-0.1831611847
13500,-0.1825,-0.1975996689
13500,-0.181875,-0.2122652118
13500,-0.18125,-0.227174826
13500,-0.180625,-0.2422668501
13500,-0.18,-0.2575259171
13500,-0.179375,-0.2729492869
13500,-0.17875,-0.2885287637
13500,-0.178125,-0.3042302726
13500,-0.1775,-0.3200422245
13500,-0.176875,-0.335956045
13500,-0.17625,-0.3519768814
13500,-0.175625,-0.3680744555
13500,-0.175,-0.3842400797
13500,-0.174375,-0.4004654973
13500,-0.17375,-0.4167430469
13500,-0.173125,-0.4330770637
13500,-0.1725,-0.4494478084
13500,-0.171875,-0.4658485682
13500,-0.17125,-0.4822735063
13500,-0.170625,-0.4987171439
13500,-0.17,-0.5151743422
13500,-0.169375,-0.5316403306
13500,-0.16875,-0.5481158607
13500,-0.168125,-0.5645906058
13500,-0.1675,-0.5810605338
13500,-0.166875,-0.5975220007
13500,-0.16625,-0.6139715857
13500,-0.165625,-0.6304060796
13500,-0.165,-0.6468224713
13500,-0.164375,-0.6632179361
13500,-0.16375,-0.6795898237
13500,-0.163125,-0.6959356478
13500,-0.1625,-0.712253076
13500,-0.161875,-0.7285399199
13500,-0.16125,-0.7447941265
13500,-0.160625,-0.7610137699
13500,-0.16,-0.7771970431
13500,-0.159375,-0.7933422508
13500,-0.15875,-0.8094478026
13500,-0.158125,-0.8255122061
13500,-0.1575,-0.8415340612
13500,-0.156875,-0.8575120541
13500,-0.15625,-0.8734449522
13500,-0.155625,-0.8893315987
13500,-0.155,-0.9051709079
13500,-0.154375,-0.9209618611
13500,-0.15375,-0.9367035021
13500,-0.153125,-0.9523949335
13500,-0.1525,-0.9680353127
13500,-0.151875,-0.9836238547
13500,-0.15125,-0.9991601557
13500,-0.150625,-1.014644358
13500,-0.15,-1.030074552
13500,-0.149375,-1.045450141
13500,-0.14875,-1.060770544
13500,-0.148125,-1.076035218
13500,-0.1475,-1.091243649
13500,-0.146875,-1.106395387
13500,-0.14625,-1.121491449
13500,-0.145625,-1.136529992
13500,-0.145,-1.15151045
13500,-0.144375,-1.166432452
13500,-0.14375,-1.181295663
13500,-0.143125,-1.19610045
13500,-0.1425,-1.210846743
13500,-0.141875,-1.225533178
13500,-0.14125,-1.240159507
13500,-0.140625,-1.254725505
13500,-0.14,-1.269232261
13500,-0.139375,-1.283678398
13500,-0.13875,-1.29806339
13500,-0.138125,-1.312387077
13500,-0.1375,-1.326650496
13500,-0.136875,-1.340852507
13500,-0.13625,-1.354992557
13500,-0.135625,-1.36907068
13500,-0.135,-1.383087991
13500,-0.134375,-1.397042783
13500,-0.13375,-1.410935001
13500,-0.133125,-1.424765623
13500,-0.1325,-1.438533758
13500,-0.131875,-1.452238881
13500,-0.13125,-1.46588176
13500,-0.130625,-1.479462014
13500,-0.13,-1.492978898
13500,-0.129375,-1.506433224
13500,-0.12875,-1.519824543
13500,-0.128125,-1.533152201
13500,-0.1275,-1.546417248
13500,-0.126875,-1.559618729
13500,-0.12625,-1.572756434
13500,-0.125625,-1.585831428
13500,-0.125,-1.598842308
13500,-0.124375,-1.611789776
13500,-0.12375,-1.624673667
13500,-0.123125,-1.637493338
13500,-0.1225,-1.650249976
13500,-0.121875,-1.662942185
13500,-0.12125,-1.675570809
13500,-0.120625,-1.688135368
13500,-0.12,-1.70063581
13500,-0.119375,-1.713072496
13500,-0.11875,-1.725444638
13500,-0.118125,-1.737753246
13500,-0.1175,-1.749997103
13500,-0.116875,-1.762177308
13500,-0.11625,-1.774292805
13500,-0.115625,-1.786344404
13500,-0.115,-1.798331376
13500,-0.114375,-1.810254275
13500,-0.11375,-1.822112567
13500,-0.113125,-1.833906679
13500,-0.1125,-1.84563615
13500,-0.111875,-1.857301391
13500,-0.11125,-1.868901912
13500,-0.110625,-1.880438204
13500,-0.11,-1.891909655
13500,-0.109375,-1.903316925
13500,-0.10875,-1.914659196
13500,-0.108125,-1.925937377
13500,-0.1075,-1.937150528
13500,-0.106875,-1.948299388
13500,-0.10625,-1.959383376
13500,-0.105625,-1.970402804
13500,-0.105,-1.981357568
13500,-0.104375,-1.992247485
13500,-0.10375,-2.003072969
13500,-0.103125,-2.013833416
13500,-0.1025,-2.024529448
13500,-0.101875,-2.03516055
13500,-0.10125,-2.045726878
13500,-0.100625,-2.05622859
13500,-0.1,-2.06666526
13500,-0.099375,-2.07703743
13500,-0.09875,-2.087344645
13500,-0.098125,-2.09758681
13500,-0.0975,-2.107763928
13500,-0.096875,-2.117876
13500,-0.09625,-2.127923024
13500,-0.095625,-2.137905003
13500,-0.095,-2.147821935
13500,-0.094375,-2.157673822
13500,-0.09375,-2.167460664
13500,-0.093125,-2.177182461
13500,-0.0925,-2.186839213
13500,-0.091875,-2.196430921
13500,-0.09125,-2.205957585
13500,-0.090625,-2.215419206
13500,-0.09,-2.224815783
13500,-0.089375,-2.234147318
13500,-0.08875,-2.243413809
13500,-0.088125,-2.252615258
13500,-0.0875,-2.261751665
13500,-0.086875,-2.270823031
13500,-0.08625,-2.279829355
13500,-0.085625,-2.288770637
13500,-0.085,-2.297646879
13500,-0.084375,-2.306458081
13500,-0.08375,-2.315204242
13500,-0.083125,-2.323885362
13500,-0.0825,-2.332501444
13500,-0.081875,-2.341052485
13500,-0.08125,-2.349538488
13500,-0.080625,-2.357959452
13500,-0.08,-2.366315377
13500,-0.079375,-2.374606264
13500,-0.07875,-2.382832113
13500,-0.078125,-2.390992924
13500,-0.0775,-2.399088697
13500,-0.076875,-2.407119433
13500,-0.07625,-2.415085133
13500,-0.075625,-2.422985795
13500,-0.075,-2.430821421
13500,-0.074375,-2.438592011
13500,-0.07375,-2.446297565
13500,-0.073125,-2.453938084
13500,-0.0725,-2.461513567
13500,-0.071875,-2.469024014
13500,-0.07125,-2.476469427
13500,-0.070625,-2.483849805
13500,-0.07,-2.491165149
13500,-0.069375,-2.498415458
13500,-0.06875,-2.505600733
13500,-0.068125,-2.512720975
13500,-0.0675,-2.519776183
13500,-0.066875,-2.526766358
13500,-0.06625,-2.5336915
13500,-0.065625,-2.540551609
13500,-0.065,-2.547346686
13500,-0.064375,-2.55407673
13500,-0.06375,-2.560741742
13500,-0.063125,-2.567341723
13500,-0.0625,-2.573876671
13500,-0.061875,-2.580346588
13500,-0.06125,-2.586751474
13500,-0.060625,-2.593091328
13500,-0.06,-2.599366152
13500,-0.059375,-2.605575946
13500,-0.05875,-2.611720708
13500,-0.058125,-2.617800441
13500,-0.0575,-2.623815143
13500,-0.056875,-2.629764816
13500,-0.05625,-2.635649459
13500,-0.055625,-2.641469073
13500,-0.055,-2.647223657
13500,-0.054375,-2.652913213
13500,-0.05375,-2.658537739
13500,-0.053125,-2.664097237
13500,-0.0525,-2.669591706
13500,-0.051875,-2.675021147
13500,-0.05125,-2.68038556
13500,-0.050625,-2.685684945
13500,-0.05,-2.690919302
13500,-0.049375,-2.696088631
13500,-0.04875,-2.701192933
13500,-0.048125,-2.706232208
13500,-0.0475,-2.711206456
13500,-0.046875,-2.716115676
13500,-0.04625,-2.72095987
13500,-0.045625,-2.725739037
13500,-0.045,-2.730453178
13500,-0.044375,-2.735102293
13500,-0.04375,-2.739686381
13500,-0.043125,-2.744205443
13500,-0.0425,-2.74865948
13500,-0.041875,-2.753048491
13500,-0.04125,-2.757372476
13500,-0.040625,-2.761631436
13500,-0.04,-2.76582537
13500,-0.039375,-2.769954279
13500,-0.03875,-2.774018164
13500,-0.038125,-2.778017023
13500,-0.0375,-2.781950858
13500,-0.036875,-2.785819668
13500,-0.03625,-2.789623454
13500,-0.035625,-2.793362215
13500,-0.035,-2.797035952
13500,-0.034375,-2.800644665
13500,-0.03375,-2.804188354
13500,-0.033125,-2.807667019
13500,-0.0325,-2.81108066
13500,-0.031875,-2.814429277
13500,-0.03125,-2.817712872
13500,-0.030625,-2.820931442
13500,-0.03,-2.824084989
13500,-0.029375,-2.827173514
13500,-0.02875,-2.830197015
13500,-0.028125,-2.833155492
13500,-0.0275,-2.836048947
13500,-0.026875,-2.83887738
13500,-0.02625,-2.841640789
13500,-0.025625,-2.844339176
13500,-0.025,-2.84697254
13500,-0.024375,-2.849540882
13500,-0.02375,-2.852044201
13500,-0.023125,-2.854482498
13500,-0.0225,-2.856855773
13500,-0.021875,-2.859164026
13500,-0.02125,-2.861407257
13500,-0.020625,-2.863585465
13500,-0.02,-2.865698652
13500,-0.019375,-2.867746817
13500,-0.01875,-2.86972996
13500,-0.018125,-2.871648081
13500,-0.0175,-2.873501181
13500,-0.016875,-2.875289259
13500,-0.01625,-2.877012316
13500,-0.015625,-2.878670351
13500,-0.015,-2.880263365
13500,-0.014375,-2.881791357
13500,-0.01375,-2.883254328
13500,-0.013125,-2.884652278
13500,-0.0125,-2.885985206
13500,-0.011875,-2.887253114
13500,-0.01125,-2.888456
13500,-0.010625,-2.889593865
13500,-0.01,-2.890666709
13500,-0.009375,-2.891674532
13500,-0.00875,-2.892617334
13500,-0.008125,-2.893495115
13500,-0.0075,-2.894307875
13500,-0.006875,-2.895055615
13500,-0.00625,-2.895738333
13500,-0.005625,-2.89635603
13500,-0.005,-2.896908707
13500,-0.004375,-2.897396363
13500,-0.00375,-2.897818998
13500,-0.003125,-2.898176612
13500,-0.0025,-2.898469205
13500,-0.001875,-2.898696778
13500,-0.00125,-2.89885933
13500,-0.000625,-2.898956861
13500,-8.54872e-15,-2.898989371
13500,0.000625,-2.898956861
13500,0.00125,-2.89885933
13500,0.001875,-2.898696778
13500,0.0025,-2.898469205
13500,0.003125,-2.898176612
13500,0.00375,-2.897818998
13500,0.004375,-2.897396363
13500,0.005,-2.896908707
13500,0.005625,-2.89635603
13500,0.00625,-2.895738333
13500,0.006875,-2.895055615
13500,0.0075,-2.894307875
13500,0.008125,-2.893495115
13500,0.00875,-2.892617334
13500,0.009375,-2.891674532
13500,0.01,-2.890666709
13500,0.010625,-2.889593865
13500,0.01125,-2.888456
13500,0.011875,-2.887253114
13500,0.0125,-2.885985206
13500,0.013125,-2.884652278
13500,0.01375,-2.883254328
13500,0.014375,-2.881791357
13500,0.015,-2.880263365
13500,0.015625,-2.878670351
13500,0.01625,-2.877012316
13500,0.016875,-2.875289259
13500,0.0175,-2.873501181
13500,0.018125,-2.871648081
13500,0.01875,-2.86972996
13500,0.019375,-2.867746817
13500,0.02,-2.865698652
13500,0.020625,-2.863585465
13500,0.02125,-2.861407257
13500,0.021875,-2.859164026
13500,0.0225,-2.856855773
13500,0.023125,-2.854482498
13500,0.02375,-2.852044201
13500,0.024375,-2.849540882
13500,0.025,-2.84697254
13500,0.025625,-2.844339176
13500,0.02625,-2.841640789
13500,0.026875,-2.83887738
13500,0.0275,-2.836048947
13500,0.028125,-2.833155492
13500,0.02875,-2.830197015
13500,0.029375,-2.827173514
13500,0.03,-2.824084989
13500,0.030625,-2.820931442
13500,0.03125,-2.817712872
13500,0.031875,-2.814429277
13500,0.0325,-2.81108066
13500,0.033125,-2.807667019
13500,0.03375,-2.804188354
13500,0.034375,-2.800644665
13500,0.035,-2.797035952
13500,0.035625,-2.793362215
13500,0.03625,-2.789623454
13500,0.036875,-2.785819668
13500,0.0375,-2.781950858
13500,0.038125,-2.778017023
13500,0.03875,-2.774018164
13500,0.039375,-2.769954279
13500,0.04,-2.76582537
13500,0.040625,-2.761631436
13500,0.04125,-2.757372476
13500,0.041875,-2.753048491
13500,0.0425,-2.74865948
13500,0.043125,-2.744205443
13500,0.04375,-2.739686381
13500,0.044375,-2.735102293
13500,0.045,-2.730453178
13500,0.045625,-2.725739037
13500,0.04625,-2.72095987
13500,0.046875,-2.716115676
13500,0.0475,-2.711206456
13500,0.048125,-2.706232208
13500,0.04875,-2.701192933
13500,0.049375,-2.696088631
13500,0.05,-2.690919302
13500,0.050625,-2.685684945
13500,0.05125,-2.68038556
13500,0.051875,-2.675021147
13500,0.0525,-2.669591706
13500,0.053125,-2.664097237
13500,0.05375,-2.658537739
13500,0.054375,-2.652913213
13500,0.055,-2.647223657
13500,0.055625,-2.641469073
13500,0.05625,-2.635649459
13500,0.056875,-2.629764816
13500,0.0575,-2.623815143
13500,0.058125,-2.617800441
13500,0.05875,-2.611720708
13500,0.059375,-2.605575946
13500,0.06,-2.599366152
13500,0.060625,-2.593091328
13500,0.06125,-2.586751474
13500,0.061875,-2.580346588
13500,0.0625,-2.573876671
13500,0.063125,-2.567341723
13500,0.06375,-2.560741742
13500,0.064375,-2.55407673
13500,0.065,-2.547346686
13500,0.065625,-2.540551609
13500,0.06625,-2.5336915
13500,0.066875,-2.526766358
13500,0.0675,-2.519776183
13500,0.068125,-2.512720975
13500,0.06875,-2.505600733
13500,0.069375,-2.498415458
13500,0.07,-2.491165149
13500,0.070625,-2.483849805
13500,0.07125,-2.476469427
13500,0.071875,-2.469024014
13500,0.0725,-2.461513567
13500,0.073125,-2.453938084
13500,0.07375,-2.446297565
13500,0.074375,-2.438592011
13500,0.075,-2.430821421
13500,0.075625,-2.422985795
13500,0.07625,-2.415085133
13500,0.076875,-2.407119433
13500,0.0775,-2.399088697
13500,0.078125,-2.390992924
13500,0.07875,-2.382832113
13500,0.079375,-2.374606264
13500,0.08,-2.366315377
13500,0.080625,-2.357959452
13500,0.08125,-2.349538488
13500,0.081875,-2.341052485
13500,0.0825,-2.332501444
13500,0.083125,-2.323885362
13500,0.08375,-2.315204242
13500,0.084375,-2.306458081
13500,0.085,-2.297646879
13500,0.085625,-2.288770637
13500,0.08625,-2.279829355
13500,0.086875,-2.270823031
13500,0.0875,-2.261751665
13500,0.088125,-2.252615258
13500,0.08875,-2.243413809
13500,0.089375,-2.234147318
13500,0.09,-2.224815783
13500,0.090625,-2.215419206
13500,0.09125,-2.205957585
13500,0.091875,-2.196430921
13500,0.0925,-2.186839213
13500,0.093125,-2.177182461
13500,0.09375,-2.167460664
13500,0.094375,-2.157673822
13500,0.095,-2.147821935
13500,0.095625,-2.137905003
13500,0.09625,-2.127923024
13500,0.096875,-2.117876
13500,0.0975,-2.107763928
13500,0.098125,-2.09758681
13500,0.09875,-2.087344645
13500,0.099375,-2.07703743
13500,0.1,-2.06666526
13500,0.100625,-2.05622859
13500,0.10125,-2.045726878
13500,0.101875,-2.03516055
13500,0.1025,-2.024529448
13500,0.103125,-2.013833416
13500,0.10375,-2.003072969
13500,0.104375,-1.992247485
13500,0.105,-1.981357568
13500,0.105625,-1.970402804
13500,0.10625,-1.959383376
13500,0.106875,-1.948299388
13500,0.1075,-1.937150528
13500,0.108125,-1.925937377
13500,0.10875,-1.914659196
13500,0.109375,-1.903316925
13500,0.11,-1.891909655
13500,0.110625,-1.880438204
13500,0.11125,-1.868901912
13500,0.111875,-1.857301391
13500,0.1125,-1.84563615
13500,0.113125,-1.833906679
13500,0.11375,-1.822112567
13500,0.114375,-1.810254275
13500,0.115,-1.798331376
13500,0.115625,-1.786344404
13500,0.11625,-1.774292805
13500,0.116875,-1.762177308
13500,0.1175,-1.749997103
13500,0.118125,-1.737753246
13500,0.11875,-1.725444638
13500,0.119375,-1.713072496
13500,0.12,-1.70063581
13500,0.120625,-1.688135368
13500,0.12125,-1.675570809
13500,0.121875,-1.662942185
13500,0.1225,-1.650249976
13500,0.123125,-1.637493338
13500,0.12375,-1.624673667
13500,0.124375,-1.611789776
13500,0.125,-1.598842308
13500,0.125625,-1.585831428
13500,0.12625,-1.572756434
13500,0.126875,-1.559618729
13500,0.1275,-1.546417248
13500,0.128125,-1.533152201
13500,0.12875,-1.519824543
13500,0.129375,-1.506433224
13500,0.13,-1.492978898
13500,0.130625,-1.479462014
13500,0.13125,-1.46588176
13500,0.131875,-1.452238881
13500,0.1325,-1.438533758
13500,0.133125,-1.424765623
13500,0.13375,-1.410935001
13500,0.134375,-1.397042783
13500,0.135,-1.383087991
13500,0.135625,-1.36907068
13500,0.13625,-1.354992557
13500,0.136875,-1.340852507
13500,0.1375,-1.326650496
13500,0.138125,-1.312387077
13500,0.13875,-1.29806339
13500,0.139375,-1.283678398
13500,0.14,-1.269232261
13500,0.140625,-1.254725505
13500,0.14125,-1.240159507
13500,0.141875,-1.225533178
13500,0.1425,-1.210846743
13500,0.143125,-1.19610045
13500,0.14375,-1.181295663
13500,0.144375,-1.166432452
13500,0.145,-1.15151045
13500,0.145625,-1.136529992
13500,0.14625,-1.121491449
13500,0.146875,-1.106395387
13500,0.1475,-1.091243649
13500,0.148125,-1.076035218
13500,0.14875,-1.060770544
13500,0.149375,-1.045450141
13500,0.15,-1.030074552
13500,0.150625,-1.014644358
13500,0.15125,-0.9991601557
13500,0.151875,-0.9836238547
13500,0.1525,-0.9680353127
13500,0.153125,-0.9523949335
13500,0.15375,-0.9367035021
13500,0.154375,-0.9209618611
13500,0.155,-0.9051709079
13500,0.155625,-0.8893315987
13500,0.15625,-0.8734449522
13500,0.156875,-0.8575120541
13500,0.1575,-0.8415340612
13500,0.158125,-0.8255122061
13500,0.15875,-0.8094478026
13500,0.159375,-0.7933422508
13500,0.16,-0.7771970431
13500,0.160625,-0.7610137699
13500,0.16125,-0.7447941265
13500,0.161875,-0.7285399199
13500,0.1625,-0.712253076
13500,0.163125,-0.6959356478
13500,0.16375,-0.6795898237
13500,0.164375,-0.6632179361
13500,0.165,-0.6468224713
13500,0.165625,-0.6304060796
13500,0.16625,-0.6139715857
13500,0.166875,-0.5975220007
13500,0.1675,-0.5810605338
13500,0.168125,-0.5645906058
13500,0.16875,-0.5481158607
13500,0.169375,-0.5316403306
13500,0.17,-0.5151743422
13500,0.170625,-0.4987171439
13500,0.17125,-0.4822735063
13500,0.171875,-0.4658485682
13500,0.1725,-0.4494478084
13500,0.173125,-0.4330770637
13500,0.17375,-0.4167430469
13500,0.174375,-0.4004654973
13500,0.175,-0.3842400797
13500,0.175625,-0.3680744555
13500,0.17625,-0.3519768814
13500,0.176875,-0.335956045
13500,0.1775,-0.3200422245
13500,0.178125,-0.3042302726
13500,0.17875,-0.2885287637
13500,0.179375,-0.2729492869
13500,0.18,-0.2575259171
13500,0.180625,-0.2422668501
13500,0.18125,-0.227174826
13500,0.181875,-0.2122652118
13500,0.1825,-0.1975996689
13500,0.183125,-0.1831611847
13500,0.18375,-0.1689652133
13500,0.184375,-0.1550707172
13500,0.185,-0.1414948509
13500,0.185625,-0.1282367946
13500,0.18625,-0.1153690583
13500,0.186875,-0.1029192665
13500,0.1875,-0.09088165363
13500,0.188125,-0.07936976289
13500,0.18875,-0.06837821187
13500,0.189375,-0.05793125956
13500,0.19,-0.04818515895
13500,0.190625,-0.03907099864
13500,0.19125,-0.03074470801
13500,0.191875,-0.02323039236
13500,0.1925,-0.01658127817
13500,0.193125,-0.01096559871
13500,0.19375,-0.006317779573
13500,0.194375,-0.002953732745
13500,0.195,-0.0007234048949
13500,0.195625,0
13500,0.19625,0
13500,0.196875,0
13500,0.1975,0
13500,0.198125,0
13500,0.19875,0
13500,0.199375,0
13500,0.2,0
13500,0.200625,0
13500,0.20125,0
13500,0.201875,0
13500,0.2025,0
13500,0.203125,0
13500,0.20375,0
13500,0.204375,0
13500,0.205,0
13500,0.205625,0
13500,0.20625,0
13500,0.206875,0
13500,0.2075,0
13500,0.208125,0
13500,0.20875,0
13500,0.209375,0
13500,0.21,0
13500,0.210625,0
13500,0.21125,0
13500,0.211875,0
13500,0.2125,0
13500,0.213125,0
13500,0.21375,0
13500,0.214375,0
13500,0.215,0
13500,0.215625,0
13500,0.21625,0
13500,0.216875,0
13500,0.2175,0
13500,0.218125,0
13500,0.21875,0
13500,0.219375,0
13500,0.22,0
13500,0.220625,0
13500,0.22125,0
13500,0.221875,0
13500,0.2225,0
13500,0.223125,0
13500,0.22375,0
13500,0.224375,0
13500,0.225,0
13500,0.225625,0
13500,0.22625,0
13500,0.226875,0
13500,0.2275,0
13500,0.228125,0
13500,0.22875,0
13500,0.229375,0
13500,0.23,0
13500,0.230625,0
13500,0.23125,0
13500,0.231875,0
13500,0.2325,0
13500,0.233125,0
13500,0.23375,0
13500,0.234375,0
13500,0.235,0
13500,0.235625,0
13500,0.23625,0
13500,0.236875,0
13500,0.2375,0
13500,0.238125,0
13500,0.23875,0
13500,0.239375,0
13500,0.24,0
13500,0.240625,0
13500,0.24125,0
13500,0.241875,0
13500,0.2425,0
13500,0.243125,0
13500,0.24375,0
13500,0.244375,0
13500,0.245,0
13500,0.245625,0
13500,0.24625,0
13500,0.246875,0
13500,0.2475,0
13500,0.248125,0
13500,0.24875,0
13500,0.249375,0
13500,0.25,0
13500,0.250625,0
13500,0.25125,0
13500,0.251875,0
13500,0.2525,0
13500,0.253125,0
13500,0.25375,0
13500,0.254375,0
13500,0.255,0
13500,0.255625,0
13500,0.25625,0
13500,0.256875,0
13500,0.2575,0
13500,0.258125,0
13500,0.25875,0
13500,0.259375,0
13500,0.26,0
13500,0.260625,0
13500,0.26125,0
13500,0.261875,0
13500,0.2625,0
13500,0.263125,0
13500,0.26375,0
13500,0.264375,0
13500,0.265,0
13500,0.265625,0
13500,0.26625,0
13500,0.266875,0
13500,0.2675,0
13500,0.268125,0
13500,0.26875,0
13500,0.269375,0
13500,0.27,0
13500,0.270625,0
13500,0.27125,0
13500,0.271875,0
13500,0.2725,0
13500,0.273125,0
13500,0.27375,0
13500,0.274375,0
13500,0.275,0
13500,0.275625,0
13500,0.27625,0
13500,0.276875,0
13500,0.2775,0
13500,0.278125,0
13500,0.27875,0
13500,0.279375,0
13500,0.28,0
13500,0.280625,0
13500,0.28125,0
13500,0.281875,0
13500,0.2825,0
13500,0.283125,0
13500,0.28375,0
13500,0.284375,0
13500,0.285,0
13500,0.285625,0
13500,0.28625,0
13500,0.286875,0
13500,0.2875,0
13500,0.288125,0
13500,0.28875,0
13500,0.289375,0
13500,0.29,0
13500,0.290625,0
13500,0.29125,0
13500,0.291875,0
13500,0.2925,0
13500,0.293125,0
13500,0.29375,0
13500,0.294375,0
13500,0.295,0
13500,0.295625,0
13500,0.29625,0
13500,0.296875,0
13500,0.2975,0
13500,0.298125,0
13500,0.29875,0
13500,0.299375,0
13500,0.3,0
13500,0.300625,0
13500,0.30125,0
13500,0.301875,0
13500,0.3025,0
13500,0.303125,0
13500,0.30375,0
13500,0.304375,0
13500,0.305,0
13500,0.305625,0
13500,0.30625,0
13500,0.306875,0
13500,0.3075,0
13500,0.308125,0
13500,0.30875,0
13500,0.309375,0
13500,0.31,0
13500,0.310625,0
13500,0.31125,0
13500,0.311875,0
13500,0.3125,0
13500,0.313125,0
13500,0.31375,0
13500,0.314375,0
13500,0.315,0
13500,0.315625,0
13500,0.31625,0
13500,0.316875,0
13500,0.3175,0
13500,0.318125,0
13500,0.31875,0
13500,0.319375,0
13500,0.32,0
13500,0.320625,0
13500,0.32125,0
13500,0.321875,0
13500,0.3225,0
13500,0.323125,0
13500,0.32375,0
13500,0.324375,0
13500,0.325,0
13500,0.325625,0
13500,0.32625,0
13500,0.326875,0
13500,0.3275,0
13500,0.328125,0
13500,0.32875,0
13500,0.329375,0
13500,0.33,0
13500,0.330625,0
13500,0.33125,0
13500,0.331875,0
13500,0.3325,0
13500,0.333125,0
13500,0.33375,0
13500,0.334375,0
13500,0.335,0
13500,0.335625,0
13500,0.33625,0
13500,0.336875,0
13500,0.3375,0
13500,0.338125,0
13500,0.33875,0
13500,0.339375,0
13500,0.34,0
13500,0.340625,0
13500,0.34125,0
13500,0.341875,0
13500,0.3425,0
13500,0.343125,0
13500,0.34375,0
13500,0.344375,0
13500,0.345,0
13500,0.345625,0
13500,0.34625,0
13500,0.346875,0
13500,0.3475,0
13500,0.348125,0
13500,0.34875,0
13500,0.349375,0
13500,0.35,0
13500,0.350625,0
13500,0.35125,0
13500,0.351875,0
13500,0.3525,0
13500,0.353125,0
13500,0.35375,0
13500,0.354375,0
13500,0.355,0
13500,0.355625,0
13500,0.35625,0
13500,0.356875,0
13500,0.3575,0
13500,0.358125,0
13500,0.35875,0
13500,0.359375,0
13500,0.36,0
13500,0.360625,0
13500,0.36125,0
13500,0.361875,0
13500,0.3625,0
13500,0.363125,0
13500,0.36375,0
13500,0.364375,0
13500,0.365,0
13500,0.365625,0
13500,0.36625,0
13500,0.366875,0
13500,0.3675,0
13500,0.368125,0
13500,0.36875,0
13500,0.369375,0
13500,0.37,0
13500,0.370625,0
13500,0.37125,0
13500,0.371875,0
13500,0.3725,0
13500,0.373125,0
13500,0.37375,0
13500,0.374375,0
13500,0.375,0
13500,0.375625,0
13500,0.37625,0
13500,0.376875,0
13500,0.3775,0
13500,0.378125,0
13500,0.37875,0
13500,0.379375,0
13500,0.38,0
13500,0.380625,0
13500,0.38125,0
13500,0.381875,0
13500,0.3825,0
13500,0.383125,0
13500,0.38375,0
13500,0.384375,0
13500,0.385,0
13500,0.385625,0
13500,0.38625,0
13500,0.386875,0
13500,0.3875,0
13500,0.388125,0
13500,0.38875,0
13500,0.389375,0
13500,0.39,0
13500,0.390625,0
13500,0.39125,0
13500,0.391875,0
13500,0.3925,0
13500,0.393125,0
13500,0.39375,0
13500,0.394375,0
13500,0.395,0
13500,0.395625,0
13500,0.39625,0
13500,0.396875,0
13500,0.3975,0
13500,0.398125,0
13500,0.39875,0
13500,0.399375,0
13500,0.4,0
18000,-0.4,0
18000,-0.399375,0
18000,-0.39875,0
18000,-0.398125,0
18000,-0.3975,0
18000,-0.396875,0
18000,-0.39625,0
18000,-0.395625,0
18000,-0.395,0
18000,-0.394375,0
18000,-0.39375,0
18000,-0.393125,0
18000,-0.3925,0
18000,-0.391875,0
18000,-0.39125,0
18000,-0.390625,0
18000,-0.39,0
18000,-0.389375,0
18000,-0.38875,0
18000,-0.388125,0
18000,-0.3875,0
18000,-0.386875,0
18000,-0.38625,0
18000,-0.385625,0
18000,-0.385,0
18000,-0.384375,0
18000,-0.38375,0
18000,-0.383125,0
18000,-0.3825,0
18000,-0.381875,0
18000,-0.38125,0
18000,-0.380625,0
18000,-0.38,0
18000,-0.379375,0
18000,-0.37875,0
18000,-0.378125,0
18000,-0.3775,0
18000,-0.376875,0
18000,-0.37625,0
18000,-0.375625,0
18000,-0.375,0
18000,-0.374375,0
18000,-0.37375,0
18000,-0.373125,0
18000,-0.3725,0
18000,-0.371875,0
18000,-0.37125,0
18000,-0.370625,0
18000,-0.37,0
18000,-0.369375,0
18000,-0.36875,0
18000,-0.368125,0
18000,-0.3675,0
18000,-0.366875,0
18000,-0.36625,0
18000,-0.365625,0
18000,-0.365,0
18000,-0.364375,0
18000,-0.36375,0
18000,-0.363125,0
18000,-0.3625,0
18000,-0.361875,0
18000,-0.36125,0
18000,-0.360625,0
18000,-0.36,0
18000,-0.359375,0
18000,-0.35875,0
18000,-0.358125,0
18000,-0.3575,0
18000,-0.356875,0
18000,-0.35625,0
18000,-0.355625,0
18000,-0.355,0
18000,-0.354375,0
18000,-0.35375,0
18000,-0.353125,0
18000,-0.3525,0
18000,-0.351875,0
18000,-0.35125,0
18000,-0.350625,0
18000,-0.35,0
18000,-0.349375,0
18000,-0.34875,0
18000,-0.348125,0
18000,-0.3475,0
18000,-0.346875,0
18000,-0.34625,0
18000,-0.345625,0
18000,-0.345,0
18000,-0.344375,0
18000,-0.34375,0
18000,-0.343125,0
18000,-0.3425,0
18000,-0.341875,0
18000,-0.34125,0
18000,-0.340625,0
18000,-0.34,0
18000,-0.339375,0
18000,-0.33875,0
18000,-0.338125,0
18000,-0.3375,0
18000,-0.336875,0
18000,-0.33625,0
18000,-0.335625,0
18000,-0.335,0
18000,-0.334375,0
18000,-0.33375,0
18000,-0.333125,0
18000,-0.3325,0
18000,-0.331875,0
18000,-0.33125,0
18000,-0.330625,0
18000,-0.33,0
18000,-0.329375,0
18000,-0.32875,0
18000,-0.328125,0
18000,-0.3275,0
18000,-0.326875,0
18000,-0.32625,0
18000,-0.325625,0
18000,-0.325,0
18000,-0.324375,0
18000,-0.32375,0
18000,-0.323125,0
18000,-0.3225,0
18000,-0.321875,0
18000,-0.32125,0
18000,-0.320625,0
18000,-0.32,0
18000,-0.319375,0
18000,-0.31875,0
18000,-0.318125,0
18000,-0.3175,0
18000,-0.316875,0
18000,-0.31625,0
18000,-0.315625,0
18000,-0.315,0
18000,-0.314375,0
18000,-0.31375,0
18000,-0.313125,0
18000,-0.3125,0
18000,-0.311875,0
18000,-0.31125,0
18000,-0.310625,0
18000,-0.31,0
18000,-0.309375,0
18000,-0.30875,0
18000,-0.308125,0
18000,-0.3075,0
18000,-0.306875,0
18000,-0.30625,0
18000,-0.305625,0
18000,-0.305,0
18000,-0.304375,0
18000,-0.30375,0
18000,-0.303125,0
18000,-0.3025,0
18000,-0.301875,0
18000,-0.30125,0
18000,-0.300625,0
18000,-0.3,0
18000,-0.299375,0
18000,-0.29875,0
18000,-0.298125,0
18000,-0.2975,0
18000,-0.296875,0
18000,-0.29625,0
18000,-0.295625,0
18000,-0.295,0
18000,-0.294375,0
18000,-0.29375,0
18000,-0.293125,0
18000,-0.2925,0
18000,-0.291875,0
18000,-0.29125,0
18000,-0.290625,0
18000,-0.29,0
18000,-0.289375,0
18000,-0.28875,0
18000,-0.288125,0
18000,-0.2875,0
18000,-0.286875,0
18000,-0.28625,0
18000,-0.285625,0
18000,-0.285,0
18000,-0.284375,0
18000,-0.28375,0
18000,-0.283125,0
18000,-0.2825,0
18000,-0.281875,0
18000,-0.28125,0
18000,-0.280625,0
18000,-0.28,0
18000,-0.279375,0
18000,-0.27875,0
18000,-0.278125,0
18000,-0.2775,0
18000,-0.276875,0
18000,-0.27625,0
18000,-0.275625,0
18000,-0.275,0
18000,-0.274375,0
18000,-0.27375,0
18000,-0.273125,0
18000,-0.2725,0
18000,-0.271875,0
18000,-0.27125,0
18000,-0.270625,0
18000,-0.27,0
18000,-0.269375,0
18000,-0.26875,0
18000,-0.268125,0
18000,-0.2675,0
18000,-0.266875,0
18000,-0.26625,0
18000,-0.265625,0
18000,-0.265,0
18000,-0.264375,0
18000,-0.26375,0
18000,-0.263125,0
18000,-0.2625,0
18000,-0.261875,0
18000,-0.26125,0
18000,-0.260625,0
18000,-0.26,0
18000,-0.259375,0
18000,-0.25875,0
18000,-0.258125,0
18000,-0.2575,0
18000,-0.256875,0
18000,-0.25625,0
18000,-0.255625,0
18000,-0.255,0
18000,-0.254375,0
18000,-0.25375,0
18000,-0.253125,0
18000,-0.2525,0
18000,-0.251875,0
18000,-0.25125,0
18000,-0.250625,0
18000,-0.25,0
18000,-0.249375,0
18000,-0.24875,0
18000,-0.248125,0
18000,-0.2475,0
18000,-0.246875,0
18000,-0.24625,0
18000,-0.245625,0
18000,-0.245,0
18000,-0.244375,0
18000,-0.24375,0
18000,-0.243125,0
18000,-0.2425,0
18000,-0.241875,0
18000,-0.24125,0
18000,-0.240625,0
18000,-0.24,0
18000,-0.239375,0
18000,-0.23875,0
18000,-0.238125,0
18000,-0.2375,0
18000,-0.236875,0
18000,-0.23625,0
18000,-0.235625,0
18000,-0.235,0
18000,-0.234375,0
18000,-0.23375,0
18000,-0.233125,0
18000,-0.2325,0
18000,-0.231875,0
18000,-0.23125,0
18000,-0.230625,0
18000,-0.23,0
18000,-0.229375,0
18000,-0.22875,0
18000,-0.228125,0
18000,-0.2275,0
18000,-0.226875,0
18000,-0.22625,0
18000,-0.225625,0
18000,-0.225,0
18000,-0.224375,0
18000,-0.22375,0
18000,-0.223125,0
18000,-0.2225,0
18000,-0.221875,0
18000,-0.22125,0
18000,-0.220625,0
18000,-0.22,0
18000,-0.219375,0
18000,-0.21875,0
18000,-0.218125,0
18000,-0.2175,0
18000,-0.216875,0
18000,-0.21625,0
18000,-0.215625,0
18000,-0.215,0
18000,-0.214375,0
18000,-0.21375,0
18000,-0.213125,0
18000,-0.2125,-0.0005251298527
18000,-0.211875,-0.002871748759
18000,-0.21125,-0.006811654406
18000,-0.210625,-0.01219695863
18000,-0.21,-0.01897905397
18000,-0.209375,-0.02696857324
18000,-0.20875,-0.0360226709
18000,-0.208125,-0.04608005675
18000,-0.2075,-0.05707177629
18000,-0.206875,-0.06884665443
18000,-0.20625,-0.08136121424
18000,-0.205625,-0.09457459265
18000,-0.205,-0.1083627911
18000,-0.204375,-0.1227131691
18000,-0.20375,-0.1375653809
18000,-0.203125,-0.1528378768
18000,-0.2025,-0.1685515145
18000,-0.201875,-0.1846064533
18000,-0.20125,-0.2009950315
18000,-0.200625,-0.2176834316
18000,-0.2,-0.2346232783
18000,-0.199375,-0.2518211202
18000,-0.19875,-0.2692090165
18000,-0.198125,-0.2868120216
18000,-0.1975,-0.3045632761
18000,-0.196875,-0.3224821707
18000,-0.19625,-0.3405184259
18000,-0.195625,-0.3586858094
18000,-0.195,-0.3769416763
18000,-0.194375,-0.3953006238
18000,-0.19375,-0.4137226808
18000,-0.193125,-0.4322239318
18000,-0.1925,-0.4507704568
18000,-0.191875,-0.4693693875
18000,-0.19125,-0.4880025794
18000,-0.190625,-0.5066644605
18000,-0.19,-0.5253523271
18000,-0.189375,-0.544049574
18000,-0.18875,-0.562763565
18000,-0.188125,-0.5814774567
18000,-0.1875,-0.6001888321
18000,-0.186875,-0.6188981526
18000,-0.18625,-0.6375932588
18000,-0.185625,-0.6562748691
18000,-0.185,-0.6749399225
18000,-0.184375,-0.693580691
18000,-0.18375,-0.7121973315
18000,-0.183125,-0.7307879257
18000,-0.1825,-0.7493461633
18000,-0.181875,-0.7678704919
18000,-0.18125,-0.7863626671
18000,-0.180625,-0.8048160441
18000,-0.18,-0.8232290598
18000,-0.179375,-0.8416014302
18000,-0.17875,-0.8599322335
18000,-0.178125,-0.8782178182
18000,-0.1775,-0.8964569805
18000,-0.176875,-0.914648827
18000,-0.17625,-0.932793877
18000,-0.175625,-0.9508888707
18000,-0.175,-0.9689329108
18000,-0.174375,-0.9869251156
18000,-0.17375,-1.004864684
18000,-0.173125,-1.022752063
18000,-0.1725,-1.040585123
18000,-0.171875,-1.058363169
18000,-0.17125,-1.076085577
18000,-0.170625,-1.093751763
18000,-0.17,-1.111361179
18000,-0.169375,-1.128913323
18000,-0.16875,-1.146408267
18000,-0.168125,-1.163844902
18000,-0.1675,-1.181222805
18000,-0.166875,-1.198541588
18000,-0.16625,-1.215800886
18000,-0.165625,-1.233000357
18000,-0.165,-1.25013968
18000,-0.164375,-1.267218554
18000,-0.16375,-1.284236696
18000,-0.163125,-1.301193842
18000,-0.1625,-1.318089741
18000,-0.161875,-1.334924163
18000,-0.16125,-1.351696886
18000,-0.160625,-1.368407708
18000,-0.16,-1.385056434
18000,-0.159375,-1.401642885
18000,-0.15875,-1.418166891
18000,-0.158125,-1.434628293
18000,-0.1575,-1.451026942
18000,-0.156875,-1.467362698
18000,-0.15625,-1.483635431
18000,-0.155625,-1.499845016
18000,-0.155,-1.515991339
18000,-0.154375,-1.532074292
18000,-0.15375,-1.548093772
18000,-0.153125,-1.564049685
18000,-0.1525,-1.57994194
18000,-0.151875,-1.595770455
18000,-0.15125,-1.611535189
18000,-0.150625,-1.627236154
18000,-0.15,-1.642873147
18000,-0.149375,-1.658446105
18000,-0.14875,-1.673954968
18000,-0.148125,-1.689399677
18000,-0.1475,-1.704780178
18000,-0.146875,-1.720096425
18000,-0.14625,-1.735348527
18000,-0.145625,-1.750536283
18000,-0.145,-1.765659636
18000,-0.144375,-1.780718547
18000,-0.14375,-1.795712982
18000,-0.143125,-1.81064298
18000,-0.1425,-1.825508532
18000,-0.141875,-1.840309493
18000,-0.14125,-1.855045837
18000,-0.140625,-1.869717544
18000,-0.14,-1.884324728
18000,-0.139375,-1.898867241
18000,-0.13875,-1.913345028
18000,-0.138125,-1.927758074
18000,-0.1375,-1.94210649
18000,-0.136875,-1.956390151
18000,-0.13625,-1.970609002
18000,-0.135625,-1.984763048
18000,-0.135,-1.998852406
18000,-0.134375,-2.012876892
18000,-0.13375,-2.026836506
18000,-0.133125,-2.04073135
18000,-0.1325,-2.054561328
18000,-0.131875,-2.068326386
18000,-0.13125,-2.082026607
18000,-0.130625,-2.095661948
18000,-0.13,-2.109232333
18000,-0.129375,-2.122737847
18000,-0.12875,-2.136178443
18000,-0.128125,-2.149554052
18000,-0.1275,-2.162864787
18000,-0.126875,-2.176110544
18000,-0.12625,-2.189291304
18000,-0.125625,-2.202407179
18000,-0.125,-2.21545802
18000,-0.124375,-2.228443903
18000,-0.12375,-2.24136481
18000,-0.123125,-2.254220673
18000,-0.1225,-2.26701162
18000,-0.121875,-2.2797375
18000,-0.12125,-2.292398406
18000,-0.120625,-2.304994285
18000,-0.12,-2.317525133
18000,-0.119375,-2.329990989
18000,-0.11875,-2.342391769
18000,-0.118125,-2.354727581
18000,-0.1175,-2.366998296
18000,-0.116875,-2.379204031
18000,-0.11625,-2.391344674
18000,-0.115625,-2.403420312
18000,-0.115,-2.415430866
18000,-0.114375,-2.427376398
18000,-0.11375,-2.439256849
18000,-0.113125,-2.451072267
18000,-0.1125,-2.462822601
18000,-0.111875,-2.474507897
18000,-0.11125,-2.486128102
18000,-0.110625,-2.497683269
18000,-0.11,-2.509173333
18000,-0.109375,-2.520598366
18000,-0.10875,-2.531958279
18000,-0.108125,-2.54325317
18000,-0.1075,-2.554482939
18000,-0.106875,-2.565647666
18000,-0.10625,-2.576747289
18000,-0.105625,-2.587781841
18000,-0.105,-2.598751311
18000,-0.104375,-2.609655681
18000,-0.10375,-2.620494995
18000,-0.103125,-2.631269188
18000,-0.1025,-2.641978328
18000,-0.101875,-2.65262236
18000,-0.10125,-2.6632013
18000,-0.100625,-2.673715166
18000,-0.1,-2.684163913
18000,-0.099375,-2.694547599
18000,-0.09875,-2.704866175
18000,-0.098125,-2.715119631
18000,-0.0975,-2.725307969
18000,-0.096875,-2.735431189
18000,-0.09625,-2.74548929
18000,-0.095625,-2.755482274
18000,-0.095,-2.76541014
18000,-0.094375,-2.775272889
18000,-0.09375,-2.785070522
18000,-0.093125,-2.794803038
18000,-0.0925,-2.804470438
18000,-0.091875,-2.814072722
18000,-0.09125,-2.823609891
18000,-0.090625,-2.833081944
18000,-0.09,-2.842488883
18000,-0.089375,-2.851830707
18000,-0.08875,-2.861107417
18000,-0.088125,-2.870319013
18000,-0.0875,-2.879465495
18000,-0.086875,-2.888546864
18000,-0.08625,-2.89756312
18000,-0.085625,-2.906514263
18000,-0.085,-2.915400294
18000,-0.084375,-2.924221213
18000,-0.08375,-2.932977019
18000,-0.083125,-2.941667714
18000,-0.0825,-2.950293298
18000,-0.081875,-2.958853771
18000,-0.08125,-2.967349133
18000,-0.080625,-2.975779384
18000,-0.08,-2.984144525
18000,-0.079375,-2.992444557
18000,-0.07875,-3.000679478
18000,-0.078125,-3.008849291
18000,-0.0775,-3.016953994
18000,-0.076875,-3.024993588
18000,-0.07625,-3.032968074
18000,-0.075625,-3.040877451
18000,-0.075,-3.048721721
18000,-0.074375,-3.056500882
18000,-0.07375,-3.064214936
18000,-0.073125,-3.071863882
18000,-0.0725,-3.079447722
18000,-0.071875,-3.086966455
18000,-0.07125,-3.094420081
18000,-0.070625,-3.101808601
18000,-0.07,-3.109132014
18000,-0.069375,-3.116390322
18000,-0.06875,-3.123583524
18000,-0.068125,-3.130711621
18000,-0.0675,-3.137774613
18000,-0.066875,-3.1447725
18000,-0.06625,-3.151705282
18000,-0.065625,-3.15857296
18000,-0.065,-3.165375533
18000,-0.064375,-3.172113003
18000,-0.06375,-3.178785368
18000,-0.063125,-3.18539263
18000,-0.0625,-3.191934789
18000,-0.061875,-3.198411844
18000,-0.06125,-3.204823797
18000,-0.060625,-3.211170647
18000,-0.06,-3.217452394
18000,-0.059375,-3.223669039
18000,-0.05875,-3.229820582
18000,-0.058125,-3.235907023
18000,-0.0575,-3.241928362
18000,-0.056875,-3.2478846
18000,-0.05625,-3.253775736
18000,-0.055625,-3.259601772
18000,-0.055,-3.265362706
18000,-0.054375,-3.27105854
18000,-0.05375,-3.276689273
18000,-0.053125,-3.282254905
18000,-0.0525,-3.287755438
18000,-0.051875,-3.29319087
18000,-0.05125,-3.298561203
18000,-0.050625,-3.303866436
18000,-0.05,-3.309106569
18000,-0.049375,-3.314281603
18000,-0.04875,-3.319391538
18000,-0.048125,-3.324436374
18000,-0.0475,-3.329416111
18000,-0.046875,-3.33433075
18000,-0.04625,-3.33918029
18000,-0.045625,-3.343964731
18000,-0.045,-3.348684075
18000,-0.044375,-3.35333832
18000,-0.04375,-3.357927468
18000,-0.043125,-3.362451517
18000,-0.0425,-3.36691047
18000,-0.041875,-3.371304324
18000,-0.04125,-3.375633082
18000,-0.040625,-3.379896742
18000,-0.04,-3.384095305
18000,-0.039375,-3.388228772
18000,-0.03875,-3.392297141
18000,-0.038125,-3.396300414
18000,-0.0375,-3.400238591
18000,-0.036875,-3.404111671
18000,-0.03625,-3.407919655
18000,-0.035625,-3.411662543
18000,-0.035,-3.415340335
18000,-0.034375,-3.418953031
18000,-0.03375,-3.422500631
18000,-0.033125,-3.425983136
18000,-0.0325,-3.429400545
18000,-0.031875,-3.432752858
18000,-0.03125,-3.436040077
18000,-0.030625,-3.4392622
18000,-0.03,-3.442419228
18000,-0.029375,-3.445511161
18000,-0.02875,-3.448538
18000,-0.028125,-3.451499743
18000,-0.0275,-3.454396392
18000,-0.026875,-3.457227946
18000,-0.02625,-3.459994406
18000,-0.025625,-3.462695772
18000,-0.025,-3.465332043
18000,-0.024375,-3.467903219
18000,-0.02375,-3.470409302
18000,-0.023125,-3.472850291
18000,-0.0225,-3.475226185
18000,-0.021875,-3.477536986
18000,-0.02125,-3.479782693
18000,-0.020625,-3.481963306
18000,-0.02,-3.484078825
18000,-0.019375,-3.486129251
18000,-0.01875,-3.488114584
18000,-0.018125,-3.490034822
18000,-0.0175,-3.491889968
18000,-0.016875,-3.49368002
18000,-0.01625,-3.495404978
18000,-0.015625,-3.497064844
18000,-0.015,-3.498659616
18000,-0.014375,-3.500189295
18000,-0.01375,-3.501653881
18000,-0.013125,-3.503053374
18000,-0.0125,-3.504387774
18000,-0.011875,-3.505657081
18000,-0.01125,-3.506861295
18000,-0.010625,-3.508000416
18000,-0.01,-3.509074445
18000,-0.009375,-3.51008338
18000,-0.00875,-3.511027223
18000,-0.008125,-3.511905973
18000,-0.0075,-3.51271963
18000,-0.006875,-3.513468195
18000,-0.00625,-3.514151667
18000,-0.005625,-3.514770046
18000,-0.005,-3.515323333
18000,-0.004375,-3.515811527
18000,-0.00375,-3.516234629
18000,-0.003125,-3.516592638
18000,-0.0025,-3.516885554
18000,-0.001875,-3.517113378
18000,-0.00125,-3.517276109
18000,-0.000625,-3.517373748
18000,-8.54872e-15,-3.517406294
18000,0.000625,-3.517373748
18000,0.00125,-3.517276109
18000,0.001875,-3.517113378
18000,0.0025,-3.516885554
18000,0.003125,-3.516592638
18000,0.00375,-3.516234629
18000,0.004375,-3.515811527
18000,0.005,-3.515323333
18000,0.005625,-3.514770046
18000,0.00625,-3.514151667
18000,0.006875,-3.513468195
18000,0.0075,-3.51271963
18000,0.008125,-3.511905973
18000,0.00875,-3.511027223
18000,0.009375,-3.51008338
18000,0.01,-3.509074445
18000,0.010625,-3.508000416
18000,0.01125,-3.506861295
18000,0.011875,-3.505657081
18000,0.0125,-3.504387774
18000,0.013125,-3.503053374
18000,0.01375,-3.501653881
18000,0.014375,-3.500189295
18000,0.015,-3.498659616
18000,0.015625,-3.497064844
18000,0.01625,-3.495404978
18000,0.016875,-3.49368002
18000,0.0175,-3.491889968
18000,0.018125,-3.490034822
18000,0.01875,-3.488114584
18000,0.019375,-3.486129251
18000,0.02,-3.484078825
18000,0.020625,-3.481963306
18000,0.02125,-3.479782693
18000,0.021875,-3.477536986
18000,0.0225,-3.475226185
18000,0.023125,-3.472850291
18000,0.02375,-3.470409302
18000,0.024375,-3.467903219
18000,0.025,-3.465332043
18000,0.025625,-3.462695772
18000,0.02625,-3.459994406
18000,0.026875,-3.457227946
18000,0.0275,-3.454396392
18000,0.028125,-3.451499743
18000,0.02875,-3.448538
18000,0.029375,-3.445511161
18000,0.03,-3.442419228
18000,0.030625,-3.4392622
18000,0.03125,-3.436040077
18000,0.031875,-3.432752858
18000,0.0325,-3.429400545
18000,0.033125,-3.425983136
18000,0.03375,-3.422500631
18000,0.034375,-3.418953031
18000,0.035,-3.415340335
18000,0.035625,-3.411662543
18000,0.03625,-3.407919655
18000,0.036875,-3.404111671
18000,0.0375,-3.400238591
18000,0.038125,-3.396300414
18000,0.03875,-3.392297141
18000,0.039375,-3.388228772
18000,0.04,-3.384095305
18000,0.040625,-3.379896742
18000,0.04125,-3.375633082
18000,0.041875,-3.371304324
18000,0.0425,-3.36691047
18000,0.043125,-3.362451517
18000,0.04375,-3.357927468
18000,0.044375,-3.35333832
18000,0.045,-3.348684075
18000,0.045625,-3.343964731
18000,0.04625,-3.33918029
18000,0.046875,-3.33433075
18000,0.0475,-3.329416111
18000,0.048125,-3.324436374
18000,0.04875,-3.319391538
18000,0.049375,-3.314281603
18000,0.05,-3.309106569
18000,0.050625,-3.303866436
18000,0.05125,-3.298561203
18000,0.051875,-3.29319087
18000,0.0525,-3.287755438
18000,0.053125,-3.282254905
18000,0.05375,-3.276689273
18000,0.054375,-3.27105854
18000,0.055,-3.265362706
18000,0.055625,-3.259601772
18000,0.05625,-3.253775736
18000,0.056875,-3.2478846
18000,0.0575,-3.241928362
18000,0.058125,-3.235907023
18000,0.05875,-3.229820582
18000,0.059375,-3.223669039
18000,0.06,-3.217452394
18000,0.060625,-3.211170647
18000,0.06125,-3.204823797
18000,0.061875,-3.198411844
18000,0.0625,-3.191934789
18000,0.063125,-3.18539263
18000,0.06375,-3.178785368
18000,0.064375,-3.172113003
18000,0.065,-3.165375533
18000,0.065625,-3.15857296
18000,0.06625,-3.151705282
18000,0.066875,-3.1447725
18000,0.0675,-3.137774613
18000,0.068125,-3.130711621
18000,0.06875,-3.123583524
18000,0.069375,-3.116390322
18000,0.07,-3.109132014
18000,0.070625,-3.101808601
18000,0.07125,-3.094420081
18000,0.071875,-3.086966455
18000,0.0725,-3.079447722
18000,0.073125,-3.071863882
18000,0.07375,-3.064214936
18000,0.074375,-3.056500882
18000,0.075,-3.048721721
18000,0.075625,-3.040877451
18000,0.07625,-3.032968074
18000,0.076875,-3.024993588
18000,0.0775,-3.016953994
18000,0.078125,-3.008849291
18000,0.07875,-3.000679478
18000,0.079375,-2.992444557
18000,0.08,-2.984144525
18000,0.080625,-2.975779384
18000,0.08125,-2.967349133
18000,0.081875,-2.958853771
18000,0.0825,-2.950293298
18000,0.083125,-2.941667714
18000,0.08375,-2.932977019
18000,0.084375,-2.924221213
18000,0.085,-2.915400294
18000,0.085625,-2.906514263
18000,0.08625,-2.89756312
18000,0.086875,-2.888546864
18000,0.0875,-2.879465495
18000,0.088125,-2.870319013
18000,0.08875,-2.861107417
18000,0.089375,-2.851830707
18000,0.09,-2.842488883
18000,0.090625,-2.833081944
18000,0.09125,-2.823609891
18000,0.091875,-2.814072722
18000,0.0925,-2.804470438
18000,0.093125,-2.794803038
18000,0.09375,-2.785070522
18000,0.094375,-2.775272889
18000,0.095,-2.76541014
18000,0.095625,-2.755482274
18000,0.09625,-2.74548929
18000,0.096875,-2.735431189
18000,0.0975,-2.725307969
18000,0.098125,-2.715119631
18000,0.09875,-2.704866175
18000,0.099375,-2.694547599
18000,0.1,-2.684163913
18000,0.100625,-2.673715166
18000,0.10125,-2.6632013
18000,0.101875,-2.65262236
18000,0.1025,-2.641978328
18000,0.103125,-2.631269188
18000,0.10375,-2.620494995
18000,0.104375,-2.609655681
18000,0.105,-2.598751311
18000,0.105625,-2.587781841
18000,0.10625,-2.576747289
18000,0.106875,-2.565647666
18000,0.1075,-2.554482939
18000,0.108125,-2.54325317
18000,0.10875,-2.531958279
18000,0.109375,-2.520598366
18000,0.11,-2.509173333
18000,0.110625,-2.497683269
18000,0.11125,-2.486128102
18000,0.111875,-2.474507897
18000,0.1125,-2.462822601
18000,0.113125,-2.451072267
18000,0.11375,-2.439256849
18000,0.114375,-2.427376398
18000,0.115,-2.415430866
18000,0.115625,-2.403420312
18000,0.11625,-2.391344674
18000,0.116875,-2.379204031
18000,0.1175,-2.366998296
18000,0.118125,-2.354727581
18000,0.11875,-2.342391769
18000,0.119375,-2.329990989
18000,0.12,-2.317525133
18000,0.120625,-2.304994285
18000,0.12125,-2.292398406
18000,0.121875,-2.2797375
18000,0.1225,-2.26701162
18000,0.123125,-2.254220673
18000,0.12375,-2.24136481
18000,0.124375,-2.228443903
18000,0.125,-2.21545802
18000,0.125625,-2.202407179
18000,0.12625,-2.189291304
18000,0.126875,-2.176110544
18000,0.1275,-2.162864787
18000,0.128125,-2.149554052
18000,0.12875,-2.136178443
18000,0.129375,-2.122737847
18000,0.13,-2.109232333
18000,0.130625,-2.095661948
18000,0.13125,-2.082026607
18000,0.131875,-2.068326386
18000,0.1325,-2.054561328
18000,0.133125,-2.04073135
18000,0.13375,-2.026836506
18000,0.134375,-2.012876892
18000,0.135,-1.998852406
18000,0.135625,-1.984763048
18000,0.13625,-1.970609002
18000,0.136875,-1.956390151
18000,0.1375,-1.94210649
18000,0.138125,-1.927758074
18000,0.13875,-1.913345028
18000,0.139375,-1.898867241
18000,0.14,-1.884324728
18000,0.140625,-1.869717544
18000,0.14125,-1.855045837
18000,0.141875,-1.840309493
18000,0.1425,-1.825508532
18000,0.143125,-1.81064298
18000,0.14375,-1.795712982
18000,0.144375,-1.780718547
18000,0.145,-1.765659636
18000,0.145625,-1.750536283
18000,0.14625,-1.735348527
18000,0.146875,-1.720096425
18000,0.1475,-1.704780178
18000,0.148125,-1.689399677
18000,0.14875,-1.673954968
18000,0.149375,-1.658446105
18000,0.15,-1.642873147
18000,0.150625,-1.627236154
18000,0.15125,-1.611535189
18000,0.151875,-1.595770455
18000,0.1525,-1.57994194
18000,0.153125,-1.564049685
18000,0.15375,-1.548093772
18000,0.154375,-1.532074292
18000,0.155,-1.515991339
18000,0.155625,-1.499845016
18000,0.15625,-1.483635431
18000,0.156875,-1.467362698
18000,0.1575,-1.451026942
18000,0.158125,-1.434628293
18000,0.15875,-1.418166891
18000,0.159375,-1.401642885
18000,0.16,-1.385056434
18000,0.160625,-1.368407708
18000,0.16125,-1.351696886
18000,0.161875,-1.334924163
18000,0.1625,-1.318089741
18000,0.163125,-1.301193842
18000,0.16375,-1.284236696
18000,0.164375,-1.267218554
18000,0.165,-1.25013968
18000,0.165625,-1.233000357
18000,0.16625,-1.215800886
18000,0.166875,-1.198541588
18000,0.1675,-1.181222805
18000,0.168125,-1.163844902
18000,0.16875,-1.146408267
18000,0.169375,-1.128913323
18000,0.17,-1.111361179
18000,0.170625,-1.093751763
18000,0.17125,-1.076085577
18000,0.171875,-1.058363169
18000,0.1725,-1.040585123
18000,0.173125,-1.022752063
18000,0.17375,-1.004864684
18000,0.174375,-0.9869251156
18000,0.175,-0.9689329108
18000,0.175625,-0.9508888707
18000,0.17625,-0.932793877
18000,0.176875,-0.914648827
18000,0.1775,-0.8964569805
18000,0.178125,-0.8782178182
18000,0.17875,-0.8599322335
18000,0.179375,-0.8416014302
18000,0.18,-0.8232290598
18000,0.180625,-0.8048160441
18000,0.18125,-0.7863626671
18000,0.181875,-0.7678704919
18000,0.1825,-0.7493461633
18000,0.183125,-0.7307879257
18000,0.18375,-0.7121973315
18000,0.184375,-0.693580691
18000,0.185,-0.6749399225
18000,0.185625,-0.6562748691
18000,0.18625,-0.6375932588
18000,0.186875,-0.6188981526
18000,0.1875,-0.6001888321
18000,0.188125,-0.5814774567
18000,0.18875,-0.562763565
18000,0.189375,-0.544049574
18000,0.19,-0.5253523271
18000,0.190625,-0.5066644605
18000,0.19125,-0.4880025794
18000,0.191875,-0.4693693875
18000,0.1925,-0.4507704568
18000,0.193125,-0.4322239318
18000,0.19375,-0.4137226808
18000,0.194375,-0.3953006238
18000,0.195,-0.3769416763
18000,0.195625,-0.3586858094
18000,0.19625,-0.3405184259
18000,0.196875,-0.3224821707
18000,0.1975,-0.3045632761
18000,0.198125,-0.2868120216
18000,0.19875,-0.2692090165
18000,0.199375,-0.2518211202
18000,0.2,-0.2346232783
18000,0.200625,-0.2176834316
18000,0.20125,-0.2009950315
18000,0.201875,-0.1846064533
18000,0.2025,-0.1685515145
18000,0.203125,-0.1528378768
18000,0.20375,-0.1375653809
18000,0.204375,-0.1227131691
18000,0.205,-0.1083627911
18000,0.205625,-0.09457459265
18000,0.20625,-0.08136121424
18000,0.206875,-0.06884665443
18000,0.2075,-0.05707177629
18000,0.208125,-0.04608005675
18000,0.20875,-0.0360226709
18000,0.209375,-0.02696857324
18000,0.21,-0.01897905397
18000,0.210625,-0.01219695863
18000,0.21125,-0.006811654406
18000,0.211875,-0.002871748759
18000,0.2125,-0.0005251298527
18000,0.213125,0
18000,0.21375,0
18000,0.214375,0
18000,0.215,0
18000,0.215625,0
18000,0.21625,0
18000,0.216875,0
18000,0.2175,0
18000,0.218125,0
18000,0.21875,0
18000,0.219375,0
18000,0.22,0
18000,0.220625,0
18000,0.22125,0
18000,0.221875,0
18000,0.2225,0
18000,0.223125,0
18000,0.22375,0
18000,0.224375,0
18000,0.225,0
18000,0.225625,0
18000,0.22625,0
18000,0.226875,0
18000,0.2275,0
18000,0.228125,0
18000,0.22875,0
18000,0.229375,0
18000,0.23,0
18000,0.230625,0
18000,0.23125,0
18000,0.231875,0
18000,0.2325,0
18000,0.233125,0
18000,0.23375,0
18000,0.234375,0
18000,0.235,0
18000,0.235625,0
18000,0.23625,0
18000,0.236875,0
18000,0.2375,0
18000,0.238125,0
18000,0.23875,0
18000,0.239375,0
18000,0.24,0
18000,0.240625,0
18000,0.24125,0
18000,0.241875,0
18000,0.2425,0
18000,0.243125,0
18000,0.24375,0
18000,0.244375,0
18000,0.245,0
18000,0.245625,0
18000,0.24625,0
18000,0.246875,0
18000,0.2475,0
18000,0.248125,0
18000,0.24875,0
18000,0.249375,0
18000,0.25,0
18000,0.250625,0
18000,0.25125,0
18000,0.251875,0
18000,0.2525,0
18000,0.253125,0
18000,0.25375,0
18000,0.254375,0
18000,0.255,0
18000,0.255625,0
18000,0.25625,0
18000,0.256875,0
18000,0.2575,0
18000,0.258125,0
18000,0.25875,0
18000,0.259375,0
18000,0.26,0
18000,0.260625,0
18000,0.26125,0
18000,0.261875,0
18000,0.2625,0
18000,0.263125,0
18000,0.26375,0
18000,0.264375,0
18000,0.265,0
18000,0.265625,0
18000,0.26625,0
18000,0.266875,0
18000,0.2675,0
18000,0.268125,0
18000,0.26875,0
18000,0.269375,0
18000,0.27,0
18000,0.270625,0
18000,0.27125,0
18000,0.271875,0
18000,0.2725,0
18000,0.273125,0
18000,0.27375,0
18000,0.274375,0
18000,0.275,0
18000,0.275625,0
18000,0.27625,0
18000,0.276875,0
18000,0.2775,0
18000,0.278125,0
18000,0.27875,0
18000,0.279375,0
18000,0.28,0
18000,0.280625,0
18000,0.28125,0
18000,0.281875,0
18000,0.2825,0
18000,0.283125,0
18000,0.28375,0
18000,0.284375,0
18000,0.285,0
18000,0.285625,0
18000,0.28625,0
18000,0.286875,0
18000,0.2875,0
18000,0.288125,0
18000,0.28875,0
18000,0.289375,0
18000,0.29,0
18000,0.290625,0
18000,0.29125,0
18000,0.291875,0
18000,0.2925,0
18000,0.293125,0
18000,0.29375,0
18000,0.294375,0
18000,0.295,0
18000,0.295625,0
18000,0.29625,0
18000,0.296875,0
18000,0.2975,0
18000,0.298125,0
18000,0.29875,0
18000,0.299375,0
18000,0.3,0
18000,0.300625,0
18000,0.30125,0
18000,0.301875,0
18000,0.3025,0
18000,0.303125,0
18000,0.30375,0
18000,0.304375,0
18000,0.305,0
18000,0.305625,0
18000,0.30625,0
18000,0.306875,0
18000,0.3075,0
18000,0.308125,0
18000,0.30875,0
18000,0.309375,0
18000,0.31,0
18000,0.310625,0
18000,0.31125,0
18000,0.311875,0
18000,0.3125,0
18000,0.313125,0
18000,0.31375,0
18000,0.314375,0
18000,0.315,0
18000,0.315625,0
18000,0.31625,0
18000,0.316875,0
18000,0.3175,0
18000,0.318125,0
18000,0.31875,0
18000,0.319375,0
18000,0.32,0
18000,0.320625,0
18000,0.32125,0
18000,0.321875,0
18000,0.3225,0
18000,0.323125,0
18000,0.32375,0
18000,0.324375,0
18000,0.325,0
18000,0.325625,0
18000,0.32625,0
18000,0.326875,0
18000,0.3275,0
18000,0.328125,0
18000,0.32875,0
18000,0.329375,0
18000,0.33,0
18000,0.330625,0
18000,0.33125,0
18000,0.331875,0
18000,0.3325,0
18000,0.333125,0
18000,0.33375,0
18000,0.334375,0
18000,0.335,0
18000,0.335625,0
18000,0.33625,0
18000,0.336875,0
18000,0.3375,0
18000,0.338125,0
18000,0.33875,0
18000,0.339375,0
18000,0.34,0
18000,0.340625,0
18000,0.34125,0
18000,0.341875,0
18000,0.3425,0
18000,0.343125,0
18000,0.34375,0
18000,0.344375,0
18000,0.345,0
18000,0.345625,0
18000,0.34625,0
18000,0.346875,0
18000,0.3475,0
18000,0.348125,0
18000,0.34875,0
18000,0.349375,0
18000,0.35,0
18000,0.350625,0
18000,0.35125,0
18000,0.351875,0
18000,0.3525,0
18000,0.353125,0
18000,0.35375,0
18000,0.354375,0
18000,0.355,0
18000,0.355625,0
18000,0.35625,0
18000,0.356875,0
18000,0.3575,0
18000,0.358125,0
18000,0.35875,0
18000,0.359375,0
18000,0.36,0
18000,0.360625,0
18000,0.36125,0
18000,0.361875,0
18000,0.3625,0
18000,0.363125,0
18000,0.36375,0
18000,0.364375,0
18000,0.365,0
18000,0.365625,0
18000,0.36625,0
18000,0.366875,0
18000,0.3675,0
18000,0.368125,0
18000,0.36875,0
18000,0.369375,0
18000,0.37,0
18000,0.370625,0
18000,0.37125,0
18000,0.371875,0
18000,0.3725,0
18000,0.373125,0
18000,0.37375,0
18000,0.374375,0
18000,0.375,0
18000,0.375625,0
18000,0.37625,0
18000,0.376875,0
18000,0.3775,0
18000,0.378125,0
18000,0.37875,0
18000,0.379375,0
18000,0.38,0
18000,0.380625,0
18000,0.38125,0
18000,0.381875,0
18000,0.3825,0
18000,0.383125,0
18000,0.38375,0
18000,0.384375,0
18000,0.385,0
18000,0.385625,0
18000,0.38625,0
18000,0.386875,0
18000,0.3875,0
18000,0.388125,0
18000,0.38875,0
18000,0.389375,0
18000,0.39,0
18000,0.390625,0
18000,0.39125,0
18000,0.391875,0
18000,0.3925,0
18000,0.393125,0
18000,0.39375,0
18000,0.394375,0
18000,0.395,0
18000,0.395625,0
18000,0.39625,0
18000,0.396875,0
18000,0.3975,0
18000,0.398125,0
18000,0.39875,0
18000,0.399375,0
18000,0.4,0
