# LevelSetWear, data of Fig. 13 of
# I. Llavori, Wear simulation on a fixed mesh with level sets
# and immersed frictional contact,
# submitted for publication. Mondragon Unibertsitatea.
# https://github.com/illavori/LevelSetWear       BSD 3-Clause
# self-consistent Winkler wear model: rigid cylinder R = 6 mm on a flat, gross slip, Archard,
# k = 2.9e-8 MPa^-1, cycle jump 100, narrow band level set update of Section 4.3 (kernel of
# radius le = 10 um, Eq. 18 at every update) against the height function, grid spacing
# dx = le/16 = 0.625 um (protoNBLS.py)
# worn profile y of the level set (zero contour at the grid columns, nan where not found)
cycles,x_mm,y_um
4500,-0.4,-2.493664997e-14
4500,-0.399375,-2.493664997e-14
4500,-0.39875,-2.493664997e-14
4500,-0.398125,-2.493664997e-14
4500,-0.3975,-2.493664997e-14
4500,-0.396875,-2.493664997e-14
4500,-0.39625,-2.493664997e-14
4500,-0.395625,-2.493664997e-14
4500,-0.395,-2.493664997e-14
4500,-0.394375,-2.493664997e-14
4500,-0.39375,-2.493664997e-14
4500,-0.393125,-2.493664997e-14
4500,-0.3925,-2.493664997e-14
4500,-0.391875,-2.493664997e-14
4500,-0.39125,-2.493664997e-14
4500,-0.390625,-2.493664997e-14
4500,-0.39,-2.493664997e-14
4500,-0.389375,-2.493664997e-14
4500,-0.38875,-2.493664997e-14
4500,-0.388125,-2.493664997e-14
4500,-0.3875,-2.493664997e-14
4500,-0.386875,-2.493664997e-14
4500,-0.38625,-2.493664997e-14
4500,-0.385625,-2.493664997e-14
4500,-0.385,-2.493664997e-14
4500,-0.384375,-2.493664997e-14
4500,-0.38375,-2.493664997e-14
4500,-0.383125,-2.493664997e-14
4500,-0.3825,-2.493664997e-14
4500,-0.381875,-2.493664997e-14
4500,-0.38125,-2.493664997e-14
4500,-0.380625,-2.493664997e-14
4500,-0.38,-2.493664997e-14
4500,-0.379375,-2.493664997e-14
4500,-0.37875,-2.493664997e-14
4500,-0.378125,-2.493664997e-14
4500,-0.3775,-2.493664997e-14
4500,-0.376875,-2.493664997e-14
4500,-0.37625,-2.493664997e-14
4500,-0.375625,-2.493664997e-14
4500,-0.375,-2.493664997e-14
4500,-0.374375,-2.493664997e-14
4500,-0.37375,-2.493664997e-14
4500,-0.373125,-2.493664997e-14
4500,-0.3725,-2.493664997e-14
4500,-0.371875,-2.493664997e-14
4500,-0.37125,-2.493664997e-14
4500,-0.370625,-2.493664997e-14
4500,-0.37,-2.493664997e-14
4500,-0.369375,-2.493664997e-14
4500,-0.36875,-2.493664997e-14
4500,-0.368125,-2.493664997e-14
4500,-0.3675,-2.493664997e-14
4500,-0.366875,-2.493664997e-14
4500,-0.36625,-2.493664997e-14
4500,-0.365625,-2.493664997e-14
4500,-0.365,-2.493664997e-14
4500,-0.364375,-2.493664997e-14
4500,-0.36375,-2.493664997e-14
4500,-0.363125,-2.493664997e-14
4500,-0.3625,-2.493664997e-14
4500,-0.361875,-2.493664997e-14
4500,-0.36125,-2.493664997e-14
4500,-0.360625,-2.493664997e-14
4500,-0.36,-2.493664997e-14
4500,-0.359375,-2.493664997e-14
4500,-0.35875,-2.493664997e-14
4500,-0.358125,-2.493664997e-14
4500,-0.3575,-2.493664997e-14
4500,-0.356875,-2.493664997e-14
4500,-0.35625,-2.493664997e-14
4500,-0.355625,-2.493664997e-14
4500,-0.355,-2.493664997e-14
4500,-0.354375,-2.493664997e-14
4500,-0.35375,-2.493664997e-14
4500,-0.353125,-2.493664997e-14
4500,-0.3525,-2.493664997e-14
4500,-0.351875,-2.493664997e-14
4500,-0.35125,-2.493664997e-14
4500,-0.350625,-2.493664997e-14
4500,-0.35,-2.493664997e-14
4500,-0.349375,-2.493664997e-14
4500,-0.34875,-2.493664997e-14
4500,-0.348125,-2.493664997e-14
4500,-0.3475,-2.493664997e-14
4500,-0.346875,-2.493664997e-14
4500,-0.34625,-2.493664997e-14
4500,-0.345625,-2.493664997e-14
4500,-0.345,-2.493664997e-14
4500,-0.344375,-2.493664997e-14
4500,-0.34375,-2.493664997e-14
4500,-0.343125,-2.493664997e-14
4500,-0.3425,-2.493664997e-14
4500,-0.341875,-2.493664997e-14
4500,-0.34125,-2.493664997e-14
4500,-0.340625,-2.493664997e-14
4500,-0.34,-2.493664997e-14
4500,-0.339375,-2.493664997e-14
4500,-0.33875,-2.493664997e-14
4500,-0.338125,-2.493664997e-14
4500,-0.3375,-2.493664997e-14
4500,-0.336875,-2.493664997e-14
4500,-0.33625,-2.493664997e-14
4500,-0.335625,-2.493664997e-14
4500,-0.335,-2.493664997e-14
4500,-0.334375,-2.493664997e-14
4500,-0.33375,-2.493664997e-14
4500,-0.333125,-2.493664997e-14
4500,-0.3325,-2.493664997e-14
4500,-0.331875,-2.493664997e-14
4500,-0.33125,-2.493664997e-14
4500,-0.330625,-2.493664997e-14
4500,-0.33,-2.493664997e-14
4500,-0.329375,-2.493664997e-14
4500,-0.32875,-2.493664997e-14
4500,-0.328125,-2.493664997e-14
4500,-0.3275,-2.493664997e-14
4500,-0.326875,-2.493664997e-14
4500,-0.32625,-2.493664997e-14
4500,-0.325625,-2.493664997e-14
4500,-0.325,-2.493664997e-14
4500,-0.324375,-2.493664997e-14
4500,-0.32375,-2.493664997e-14
4500,-0.323125,-2.493664997e-14
4500,-0.3225,-2.493664997e-14
4500,-0.321875,-2.493664997e-14
4500,-0.32125,-2.493664997e-14
4500,-0.320625,-2.493664997e-14
4500,-0.32,-2.493664997e-14
4500,-0.319375,-2.493664997e-14
4500,-0.31875,-2.493664997e-14
4500,-0.318125,-2.493664997e-14
4500,-0.3175,-2.493664997e-14
4500,-0.316875,-2.493664997e-14
4500,-0.31625,-2.493664997e-14
4500,-0.315625,-2.493664997e-14
4500,-0.315,-2.493664997e-14
4500,-0.314375,-2.493664997e-14
4500,-0.31375,-2.493664997e-14
4500,-0.313125,-2.493664997e-14
4500,-0.3125,-2.493664997e-14
4500,-0.311875,-2.493664997e-14
4500,-0.31125,-2.493664997e-14
4500,-0.310625,-2.493664997e-14
4500,-0.31,-2.493664997e-14
4500,-0.309375,-2.493664997e-14
4500,-0.30875,-2.493664997e-14
4500,-0.308125,-2.493664997e-14
4500,-0.3075,-2.493664997e-14
4500,-0.306875,-2.493664997e-14
4500,-0.30625,-2.493664997e-14
4500,-0.305625,-2.493664997e-14
4500,-0.305,-2.493664997e-14
4500,-0.304375,-2.493664997e-14
4500,-0.30375,-2.493664997e-14
4500,-0.303125,-2.493664997e-14
4500,-0.3025,-2.493664997e-14
4500,-0.301875,-2.493664997e-14
4500,-0.30125,-2.493664997e-14
4500,-0.300625,-2.493664997e-14
4500,-0.3,-2.493664997e-14
4500,-0.299375,-2.493664997e-14
4500,-0.29875,-2.493664997e-14
4500,-0.298125,-2.493664997e-14
4500,-0.2975,-2.493664997e-14
4500,-0.296875,-2.493664997e-14
4500,-0.29625,-2.493664997e-14
4500,-0.295625,-2.493664997e-14
4500,-0.295,-2.493664997e-14
4500,-0.294375,-2.493664997e-14
4500,-0.29375,-2.493664997e-14
4500,-0.293125,-2.493664997e-14
4500,-0.2925,-2.493664997e-14
4500,-0.291875,-2.493664997e-14
4500,-0.29125,-2.493664997e-14
4500,-0.290625,-2.493664997e-14
4500,-0.29,-2.493664997e-14
4500,-0.289375,-2.493664997e-14
4500,-0.28875,-2.493664997e-14
4500,-0.288125,-2.493664997e-14
4500,-0.2875,-2.493664997e-14
4500,-0.286875,-2.493664997e-14
4500,-0.28625,-2.493664997e-14
4500,-0.285625,-2.493664997e-14
4500,-0.285,-2.493664997e-14
4500,-0.284375,-2.493664997e-14
4500,-0.28375,-2.493664997e-14
4500,-0.283125,-2.493664997e-14
4500,-0.2825,-2.493664997e-14
4500,-0.281875,-2.493664997e-14
4500,-0.28125,-2.493664997e-14
4500,-0.280625,-2.493664997e-14
4500,-0.28,-2.493664997e-14
4500,-0.279375,-2.493664997e-14
4500,-0.27875,-2.493664997e-14
4500,-0.278125,-2.493664997e-14
4500,-0.2775,-2.493664997e-14
4500,-0.276875,-2.493664997e-14
4500,-0.27625,-2.493664997e-14
4500,-0.275625,-2.493664997e-14
4500,-0.275,-2.493664997e-14
4500,-0.274375,-2.493664997e-14
4500,-0.27375,-2.493664997e-14
4500,-0.273125,-2.493664997e-14
4500,-0.2725,-2.493664997e-14
4500,-0.271875,-2.493664997e-14
4500,-0.27125,-2.493664997e-14
4500,-0.270625,-2.493664997e-14
4500,-0.27,-2.493664997e-14
4500,-0.269375,-2.493664997e-14
4500,-0.26875,-2.493664997e-14
4500,-0.268125,-2.493664997e-14
4500,-0.2675,-2.493664997e-14
4500,-0.266875,-2.493664997e-14
4500,-0.26625,-2.493664997e-14
4500,-0.265625,-2.493664997e-14
4500,-0.265,-2.493664997e-14
4500,-0.264375,-2.493664997e-14
4500,-0.26375,-2.493664997e-14
4500,-0.263125,-2.493664997e-14
4500,-0.2625,-2.493664997e-14
4500,-0.261875,-2.493664997e-14
4500,-0.26125,-2.493664997e-14
4500,-0.260625,-2.493664997e-14
4500,-0.26,-2.493664997e-14
4500,-0.259375,-2.493664997e-14
4500,-0.25875,-2.493664997e-14
4500,-0.258125,-2.493664997e-14
4500,-0.2575,-2.493664997e-14
4500,-0.256875,-2.493664997e-14
4500,-0.25625,-2.493664997e-14
4500,-0.255625,-2.493664997e-14
4500,-0.255,-2.493664997e-14
4500,-0.254375,-2.493664997e-14
4500,-0.25375,-2.493664997e-14
4500,-0.253125,-2.493664997e-14
4500,-0.2525,-2.493664997e-14
4500,-0.251875,-2.493664997e-14
4500,-0.25125,-2.493664997e-14
4500,-0.250625,-2.493664997e-14
4500,-0.25,-2.493664997e-14
4500,-0.249375,-2.493664997e-14
4500,-0.24875,-2.493664997e-14
4500,-0.248125,-2.493664997e-14
4500,-0.2475,-2.493664997e-14
4500,-0.246875,-2.493664997e-14
4500,-0.24625,-2.493664997e-14
4500,-0.245625,-2.493664997e-14
4500,-0.245,-2.493664997e-14
4500,-0.244375,-2.493664997e-14
4500,-0.24375,-2.493664997e-14
4500,-0.243125,-2.493664997e-14
4500,-0.2425,-2.493664997e-14
4500,-0.241875,-2.493664997e-14
4500,-0.24125,-2.493664997e-14
4500,-0.240625,-2.493664997e-14
4500,-0.24,-2.493664997e-14
4500,-0.239375,-2.493664997e-14
4500,-0.23875,-2.493664997e-14
4500,-0.238125,-2.493664997e-14
4500,-0.2375,-2.493664997e-14
4500,-0.236875,-2.493664997e-14
4500,-0.23625,-2.493664997e-14
4500,-0.235625,-2.493664997e-14
4500,-0.235,-2.493664997e-14
4500,-0.234375,-2.493664997e-14
4500,-0.23375,-2.493664997e-14
4500,-0.233125,-2.493664997e-14
4500,-0.2325,-2.493664997e-14
4500,-0.231875,-2.493664997e-14
4500,-0.23125,-2.493664997e-14
4500,-0.230625,-2.493664997e-14
4500,-0.23,-2.493664997e-14
4500,-0.229375,-2.493664997e-14
4500,-0.22875,-2.493664997e-14
4500,-0.228125,-2.493664997e-14
4500,-0.2275,-2.493664997e-14
4500,-0.226875,-2.493664997e-14
4500,-0.22625,-2.493664997e-14
4500,-0.225625,-2.493664997e-14
4500,-0.225,-2.493664997e-14
4500,-0.224375,-2.493664997e-14
4500,-0.22375,-2.493664997e-14
4500,-0.223125,-2.493664997e-14
4500,-0.2225,-2.493664997e-14
4500,-0.221875,-2.493664997e-14
4500,-0.22125,-2.493664997e-14
4500,-0.220625,-2.493664997e-14
4500,-0.22,-2.493664997e-14
4500,-0.219375,-2.493664997e-14
4500,-0.21875,-2.493664997e-14
4500,-0.218125,-2.493664997e-14
4500,-0.2175,-2.493664997e-14
4500,-0.216875,-2.493664997e-14
4500,-0.21625,-2.493664997e-14
4500,-0.215625,-2.493664997e-14
4500,-0.215,-2.493664997e-14
4500,-0.214375,-2.493664997e-14
4500,-0.21375,-2.493664997e-14
4500,-0.213125,-2.493664997e-14
4500,-0.2125,-2.493664997e-14
4500,-0.211875,-2.493664997e-14
4500,-0.21125,-2.493664997e-14
4500,-0.210625,-2.493664997e-14
4500,-0.21,-2.493664997e-14
4500,-0.209375,-2.493664997e-14
4500,-0.20875,-2.493664997e-14
4500,-0.208125,-2.493664997e-14
4500,-0.2075,-2.493664997e-14
4500,-0.206875,-2.493664997e-14
4500,-0.20625,-2.493664997e-14
4500,-0.205625,-2.493664997e-14
4500,-0.205,-2.493664997e-14
4500,-0.204375,-2.493664997e-14
4500,-0.20375,-2.493664997e-14
4500,-0.203125,-2.493664997e-14
4500,-0.2025,-2.493664997e-14
4500,-0.201875,-2.493664997e-14
4500,-0.20125,-2.493664997e-14
4500,-0.200625,-2.493664997e-14
4500,-0.2,-2.493664997e-14
4500,-0.199375,-2.493664997e-14
4500,-0.19875,-2.493664997e-14
4500,-0.198125,-2.493664997e-14
4500,-0.1975,-2.493664997e-14
4500,-0.196875,-2.493664997e-14
4500,-0.19625,-2.493664997e-14
4500,-0.195625,-2.493664997e-14
4500,-0.195,-2.493664997e-14
4500,-0.194375,-2.493664997e-14
4500,-0.19375,-2.493664997e-14
4500,-0.193125,-2.493664997e-14
4500,-0.1925,-2.493664997e-14
4500,-0.191875,-2.493664997e-14
4500,-0.19125,-2.493664997e-14
4500,-0.190625,-2.493664997e-14
4500,-0.19,-2.493664997e-14
4500,-0.189375,-2.493664997e-14
4500,-0.18875,-2.493664997e-14
4500,-0.188125,-2.493664997e-14
4500,-0.1875,-2.493664997e-14
4500,-0.186875,-2.493664997e-14
4500,-0.18625,-2.493664997e-14
4500,-0.185625,-2.493664997e-14
4500,-0.185,-2.493664997e-14
4500,-0.184375,-2.493664997e-14
4500,-0.18375,-2.493664997e-14
4500,-0.183125,-2.493664997e-14
4500,-0.1825,-2.493664997e-14
4500,-0.181875,-2.493664997e-14
4500,-0.18125,-2.493664997e-14
4500,-0.180625,-2.493664997e-14
4500,-0.18,-2.493664997e-14
4500,-0.179375,-2.493664997e-14
4500,-0.17875,-2.493664997e-14
4500,-0.178125,-2.493664997e-14
4500,-0.1775,-2.493664997e-14
4500,-0.176875,-2.493664997e-14
4500,-0.17625,-2.493664997e-14
4500,-0.175625,-2.493664997e-14
4500,-0.175,-2.493664997e-14
4500,-0.174375,-2.493664997e-14
4500,-0.17375,-2.493664997e-14
4500,-0.173125,-2.493664997e-14
4500,-0.1725,-2.493664997e-14
4500,-0.171875,-2.493664997e-14
4500,-0.17125,-2.493664997e-14
4500,-0.170625,-2.493664997e-14
4500,-0.17,-2.493664997e-14
4500,-0.169375,-2.493664997e-14
4500,-0.16875,-2.493664997e-14
4500,-0.168125,-2.493664997e-14
4500,-0.1675,-2.493664997e-14
4500,-0.166875,-2.493664997e-14
4500,-0.16625,-2.493664997e-14
4500,-0.165625,-2.493664997e-14
4500,-0.165,-2.493664997e-14
4500,-0.164375,-2.493664997e-14
4500,-0.16375,-2.493664997e-14
4500,-0.163125,-2.493664997e-14
4500,-0.1625,-2.493664997e-14
4500,-0.161875,-2.493664997e-14
4500,-0.16125,-2.493664997e-14
4500,-0.160625,-2.493664997e-14
4500,-0.16,-2.493664997e-14
4500,-0.159375,-2.493664997e-14
4500,-0.15875,-2.493664997e-14
4500,-0.158125,-2.493664997e-14
4500,-0.1575,-2.493664997e-14
4500,-0.156875,-2.493664997e-14
4500,-0.15625,-2.493664997e-14
4500,-0.155625,-6.741722523e-08
4500,-0.155,-1.567124236e-06
4500,-0.154375,-7.989542696e-06
4500,-0.15375,-2.488780702e-05
4500,-0.153125,-5.981542132e-05
4500,-0.1525,-0.0001222521346
4500,-0.151875,-0.0002235044359
4500,-0.15125,-0.0003766202329
4500,-0.150625,-0.0005963105797
4500,-0.15,-0.0008988938016
4500,-0.149375,-0.001302203678
4500,-0.14875,-0.00182548653
4500,-0.148125,-0.002489316972
4500,-0.1475,-0.003315580889
4500,-0.146875,-0.004327388138
4500,-0.14625,-0.005548953429
4500,-0.145625,-0.007005394884
4500,-0.145,-0.008720290045
4500,-0.144375,-0.01071390622
4500,-0.14375,-0.01300322557
4500,-0.143125,-0.01560204435
4500,-0.1425,-0.0185211616
4500,-0.141875,-0.02176838868
4500,-0.14125,-0.02534870716
4500,-0.140625,-0.02926447969
4500,-0.14,-0.03351540024
4500,-0.139375,-0.03809863854
4500,-0.13875,-0.04300914576
4500,-0.138125,-0.04823963259
4500,-0.1375,-0.05378058856
4500,-0.136875,-0.05962058712
4500,-0.13625,-0.06574626215
4500,-0.135625,-0.07214262361
4500,-0.135,-0.07879425881
4500,-0.134375,-0.0856861584
4500,-0.13375,-0.09280412596
4500,-0.133125,-0.1001345005
4500,-0.1325,-0.1076640503
4500,-0.131875,-0.1153803592
4500,-0.13125,-0.1232714578
4500,-0.130625,-0.131325988
4500,-0.13,-0.1395331052
4500,-0.129375,-0.1478826809
4500,-0.12875,-0.156364908
4500,-0.128125,-0.1649704968
4500,-0.1275,-0.1736908889
4500,-0.126875,-0.1825175681
4500,-0.12625,-0.1914428759
4500,-0.125625,-0.2004592197
4500,-0.125,-0.2095595874
4500,-0.124375,-0.218737329
4500,-0.12375,-0.227986087
4500,-0.123125,-0.2372997144
4500,-0.1225,-0.2466727498
4500,-0.121875,-0.2560994977
4500,-0.12125,-0.2655751116
4500,-0.120625,-0.2750944422
4500,-0.12,-0.2846531229
4500,-0.119375,-0.2942465078
4500,-0.11875,-0.3038705688
4500,-0.118125,-0.3135212201
4500,-0.1175,-0.3231945876
4500,-0.116875,-0.3328871433
4500,-0.11625,-0.3425951779
4500,-0.115625,-0.352315499
4500,-0.115,-0.3620446308
4500,-0.114375,-0.3717797398
4500,-0.11375,-0.3815175029
4500,-0.113125,-0.3912555064
4500,-0.1125,-0.4009906548
4500,-0.111875,-0.4107208722
4500,-0.11125,-0.4204435364
4500,-0.110625,-0.430156842
4500,-0.11,-0.4398588466
4500,-0.109375,-0.4495481867
4500,-0.10875,-0.4592236509
4500,-0.108125,-0.4688847236
4500,-0.1075,-0.4785301662
4500,-0.106875,-0.48815886
4500,-0.10625,-0.4977693524
4500,-0.105625,-0.5073600467
4500,-0.105,-0.5169294909
4500,-0.104375,-0.5264756487
4500,-0.10375,-0.5359971479
4500,-0.103125,-0.5454916392
4500,-0.1025,-0.5549575639
4500,-0.101875,-0.5643924912
4500,-0.10125,-0.5737942671
4500,-0.100625,-0.5831604205
4500,-0.1,-0.592487928
4500,-0.099375,-0.6017738174
4500,-0.09875,-0.611014202
4500,-0.098125,-0.6202048136
4500,-0.0975,-0.6293424126
4500,-0.096875,-0.6384241921
4500,-0.09625,-0.6474480945
4500,-0.095625,-0.6564124398
4500,-0.095,-0.6653159239
4500,-0.094375,-0.6741576989
4500,-0.09375,-0.6829369331
4500,-0.093125,-0.6916533456
4500,-0.0925,-0.700306533
4500,-0.091875,-0.7088965023
4500,-0.09125,-0.7174233616
4500,-0.090625,-0.7258872826
4500,-0.09,-0.734288936
4500,-0.089375,-0.7426288369
4500,-0.08875,-0.7509081567
4500,-0.088125,-0.7591281546
4500,-0.0875,-0.7672897293
4500,-0.086875,-0.7753935193
4500,-0.08625,-0.7834399018
4500,-0.085625,-0.7914290797
4500,-0.085,-0.799361127
4500,-0.084375,-0.8072359976
4500,-0.08375,-0.8150536018
4500,-0.083125,-0.8228137962
4500,-0.0825,-0.8305164113
4500,-0.081875,-0.8381612946
4500,-0.08125,-0.8457482915
4500,-0.080625,-0.8532772663
4500,-0.08,-0.8607481281
4500,-0.079375,-0.868160801
4500,-0.07875,-0.875515241
4500,-0.078125,-0.8828114382
4500,-0.0775,-0.8900493905
4500,-0.076875,-0.8972291011
4500,-0.07625,-0.9043505926
4500,-0.075625,-0.9114138828
4500,-0.075,-0.9184189803
4500,-0.074375,-0.9253659081
4500,-0.07375,-0.9322546786
4500,-0.073125,-0.9390852961
4500,-0.0725,-0.9458577689
4500,-0.071875,-0.9525721047
4500,-0.07125,-0.9592283048
4500,-0.070625,-0.9658263651
4500,-0.07,-0.9723662906
4500,-0.069375,-0.978848081
4500,-0.06875,-0.9852717371
4500,-0.068125,-0.9916372502
4500,-0.0675,-0.9979446251
4500,-0.066875,-1.004193863
4500,-0.06625,-1.010384962
4500,-0.065625,-1.01651792
4500,-0.065,-1.022592737
4500,-0.064375,-1.028609415
4500,-0.06375,-1.034567954
4500,-0.063125,-1.040468354
4500,-0.0625,-1.046310611
4500,-0.061875,-1.05209473
4500,-0.06125,-1.057820711
4500,-0.060625,-1.063488555
4500,-0.06,-1.069098262
4500,-0.059375,-1.074649826
4500,-0.05875,-1.080143254
4500,-0.058125,-1.085578544
4500,-0.0575,-1.090955698
4500,-0.056875,-1.096274715
4500,-0.05625,-1.101535596
4500,-0.055625,-1.106738336
4500,-0.055,-1.111882941
4500,-0.054375,-1.11696941
4500,-0.05375,-1.121997743
4500,-0.053125,-1.126967939
4500,-0.0525,-1.131880001
4500,-0.051875,-1.136733924
4500,-0.05125,-1.141529712
4500,-0.050625,-1.146267365
4500,-0.05,-1.150946882
4500,-0.049375,-1.155568265
4500,-0.04875,-1.160131514
4500,-0.048125,-1.164636628
4500,-0.0475,-1.169083605
4500,-0.046875,-1.173472448
4500,-0.04625,-1.177803154
4500,-0.045625,-1.182075729
4500,-0.045,-1.18629017
4500,-0.044375,-1.190446477
4500,-0.04375,-1.194544651
4500,-0.043125,-1.198584691
4500,-0.0425,-1.202566598
4500,-0.041875,-1.206490369
4500,-0.04125,-1.210356008
4500,-0.040625,-1.214163514
4500,-0.04,-1.217912887
4500,-0.039375,-1.221604128
4500,-0.03875,-1.225237236
4500,-0.038125,-1.228812211
4500,-0.0375,-1.232329053
4500,-0.036875,-1.235787764
4500,-0.03625,-1.239188344
4500,-0.035625,-1.24253079
4500,-0.035,-1.245815104
4500,-0.034375,-1.249041287
4500,-0.03375,-1.252209337
4500,-0.033125,-1.255319255
4500,-0.0325,-1.25837104
4500,-0.031875,-1.261364696
4500,-0.03125,-1.26430022
4500,-0.030625,-1.267177614
4500,-0.03,-1.269996877
4500,-0.029375,-1.272758008
4500,-0.02875,-1.275461008
4500,-0.028125,-1.278105877
4500,-0.0275,-1.280692616
4500,-0.026875,-1.283221224
4500,-0.02625,-1.2856917
4500,-0.025625,-1.288104048
4500,-0.025,-1.290458266
4500,-0.024375,-1.292754353
4500,-0.02375,-1.294992312
4500,-0.023125,-1.297172139
4500,-0.0225,-1.299293836
4500,-0.021875,-1.301357404
4500,-0.02125,-1.303362843
4500,-0.020625,-1.305310153
4500,-0.02,-1.307199333
4500,-0.019375,-1.309030384
4500,-0.01875,-1.310803307
4500,-0.018125,-1.3125181
4500,-0.0175,-1.314174764
4500,-0.016875,-1.315773299
4500,-0.01625,-1.317313706
4500,-0.015625,-1.318795984
4500,-0.015,-1.320220132
4500,-0.014375,-1.321586153
4500,-0.01375,-1.322894044
4500,-0.013125,-1.324143808
4500,-0.0125,-1.325335442
4500,-0.011875,-1.326468949
4500,-0.01125,-1.327544327
4500,-0.010625,-1.328561576
4500,-0.01,-1.329520697
4500,-0.009375,-1.33042169
4500,-0.00875,-1.331264555
4500,-0.008125,-1.332049292
4500,-0.0075,-1.332775901
4500,-0.006875,-1.333444382
4500,-0.00625,-1.334054736
4500,-0.005625,-1.334606962
4500,-0.005,-1.33510106
4500,-0.004375,-1.335537031
4500,-0.00375,-1.335914875
4500,-0.003125,-1.336234592
4500,-0.0025,-1.336496182
4500,-0.001875,-1.336699645
4500,-0.00125,-1.336844981
4500,-0.000625,-1.33693219
4500,-8.54872e-15,-1.33696127
4500,0.000625,-1.33693219
4500,0.00125,-1.336844981
4500,0.001875,-1.336699645
4500,0.0025,-1.336496182
4500,0.003125,-1.336234592
4500,0.00375,-1.335914875
4500,0.004375,-1.335537031
4500,0.005,-1.33510106
4500,0.005625,-1.334606962
4500,0.00625,-1.334054736
4500,0.006875,-1.333444382
4500,0.0075,-1.332775901
4500,0.008125,-1.332049292
4500,0.00875,-1.331264555
4500,0.009375,-1.33042169
4500,0.01,-1.329520697
4500,0.010625,-1.328561576
4500,0.01125,-1.327544327
4500,0.011875,-1.326468949
4500,0.0125,-1.325335442
4500,0.013125,-1.324143808
4500,0.01375,-1.322894044
4500,0.014375,-1.321586153
4500,0.015,-1.320220132
4500,0.015625,-1.318795984
4500,0.01625,-1.317313706
4500,0.016875,-1.315773299
4500,0.0175,-1.314174764
4500,0.018125,-1.3125181
4500,0.01875,-1.310803307
4500,0.019375,-1.309030384
4500,0.02,-1.307199333
4500,0.020625,-1.305310153
4500,0.02125,-1.303362843
4500,0.021875,-1.301357404
4500,0.0225,-1.299293836
4500,0.023125,-1.297172139
4500,0.02375,-1.294992312
4500,0.024375,-1.292754353
4500,0.025,-1.290458266
4500,0.025625,-1.288104048
4500,0.02625,-1.2856917
4500,0.026875,-1.283221224
4500,0.0275,-1.280692616
4500,0.028125,-1.278105877
4500,0.02875,-1.275461008
4500,0.029375,-1.272758008
4500,0.03,-1.269996877
4500,0.030625,-1.267177614
4500,0.03125,-1.26430022
4500,0.031875,-1.261364696
4500,0.0325,-1.25837104
4500,0.033125,-1.255319255
4500,0.03375,-1.252209337
4500,0.034375,-1.249041287
4500,0.035,-1.245815104
4500,0.035625,-1.24253079
4500,0.03625,-1.239188344
4500,0.036875,-1.235787764
4500,0.0375,-1.232329053
4500,0.038125,-1.228812211
4500,0.03875,-1.225237236
4500,0.039375,-1.221604128
4500,0.04,-1.217912887
4500,0.040625,-1.214163514
4500,0.04125,-1.210356008
4500,0.041875,-1.206490369
4500,0.0425,-1.202566598
4500,0.043125,-1.198584691
4500,0.04375,-1.194544651
4500,0.044375,-1.190446477
4500,0.045,-1.18629017
4500,0.045625,-1.182075729
4500,0.04625,-1.177803154
4500,0.046875,-1.173472448
4500,0.0475,-1.169083605
4500,0.048125,-1.164636628
4500,0.04875,-1.160131514
4500,0.049375,-1.155568265
4500,0.05,-1.150946882
4500,0.050625,-1.146267365
4500,0.05125,-1.141529712
4500,0.051875,-1.136733924
4500,0.0525,-1.131880001
4500,0.053125,-1.126967939
4500,0.05375,-1.121997743
4500,0.054375,-1.11696941
4500,0.055,-1.111882941
4500,0.055625,-1.106738336
4500,0.05625,-1.101535596
4500,0.056875,-1.096274715
4500,0.0575,-1.090955698
4500,0.058125,-1.085578544
4500,0.05875,-1.080143254
4500,0.059375,-1.074649826
4500,0.06,-1.069098262
4500,0.060625,-1.063488555
4500,0.06125,-1.057820711
4500,0.061875,-1.05209473
4500,0.0625,-1.046310611
4500,0.063125,-1.040468354
4500,0.06375,-1.034567954
4500,0.064375,-1.028609415
4500,0.065,-1.022592737
4500,0.065625,-1.01651792
4500,0.06625,-1.010384962
4500,0.066875,-1.004193863
4500,0.0675,-0.9979446251
4500,0.068125,-0.9916372502
4500,0.06875,-0.9852717371
4500,0.069375,-0.978848081
4500,0.07,-0.9723662906
4500,0.070625,-0.9658263651
4500,0.07125,-0.9592283048
4500,0.071875,-0.9525721047
4500,0.0725,-0.9458577689
4500,0.073125,-0.9390852961
4500,0.07375,-0.9322546786
4500,0.074375,-0.9253659081
4500,0.075,-0.9184189803
4500,0.075625,-0.9114138828
4500,0.07625,-0.9043505926
4500,0.076875,-0.8972291011
4500,0.0775,-0.8900493905
4500,0.078125,-0.8828114382
4500,0.07875,-0.875515241
4500,0.079375,-0.868160801
4500,0.08,-0.8607481281
4500,0.080625,-0.8532772663
4500,0.08125,-0.8457482915
4500,0.081875,-0.8381612946
4500,0.0825,-0.8305164113
4500,0.083125,-0.8228137962
4500,0.08375,-0.8150536018
4500,0.084375,-0.8072359976
4500,0.085,-0.799361127
4500,0.085625,-0.7914290797
4500,0.08625,-0.7834399018
4500,0.086875,-0.7753935193
4500,0.0875,-0.7672897293
4500,0.088125,-0.7591281546
4500,0.08875,-0.7509081567
4500,0.089375,-0.7426288369
4500,0.09,-0.734288936
4500,0.090625,-0.7258872826
4500,0.09125,-0.7174233616
4500,0.091875,-0.7088965023
4500,0.0925,-0.700306533
4500,0.093125,-0.6916533456
4500,0.09375,-0.6829369331
4500,0.094375,-0.6741576989
4500,0.095,-0.6653159239
4500,0.095625,-0.6564124398
4500,0.09625,-0.6474480945
4500,0.096875,-0.6384241921
4500,0.0975,-0.6293424126
4500,0.098125,-0.6202048136
4500,0.09875,-0.611014202
4500,0.099375,-0.6017738174
4500,0.1,-0.592487928
4500,0.100625,-0.5831604205
4500,0.10125,-0.5737942671
4500,0.101875,-0.5643924912
4500,0.1025,-0.5549575639
4500,0.103125,-0.5454916392
4500,0.10375,-0.5359971479
4500,0.104375,-0.5264756487
4500,0.105,-0.5169294909
4500,0.105625,-0.5073600467
4500,0.10625,-0.4977693524
4500,0.106875,-0.48815886
4500,0.1075,-0.4785301662
4500,0.108125,-0.4688847236
4500,0.10875,-0.4592236509
4500,0.109375,-0.4495481867
4500,0.11,-0.4398588466
4500,0.110625,-0.430156842
4500,0.11125,-0.4204435364
4500,0.111875,-0.4107208722
4500,0.1125,-0.4009906548
4500,0.113125,-0.3912555064
4500,0.11375,-0.3815175029
4500,0.114375,-0.3717797398
4500,0.115,-0.3620446308
4500,0.115625,-0.352315499
4500,0.11625,-0.3425951779
4500,0.116875,-0.3328871433
4500,0.1175,-0.3231945876
4500,0.118125,-0.3135212201
4500,0.11875,-0.3038705688
4500,0.119375,-0.2942465078
4500,0.12,-0.2846531229
4500,0.120625,-0.2750944422
4500,0.12125,-0.2655751116
4500,0.121875,-0.2560994977
4500,0.1225,-0.2466727498
4500,0.123125,-0.2372997144
4500,0.12375,-0.227986087
4500,0.124375,-0.218737329
4500,0.125,-0.2095595874
4500,0.125625,-0.2004592197
4500,0.12625,-0.1914428759
4500,0.126875,-0.1825175681
4500,0.1275,-0.1736908889
4500,0.128125,-0.1649704968
4500,0.12875,-0.156364908
4500,0.129375,-0.1478826809
4500,0.13,-0.1395331052
4500,0.130625,-0.131325988
4500,0.13125,-0.1232714578
4500,0.131875,-0.1153803592
4500,0.1325,-0.1076640503
4500,0.133125,-0.1001345005
4500,0.13375,-0.09280412596
4500,0.134375,-0.0856861584
4500,0.135,-0.07879425881
4500,0.135625,-0.07214262361
4500,0.13625,-0.06574626215
4500,0.136875,-0.05962058712
4500,0.1375,-0.05378058856
4500,0.138125,-0.04823963259
4500,0.13875,-0.04300914576
4500,0.139375,-0.03809863854
4500,0.14,-0.03351540024
4500,0.140625,-0.02926447969
4500,0.14125,-0.02534870716
4500,0.141875,-0.02176838868
4500,0.1425,-0.0185211616
4500,0.143125,-0.01560204435
4500,0.14375,-0.01300322557
4500,0.144375,-0.01071390622
4500,0.145,-0.008720290046
4500,0.145625,-0.007005394884
4500,0.14625,-0.005548953429
4500,0.146875,-0.004327388138
4500,0.1475,-0.003315580889
4500,0.148125,-0.002489316972
4500,0.14875,-0.00182548653
4500,0.149375,-0.001302203678
4500,0.15,-0.0008988938016
4500,0.150625,-0.0005963105797
4500,0.15125,-0.0003766202329
4500,0.151875,-0.0002235044359
4500,0.1525,-0.0001222521346
4500,0.153125,-5.981542132e-05
4500,0.15375,-2.488780702e-05
4500,0.154375,-7.989542696e-06
4500,0.155,-1.567124237e-06
4500,0.155625,-6.741722523e-08
4500,0.15625,-2.493664997e-14
4500,0.156875,-2.493664997e-14
4500,0.1575,-2.493664997e-14
4500,0.158125,-2.493664997e-14
4500,0.15875,-2.493664997e-14
4500,0.159375,-2.493664997e-14
4500,0.16,-2.493664997e-14
4500,0.160625,-2.493664997e-14
4500,0.16125,-2.493664997e-14
4500,0.161875,-2.493664997e-14
4500,0.1625,-2.493664997e-14
4500,0.163125,-2.493664997e-14
4500,0.16375,-2.493664997e-14
4500,0.164375,-2.493664997e-14
4500,0.165,-2.493664997e-14
4500,0.165625,-2.493664997e-14
4500,0.16625,-2.493664997e-14
4500,0.166875,-2.493664997e-14
4500,0.1675,-2.493664997e-14
4500,0.168125,-2.493664997e-14
4500,0.16875,-2.493664997e-14
4500,0.169375,-2.493664997e-14
4500,0.17,-2.493664997e-14
4500,0.170625,-2.493664997e-14
4500,0.17125,-2.493664997e-14
4500,0.171875,-2.493664997e-14
4500,0.1725,-2.493664997e-14
4500,0.173125,-2.493664997e-14
4500,0.17375,-2.493664997e-14
4500,0.174375,-2.493664997e-14
4500,0.175,-2.493664997e-14
4500,0.175625,-2.493664997e-14
4500,0.17625,-2.493664997e-14
4500,0.176875,-2.493664997e-14
4500,0.1775,-2.493664997e-14
4500,0.178125,-2.493664997e-14
4500,0.17875,-2.493664997e-14
4500,0.179375,-2.493664997e-14
4500,0.18,-2.493664997e-14
4500,0.180625,-2.493664997e-14
4500,0.18125,-2.493664997e-14
4500,0.181875,-2.493664997e-14
4500,0.1825,-2.493664997e-14
4500,0.183125,-2.493664997e-14
4500,0.18375,-2.493664997e-14
4500,0.184375,-2.493664997e-14
4500,0.185,-2.493664997e-14
4500,0.185625,-2.493664997e-14
4500,0.18625,-2.493664997e-14
4500,0.186875,-2.493664997e-14
4500,0.1875,-2.493664997e-14
4500,0.188125,-2.493664997e-14
4500,0.18875,-2.493664997e-14
4500,0.189375,-2.493664997e-14
4500,0.19,-2.493664997e-14
4500,0.190625,-2.493664997e-14
4500,0.19125,-2.493664997e-14
4500,0.191875,-2.493664997e-14
4500,0.1925,-2.493664997e-14
4500,0.193125,-2.493664997e-14
4500,0.19375,-2.493664997e-14
4500,0.194375,-2.493664997e-14
4500,0.195,-2.493664997e-14
4500,0.195625,-2.493664997e-14
4500,0.19625,-2.493664997e-14
4500,0.196875,-2.493664997e-14
4500,0.1975,-2.493664997e-14
4500,0.198125,-2.493664997e-14
4500,0.19875,-2.493664997e-14
4500,0.199375,-2.493664997e-14
4500,0.2,-2.493664997e-14
4500,0.200625,-2.493664997e-14
4500,0.20125,-2.493664997e-14
4500,0.201875,-2.493664997e-14
4500,0.2025,-2.493664997e-14
4500,0.203125,-2.493664997e-14
4500,0.20375,-2.493664997e-14
4500,0.204375,-2.493664997e-14
4500,0.205,-2.493664997e-14
4500,0.205625,-2.493664997e-14
4500,0.20625,-2.493664997e-14
4500,0.206875,-2.493664997e-14
4500,0.2075,-2.493664997e-14
4500,0.208125,-2.493664997e-14
4500,0.20875,-2.493664997e-14
4500,0.209375,-2.493664997e-14
4500,0.21,-2.493664997e-14
4500,0.210625,-2.493664997e-14
4500,0.21125,-2.493664997e-14
4500,0.211875,-2.493664997e-14
4500,0.2125,-2.493664997e-14
4500,0.213125,-2.493664997e-14
4500,0.21375,-2.493664997e-14
4500,0.214375,-2.493664997e-14
4500,0.215,-2.493664997e-14
4500,0.215625,-2.493664997e-14
4500,0.21625,-2.493664997e-14
4500,0.216875,-2.493664997e-14
4500,0.2175,-2.493664997e-14
4500,0.218125,-2.493664997e-14
4500,0.21875,-2.493664997e-14
4500,0.219375,-2.493664997e-14
4500,0.22,-2.493664997e-14
4500,0.220625,-2.493664997e-14
4500,0.22125,-2.493664997e-14
4500,0.221875,-2.493664997e-14
4500,0.2225,-2.493664997e-14
4500,0.223125,-2.493664997e-14
4500,0.22375,-2.493664997e-14
4500,0.224375,-2.493664997e-14
4500,0.225,-2.493664997e-14
4500,0.225625,-2.493664997e-14
4500,0.22625,-2.493664997e-14
4500,0.226875,-2.493664997e-14
4500,0.2275,-2.493664997e-14
4500,0.228125,-2.493664997e-14
4500,0.22875,-2.493664997e-14
4500,0.229375,-2.493664997e-14
4500,0.23,-2.493664997e-14
4500,0.230625,-2.493664997e-14
4500,0.23125,-2.493664997e-14
4500,0.231875,-2.493664997e-14
4500,0.2325,-2.493664997e-14
4500,0.233125,-2.493664997e-14
4500,0.23375,-2.493664997e-14
4500,0.234375,-2.493664997e-14
4500,0.235,-2.493664997e-14
4500,0.235625,-2.493664997e-14
4500,0.23625,-2.493664997e-14
4500,0.236875,-2.493664997e-14
4500,0.2375,-2.493664997e-14
4500,0.238125,-2.493664997e-14
4500,0.23875,-2.493664997e-14
4500,0.239375,-2.493664997e-14
4500,0.24,-2.493664997e-14
4500,0.240625,-2.493664997e-14
4500,0.24125,-2.493664997e-14
4500,0.241875,-2.493664997e-14
4500,0.2425,-2.493664997e-14
4500,0.243125,-2.493664997e-14
4500,0.24375,-2.493664997e-14
4500,0.244375,-2.493664997e-14
4500,0.245,-2.493664997e-14
4500,0.245625,-2.493664997e-14
4500,0.24625,-2.493664997e-14
4500,0.246875,-2.493664997e-14
4500,0.2475,-2.493664997e-14
4500,0.248125,-2.493664997e-14
4500,0.24875,-2.493664997e-14
4500,0.249375,-2.493664997e-14
4500,0.25,-2.493664997e-14
4500,0.250625,-2.493664997e-14
4500,0.25125,-2.493664997e-14
4500,0.251875,-2.493664997e-14
4500,0.2525,-2.493664997e-14
4500,0.253125,-2.493664997e-14
4500,0.25375,-2.493664997e-14
4500,0.254375,-2.493664997e-14
4500,0.255,-2.493664997e-14
4500,0.255625,-2.493664997e-14
4500,0.25625,-2.493664997e-14
4500,0.256875,-2.493664997e-14
4500,0.2575,-2.493664997e-14
4500,0.258125,-2.493664997e-14
4500,0.25875,-2.493664997e-14
4500,0.259375,-2.493664997e-14
4500,0.26,-2.493664997e-14
4500,0.260625,-2.493664997e-14
4500,0.26125,-2.493664997e-14
4500,0.261875,-2.493664997e-14
4500,0.2625,-2.493664997e-14
4500,0.263125,-2.493664997e-14
4500,0.26375,-2.493664997e-14
4500,0.264375,-2.493664997e-14
4500,0.265,-2.493664997e-14
4500,0.265625,-2.493664997e-14
4500,0.26625,-2.493664997e-14
4500,0.266875,-2.493664997e-14
4500,0.2675,-2.493664997e-14
4500,0.268125,-2.493664997e-14
4500,0.26875,-2.493664997e-14
4500,0.269375,-2.493664997e-14
4500,0.27,-2.493664997e-14
4500,0.270625,-2.493664997e-14
4500,0.27125,-2.493664997e-14
4500,0.271875,-2.493664997e-14
4500,0.2725,-2.493664997e-14
4500,0.273125,-2.493664997e-14
4500,0.27375,-2.493664997e-14
4500,0.274375,-2.493664997e-14
4500,0.275,-2.493664997e-14
4500,0.275625,-2.493664997e-14
4500,0.27625,-2.493664997e-14
4500,0.276875,-2.493664997e-14
4500,0.2775,-2.493664997e-14
4500,0.278125,-2.493664997e-14
4500,0.27875,-2.493664997e-14
4500,0.279375,-2.493664997e-14
4500,0.28,-2.493664997e-14
4500,0.280625,-2.493664997e-14
4500,0.28125,-2.493664997e-14
4500,0.281875,-2.493664997e-14
4500,0.2825,-2.493664997e-14
4500,0.283125,-2.493664997e-14
4500,0.28375,-2.493664997e-14
4500,0.284375,-2.493664997e-14
4500,0.285,-2.493664997e-14
4500,0.285625,-2.493664997e-14
4500,0.28625,-2.493664997e-14
4500,0.286875,-2.493664997e-14
4500,0.2875,-2.493664997e-14
4500,0.288125,-2.493664997e-14
4500,0.28875,-2.493664997e-14
4500,0.289375,-2.493664997e-14
4500,0.29,-2.493664997e-14
4500,0.290625,-2.493664997e-14
4500,0.29125,-2.493664997e-14
4500,0.291875,-2.493664997e-14
4500,0.2925,-2.493664997e-14
4500,0.293125,-2.493664997e-14
4500,0.29375,-2.493664997e-14
4500,0.294375,-2.493664997e-14
4500,0.295,-2.493664997e-14
4500,0.295625,-2.493664997e-14
4500,0.29625,-2.493664997e-14
4500,0.296875,-2.493664997e-14
4500,0.2975,-2.493664997e-14
4500,0.298125,-2.493664997e-14
4500,0.29875,-2.493664997e-14
4500,0.299375,-2.493664997e-14
4500,0.3,-2.493664997e-14
4500,0.300625,-2.493664997e-14
4500,0.30125,-2.493664997e-14
4500,0.301875,-2.493664997e-14
4500,0.3025,-2.493664997e-14
4500,0.303125,-2.493664997e-14
4500,0.30375,-2.493664997e-14
4500,0.304375,-2.493664997e-14
4500,0.305,-2.493664997e-14
4500,0.305625,-2.493664997e-14
4500,0.30625,-2.493664997e-14
4500,0.306875,-2.493664997e-14
4500,0.3075,-2.493664997e-14
4500,0.308125,-2.493664997e-14
4500,0.30875,-2.493664997e-14
4500,0.309375,-2.493664997e-14
4500,0.31,-2.493664997e-14
4500,0.310625,-2.493664997e-14
4500,0.31125,-2.493664997e-14
4500,0.311875,-2.493664997e-14
4500,0.3125,-2.493664997e-14
4500,0.313125,-2.493664997e-14
4500,0.31375,-2.493664997e-14
4500,0.314375,-2.493664997e-14
4500,0.315,-2.493664997e-14
4500,0.315625,-2.493664997e-14
4500,0.31625,-2.493664997e-14
4500,0.316875,-2.493664997e-14
4500,0.3175,-2.493664997e-14
4500,0.318125,-2.493664997e-14
4500,0.31875,-2.493664997e-14
4500,0.319375,-2.493664997e-14
4500,0.32,-2.493664997e-14
4500,0.320625,-2.493664997e-14
4500,0.32125,-2.493664997e-14
4500,0.321875,-2.493664997e-14
4500,0.3225,-2.493664997e-14
4500,0.323125,-2.493664997e-14
4500,0.32375,-2.493664997e-14
4500,0.324375,-2.493664997e-14
4500,0.325,-2.493664997e-14
4500,0.325625,-2.493664997e-14
4500,0.32625,-2.493664997e-14
4500,0.326875,-2.493664997e-14
4500,0.3275,-2.493664997e-14
4500,0.328125,-2.493664997e-14
4500,0.32875,-2.493664997e-14
4500,0.329375,-2.493664997e-14
4500,0.33,-2.493664997e-14
4500,0.330625,-2.493664997e-14
4500,0.33125,-2.493664997e-14
4500,0.331875,-2.493664997e-14
4500,0.3325,-2.493664997e-14
4500,0.333125,-2.493664997e-14
4500,0.33375,-2.493664997e-14
4500,0.334375,-2.493664997e-14
4500,0.335,-2.493664997e-14
4500,0.335625,-2.493664997e-14
4500,0.33625,-2.493664997e-14
4500,0.336875,-2.493664997e-14
4500,0.3375,-2.493664997e-14
4500,0.338125,-2.493664997e-14
4500,0.33875,-2.493664997e-14
4500,0.339375,-2.493664997e-14
4500,0.34,-2.493664997e-14
4500,0.340625,-2.493664997e-14
4500,0.34125,-2.493664997e-14
4500,0.341875,-2.493664997e-14
4500,0.3425,-2.493664997e-14
4500,0.343125,-2.493664997e-14
4500,0.34375,-2.493664997e-14
4500,0.344375,-2.493664997e-14
4500,0.345,-2.493664997e-14
4500,0.345625,-2.493664997e-14
4500,0.34625,-2.493664997e-14
4500,0.346875,-2.493664997e-14
4500,0.3475,-2.493664997e-14
4500,0.348125,-2.493664997e-14
4500,0.34875,-2.493664997e-14
4500,0.349375,-2.493664997e-14
4500,0.35,-2.493664997e-14
4500,0.350625,-2.493664997e-14
4500,0.35125,-2.493664997e-14
4500,0.351875,-2.493664997e-14
4500,0.3525,-2.493664997e-14
4500,0.353125,-2.493664997e-14
4500,0.35375,-2.493664997e-14
4500,0.354375,-2.493664997e-14
4500,0.355,-2.493664997e-14
4500,0.355625,-2.493664997e-14
4500,0.35625,-2.493664997e-14
4500,0.356875,-2.493664997e-14
4500,0.3575,-2.493664997e-14
4500,0.358125,-2.493664997e-14
4500,0.35875,-2.493664997e-14
4500,0.359375,-2.493664997e-14
4500,0.36,-2.493664997e-14
4500,0.360625,-2.493664997e-14
4500,0.36125,-2.493664997e-14
4500,0.361875,-2.493664997e-14
4500,0.3625,-2.493664997e-14
4500,0.363125,-2.493664997e-14
4500,0.36375,-2.493664997e-14
4500,0.364375,-2.493664997e-14
4500,0.365,-2.493664997e-14
4500,0.365625,-2.493664997e-14
4500,0.36625,-2.493664997e-14
4500,0.366875,-2.493664997e-14
4500,0.3675,-2.493664997e-14
4500,0.368125,-2.493664997e-14
4500,0.36875,-2.493664997e-14
4500,0.369375,-2.493664997e-14
4500,0.37,-2.493664997e-14
4500,0.370625,-2.493664997e-14
4500,0.37125,-2.493664997e-14
4500,0.371875,-2.493664997e-14
4500,0.3725,-2.493664997e-14
4500,0.373125,-2.493664997e-14
4500,0.37375,-2.493664997e-14
4500,0.374375,-2.493664997e-14
4500,0.375,-2.493664997e-14
4500,0.375625,-2.493664997e-14
4500,0.37625,-2.493664997e-14
4500,0.376875,-2.493664997e-14
4500,0.3775,-2.493664997e-14
4500,0.378125,-2.493664997e-14
4500,0.37875,-2.493664997e-14
4500,0.379375,-2.493664997e-14
4500,0.38,-2.493664997e-14
4500,0.380625,-2.493664997e-14
4500,0.38125,-2.493664997e-14
4500,0.381875,-2.493664997e-14
4500,0.3825,-2.493664997e-14
4500,0.383125,-2.493664997e-14
4500,0.38375,-2.493664997e-14
4500,0.384375,-2.493664997e-14
4500,0.385,-2.493664997e-14
4500,0.385625,-2.493664997e-14
4500,0.38625,-2.493664997e-14
4500,0.386875,-2.493664997e-14
4500,0.3875,-2.493664997e-14
4500,0.388125,-2.493664997e-14
4500,0.38875,-2.493664997e-14
4500,0.389375,-2.493664997e-14
4500,0.39,-2.493664997e-14
4500,0.390625,-2.493664997e-14
4500,0.39125,-2.493664997e-14
4500,0.391875,-2.493664997e-14
4500,0.3925,-2.493664997e-14
4500,0.393125,-2.493664997e-14
4500,0.39375,-2.493664997e-14
4500,0.394375,-2.493664997e-14
4500,0.395,-2.493664997e-14
4500,0.395625,-2.493664997e-14
4500,0.39625,-2.493664997e-14
4500,0.396875,-2.493664997e-14
4500,0.3975,-2.493664997e-14
4500,0.398125,-2.493664997e-14
4500,0.39875,-2.493664997e-14
4500,0.399375,-2.493664997e-14
4500,0.4,-2.493664997e-14
9000,-0.4,-4.933119885e-14
9000,-0.399375,-4.933119885e-14
9000,-0.39875,-4.933119885e-14
9000,-0.398125,-4.933119885e-14
9000,-0.3975,-4.933119885e-14
9000,-0.396875,-4.933119885e-14
9000,-0.39625,-4.933119885e-14
9000,-0.395625,-4.933119885e-14
9000,-0.395,-4.933119885e-14
9000,-0.394375,-4.933119885e-14
9000,-0.39375,-4.933119885e-14
9000,-0.393125,-4.933119885e-14
9000,-0.3925,-4.933119885e-14
9000,-0.391875,-4.933119885e-14
9000,-0.39125,-4.933119885e-14
9000,-0.390625,-4.933119885e-14
9000,-0.39,-4.933119885e-14
9000,-0.389375,-4.933119885e-14
9000,-0.38875,-4.933119885e-14
9000,-0.388125,-4.933119885e-14
9000,-0.3875,-4.933119885e-14
9000,-0.386875,-4.933119885e-14
9000,-0.38625,-4.933119885e-14
9000,-0.385625,-4.933119885e-14
9000,-0.385,-4.933119885e-14
9000,-0.384375,-4.933119885e-14
9000,-0.38375,-4.933119885e-14
9000,-0.383125,-4.933119885e-14
9000,-0.3825,-4.933119885e-14
9000,-0.381875,-4.933119885e-14
9000,-0.38125,-4.933119885e-14
9000,-0.380625,-4.933119885e-14
9000,-0.38,-4.933119885e-14
9000,-0.379375,-4.933119885e-14
9000,-0.37875,-4.933119885e-14
9000,-0.378125,-4.933119885e-14
9000,-0.3775,-4.933119885e-14
9000,-0.376875,-4.933119885e-14
9000,-0.37625,-4.933119885e-14
9000,-0.375625,-4.933119885e-14
9000,-0.375,-4.933119885e-14
9000,-0.374375,-4.933119885e-14
9000,-0.37375,-4.933119885e-14
9000,-0.373125,-4.933119885e-14
9000,-0.3725,-4.933119885e-14
9000,-0.371875,-4.933119885e-14
9000,-0.37125,-4.933119885e-14
9000,-0.370625,-4.933119885e-14
9000,-0.37,-4.933119885e-14
9000,-0.369375,-4.933119885e-14
9000,-0.36875,-4.933119885e-14
9000,-0.368125,-4.933119885e-14
9000,-0.3675,-4.933119885e-14
9000,-0.366875,-4.933119885e-14
9000,-0.36625,-4.933119885e-14
9000,-0.365625,-4.933119885e-14
9000,-0.365,-4.933119885e-14
9000,-0.364375,-4.933119885e-14
9000,-0.36375,-4.933119885e-14
9000,-0.363125,-4.933119885e-14
9000,-0.3625,-4.933119885e-14
9000,-0.361875,-4.933119885e-14
9000,-0.36125,-4.933119885e-14
9000,-0.360625,-4.933119885e-14
9000,-0.36,-4.933119885e-14
9000,-0.359375,-4.933119885e-14
9000,-0.35875,-4.933119885e-14
9000,-0.358125,-4.933119885e-14
9000,-0.3575,-4.933119885e-14
9000,-0.356875,-4.933119885e-14
9000,-0.35625,-4.933119885e-14
9000,-0.355625,-4.933119885e-14
9000,-0.355,-4.933119885e-14
9000,-0.354375,-4.933119885e-14
9000,-0.35375,-4.933119885e-14
9000,-0.353125,-4.933119885e-14
9000,-0.3525,-4.933119885e-14
9000,-0.351875,-4.933119885e-14
9000,-0.35125,-4.933119885e-14
9000,-0.350625,-4.933119885e-14
9000,-0.35,-4.933119885e-14
9000,-0.349375,-4.933119885e-14
9000,-0.34875,-4.933119885e-14
9000,-0.348125,-4.933119885e-14
9000,-0.3475,-4.933119885e-14
9000,-0.346875,-4.933119885e-14
9000,-0.34625,-4.933119885e-14
9000,-0.345625,-4.933119885e-14
9000,-0.345,-4.933119885e-14
9000,-0.344375,-4.933119885e-14
9000,-0.34375,-4.933119885e-14
9000,-0.343125,-4.933119885e-14
9000,-0.3425,-4.933119885e-14
9000,-0.341875,-4.933119885e-14
9000,-0.34125,-4.933119885e-14
9000,-0.340625,-4.933119885e-14
9000,-0.34,-4.933119885e-14
9000,-0.339375,-4.933119885e-14
9000,-0.33875,-4.933119885e-14
9000,-0.338125,-4.933119885e-14
9000,-0.3375,-4.933119885e-14
9000,-0.336875,-4.933119885e-14
9000,-0.33625,-4.933119885e-14
9000,-0.335625,-4.933119885e-14
9000,-0.335,-4.933119885e-14
9000,-0.334375,-4.933119885e-14
9000,-0.33375,-4.933119885e-14
9000,-0.333125,-4.933119885e-14
9000,-0.3325,-4.933119885e-14
9000,-0.331875,-4.933119885e-14
9000,-0.33125,-4.933119885e-14
9000,-0.330625,-4.933119885e-14
9000,-0.33,-4.933119885e-14
9000,-0.329375,-4.933119885e-14
9000,-0.32875,-4.933119885e-14
9000,-0.328125,-4.933119885e-14
9000,-0.3275,-4.933119885e-14
9000,-0.326875,-4.933119885e-14
9000,-0.32625,-4.933119885e-14
9000,-0.325625,-4.933119885e-14
9000,-0.325,-4.933119885e-14
9000,-0.324375,-4.933119885e-14
9000,-0.32375,-4.933119885e-14
9000,-0.323125,-4.933119885e-14
9000,-0.3225,-4.933119885e-14
9000,-0.321875,-4.933119885e-14
9000,-0.32125,-4.933119885e-14
9000,-0.320625,-4.933119885e-14
9000,-0.32,-4.933119885e-14
9000,-0.319375,-4.933119885e-14
9000,-0.31875,-4.933119885e-14
9000,-0.318125,-4.933119885e-14
9000,-0.3175,-4.933119885e-14
9000,-0.316875,-4.933119885e-14
9000,-0.31625,-4.933119885e-14
9000,-0.315625,-4.933119885e-14
9000,-0.315,-4.933119885e-14
9000,-0.314375,-4.933119885e-14
9000,-0.31375,-4.933119885e-14
9000,-0.313125,-4.933119885e-14
9000,-0.3125,-4.933119885e-14
9000,-0.311875,-4.933119885e-14
9000,-0.31125,-4.933119885e-14
9000,-0.310625,-4.933119885e-14
9000,-0.31,-4.933119885e-14
9000,-0.309375,-4.933119885e-14
9000,-0.30875,-4.933119885e-14
9000,-0.308125,-4.933119885e-14
9000,-0.3075,-4.933119885e-14
9000,-0.306875,-4.933119885e-14
9000,-0.30625,-4.933119885e-14
9000,-0.305625,-4.933119885e-14
9000,-0.305,-4.933119885e-14
9000,-0.304375,-4.933119885e-14
9000,-0.30375,-4.933119885e-14
9000,-0.303125,-4.933119885e-14
9000,-0.3025,-4.933119885e-14
9000,-0.301875,-4.933119885e-14
9000,-0.30125,-4.933119885e-14
9000,-0.300625,-4.933119885e-14
9000,-0.3,-4.933119885e-14
9000,-0.299375,-4.933119885e-14
9000,-0.29875,-4.933119885e-14
9000,-0.298125,-4.933119885e-14
9000,-0.2975,-4.933119885e-14
9000,-0.296875,-4.933119885e-14
9000,-0.29625,-4.933119885e-14
9000,-0.295625,-4.933119885e-14
9000,-0.295,-4.933119885e-14
9000,-0.294375,-4.933119885e-14
9000,-0.29375,-4.933119885e-14
9000,-0.293125,-4.933119885e-14
9000,-0.2925,-4.933119885e-14
9000,-0.291875,-4.933119885e-14
9000,-0.29125,-4.933119885e-14
9000,-0.290625,-4.933119885e-14
9000,-0.29,-4.933119885e-14
9000,-0.289375,-4.933119885e-14
9000,-0.28875,-4.933119885e-14
9000,-0.288125,-4.933119885e-14
9000,-0.2875,-4.933119885e-14
9000,-0.286875,-4.933119885e-14
9000,-0.28625,-4.933119885e-14
9000,-0.285625,-4.933119885e-14
9000,-0.285,-4.933119885e-14
9000,-0.284375,-4.933119885e-14
9000,-0.28375,-4.933119885e-14
9000,-0.283125,-4.933119885e-14
9000,-0.2825,-4.933119885e-14
9000,-0.281875,-4.933119885e-14
9000,-0.28125,-4.933119885e-14
9000,-0.280625,-4.933119885e-14
9000,-0.28,-4.933119885e-14
9000,-0.279375,-4.933119885e-14
9000,-0.27875,-4.933119885e-14
9000,-0.278125,-4.933119885e-14
9000,-0.2775,-4.933119885e-14
9000,-0.276875,-4.933119885e-14
9000,-0.27625,-4.933119885e-14
9000,-0.275625,-4.933119885e-14
9000,-0.275,-4.933119885e-14
9000,-0.274375,-4.933119885e-14
9000,-0.27375,-4.933119885e-14
9000,-0.273125,-4.933119885e-14
9000,-0.2725,-4.933119885e-14
9000,-0.271875,-4.933119885e-14
9000,-0.27125,-4.933119885e-14
9000,-0.270625,-4.933119885e-14
9000,-0.27,-4.933119885e-14
9000,-0.269375,-4.933119885e-14
9000,-0.26875,-4.933119885e-14
9000,-0.268125,-4.933119885e-14
9000,-0.2675,-4.933119885e-14
9000,-0.266875,-4.933119885e-14
9000,-0.26625,-4.933119885e-14
9000,-0.265625,-4.933119885e-14
9000,-0.265,-4.933119885e-14
9000,-0.264375,-4.933119885e-14
9000,-0.26375,-4.933119885e-14
9000,-0.263125,-4.933119885e-14
9000,-0.2625,-4.933119885e-14
9000,-0.261875,-4.933119885e-14
9000,-0.26125,-4.933119885e-14
9000,-0.260625,-4.933119885e-14
9000,-0.26,-4.933119885e-14
9000,-0.259375,-4.933119885e-14
9000,-0.25875,-4.933119885e-14
9000,-0.258125,-4.933119885e-14
9000,-0.2575,-4.933119885e-14
9000,-0.256875,-4.933119885e-14
9000,-0.25625,-4.933119885e-14
9000,-0.255625,-4.933119885e-14
9000,-0.255,-4.933119885e-14
9000,-0.254375,-4.933119885e-14
9000,-0.25375,-4.933119885e-14
9000,-0.253125,-4.933119885e-14
9000,-0.2525,-4.933119885e-14
9000,-0.251875,-4.933119885e-14
9000,-0.25125,-4.933119885e-14
9000,-0.250625,-4.933119885e-14
9000,-0.25,-4.933119885e-14
9000,-0.249375,-4.933119885e-14
9000,-0.24875,-4.933119885e-14
9000,-0.248125,-4.933119885e-14
9000,-0.2475,-4.933119885e-14
9000,-0.246875,-4.933119885e-14
9000,-0.24625,-4.933119885e-14
9000,-0.245625,-4.933119885e-14
9000,-0.245,-4.933119885e-14
9000,-0.244375,-4.933119885e-14
9000,-0.24375,-4.933119885e-14
9000,-0.243125,-4.933119885e-14
9000,-0.2425,-4.933119885e-14
9000,-0.241875,-4.933119885e-14
9000,-0.24125,-4.933119885e-14
9000,-0.240625,-4.933119885e-14
9000,-0.24,-4.933119885e-14
9000,-0.239375,-4.933119885e-14
9000,-0.23875,-4.933119885e-14
9000,-0.238125,-4.933119885e-14
9000,-0.2375,-4.933119885e-14
9000,-0.236875,-4.933119885e-14
9000,-0.23625,-4.933119885e-14
9000,-0.235625,-4.933119885e-14
9000,-0.235,-4.933119885e-14
9000,-0.234375,-4.933119885e-14
9000,-0.23375,-4.933119885e-14
9000,-0.233125,-4.933119885e-14
9000,-0.2325,-4.933119885e-14
9000,-0.231875,-4.933119885e-14
9000,-0.23125,-4.933119885e-14
9000,-0.230625,-4.933119885e-14
9000,-0.23,-4.933119885e-14
9000,-0.229375,-4.933119885e-14
9000,-0.22875,-4.933119885e-14
9000,-0.228125,-4.933119885e-14
9000,-0.2275,-4.933119885e-14
9000,-0.226875,-4.933119885e-14
9000,-0.22625,-4.933119885e-14
9000,-0.225625,-4.933119885e-14
9000,-0.225,-4.933119885e-14
9000,-0.224375,-4.933119885e-14
9000,-0.22375,-4.933119885e-14
9000,-0.223125,-4.933119885e-14
9000,-0.2225,-4.933119885e-14
9000,-0.221875,-4.933119885e-14
9000,-0.22125,-4.933119885e-14
9000,-0.220625,-4.933119885e-14
9000,-0.22,-4.933119885e-14
9000,-0.219375,-4.933119885e-14
9000,-0.21875,-4.933119885e-14
9000,-0.218125,-4.933119885e-14
9000,-0.2175,-4.933119885e-14
9000,-0.216875,-4.933119885e-14
9000,-0.21625,-4.933119885e-14
9000,-0.215625,-4.933119885e-14
9000,-0.215,-4.933119885e-14
9000,-0.214375,-4.933119885e-14
9000,-0.21375,-4.933119885e-14
9000,-0.213125,-4.933119885e-14
9000,-0.2125,-4.933119885e-14
9000,-0.211875,-4.933119885e-14
9000,-0.21125,-4.933119885e-14
9000,-0.210625,-4.933119885e-14
9000,-0.21,-4.933119885e-14
9000,-0.209375,-4.933119885e-14
9000,-0.20875,-4.933119885e-14
9000,-0.208125,-4.933119885e-14
9000,-0.2075,-4.933119885e-14
9000,-0.206875,-4.933119885e-14
9000,-0.20625,-4.933119885e-14
9000,-0.205625,-4.933119885e-14
9000,-0.205,-4.933119885e-14
9000,-0.204375,-4.933119885e-14
9000,-0.20375,-4.933119885e-14
9000,-0.203125,-4.933119885e-14
9000,-0.2025,-4.933119885e-14
9000,-0.201875,-4.933119885e-14
9000,-0.20125,-4.933119885e-14
9000,-0.200625,-4.933119885e-14
9000,-0.2,-4.933119885e-14
9000,-0.199375,-4.933119885e-14
9000,-0.19875,-4.933119885e-14
9000,-0.198125,-4.933119885e-14
9000,-0.1975,-4.933119885e-14
9000,-0.196875,-4.933119885e-14
9000,-0.19625,-4.933119885e-14
9000,-0.195625,-4.933119885e-14
9000,-0.195,-4.933119885e-14
9000,-0.194375,-4.933119885e-14
9000,-0.19375,-4.933119885e-14
9000,-0.193125,-4.933119885e-14
9000,-0.1925,-4.933119885e-14
9000,-0.191875,-4.933119885e-14
9000,-0.19125,-4.933119885e-14
9000,-0.190625,-4.933119885e-14
9000,-0.19,-4.933119885e-14
9000,-0.189375,-4.933119885e-14
9000,-0.18875,-4.933119885e-14
9000,-0.188125,-4.933119885e-14
9000,-0.1875,-4.933119885e-14
9000,-0.186875,-4.933119885e-14
9000,-0.18625,-4.933119885e-14
9000,-0.185625,-4.933119885e-14
9000,-0.185,-4.933119885e-14
9000,-0.184375,-4.933119885e-14
9000,-0.18375,-3.662656148e-08
9000,-0.183125,-1.514239075e-06
9000,-0.1825,-9.154947784e-06
9000,-0.181875,-3.105206944e-05
9000,-0.18125,-7.857339692e-05
9000,-0.180625,-0.0001661645219
9000,-0.18,-0.0003112497286
9000,-0.179375,-0.0005340368176
9000,-0.17875,-0.0008573894373
9000,-0.178125,-0.001306664224
9000,-0.1775,-0.001909566906
9000,-0.176875,-0.002695985339
9000,-0.17625,-0.003697893969
9000,-0.175625,-0.004949170954
9000,-0.175,-0.006485464246
9000,-0.174375,-0.008344093617
9000,-0.17375,-0.01056383596
9000,-0.173125,-0.01318213843
9000,-0.1725,-0.01623111264
9000,-0.171875,-0.01973733198
9000,-0.17125,-0.02372193677
9000,-0.170625,-0.02820093323
9000,-0.17,-0.0331853025
9000,-0.169375,-0.03868131362
9000,-0.16875,-0.04469070654
9000,-0.168125,-0.05121094965
9000,-0.1675,-0.05823546384
9000,-0.166875,-0.06575390195
9000,-0.16625,-0.07375229369
9000,-0.165625,-0.08221335205
9000,-0.165,-0.09111668754
9000,-0.164375,-0.1004389595
9000,-0.16375,-0.110154161
9000,-0.163125,-0.1202352011
9000,-0.1625,-0.1306559904
9000,-0.161875,-0.1413916487
9000,-0.16125,-0.152418602
9000,-0.160625,-0.1637144974
9000,-0.16,-0.1752582807
9000,-0.159375,-0.1870301187
9000,-0.15875,-0.1990113909
9000,-0.158125,-0.2111846554
9000,-0.1575,-0.223533584
9000,-0.156875,-0.2360428983
9000,-0.15625,-0.2486983639
9000,-0.155625,-0.2614866856
9000,-0.155,-0.2743954657
9000,-0.154375,-0.287413178
9000,-0.15375,-0.3005290874
9000,-0.153125,-0.3137331491
9000,-0.1525,-0.3270160284
9000,-0.151875,-0.3403690496
9000,-0.15125,-0.3537840745
9000,-0.150625,-0.3672535392
9000,-0.15,-0.3807703869
9000,-0.149375,-0.3943280409
9000,-0.14875,-0.4079203488
9000,-0.148125,-0.4215415245
9000,-0.1475,-0.4351862035
9000,-0.146875,-0.4488493868
9000,-0.14625,-0.4625263519
9000,-0.145625,-0.4762126687
9000,-0.145,-0.489904229
9000,-0.144375,-0.5035971885
9000,-0.14375,-0.5172879182
9000,-0.143125,-0.5309730128
9000,-0.1425,-0.5446492998
9000,-0.141875,-0.5583137581
9000,-0.14125,-0.5719635696
9000,-0.140625,-0.5855961306
9000,-0.14,-0.5992089413
9000,-0.139375,-0.6127996095
9000,-0.13875,-0.6263659684
9000,-0.138125,-0.6399059727
9000,-0.1375,-0.6534176064
9000,-0.136875,-0.6668990317
9000,-0.13625,-0.680348505
9000,-0.135625,-0.6937644366
9000,-0.135,-0.7071452866
9000,-0.134375,-0.720489507
9000,-0.13375,-0.7337957882
9000,-0.133125,-0.7470628562
9000,-0.1325,-0.7602894092
9000,-0.131875,-0.7734743458
9000,-0.13125,-0.7866165452
9000,-0.130625,-0.7997149578
9000,-0.13,-0.8127685707
9000,-0.129375,-0.825776532
9000,-0.12875,-0.8387379044
9000,-0.128125,-0.8516518109
9000,-0.1275,-0.8645175633
9000,-0.126875,-0.8773342643
9000,-0.12625,-0.8901013127
9000,-0.125625,-0.9028179339
9000,-0.125,-0.9154835021
9000,-0.124375,-0.9280974299
9000,-0.12375,-0.9406591225
9000,-0.123125,-0.9531679612
9000,-0.1225,-0.9656235756
9000,-0.121875,-0.9780253299
9000,-0.12125,-0.9903729583
9000,-0.120625,-1.002665907
9000,-0.12,-1.014903948
9000,-0.119375,-1.027086604
9000,-0.11875,-1.039213642
9000,-0.118125,-1.051284686
9000,-0.1175,-1.063299376
9000,-0.116875,-1.075257445
9000,-0.11625,-1.087158399
9000,-0.115625,-1.09900193
9000,-0.115,-1.110787472
9000,-0.114375,-1.122514706
9000,-0.11375,-1.134182948
9000,-0.113125,-1.145791949
9000,-0.1125,-1.157340974
9000,-0.111875,-1.168829825
9000,-0.11125,-1.180257925
9000,-0.110625,-1.191625139
9000,-0.11,-1.202931261
9000,-0.109375,-1.214176438
9000,-0.10875,-1.225360989
9000,-0.108125,-1.236485684
9000,-0.1075,-1.24755078
9000,-0.106875,-1.258556559
9000,-0.10625,-1.269503075
9000,-0.105625,-1.280390309
9000,-0.105,-1.291218366
9000,-0.104375,-1.301987043
9000,-0.10375,-1.312696599
9000,-0.103125,-1.323346711
9000,-0.1025,-1.333937644
9000,-0.101875,-1.344469074
9000,-0.10125,-1.35494092
9000,-0.100625,-1.365352844
9000,-0.1,-1.375704077
9000,-0.099375,-1.385993802
9000,-0.09875,-1.396220396
9000,-0.098125,-1.406381899
9000,-0.0975,-1.416477111
9000,-0.096875,-1.426505147
9000,-0.09625,-1.436465676
9000,-0.095625,-1.446358537
9000,-0.095,-1.456183766
9000,-0.094375,-1.465941591
9000,-0.09375,-1.475632132
9000,-0.093125,-1.485255769
9000,-0.0925,-1.494812644
9000,-0.091875,-1.504303091
9000,-0.09125,-1.513727359
9000,-0.090625,-1.523085685
9000,-0.09,-1.532378535
9000,-0.089375,-1.541606261
9000,-0.08875,-1.550769633
9000,-0.088125,-1.559869468
9000,-0.0875,-1.568906244
9000,-0.086875,-1.577880197
9000,-0.08625,-1.586791331
9000,-0.085625,-1.595639527
9000,-0.085,-1.604424575
9000,-0.084375,-1.613146211
9000,-0.08375,-1.621804163
9000,-0.083125,-1.630398166
9000,-0.0825,-1.638927962
9000,-0.081875,-1.647393362
9000,-0.08125,-1.655794186
9000,-0.080625,-1.664130334
9000,-0.08,-1.672401739
9000,-0.079375,-1.680608397
9000,-0.07875,-1.688750327
9000,-0.078125,-1.696827595
9000,-0.0775,-1.704840272
9000,-0.076875,-1.712788418
9000,-0.07625,-1.720672115
9000,-0.075625,-1.728491405
9000,-0.075,-1.736246336
9000,-0.074375,-1.743936938
9000,-0.07375,-1.751563227
9000,-0.073125,-1.759125213
9000,-0.0725,-1.766622887
9000,-0.071875,-1.774056254
9000,-0.07125,-1.781425303
9000,-0.070625,-1.788730011
9000,-0.07,-1.795970382
9000,-0.069375,-1.803146401
9000,-0.06875,-1.81025806
9000,-0.068125,-1.817305353
9000,-0.0675,-1.824288273
9000,-0.066875,-1.831206824
9000,-0.06625,-1.838061006
9000,-0.065625,-1.84485081
9000,-0.065,-1.851576243
9000,-0.064375,-1.85823731
9000,-0.06375,-1.864834006
9000,-0.063125,-1.871366335
9000,-0.0625,-1.877834295
9000,-0.061875,-1.884237886
9000,-0.06125,-1.890577113
9000,-0.060625,-1.896851969
9000,-0.06,-1.903062463
9000,-0.059375,-1.909208585
9000,-0.05875,-1.915290338
9000,-0.058125,-1.921307733
9000,-0.0575,-1.927260759
9000,-0.056875,-1.933149417
9000,-0.05625,-1.938973718
9000,-0.055625,-1.94473365
9000,-0.055,-1.950429212
9000,-0.054375,-1.956060416
9000,-0.05375,-1.961627259
9000,-0.053125,-1.967129735
9000,-0.0525,-1.972567849
9000,-0.051875,-1.9779416
9000,-0.05125,-1.983250986
9000,-0.050625,-1.988496015
9000,-0.05,-1.99367668
9000,-0.049375,-1.99879298
9000,-0.04875,-2.003844924
9000,-0.048125,-2.00883251
9000,-0.0475,-2.013755729
9000,-0.046875,-2.018614586
9000,-0.04625,-2.023409085
9000,-0.045625,-2.028139228
9000,-0.045,-2.032805009
9000,-0.044375,-2.037406429
9000,-0.04375,-2.041943491
9000,-0.043125,-2.046416197
9000,-0.0425,-2.050824541
9000,-0.041875,-2.055168527
9000,-0.04125,-2.059448153
9000,-0.040625,-2.063663423
9000,-0.04,-2.067814332
9000,-0.039375,-2.071900884
9000,-0.03875,-2.075923081
9000,-0.038125,-2.079880921
9000,-0.0375,-2.0837744
9000,-0.036875,-2.087603521
9000,-0.03625,-2.091368288
9000,-0.035625,-2.095068697
9000,-0.035,-2.098704751
9000,-0.034375,-2.102276446
9000,-0.03375,-2.105783784
9000,-0.033125,-2.109226765
9000,-0.0325,-2.11260539
9000,-0.031875,-2.11591966
9000,-0.03125,-2.119169574
9000,-0.030625,-2.122355131
9000,-0.03,-2.125476333
9000,-0.029375,-2.12853318
9000,-0.02875,-2.131525671
9000,-0.028125,-2.134453806
9000,-0.0275,-2.137317586
9000,-0.026875,-2.140117009
9000,-0.02625,-2.142852076
9000,-0.025625,-2.145522789
9000,-0.025,-2.148129148
9000,-0.024375,-2.150671152
9000,-0.02375,-2.153148802
9000,-0.023125,-2.155562095
9000,-0.0225,-2.157911032
9000,-0.021875,-2.160195616
9000,-0.02125,-2.162415845
9000,-0.020625,-2.16457172
9000,-0.02,-2.16666324
9000,-0.019375,-2.168690406
9000,-0.01875,-2.170653219
9000,-0.018125,-2.172551677
9000,-0.0175,-2.174385779
9000,-0.016875,-2.176155528
9000,-0.01625,-2.177860923
9000,-0.015625,-2.179501964
9000,-0.015,-2.181078651
9000,-0.014375,-2.182590983
9000,-0.01375,-2.184038962
9000,-0.013125,-2.185422587
9000,-0.0125,-2.186741858
9000,-0.011875,-2.187996775
9000,-0.01125,-2.189187338
9000,-0.010625,-2.190313547
9000,-0.01,-2.191375401
9000,-0.009375,-2.1923729
9000,-0.00875,-2.193306045
9000,-0.008125,-2.194174837
9000,-0.0075,-2.194979275
9000,-0.006875,-2.195719362
9000,-0.00625,-2.196395096
9000,-0.005625,-2.197006478
9000,-0.005,-2.19755351
9000,-0.004375,-2.19803619
9000,-0.00375,-2.198454521
9000,-0.003125,-2.198808502
9000,-0.0025,-2.199098135
9000,-0.001875,-2.199323418
9000,-0.00125,-2.199484354
9000,-0.000625,-2.199580943
9000,-8.54872e-15,-2.199613176
9000,0.000625,-2.199580943
9000,0.00125,-2.199484354
9000,0.001875,-2.199323418
9000,0.0025,-2.199098135
9000,0.003125,-2.198808502
9000,0.00375,-2.198454521
9000,0.004375,-2.19803619
9000,0.005,-2.19755351
9000,0.005625,-2.197006478
9000,0.00625,-2.196395096
9000,0.006875,-2.195719362
9000,0.0075,-2.194979275
9000,0.008125,-2.194174837
9000,0.00875,-2.193306045
9000,0.009375,-2.1923729
9000,0.01,-2.191375401
9000,0.010625,-2.190313547
9000,0.01125,-2.189187338
9000,0.011875,-2.187996775
9000,0.0125,-2.186741858
9000,0.013125,-2.185422587
9000,0.01375,-2.184038962
9000,0.014375,-2.182590983
9000,0.015,-2.181078651
9000,0.015625,-2.179501964
9000,0.01625,-2.177860923
9000,0.016875,-2.176155528
9000,0.0175,-2.174385779
9000,0.018125,-2.172551677
9000,0.01875,-2.170653219
9000,0.019375,-2.168690406
9000,0.02,-2.16666324
9000,0.020625,-2.16457172
9000,0.02125,-2.162415845
9000,0.021875,-2.160195616
9000,0.0225,-2.157911032
9000,0.023125,-2.155562095
9000,0.02375,-2.153148802
9000,0.024375,-2.150671152
9000,0.025,-2.148129148
9000,0.025625,-2.145522789
9000,0.02625,-2.142852076
9000,0.026875,-2.140117009
9000,0.0275,-2.137317586
9000,0.028125,-2.134453806
9000,0.02875,-2.131525671
9000,0.029375,-2.12853318
9000,0.03,-2.125476333
9000,0.030625,-2.122355131
9000,0.03125,-2.119169574
9000,0.031875,-2.11591966
9000,0.0325,-2.11260539
9000,0.033125,-2.109226765
9000,0.03375,-2.105783784
9000,0.034375,-2.102276446
9000,0.035,-2.098704751
9000,0.035625,-2.095068697
9000,0.03625,-2.091368288
9000,0.036875,-2.087603521
9000,0.0375,-2.0837744
9000,0.038125,-2.079880921
9000,0.03875,-2.075923081
9000,0.039375,-2.071900884
9000,0.04,-2.067814332
9000,0.040625,-2.063663423
9000,0.04125,-2.059448153
9000,0.041875,-2.055168527
9000,0.0425,-2.050824541
9000,0.043125,-2.046416197
9000,0.04375,-2.041943491
9000,0.044375,-2.037406429
9000,0.045,-2.032805009
9000,0.045625,-2.028139228
9000,0.04625,-2.023409085
9000,0.046875,-2.018614586
9000,0.0475,-2.013755729
9000,0.048125,-2.00883251
9000,0.04875,-2.003844924
9000,0.049375,-1.99879298
9000,0.05,-1.99367668
9000,0.050625,-1.988496015
9000,0.05125,-1.983250986
9000,0.051875,-1.9779416
9000,0.0525,-1.972567849
9000,0.053125,-1.967129735
9000,0.05375,-1.961627259
9000,0.054375,-1.956060416
9000,0.055,-1.950429212
9000,0.055625,-1.94473365
9000,0.05625,-1.938973718
9000,0.056875,-1.933149417
9000,0.0575,-1.927260759
9000,0.058125,-1.921307733
9000,0.05875,-1.915290338
9000,0.059375,-1.909208585
9000,0.06,-1.903062463
9000,0.060625,-1.896851969
9000,0.06125,-1.890577113
9000,0.061875,-1.884237886
9000,0.0625,-1.877834295
9000,0.063125,-1.871366335
9000,0.06375,-1.864834006
9000,0.064375,-1.85823731
9000,0.065,-1.851576243
9000,0.065625,-1.84485081
9000,0.06625,-1.838061006
9000,0.066875,-1.831206824
9000,0.0675,-1.824288273
9000,0.068125,-1.817305353
9000,0.06875,-1.81025806
9000,0.069375,-1.803146401
9000,0.07,-1.795970382
9000,0.070625,-1.788730011
9000,0.07125,-1.781425303
9000,0.071875,-1.774056254
9000,0.0725,-1.766622887
9000,0.073125,-1.759125213
9000,0.07375,-1.751563227
9000,0.074375,-1.743936938
9000,0.075,-1.736246336
9000,0.075625,-1.728491405
9000,0.07625,-1.720672115
9000,0.076875,-1.712788418
9000,0.0775,-1.704840272
9000,0.078125,-1.696827595
9000,0.07875,-1.688750327
9000,0.079375,-1.680608397
9000,0.08,-1.672401739
9000,0.080625,-1.664130334
9000,0.08125,-1.655794186
9000,0.081875,-1.647393362
9000,0.0825,-1.638927962
9000,0.083125,-1.630398166
9000,0.08375,-1.621804163
9000,0.084375,-1.613146211
9000,0.085,-1.604424575
9000,0.085625,-1.595639527
9000,0.08625,-1.586791331
9000,0.086875,-1.577880197
9000,0.0875,-1.568906244
9000,0.088125,-1.559869468
9000,0.08875,-1.550769633
9000,0.089375,-1.541606261
9000,0.09,-1.532378535
9000,0.090625,-1.523085685
9000,0.09125,-1.513727359
9000,0.091875,-1.504303091
9000,0.0925,-1.494812644
9000,0.093125,-1.485255769
9000,0.09375,-1.475632132
9000,0.094375,-1.465941591
9000,0.095,-1.456183766
9000,0.095625,-1.446358537
9000,0.09625,-1.436465676
9000,0.096875,-1.426505147
9000,0.0975,-1.416477111
9000,0.098125,-1.406381899
9000,0.09875,-1.396220396
9000,0.099375,-1.385993802
9000,0.1,-1.375704077
9000,0.100625,-1.365352844
9000,0.10125,-1.35494092
9000,0.101875,-1.344469074
9000,0.1025,-1.333937644
9000,0.103125,-1.323346711
9000,0.10375,-1.312696599
9000,0.104375,-1.301987043
9000,0.105,-1.291218366
9000,0.105625,-1.280390309
9000,0.10625,-1.269503075
9000,0.106875,-1.258556559
9000,0.1075,-1.24755078
9000,0.108125,-1.236485684
9000,0.10875,-1.225360989
9000,0.109375,-1.214176438
9000,0.11,-1.202931261
9000,0.110625,-1.191625139
9000,0.11125,-1.180257925
9000,0.111875,-1.168829825
9000,0.1125,-1.157340974
9000,0.113125,-1.145791949
9000,0.11375,-1.134182948
9000,0.114375,-1.122514706
9000,0.115,-1.110787472
9000,0.115625,-1.09900193
9000,0.11625,-1.087158399
9000,0.116875,-1.075257445
9000,0.1175,-1.063299376
9000,0.118125,-1.051284686
9000,0.11875,-1.039213642
9000,0.119375,-1.027086604
9000,0.12,-1.014903948
9000,0.120625,-1.002665907
9000,0.12125,-0.9903729583
9000,0.121875,-0.9780253299
9000,0.1225,-0.9656235756
9000,0.123125,-0.9531679612
9000,0.12375,-0.9406591225
9000,0.124375,-0.9280974299
9000,0.125,-0.9154835021
9000,0.125625,-0.9028179339
9000,0.12625,-0.8901013127
9000,0.126875,-0.8773342643
9000,0.1275,-0.8645175633
9000,0.128125,-0.8516518109
9000,0.12875,-0.8387379044
9000,0.129375,-0.825776532
9000,0.13,-0.8127685707
9000,0.130625,-0.7997149578
9000,0.13125,-0.7866165452
9000,0.131875,-0.7734743458
9000,0.1325,-0.7602894092
9000,0.133125,-0.7470628562
9000,0.13375,-0.7337957882
9000,0.134375,-0.720489507
9000,0.135,-0.7071452866
9000,0.135625,-0.6937644366
9000,0.13625,-0.680348505
9000,0.136875,-0.6668990317
9000,0.1375,-0.6534176064
9000,0.138125,-0.6399059727
9000,0.13875,-0.6263659684
9000,0.139375,-0.6127996095
9000,0.14,-0.5992089413
9000,0.140625,-0.5855961306
9000,0.14125,-0.5719635696
9000,0.141875,-0.5583137581
9000,0.1425,-0.5446492998
9000,0.143125,-0.5309730128
9000,0.14375,-0.5172879182
9000,0.144375,-0.5035971885
9000,0.145,-0.489904229
9000,0.145625,-0.4762126687
9000,0.14625,-0.4625263519
9000,0.146875,-0.4488493868
9000,0.1475,-0.4351862035
9000,0.148125,-0.4215415245
9000,0.14875,-0.4079203488
9000,0.149375,-0.3943280409
9000,0.15,-0.3807703869
9000,0.150625,-0.3672535392
9000,0.15125,-0.3537840745
9000,0.151875,-0.3403690496
9000,0.1525,-0.3270160284
9000,0.153125,-0.3137331491
9000,0.15375,-0.3005290874
9000,0.154375,-0.287413178
9000,0.155,-0.2743954657
9000,0.155625,-0.2614866856
9000,0.15625,-0.2486983639
9000,0.156875,-0.2360428983
9000,0.1575,-0.223533584
9000,0.158125,-0.2111846554
9000,0.15875,-0.1990113909
9000,0.159375,-0.1870301187
9000,0.16,-0.1752582807
9000,0.160625,-0.1637144974
9000,0.16125,-0.152418602
9000,0.161875,-0.1413916487
9000,0.1625,-0.1306559904
9000,0.163125,-0.1202352011
9000,0.16375,-0.110154161
9000,0.164375,-0.1004389595
9000,0.165,-0.09111668754
9000,0.165625,-0.08221335205
9000,0.16625,-0.07375229369
9000,0.166875,-0.06575390195
9000,0.1675,-0.05823546384
9000,0.168125,-0.05121094965
9000,0.16875,-0.04469070654
9000,0.169375,-0.03868131362
9000,0.17,-0.0331853025
9000,0.170625,-0.02820093323
9000,0.17125,-0.02372193677
9000,0.171875,-0.01973733198
9000,0.1725,-0.01623111264
9000,0.173125,-0.01318213843
9000,0.17375,-0.01056383596
9000,0.174375,-0.008344093617
9000,0.175,-0.006485464246
9000,0.175625,-0.004949170954
9000,0.17625,-0.003697893969
9000,0.176875,-0.002695985339
9000,0.1775,-0.001909566906
9000,0.178125,-0.001306664224
9000,0.17875,-0.0008573894373
9000,0.179375,-0.0005340368176
9000,0.18,-0.0003112497286
9000,0.180625,-0.0001661645219
9000,0.18125,-7.857339692e-05
9000,0.181875,-3.105206944e-05
9000,0.1825,-9.154947784e-06
9000,0.183125,-1.514239075e-06
9000,0.18375,-3.662656148e-08
9000,0.184375,-4.933119885e-14
9000,0.185,-4.933119885e-14
9000,0.185625,-4.933119885e-14
9000,0.18625,-4.933119885e-14
9000,0.186875,-4.933119885e-14
9000,0.1875,-4.933119885e-14
9000,0.188125,-4.933119885e-14
9000,0.18875,-4.933119885e-14
9000,0.189375,-4.933119885e-14
9000,0.19,-4.933119885e-14
9000,0.190625,-4.933119885e-14
9000,0.19125,-4.933119885e-14
9000,0.191875,-4.933119885e-14
9000,0.1925,-4.933119885e-14
9000,0.193125,-4.933119885e-14
9000,0.19375,-4.933119885e-14
9000,0.194375,-4.933119885e-14
9000,0.195,-4.933119885e-14
9000,0.195625,-4.933119885e-14
9000,0.19625,-4.933119885e-14
9000,0.196875,-4.933119885e-14
9000,0.1975,-4.933119885e-14
9000,0.198125,-4.933119885e-14
9000,0.19875,-4.933119885e-14
9000,0.199375,-4.933119885e-14
9000,0.2,-4.933119885e-14
9000,0.200625,-4.933119885e-14
9000,0.20125,-4.933119885e-14
9000,0.201875,-4.933119885e-14
9000,0.2025,-4.933119885e-14
9000,0.203125,-4.933119885e-14
9000,0.20375,-4.933119885e-14
9000,0.204375,-4.933119885e-14
9000,0.205,-4.933119885e-14
9000,0.205625,-4.933119885e-14
9000,0.20625,-4.933119885e-14
9000,0.206875,-4.933119885e-14
9000,0.2075,-4.933119885e-14
9000,0.208125,-4.933119885e-14
9000,0.20875,-4.933119885e-14
9000,0.209375,-4.933119885e-14
9000,0.21,-4.933119885e-14
9000,0.210625,-4.933119885e-14
9000,0.21125,-4.933119885e-14
9000,0.211875,-4.933119885e-14
9000,0.2125,-4.933119885e-14
9000,0.213125,-4.933119885e-14
9000,0.21375,-4.933119885e-14
9000,0.214375,-4.933119885e-14
9000,0.215,-4.933119885e-14
9000,0.215625,-4.933119885e-14
9000,0.21625,-4.933119885e-14
9000,0.216875,-4.933119885e-14
9000,0.2175,-4.933119885e-14
9000,0.218125,-4.933119885e-14
9000,0.21875,-4.933119885e-14
9000,0.219375,-4.933119885e-14
9000,0.22,-4.933119885e-14
9000,0.220625,-4.933119885e-14
9000,0.22125,-4.933119885e-14
9000,0.221875,-4.933119885e-14
9000,0.2225,-4.933119885e-14
9000,0.223125,-4.933119885e-14
9000,0.22375,-4.933119885e-14
9000,0.224375,-4.933119885e-14
9000,0.225,-4.933119885e-14
9000,0.225625,-4.933119885e-14
9000,0.22625,-4.933119885e-14
9000,0.226875,-4.933119885e-14
9000,0.2275,-4.933119885e-14
9000,0.228125,-4.933119885e-14
9000,0.22875,-4.933119885e-14
9000,0.229375,-4.933119885e-14
9000,0.23,-4.933119885e-14
9000,0.230625,-4.933119885e-14
9000,0.23125,-4.933119885e-14
9000,0.231875,-4.933119885e-14
9000,0.2325,-4.933119885e-14
9000,0.233125,-4.933119885e-14
9000,0.23375,-4.933119885e-14
9000,0.234375,-4.933119885e-14
9000,0.235,-4.933119885e-14
9000,0.235625,-4.933119885e-14
9000,0.23625,-4.933119885e-14
9000,0.236875,-4.933119885e-14
9000,0.2375,-4.933119885e-14
9000,0.238125,-4.933119885e-14
9000,0.23875,-4.933119885e-14
9000,0.239375,-4.933119885e-14
9000,0.24,-4.933119885e-14
9000,0.240625,-4.933119885e-14
9000,0.24125,-4.933119885e-14
9000,0.241875,-4.933119885e-14
9000,0.2425,-4.933119885e-14
9000,0.243125,-4.933119885e-14
9000,0.24375,-4.933119885e-14
9000,0.244375,-4.933119885e-14
9000,0.245,-4.933119885e-14
9000,0.245625,-4.933119885e-14
9000,0.24625,-4.933119885e-14
9000,0.246875,-4.933119885e-14
9000,0.2475,-4.933119885e-14
9000,0.248125,-4.933119885e-14
9000,0.24875,-4.933119885e-14
9000,0.249375,-4.933119885e-14
9000,0.25,-4.933119885e-14
9000,0.250625,-4.933119885e-14
9000,0.25125,-4.933119885e-14
9000,0.251875,-4.933119885e-14
9000,0.2525,-4.933119885e-14
9000,0.253125,-4.933119885e-14
9000,0.25375,-4.933119885e-14
9000,0.254375,-4.933119885e-14
9000,0.255,-4.933119885e-14
9000,0.255625,-4.933119885e-14
9000,0.25625,-4.933119885e-14
9000,0.256875,-4.933119885e-14
9000,0.2575,-4.933119885e-14
9000,0.258125,-4.933119885e-14
9000,0.25875,-4.933119885e-14
9000,0.259375,-4.933119885e-14
9000,0.26,-4.933119885e-14
9000,0.260625,-4.933119885e-14
9000,0.26125,-4.933119885e-14
9000,0.261875,-4.933119885e-14
9000,0.2625,-4.933119885e-14
9000,0.263125,-4.933119885e-14
9000,0.26375,-4.933119885e-14
9000,0.264375,-4.933119885e-14
9000,0.265,-4.933119885e-14
9000,0.265625,-4.933119885e-14
9000,0.26625,-4.933119885e-14
9000,0.266875,-4.933119885e-14
9000,0.2675,-4.933119885e-14
9000,0.268125,-4.933119885e-14
9000,0.26875,-4.933119885e-14
9000,0.269375,-4.933119885e-14
9000,0.27,-4.933119885e-14
9000,0.270625,-4.933119885e-14
9000,0.27125,-4.933119885e-14
9000,0.271875,-4.933119885e-14
9000,0.2725,-4.933119885e-14
9000,0.273125,-4.933119885e-14
9000,0.27375,-4.933119885e-14
9000,0.274375,-4.933119885e-14
9000,0.275,-4.933119885e-14
9000,0.275625,-4.933119885e-14
9000,0.27625,-4.933119885e-14
9000,0.276875,-4.933119885e-14
9000,0.2775,-4.933119885e-14
9000,0.278125,-4.933119885e-14
9000,0.27875,-4.933119885e-14
9000,0.279375,-4.933119885e-14
9000,0.28,-4.933119885e-14
9000,0.280625,-4.933119885e-14
9000,0.28125,-4.933119885e-14
9000,0.281875,-4.933119885e-14
9000,0.2825,-4.933119885e-14
9000,0.283125,-4.933119885e-14
9000,0.28375,-4.933119885e-14
9000,0.284375,-4.933119885e-14
9000,0.285,-4.933119885e-14
9000,0.285625,-4.933119885e-14
9000,0.28625,-4.933119885e-14
9000,0.286875,-4.933119885e-14
9000,0.2875,-4.933119885e-14
9000,0.288125,-4.933119885e-14
9000,0.28875,-4.933119885e-14
9000,0.289375,-4.933119885e-14
9000,0.29,-4.933119885e-14
9000,0.290625,-4.933119885e-14
9000,0.29125,-4.933119885e-14
9000,0.291875,-4.933119885e-14
9000,0.2925,-4.933119885e-14
9000,0.293125,-4.933119885e-14
9000,0.29375,-4.933119885e-14
9000,0.294375,-4.933119885e-14
9000,0.295,-4.933119885e-14
9000,0.295625,-4.933119885e-14
9000,0.29625,-4.933119885e-14
9000,0.296875,-4.933119885e-14
9000,0.2975,-4.933119885e-14
9000,0.298125,-4.933119885e-14
9000,0.29875,-4.933119885e-14
9000,0.299375,-4.933119885e-14
9000,0.3,-4.933119885e-14
9000,0.300625,-4.933119885e-14
9000,0.30125,-4.933119885e-14
9000,0.301875,-4.933119885e-14
9000,0.3025,-4.933119885e-14
9000,0.303125,-4.933119885e-14
9000,0.30375,-4.933119885e-14
9000,0.304375,-4.933119885e-14
9000,0.305,-4.933119885e-14
9000,0.305625,-4.933119885e-14
9000,0.30625,-4.933119885e-14
9000,0.306875,-4.933119885e-14
9000,0.3075,-4.933119885e-14
9000,0.308125,-4.933119885e-14
9000,0.30875,-4.933119885e-14
9000,0.309375,-4.933119885e-14
9000,0.31,-4.933119885e-14
9000,0.310625,-4.933119885e-14
9000,0.31125,-4.933119885e-14
9000,0.311875,-4.933119885e-14
9000,0.3125,-4.933119885e-14
9000,0.313125,-4.933119885e-14
9000,0.31375,-4.933119885e-14
9000,0.314375,-4.933119885e-14
9000,0.315,-4.933119885e-14
9000,0.315625,-4.933119885e-14
9000,0.31625,-4.933119885e-14
9000,0.316875,-4.933119885e-14
9000,0.3175,-4.933119885e-14
9000,0.318125,-4.933119885e-14
9000,0.31875,-4.933119885e-14
9000,0.319375,-4.933119885e-14
9000,0.32,-4.933119885e-14
9000,0.320625,-4.933119885e-14
9000,0.32125,-4.933119885e-14
9000,0.321875,-4.933119885e-14
9000,0.3225,-4.933119885e-14
9000,0.323125,-4.933119885e-14
9000,0.32375,-4.933119885e-14
9000,0.324375,-4.933119885e-14
9000,0.325,-4.933119885e-14
9000,0.325625,-4.933119885e-14
9000,0.32625,-4.933119885e-14
9000,0.326875,-4.933119885e-14
9000,0.3275,-4.933119885e-14
9000,0.328125,-4.933119885e-14
9000,0.32875,-4.933119885e-14
9000,0.329375,-4.933119885e-14
9000,0.33,-4.933119885e-14
9000,0.330625,-4.933119885e-14
9000,0.33125,-4.933119885e-14
9000,0.331875,-4.933119885e-14
9000,0.3325,-4.933119885e-14
9000,0.333125,-4.933119885e-14
9000,0.33375,-4.933119885e-14
9000,0.334375,-4.933119885e-14
9000,0.335,-4.933119885e-14
9000,0.335625,-4.933119885e-14
9000,0.33625,-4.933119885e-14
9000,0.336875,-4.933119885e-14
9000,0.3375,-4.933119885e-14
9000,0.338125,-4.933119885e-14
9000,0.33875,-4.933119885e-14
9000,0.339375,-4.933119885e-14
9000,0.34,-4.933119885e-14
9000,0.340625,-4.933119885e-14
9000,0.34125,-4.933119885e-14
9000,0.341875,-4.933119885e-14
9000,0.3425,-4.933119885e-14
9000,0.343125,-4.933119885e-14
9000,0.34375,-4.933119885e-14
9000,0.344375,-4.933119885e-14
9000,0.345,-4.933119885e-14
9000,0.345625,-4.933119885e-14
9000,0.34625,-4.933119885e-14
9000,0.346875,-4.933119885e-14
9000,0.3475,-4.933119885e-14
9000,0.348125,-4.933119885e-14
9000,0.34875,-4.933119885e-14
9000,0.349375,-4.933119885e-14
9000,0.35,-4.933119885e-14
9000,0.350625,-4.933119885e-14
9000,0.35125,-4.933119885e-14
9000,0.351875,-4.933119885e-14
9000,0.3525,-4.933119885e-14
9000,0.353125,-4.933119885e-14
9000,0.35375,-4.933119885e-14
9000,0.354375,-4.933119885e-14
9000,0.355,-4.933119885e-14
9000,0.355625,-4.933119885e-14
9000,0.35625,-4.933119885e-14
9000,0.356875,-4.933119885e-14
9000,0.3575,-4.933119885e-14
9000,0.358125,-4.933119885e-14
9000,0.35875,-4.933119885e-14
9000,0.359375,-4.933119885e-14
9000,0.36,-4.933119885e-14
9000,0.360625,-4.933119885e-14
9000,0.36125,-4.933119885e-14
9000,0.361875,-4.933119885e-14
9000,0.3625,-4.933119885e-14
9000,0.363125,-4.933119885e-14
9000,0.36375,-4.933119885e-14
9000,0.364375,-4.933119885e-14
9000,0.365,-4.933119885e-14
9000,0.365625,-4.933119885e-14
9000,0.36625,-4.933119885e-14
9000,0.366875,-4.933119885e-14
9000,0.3675,-4.933119885e-14
9000,0.368125,-4.933119885e-14
9000,0.36875,-4.933119885e-14
9000,0.369375,-4.933119885e-14
9000,0.37,-4.933119885e-14
9000,0.370625,-4.933119885e-14
9000,0.37125,-4.933119885e-14
9000,0.371875,-4.933119885e-14
9000,0.3725,-4.933119885e-14
9000,0.373125,-4.933119885e-14
9000,0.37375,-4.933119885e-14
9000,0.374375,-4.933119885e-14
9000,0.375,-4.933119885e-14
9000,0.375625,-4.933119885e-14
9000,0.37625,-4.933119885e-14
9000,0.376875,-4.933119885e-14
9000,0.3775,-4.933119885e-14
9000,0.378125,-4.933119885e-14
9000,0.37875,-4.933119885e-14
9000,0.379375,-4.933119885e-14
9000,0.38,-4.933119885e-14
9000,0.380625,-4.933119885e-14
9000,0.38125,-4.933119885e-14
9000,0.381875,-4.933119885e-14
9000,0.3825,-4.933119885e-14
9000,0.383125,-4.933119885e-14
9000,0.38375,-4.933119885e-14
9000,0.384375,-4.933119885e-14
9000,0.385,-4.933119885e-14
9000,0.385625,-4.933119885e-14
9000,0.38625,-4.933119885e-14
9000,0.386875,-4.933119885e-14
9000,0.3875,-4.933119885e-14
9000,0.388125,-4.933119885e-14
9000,0.38875,-4.933119885e-14
9000,0.389375,-4.933119885e-14
9000,0.39,-4.933119885e-14
9000,0.390625,-4.933119885e-14
9000,0.39125,-4.933119885e-14
9000,0.391875,-4.933119885e-14
9000,0.3925,-4.933119885e-14
9000,0.393125,-4.933119885e-14
9000,0.39375,-4.933119885e-14
9000,0.394375,-4.933119885e-14
9000,0.395,-4.933119885e-14
9000,0.395625,-4.933119885e-14
9000,0.39625,-4.933119885e-14
9000,0.396875,-4.933119885e-14
9000,0.3975,-4.933119885e-14
9000,0.398125,-4.933119885e-14
9000,0.39875,-4.933119885e-14
9000,0.399375,-4.933119885e-14
9000,0.4,-4.933119885e-14
13500,-0.4,-7.372574773e-14
13500,-0.399375,-7.372574773e-14
13500,-0.39875,-7.372574773e-14
13500,-0.398125,-7.372574773e-14
13500,-0.3975,-7.372574773e-14
13500,-0.396875,-7.372574773e-14
13500,-0.39625,-7.372574773e-14
13500,-0.395625,-7.372574773e-14
13500,-0.395,-7.372574773e-14
13500,-0.394375,-7.372574773e-14
13500,-0.39375,-7.372574773e-14
13500,-0.393125,-7.372574773e-14
13500,-0.3925,-7.372574773e-14
13500,-0.391875,-7.372574773e-14
13500,-0.39125,-7.372574773e-14
13500,-0.390625,-7.372574773e-14
13500,-0.39,-7.372574773e-14
13500,-0.389375,-7.372574773e-14
13500,-0.38875,-7.372574773e-14
13500,-0.388125,-7.372574773e-14
13500,-0.3875,-7.372574773e-14
13500,-0.386875,-7.372574773e-14
13500,-0.38625,-7.372574773e-14
13500,-0.385625,-7.372574773e-14
13500,-0.385,-7.372574773e-14
13500,-0.384375,-7.372574773e-14
13500,-0.38375,-7.372574773e-14
13500,-0.383125,-7.372574773e-14
13500,-0.3825,-7.372574773e-14
13500,-0.381875,-7.372574773e-14
13500,-0.38125,-7.372574773e-14
13500,-0.380625,-7.372574773e-14
13500,-0.38,-7.372574773e-14
13500,-0.379375,-7.372574773e-14
13500,-0.37875,-7.372574773e-14
13500,-0.378125,-7.372574773e-14
13500,-0.3775,-7.372574773e-14
13500,-0.376875,-7.372574773e-14
13500,-0.37625,-7.372574773e-14
13500,-0.375625,-7.372574773e-14
13500,-0.375,-7.372574773e-14
13500,-0.374375,-7.372574773e-14
13500,-0.37375,-7.372574773e-14
13500,-0.373125,-7.372574773e-14
13500,-0.3725,-7.372574773e-14
13500,-0.371875,-7.372574773e-14
13500,-0.37125,-7.372574773e-14
13500,-0.370625,-7.372574773e-14
13500,-0.37,-7.372574773e-14
13500,-0.369375,-7.372574773e-14
13500,-0.36875,-7.372574773e-14
13500,-0.368125,-7.372574773e-14
13500,-0.3675,-7.372574773e-14
13500,-0.366875,-7.372574773e-14
13500,-0.36625,-7.372574773e-14
13500,-0.365625,-7.372574773e-14
13500,-0.365,-7.372574773e-14
13500,-0.364375,-7.372574773e-14
13500,-0.36375,-7.372574773e-14
13500,-0.363125,-7.372574773e-14
13500,-0.3625,-7.372574773e-14
13500,-0.361875,-7.372574773e-14
13500,-0.36125,-7.372574773e-14
13500,-0.360625,-7.372574773e-14
13500,-0.36,-7.372574773e-14
13500,-0.359375,-7.372574773e-14
13500,-0.35875,-7.372574773e-14
13500,-0.358125,-7.372574773e-14
13500,-0.3575,-7.372574773e-14
13500,-0.356875,-7.372574773e-14
13500,-0.35625,-7.372574773e-14
13500,-0.355625,-7.372574773e-14
13500,-0.355,-7.372574773e-14
13500,-0.354375,-7.372574773e-14
13500,-0.35375,-7.372574773e-14
13500,-0.353125,-7.372574773e-14
13500,-0.3525,-7.372574773e-14
13500,-0.351875,-7.372574773e-14
13500,-0.35125,-7.372574773e-14
13500,-0.350625,-7.372574773e-14
13500,-0.35,-7.372574773e-14
13500,-0.349375,-7.372574773e-14
13500,-0.34875,-7.372574773e-14
13500,-0.348125,-7.372574773e-14
13500,-0.3475,-7.372574773e-14
13500,-0.346875,-7.372574773e-14
13500,-0.34625,-7.372574773e-14
13500,-0.345625,-7.372574773e-14
13500,-0.345,-7.372574773e-14
13500,-0.344375,-7.372574773e-14
13500,-0.34375,-7.372574773e-14
13500,-0.343125,-7.372574773e-14
13500,-0.3425,-7.372574773e-14
13500,-0.341875,-7.372574773e-14
13500,-0.34125,-7.372574773e-14
13500,-0.340625,-7.372574773e-14
13500,-0.34,-7.372574773e-14
13500,-0.339375,-7.372574773e-14
13500,-0.33875,-7.372574773e-14
13500,-0.338125,-7.372574773e-14
13500,-0.3375,-7.372574773e-14
13500,-0.336875,-7.372574773e-14
13500,-0.33625,-7.372574773e-14
13500,-0.335625,-7.372574773e-14
13500,-0.335,-7.372574773e-14
13500,-0.334375,-7.372574773e-14
13500,-0.33375,-7.372574773e-14
13500,-0.333125,-7.372574773e-14
13500,-0.3325,-7.372574773e-14
13500,-0.331875,-7.372574773e-14
13500,-0.33125,-7.372574773e-14
13500,-0.330625,-7.372574773e-14
13500,-0.33,-7.372574773e-14
13500,-0.329375,-7.372574773e-14
13500,-0.32875,-7.372574773e-14
13500,-0.328125,-7.372574773e-14
13500,-0.3275,-7.372574773e-14
13500,-0.326875,-7.372574773e-14
13500,-0.32625,-7.372574773e-14
13500,-0.325625,-7.372574773e-14
13500,-0.325,-7.372574773e-14
13500,-0.324375,-7.372574773e-14
13500,-0.32375,-7.372574773e-14
13500,-0.323125,-7.372574773e-14
13500,-0.3225,-7.372574773e-14
13500,-0.321875,-7.372574773e-14
13500,-0.32125,-7.372574773e-14
13500,-0.320625,-7.372574773e-14
13500,-0.32,-7.372574773e-14
13500,-0.319375,-7.372574773e-14
13500,-0.31875,-7.372574773e-14
13500,-0.318125,-7.372574773e-14
13500,-0.3175,-7.372574773e-14
13500,-0.316875,-7.372574773e-14
13500,-0.31625,-7.372574773e-14
13500,-0.315625,-7.372574773e-14
13500,-0.315,-7.372574773e-14
13500,-0.314375,-7.372574773e-14
13500,-0.31375,-7.372574773e-14
13500,-0.313125,-7.372574773e-14
13500,-0.3125,-7.372574773e-14
13500,-0.311875,-7.372574773e-14
13500,-0.31125,-7.372574773e-14
13500,-0.310625,-7.372574773e-14
13500,-0.31,-7.372574773e-14
13500,-0.309375,-7.372574773e-14
13500,-0.30875,-7.372574773e-14
13500,-0.308125,-7.372574773e-14
13500,-0.3075,-7.372574773e-14
13500,-0.306875,-7.372574773e-14
13500,-0.30625,-7.372574773e-14
13500,-0.305625,-7.372574773e-14
13500,-0.305,-7.372574773e-14
13500,-0.304375,-7.372574773e-14
13500,-0.30375,-7.372574773e-14
13500,-0.303125,-7.372574773e-14
13500,-0.3025,-7.372574773e-14
13500,-0.301875,-7.372574773e-14
13500,-0.30125,-7.372574773e-14
13500,-0.300625,-7.372574773e-14
13500,-0.3,-7.372574773e-14
13500,-0.299375,-7.372574773e-14
13500,-0.29875,-7.372574773e-14
13500,-0.298125,-7.372574773e-14
13500,-0.2975,-7.372574773e-14
13500,-0.296875,-7.372574773e-14
13500,-0.29625,-7.372574773e-14
13500,-0.295625,-7.372574773e-14
13500,-0.295,-7.372574773e-14
13500,-0.294375,-7.372574773e-14
13500,-0.29375,-7.372574773e-14
13500,-0.293125,-7.372574773e-14
13500,-0.2925,-7.372574773e-14
13500,-0.291875,-7.372574773e-14
13500,-0.29125,-7.372574773e-14
13500,-0.290625,-7.372574773e-14
13500,-0.29,-7.372574773e-14
13500,-0.289375,-7.372574773e-14
13500,-0.28875,-7.372574773e-14
13500,-0.288125,-7.372574773e-14
13500,-0.2875,-7.372574773e-14
13500,-0.286875,-7.372574773e-14
13500,-0.28625,-7.372574773e-14
13500,-0.285625,-7.372574773e-14
13500,-0.285,-7.372574773e-14
13500,-0.284375,-7.372574773e-14
13500,-0.28375,-7.372574773e-14
13500,-0.283125,-7.372574773e-14
13500,-0.2825,-7.372574773e-14
13500,-0.281875,-7.372574773e-14
13500,-0.28125,-7.372574773e-14
13500,-0.280625,-7.372574773e-14
13500,-0.28,-7.372574773e-14
13500,-0.279375,-7.372574773e-14
13500,-0.27875,-7.372574773e-14
13500,-0.278125,-7.372574773e-14
13500,-0.2775,-7.372574773e-14
13500,-0.276875,-7.372574773e-14
13500,-0.27625,-7.372574773e-14
13500,-0.275625,-7.372574773e-14
13500,-0.275,-7.372574773e-14
13500,-0.274375,-7.372574773e-14
13500,-0.27375,-7.372574773e-14
13500,-0.273125,-7.372574773e-14
13500,-0.2725,-7.372574773e-14
13500,-0.271875,-7.372574773e-14
13500,-0.27125,-7.372574773e-14
13500,-0.270625,-7.372574773e-14
13500,-0.27,-7.372574773e-14
13500,-0.269375,-7.372574773e-14
13500,-0.26875,-7.372574773e-14
13500,-0.268125,-7.372574773e-14
13500,-0.2675,-7.372574773e-14
13500,-0.266875,-7.372574773e-14
13500,-0.26625,-7.372574773e-14
13500,-0.265625,-7.372574773e-14
13500,-0.265,-7.372574773e-14
13500,-0.264375,-7.372574773e-14
13500,-0.26375,-7.372574773e-14
13500,-0.263125,-7.372574773e-14
13500,-0.2625,-7.372574773e-14
13500,-0.261875,-7.372574773e-14
13500,-0.26125,-7.372574773e-14
13500,-0.260625,-7.372574773e-14
13500,-0.26,-7.372574773e-14
13500,-0.259375,-7.372574773e-14
13500,-0.25875,-7.372574773e-14
13500,-0.258125,-7.372574773e-14
13500,-0.2575,-7.372574773e-14
13500,-0.256875,-7.372574773e-14
13500,-0.25625,-7.372574773e-14
13500,-0.255625,-7.372574773e-14
13500,-0.255,-7.372574773e-14
13500,-0.254375,-7.372574773e-14
13500,-0.25375,-7.372574773e-14
13500,-0.253125,-7.372574773e-14
13500,-0.2525,-7.372574773e-14
13500,-0.251875,-7.372574773e-14
13500,-0.25125,-7.372574773e-14
13500,-0.250625,-7.372574773e-14
13500,-0.25,-7.372574773e-14
13500,-0.249375,-7.372574773e-14
13500,-0.24875,-7.372574773e-14
13500,-0.248125,-7.372574773e-14
13500,-0.2475,-7.372574773e-14
13500,-0.246875,-7.372574773e-14
13500,-0.24625,-7.372574773e-14
13500,-0.245625,-7.372574773e-14
13500,-0.245,-7.372574773e-14
13500,-0.244375,-7.372574773e-14
13500,-0.24375,-7.372574773e-14
13500,-0.243125,-7.372574773e-14
13500,-0.2425,-7.372574773e-14
13500,-0.241875,-7.372574773e-14
13500,-0.24125,-7.372574773e-14
13500,-0.240625,-7.372574773e-14
13500,-0.24,-7.372574773e-14
13500,-0.239375,-7.372574773e-14
13500,-0.23875,-7.372574773e-14
13500,-0.238125,-7.372574773e-14
13500,-0.2375,-7.372574773e-14
13500,-0.236875,-7.372574773e-14
13500,-0.23625,-7.372574773e-14
13500,-0.235625,-7.372574773e-14
13500,-0.235,-7.372574773e-14
13500,-0.234375,-7.372574773e-14
13500,-0.23375,-7.372574773e-14
13500,-0.233125,-7.372574773e-14
13500,-0.2325,-7.372574773e-14
13500,-0.231875,-7.372574773e-14
13500,-0.23125,-7.372574773e-14
13500,-0.230625,-7.372574773e-14
13500,-0.23,-7.372574773e-14
13500,-0.229375,-7.372574773e-14
13500,-0.22875,-7.372574773e-14
13500,-0.228125,-7.372574773e-14
13500,-0.2275,-7.372574773e-14
13500,-0.226875,-7.372574773e-14
13500,-0.22625,-7.372574773e-14
13500,-0.225625,-7.372574773e-14
13500,-0.225,-7.372574773e-14
13500,-0.224375,-7.372574773e-14
13500,-0.22375,-7.372574773e-14
13500,-0.223125,-7.372574773e-14
13500,-0.2225,-7.372574773e-14
13500,-0.221875,-7.372574773e-14
13500,-0.22125,-7.372574773e-14
13500,-0.220625,-7.372574773e-14
13500,-0.22,-7.372574773e-14
13500,-0.219375,-7.372574773e-14
13500,-0.21875,-7.372574773e-14
13500,-0.218125,-7.372574773e-14
13500,-0.2175,-7.372574773e-14
13500,-0.216875,-7.372574773e-14
13500,-0.21625,-7.372574773e-14
13500,-0.215625,-7.372574773e-14
13500,-0.215,-7.372574773e-14
13500,-0.214375,-7.372574773e-14
13500,-0.21375,-7.372574773e-14
13500,-0.213125,-7.372574773e-14
13500,-0.2125,-7.372574773e-14
13500,-0.211875,-7.372574773e-14
13500,-0.21125,-7.372574773e-14
13500,-0.210625,-7.372574773e-14
13500,-0.21,-7.372574773e-14
13500,-0.209375,-7.372574773e-14
13500,-0.20875,-7.372574773e-14
13500,-0.208125,-7.372574773e-14
13500,-0.2075,-7.372574773e-14
13500,-0.206875,-7.372574773e-14
13500,-0.20625,-7.372574773e-14
13500,-0.205625,-7.372574773e-14
13500,-0.205,-4.730810904e-09
13500,-0.204375,-9.691896402e-07
13500,-0.20375,-7.794249748e-06
13500,-0.203125,-3.005416158e-05
13500,-0.2025,-8.181966555e-05
13500,-0.201875,-0.0001813785669
13500,-0.20125,-0.0003510622216
13500,-0.200625,-0.0006169889097
13500,-0.2,-0.001008827703
13500,-0.199375,-0.001559560371
13500,-0.19875,-0.002305299991
13500,-0.198125,-0.003285031114
13500,-0.1975,-0.00454038214
13500,-0.196875,-0.006115436977
13500,-0.19625,-0.008056512441
13500,-0.195625,-0.01041198573
13500,-0.195,-0.01323211106
13500,-0.194375,-0.01656693557
13500,-0.19375,-0.02046016882
13500,-0.193125,-0.02494757954
13500,-0.1925,-0.03005719626
13500,-0.191875,-0.03580976049
13500,-0.19125,-0.04221895453
13500,-0.190625,-0.04929178927
13500,-0.19,-0.05702898643
13500,-0.189375,-0.06542536346
13500,-0.18875,-0.07447011522
13500,-0.188125,-0.08414727486
13500,-0.1875,-0.09443609519
13500,-0.186875,-0.1053113382
13500,-0.18625,-0.1167436852
13500,-0.185625,-0.1287000469
13500,-0.185,-0.1411438408
13500,-0.184375,-0.1540363249
13500,-0.18375,-0.1673398414
13500,-0.183125,-0.1810187743
13500,-0.1825,-0.1950396672
13500,-0.181875,-0.2093711018
13500,-0.18125,-0.2239837673
13500,-0.180625,-0.2388503845
13500,-0.18,-0.2539456639
13500,-0.179375,-0.269246191
13500,-0.17875,-0.2847303927
13500,-0.178125,-0.3003783737
13500,-0.1775,-0.3161718198
13500,-0.176875,-0.3320939414
13500,-0.17625,-0.3481293503
13500,-0.175625,-0.3642639221
13500,-0.175,-0.3804847525
13500,-0.174375,-0.3967800253
13500,-0.17375,-0.4131389154
13500,-0.173125,-0.4295515307
13500,-0.1725,-0.4460087893
13500,-0.171875,-0.4625024045
13500,-0.17125,-0.4790247695
13500,-0.170625,-0.495568929
13500,-0.17,-0.5121284701
13500,-0.169375,-0.5286975167
13500,-0.16875,-0.5452706628
13500,-0.168125,-0.5618429511
13500,-0.1675,-0.5784098286
13500,-0.166875,-0.5949671124
13500,-0.16625,-0.6115109259
13500,-0.165625,-0.6280377178
13500,-0.165,-0.6445441917
13500,-0.164375,-0.6610272798
13500,-0.16375,-0.6774841632
13500,-0.163125,-0.6939122558
13500,-0.1625,-0.7103091721
13500,-0.161875,-0.7266726891
13500,-0.16125,-0.7430007604
13500,-0.160625,-0.759291464
13500,-0.16,-0.7755430365
13500,-0.159375,-0.7917538347
13500,-0.15875,-0.8079223351
13500,-0.158125,-0.8240471316
13500,-0.1575,-0.8401269123
13500,-0.156875,-0.856160443
13500,-0.15625,-0.8721465886
13500,-0.155625,-0.8880842795
13500,-0.155,-0.9039725162
13500,-0.154375,-0.9198103844
13500,-0.15375,-0.9355970307
13500,-0.153125,-0.9513316323
13500,-0.1525,-0.9670134365
13500,-0.151875,-0.9826417536
13500,-0.15125,-0.9982159109
13500,-0.150625,-1.013735292
13500,-0.15,-1.029199325
13500,-0.149375,-1.044607479
13500,-0.14875,-1.059959247
13500,-0.148125,-1.07525413
13500,-0.1475,-1.090491689
13500,-0.146875,-1.105671523
13500,-0.14625,-1.120793225
13500,-0.145625,-1.135856407
13500,-0.145,-1.150860733
13500,-0.144375,-1.165805892
13500,-0.14375,-1.180691572
13500,-0.143125,-1.195517483
13500,-0.1425,-1.210283359
13500,-0.141875,-1.224988927
13500,-0.14125,-1.239633943
13500,-0.140625,-1.254218198
13500,-0.14,-1.268741429
13500,-0.139375,-1.283203377
13500,-0.13875,-1.297603875
13500,-0.138125,-1.31194277
13500,-0.1375,-1.32621986
13500,-0.136875,-1.340434983
13500,-0.13625,-1.354587988
13500,-0.135625,-1.368678768
13500,-0.135,-1.382707186
13500,-0.134375,-1.39667306
13500,-0.13375,-1.410576313
13500,-0.133125,-1.424416851
13500,-0.1325,-1.438194524
13500,-0.131875,-1.45190927
13500,-0.13125,-1.465560986
13500,-0.130625,-1.479149574
13500,-0.13,-1.492674936
13500,-0.129375,-1.506137044
13500,-0.12875,-1.519535784
13500,-0.128125,-1.53287106
13500,-0.1275,-1.546142853
13500,-0.126875,-1.559351006
13500,-0.12625,-1.572495497
13500,-0.125625,-1.585576198
13500,-0.125,-1.598593043
13500,-0.124375,-1.611545975
13500,-0.12375,-1.624434906
13500,-0.123125,-1.637259736
13500,-0.1225,-1.650020486
13500,-0.121875,-1.662717043
13500,-0.12125,-1.675349492
13500,-0.120625,-1.687917769
13500,-0.12,-1.700421983
13500,-0.119375,-1.712862112
13500,-0.11875,-1.725238268
13500,-0.118125,-1.737550485
13500,-0.1175,-1.749798788
13500,-0.116875,-1.761983234
13500,-0.11625,-1.774103715
13500,-0.115625,-1.786160211
13500,-0.115,-1.79815253
13500,-0.114375,-1.810080579
13500,-0.11375,-1.821944025
13500,-0.113125,-1.833742771
13500,-0.1125,-1.845476406
13500,-0.111875,-1.85714481
13500,-0.11125,-1.868747618
13500,-0.110625,-1.880284734
13500,-0.11,-1.891756028
13500,-0.109375,-1.903161612
13500,-0.10875,-1.914501797
13500,-0.108125,-1.925777213
13500,-0.1075,-1.936988113
13500,-0.106875,-1.948134739
13500,-0.10625,-1.959217163
13500,-0.105625,-1.970235437
13500,-0.105,-1.981189705
13500,-0.104375,-1.992079961
13500,-0.10375,-2.002906508
13500,-0.103125,-2.013669357
13500,-0.1025,-2.024368909
13500,-0.101875,-2.035005221
13500,-0.10125,-2.045578506
13500,-0.100625,-2.056088824
13500,-0.1,-2.066535894
13500,-0.099375,-2.076919305
13500,-0.09875,-2.087238016
13500,-0.098125,-2.09749072
13500,-0.0975,-2.107676661
13500,-0.096875,-2.117795414
13500,-0.09625,-2.127846976
13500,-0.095625,-2.137831458
13500,-0.095,-2.147749105
13500,-0.094375,-2.157600251
13500,-0.09375,-2.167385109
13500,-0.093125,-2.177104022
13500,-0.0925,-2.186757133
13500,-0.091875,-2.196344636
13500,-0.09125,-2.205866662
13500,-0.090625,-2.215323288
13500,-0.09,-2.224714729
13500,-0.089375,-2.234041158
13500,-0.08875,-2.243303041
13500,-0.088125,-2.252500909
13500,-0.0875,-2.261635015
13500,-0.086875,-2.270705402
13500,-0.08625,-2.279711951
13500,-0.085625,-2.288654436
13500,-0.085,-2.297532611
13500,-0.084375,-2.306346192
13500,-0.08375,-2.315094925
13500,-0.083125,-2.323778583
13500,-0.0825,-2.332396962
13500,-0.081875,-2.34094994
13500,-0.08125,-2.349437403
13500,-0.080625,-2.357859332
13500,-0.08,-2.366215719
13500,-0.079375,-2.37450664
13500,-0.07875,-2.382732165
13500,-0.078125,-2.390892423
13500,-0.0775,-2.398987512
13500,-0.076875,-2.407017531
13500,-0.07625,-2.414982559
13500,-0.075625,-2.422882654
13500,-0.075,-2.430717839
13500,-0.074375,-2.438488142
13500,-0.07375,-2.446193544
13500,-0.073125,-2.453834045
13500,-0.0725,-2.461409605
13500,-0.071875,-2.468920214
13500,-0.07125,-2.476365837
13500,-0.070625,-2.483746446
13500,-0.07,-2.491062028
13500,-0.069375,-2.498312563
13500,-0.06875,-2.505498039
13500,-0.068125,-2.512618448
13500,-0.0675,-2.519673786
13500,-0.066875,-2.526664059
13500,-0.06625,-2.533589274
13500,-0.065625,-2.540449429
13500,-0.065,-2.547244533
13500,-0.064375,-2.553974601
13500,-0.06375,-2.560639622
13500,-0.063125,-2.567239609
13500,-0.0625,-2.573774567
13500,-0.061875,-2.580244486
13500,-0.06125,-2.586649386
13500,-0.060625,-2.592989249
13500,-0.06,-2.59926409
13500,-0.059375,-2.605473896
13500,-0.05875,-2.61161867
13500,-0.058125,-2.617698423
13500,-0.0575,-2.623713137
13500,-0.056875,-2.629662823
13500,-0.05625,-2.635547482
13500,-0.055625,-2.641367107
13500,-0.055,-2.6471217
13500,-0.054375,-2.652811262
13500,-0.05375,-2.658435799
13500,-0.053125,-2.663995304
13500,-0.0525,-2.669489778
13500,-0.051875,-2.674919227
13500,-0.05125,-2.680283643
13500,-0.050625,-2.685583034
13500,-0.05,-2.690817399
13500,-0.049375,-2.695986729
13500,-0.04875,-2.701091037
13500,-0.048125,-2.706130325
13500,-0.0475,-2.711104575
13500,-0.046875,-2.716013799
13500,-0.04625,-2.720858
13500,-0.045625,-2.725637176
13500,-0.045,-2.730351324
13500,-0.044375,-2.735000447
13500,-0.04375,-2.739584543
13500,-0.043125,-2.744103616
13500,-0.0425,-2.748557663
13500,-0.041875,-2.752946685
13500,-0.04125,-2.757270679
13500,-0.040625,-2.76152965
13500,-0.04,-2.765723596
13500,-0.039375,-2.769852516
13500,-0.03875,-2.773916414
13500,-0.038125,-2.777915289
13500,-0.0375,-2.781849138
13500,-0.036875,-2.785717959
13500,-0.03625,-2.78952176
13500,-0.035625,-2.793260537
13500,-0.035,-2.796934293
13500,-0.034375,-2.800543022
13500,-0.03375,-2.804086725
13500,-0.033125,-2.807565406
13500,-0.0325,-2.810979065
13500,-0.031875,-2.814327702
13500,-0.03125,-2.817611314
13500,-0.030625,-2.820829903
13500,-0.03,-2.82398347
13500,-0.029375,-2.827072016
13500,-0.02875,-2.830095537
13500,-0.028125,-2.833054035
13500,-0.0275,-2.835947511
13500,-0.026875,-2.838775964
13500,-0.02625,-2.841539394
13500,-0.025625,-2.844237804
13500,-0.025,-2.84687119
13500,-0.024375,-2.849439554
13500,-0.02375,-2.851942897
13500,-0.023125,-2.854381217
13500,-0.0225,-2.856754514
13500,-0.021875,-2.85906279
13500,-0.02125,-2.861306044
13500,-0.020625,-2.863484276
13500,-0.02,-2.865597486
13500,-0.019375,-2.867645675
13500,-0.01875,-2.869628844
13500,-0.018125,-2.87154699
13500,-0.0175,-2.873400115
13500,-0.016875,-2.875188219
13500,-0.01625,-2.876911301
13500,-0.015625,-2.878569362
13500,-0.015,-2.880162402
13500,-0.014375,-2.881690421
13500,-0.01375,-2.883153419
13500,-0.013125,-2.884551397
13500,-0.0125,-2.885884352
13500,-0.011875,-2.887152286
13500,-0.01125,-2.888355198
13500,-0.010625,-2.889493088
13500,-0.01,-2.890565954
13500,-0.009375,-2.891573796
13500,-0.00875,-2.892516616
13500,-0.008125,-2.893394414
13500,-0.0075,-2.894207192
13500,-0.006875,-2.894954951
13500,-0.00625,-2.895637692
13500,-0.005625,-2.896255416
13500,-0.005,-2.896808124
13500,-0.004375,-2.897295817
13500,-0.00375,-2.897718496
13500,-0.003125,-2.898076162
13500,-0.0025,-2.898368817
13500,-0.001875,-2.898596461
13500,-0.00125,-2.898759097
13500,-0.000625,-2.898856727
13500,-8.54872e-15,-2.898889334
13500,0.000625,-2.898856727
13500,0.00125,-2.898759097
13500,0.001875,-2.898596461
13500,0.0025,-2.898368817
13500,0.003125,-2.898076162
13500,0.00375,-2.897718496
13500,0.004375,-2.897295817
13500,0.005,-2.896808124
13500,0.005625,-2.896255416
13500,0.00625,-2.895637692
13500,0.006875,-2.894954951
13500,0.0075,-2.894207192
13500,0.008125,-2.893394414
13500,0.00875,-2.892516616
13500,0.009375,-2.891573796
13500,0.01,-2.890565954
13500,0.010625,-2.889493088
13500,0.01125,-2.888355198
13500,0.011875,-2.887152286
13500,0.0125,-2.885884352
13500,0.013125,-2.884551397
13500,0.01375,-2.883153419
13500,0.014375,-2.881690421
13500,0.015,-2.880162402
13500,0.015625,-2.878569362
13500,0.01625,-2.876911301
13500,0.016875,-2.875188219
13500,0.0175,-2.873400115
13500,0.018125,-2.87154699
13500,0.01875,-2.869628844
13500,0.019375,-2.867645675
13500,0.02,-2.865597486
13500,0.020625,-2.863484276
13500,0.02125,-2.861306044
13500,0.021875,-2.85906279
13500,0.0225,-2.856754514
13500,0.023125,-2.854381217
13500,0.02375,-2.851942897
13500,0.024375,-2.849439554
13500,0.025,-2.84687119
13500,0.025625,-2.844237804
13500,0.02625,-2.841539394
13500,0.026875,-2.838775964
13500,0.0275,-2.835947511
13500,0.028125,-2.833054035
13500,0.02875,-2.830095537
13500,0.029375,-2.827072016
13500,0.03,-2.82398347
13500,0.030625,-2.820829903
13500,0.03125,-2.817611314
13500,0.031875,-2.814327702
13500,0.0325,-2.810979065
13500,0.033125,-2.807565406
13500,0.03375,-2.804086725
13500,0.034375,-2.800543022
13500,0.035,-2.796934293
13500,0.035625,-2.793260537
13500,0.03625,-2.78952176
13500,0.036875,-2.785717959
13500,0.0375,-2.781849138
13500,0.038125,-2.777915289
13500,0.03875,-2.773916414
13500,0.039375,-2.769852516
13500,0.04,-2.765723596
13500,0.040625,-2.76152965
13500,0.04125,-2.757270679
13500,0.041875,-2.752946685
13500,0.0425,-2.748557663
13500,0.043125,-2.744103616
13500,0.04375,-2.739584543
13500,0.044375,-2.735000447
13500,0.045,-2.730351324
13500,0.045625,-2.725637176
13500,0.04625,-2.720858
13500,0.046875,-2.716013799
13500,0.0475,-2.711104575
13500,0.048125,-2.706130325
13500,0.04875,-2.701091037
13500,0.049375,-2.695986729
13500,0.05,-2.690817399
13500,0.050625,-2.685583034
13500,0.05125,-2.680283643
13500,0.051875,-2.674919227
13500,0.0525,-2.669489778
13500,0.053125,-2.663995304
13500,0.05375,-2.658435799
13500,0.054375,-2.652811262
13500,0.055,-2.6471217
13500,0.055625,-2.641367107
13500,0.05625,-2.635547482
13500,0.056875,-2.629662823
13500,0.0575,-2.623713137
13500,0.058125,-2.617698423
13500,0.05875,-2.61161867
13500,0.059375,-2.605473896
13500,0.06,-2.59926409
13500,0.060625,-2.592989249
13500,0.06125,-2.586649386
13500,0.061875,-2.580244486
13500,0.0625,-2.573774567
13500,0.063125,-2.567239609
13500,0.06375,-2.560639622
13500,0.064375,-2.553974601
13500,0.065,-2.547244533
13500,0.065625,-2.540449429
13500,0.06625,-2.533589274
13500,0.066875,-2.526664059
13500,0.0675,-2.519673786
13500,0.068125,-2.512618448
13500,0.06875,-2.505498039
13500,0.069375,-2.498312563
13500,0.07,-2.491062028
13500,0.070625,-2.483746446
13500,0.07125,-2.476365837
13500,0.071875,-2.468920214
13500,0.0725,-2.461409605
13500,0.073125,-2.453834045
13500,0.07375,-2.446193544
13500,0.074375,-2.438488142
13500,0.075,-2.430717839
13500,0.075625,-2.422882654
13500,0.07625,-2.414982559
13500,0.076875,-2.407017531
13500,0.0775,-2.398987512
13500,0.078125,-2.390892423
13500,0.07875,-2.382732165
13500,0.079375,-2.37450664
13500,0.08,-2.366215719
13500,0.080625,-2.357859332
13500,0.08125,-2.349437403
13500,0.081875,-2.34094994
13500,0.0825,-2.332396962
13500,0.083125,-2.323778583
13500,0.08375,-2.315094925
13500,0.084375,-2.306346192
13500,0.085,-2.297532611
13500,0.085625,-2.288654436
13500,0.08625,-2.279711951
13500,0.086875,-2.270705402
13500,0.0875,-2.261635015
13500,0.088125,-2.252500909
13500,0.08875,-2.243303041
13500,0.089375,-2.234041158
13500,0.09,-2.224714729
13500,0.090625,-2.215323288
13500,0.09125,-2.205866662
13500,0.091875,-2.196344636
13500,0.0925,-2.186757133
13500,0.093125,-2.177104022
13500,0.09375,-2.167385109
13500,0.094375,-2.157600251
13500,0.095,-2.147749105
13500,0.095625,-2.137831458
13500,0.09625,-2.127846976
13500,0.096875,-2.117795414
13500,0.0975,-2.107676661
13500,0.098125,-2.09749072
13500,0.09875,-2.087238016
13500,0.099375,-2.076919305
13500,0.1,-2.066535894
13500,0.100625,-2.056088824
13500,0.10125,-2.045578506
13500,0.101875,-2.035005221
13500,0.1025,-2.024368909
13500,0.103125,-2.013669357
13500,0.10375,-2.002906508
13500,0.104375,-1.992079961
13500,0.105,-1.981189705
13500,0.105625,-1.970235437
13500,0.10625,-1.959217163
13500,0.106875,-1.948134739
13500,0.1075,-1.936988113
13500,0.108125,-1.925777213
13500,0.10875,-1.914501797
13500,0.109375,-1.903161612
13500,0.11,-1.891756028
13500,0.110625,-1.880284734
13500,0.11125,-1.868747618
13500,0.111875,-1.85714481
13500,0.1125,-1.845476406
13500,0.113125,-1.833742771
13500,0.11375,-1.821944025
13500,0.114375,-1.810080579
13500,0.115,-1.79815253
13500,0.115625,-1.786160211
13500,0.11625,-1.774103715
13500,0.116875,-1.761983234
13500,0.1175,-1.749798788
13500,0.118125,-1.737550485
13500,0.11875,-1.725238268
13500,0.119375,-1.712862112
13500,0.12,-1.700421983
13500,0.120625,-1.687917769
13500,0.12125,-1.675349492
13500,0.121875,-1.662717043
13500,0.1225,-1.650020486
13500,0.123125,-1.637259736
13500,0.12375,-1.624434906
13500,0.124375,-1.611545975
13500,0.125,-1.598593043
13500,0.125625,-1.585576198
13500,0.12625,-1.572495497
13500,0.126875,-1.559351006
13500,0.1275,-1.546142853
13500,0.128125,-1.53287106
13500,0.12875,-1.519535784
13500,0.129375,-1.506137044
13500,0.13,-1.492674936
13500,0.130625,-1.479149574
13500,0.13125,-1.465560986
13500,0.131875,-1.45190927
13500,0.1325,-1.438194524
13500,0.133125,-1.424416851
13500,0.13375,-1.410576313
13500,0.134375,-1.39667306
13500,0.135,-1.382707186
13500,0.135625,-1.368678768
13500,0.13625,-1.354587988
13500,0.136875,-1.340434983
13500,0.1375,-1.32621986
13500,0.138125,-1.31194277
13500,0.13875,-1.297603875
13500,0.139375,-1.283203377
13500,0.14,-1.268741429
13500,0.140625,-1.254218198
13500,0.14125,-1.239633943
13500,0.141875,-1.224988927
13500,0.1425,-1.210283359
13500,0.143125,-1.195517483
13500,0.14375,-1.180691572
13500,0.144375,-1.165805892
13500,0.145,-1.150860733
13500,0.145625,-1.135856407
13500,0.14625,-1.120793225
13500,0.146875,-1.105671523
13500,0.1475,-1.090491689
13500,0.148125,-1.07525413
13500,0.14875,-1.059959247
13500,0.149375,-1.044607479
13500,0.15,-1.029199325
13500,0.150625,-1.013735292
13500,0.15125,-0.9982159109
13500,0.151875,-0.9826417536
13500,0.1525,-0.9670134365
13500,0.153125,-0.9513316323
13500,0.15375,-0.9355970307
13500,0.154375,-0.9198103844
13500,0.155,-0.9039725162
13500,0.155625,-0.8880842795
13500,0.15625,-0.8721465886
13500,0.156875,-0.856160443
13500,0.1575,-0.8401269123
13500,0.158125,-0.8240471316
13500,0.15875,-0.8079223351
13500,0.159375,-0.7917538347
13500,0.16,-0.7755430365
13500,0.160625,-0.759291464
13500,0.16125,-0.7430007604
13500,0.161875,-0.7266726891
13500,0.1625,-0.7103091721
13500,0.163125,-0.6939122558
13500,0.16375,-0.6774841632
13500,0.164375,-0.6610272798
13500,0.165,-0.6445441917
13500,0.165625,-0.6280377178
13500,0.16625,-0.6115109259
13500,0.166875,-0.5949671124
13500,0.1675,-0.5784098286
13500,0.168125,-0.5618429511
13500,0.16875,-0.5452706628
13500,0.169375,-0.5286975167
13500,0.17,-0.5121284701
13500,0.170625,-0.495568929
13500,0.17125,-0.4790247695
13500,0.171875,-0.4625024045
13500,0.1725,-0.4460087893
13500,0.173125,-0.4295515307
13500,0.17375,-0.4131389154
13500,0.174375,-0.3967800253
13500,0.175,-0.3804847525
13500,0.175625,-0.3642639221
13500,0.17625,-0.3481293503
13500,0.176875,-0.3320939414
13500,0.1775,-0.3161718198
13500,0.178125,-0.3003783737
13500,0.17875,-0.2847303927
13500,0.179375,-0.269246191
13500,0.18,-0.2539456639
13500,0.180625,-0.2388503845
13500,0.18125,-0.2239837673
13500,0.181875,-0.2093711018
13500,0.1825,-0.1950396672
13500,0.183125,-0.1810187743
13500,0.18375,-0.1673398414
13500,0.184375,-0.1540363249
13500,0.185,-0.1411438408
13500,0.185625,-0.1287000469
13500,0.18625,-0.1167436852
13500,0.186875,-0.1053113382
13500,0.1875,-0.09443609519
13500,0.188125,-0.08414727486
13500,0.18875,-0.07447011522
13500,0.189375,-0.06542536346
13500,0.19,-0.05702898643
13500,0.190625,-0.04929178927
13500,0.19125,-0.04221895453
13500,0.191875,-0.03580976049
13500,0.1925,-0.03005719626
13500,0.193125,-0.02494757954
13500,0.19375,-0.02046016882
13500,0.194375,-0.01656693557
13500,0.195,-0.01323211106
13500,0.195625,-0.01041198573
13500,0.19625,-0.008056512441
13500,0.196875,-0.006115436977
13500,0.1975,-0.00454038214
13500,0.198125,-0.003285031114
13500,0.19875,-0.002305299991
13500,0.199375,-0.001559560372
13500,0.2,-0.001008827703
13500,0.200625,-0.0006169889097
13500,0.20125,-0.0003510622216
13500,0.201875,-0.0001813785669
13500,0.2025,-8.181966555e-05
13500,0.203125,-3.005416158e-05
13500,0.20375,-7.794249749e-06
13500,0.204375,-9.691896403e-07
13500,0.205,-4.730810904e-09
13500,0.205625,-7.372574773e-14
13500,0.20625,-7.372574773e-14
13500,0.206875,-7.372574773e-14
13500,0.2075,-7.372574773e-14
13500,0.208125,-7.372574773e-14
13500,0.20875,-7.372574773e-14
13500,0.209375,-7.372574773e-14
13500,0.21,-7.372574773e-14
13500,0.210625,-7.372574773e-14
13500,0.21125,-7.372574773e-14
13500,0.211875,-7.372574773e-14
13500,0.2125,-7.372574773e-14
13500,0.213125,-7.372574773e-14
13500,0.21375,-7.372574773e-14
13500,0.214375,-7.372574773e-14
13500,0.215,-7.372574773e-14
13500,0.215625,-7.372574773e-14
13500,0.21625,-7.372574773e-14
13500,0.216875,-7.372574773e-14
13500,0.2175,-7.372574773e-14
13500,0.218125,-7.372574773e-14
13500,0.21875,-7.372574773e-14
13500,0.219375,-7.372574773e-14
13500,0.22,-7.372574773e-14
13500,0.220625,-7.372574773e-14
13500,0.22125,-7.372574773e-14
13500,0.221875,-7.372574773e-14
13500,0.2225,-7.372574773e-14
13500,0.223125,-7.372574773e-14
13500,0.22375,-7.372574773e-14
13500,0.224375,-7.372574773e-14
13500,0.225,-7.372574773e-14
13500,0.225625,-7.372574773e-14
13500,0.22625,-7.372574773e-14
13500,0.226875,-7.372574773e-14
13500,0.2275,-7.372574773e-14
13500,0.228125,-7.372574773e-14
13500,0.22875,-7.372574773e-14
13500,0.229375,-7.372574773e-14
13500,0.23,-7.372574773e-14
13500,0.230625,-7.372574773e-14
13500,0.23125,-7.372574773e-14
13500,0.231875,-7.372574773e-14
13500,0.2325,-7.372574773e-14
13500,0.233125,-7.372574773e-14
13500,0.23375,-7.372574773e-14
13500,0.234375,-7.372574773e-14
13500,0.235,-7.372574773e-14
13500,0.235625,-7.372574773e-14
13500,0.23625,-7.372574773e-14
13500,0.236875,-7.372574773e-14
13500,0.2375,-7.372574773e-14
13500,0.238125,-7.372574773e-14
13500,0.23875,-7.372574773e-14
13500,0.239375,-7.372574773e-14
13500,0.24,-7.372574773e-14
13500,0.240625,-7.372574773e-14
13500,0.24125,-7.372574773e-14
13500,0.241875,-7.372574773e-14
13500,0.2425,-7.372574773e-14
13500,0.243125,-7.372574773e-14
13500,0.24375,-7.372574773e-14
13500,0.244375,-7.372574773e-14
13500,0.245,-7.372574773e-14
13500,0.245625,-7.372574773e-14
13500,0.24625,-7.372574773e-14
13500,0.246875,-7.372574773e-14
13500,0.2475,-7.372574773e-14
13500,0.248125,-7.372574773e-14
13500,0.24875,-7.372574773e-14
13500,0.249375,-7.372574773e-14
13500,0.25,-7.372574773e-14
13500,0.250625,-7.372574773e-14
13500,0.25125,-7.372574773e-14
13500,0.251875,-7.372574773e-14
13500,0.2525,-7.372574773e-14
13500,0.253125,-7.372574773e-14
13500,0.25375,-7.372574773e-14
13500,0.254375,-7.372574773e-14
13500,0.255,-7.372574773e-14
13500,0.255625,-7.372574773e-14
13500,0.25625,-7.372574773e-14
13500,0.256875,-7.372574773e-14
13500,0.2575,-7.372574773e-14
13500,0.258125,-7.372574773e-14
13500,0.25875,-7.372574773e-14
13500,0.259375,-7.372574773e-14
13500,0.26,-7.372574773e-14
13500,0.260625,-7.372574773e-14
13500,0.26125,-7.372574773e-14
13500,0.261875,-7.372574773e-14
13500,0.2625,-7.372574773e-14
13500,0.263125,-7.372574773e-14
13500,0.26375,-7.372574773e-14
13500,0.264375,-7.372574773e-14
13500,0.265,-7.372574773e-14
13500,0.265625,-7.372574773e-14
13500,0.26625,-7.372574773e-14
13500,0.266875,-7.372574773e-14
13500,0.2675,-7.372574773e-14
13500,0.268125,-7.372574773e-14
13500,0.26875,-7.372574773e-14
13500,0.269375,-7.372574773e-14
13500,0.27,-7.372574773e-14
13500,0.270625,-7.372574773e-14
13500,0.27125,-7.372574773e-14
13500,0.271875,-7.372574773e-14
13500,0.2725,-7.372574773e-14
13500,0.273125,-7.372574773e-14
13500,0.27375,-7.372574773e-14
13500,0.274375,-7.372574773e-14
13500,0.275,-7.372574773e-14
13500,0.275625,-7.372574773e-14
13500,0.27625,-7.372574773e-14
13500,0.276875,-7.372574773e-14
13500,0.2775,-7.372574773e-14
13500,0.278125,-7.372574773e-14
13500,0.27875,-7.372574773e-14
13500,0.279375,-7.372574773e-14
13500,0.28,-7.372574773e-14
13500,0.280625,-7.372574773e-14
13500,0.28125,-7.372574773e-14
13500,0.281875,-7.372574773e-14
13500,0.2825,-7.372574773e-14
13500,0.283125,-7.372574773e-14
13500,0.28375,-7.372574773e-14
13500,0.284375,-7.372574773e-14
13500,0.285,-7.372574773e-14
13500,0.285625,-7.372574773e-14
13500,0.28625,-7.372574773e-14
13500,0.286875,-7.372574773e-14
13500,0.2875,-7.372574773e-14
13500,0.288125,-7.372574773e-14
13500,0.28875,-7.372574773e-14
13500,0.289375,-7.372574773e-14
13500,0.29,-7.372574773e-14
13500,0.290625,-7.372574773e-14
13500,0.29125,-7.372574773e-14
13500,0.291875,-7.372574773e-14
13500,0.2925,-7.372574773e-14
13500,0.293125,-7.372574773e-14
13500,0.29375,-7.372574773e-14
13500,0.294375,-7.372574773e-14
13500,0.295,-7.372574773e-14
13500,0.295625,-7.372574773e-14
13500,0.29625,-7.372574773e-14
13500,0.296875,-7.372574773e-14
13500,0.2975,-7.372574773e-14
13500,0.298125,-7.372574773e-14
13500,0.29875,-7.372574773e-14
13500,0.299375,-7.372574773e-14
13500,0.3,-7.372574773e-14
13500,0.300625,-7.372574773e-14
13500,0.30125,-7.372574773e-14
13500,0.301875,-7.372574773e-14
13500,0.3025,-7.372574773e-14
13500,0.303125,-7.372574773e-14
13500,0.30375,-7.372574773e-14
13500,0.304375,-7.372574773e-14
13500,0.305,-7.372574773e-14
13500,0.305625,-7.372574773e-14
13500,0.30625,-7.372574773e-14
13500,0.306875,-7.372574773e-14
13500,0.3075,-7.372574773e-14
13500,0.308125,-7.372574773e-14
13500,0.30875,-7.372574773e-14
13500,0.309375,-7.372574773e-14
13500,0.31,-7.372574773e-14
13500,0.310625,-7.372574773e-14
13500,0.31125,-7.372574773e-14
13500,0.311875,-7.372574773e-14
13500,0.3125,-7.372574773e-14
13500,0.313125,-7.372574773e-14
13500,0.31375,-7.372574773e-14
13500,0.314375,-7.372574773e-14
13500,0.315,-7.372574773e-14
13500,0.315625,-7.372574773e-14
13500,0.31625,-7.372574773e-14
13500,0.316875,-7.372574773e-14
13500,0.3175,-7.372574773e-14
13500,0.318125,-7.372574773e-14
13500,0.31875,-7.372574773e-14
13500,0.319375,-7.372574773e-14
13500,0.32,-7.372574773e-14
13500,0.320625,-7.372574773e-14
13500,0.32125,-7.372574773e-14
13500,0.321875,-7.372574773e-14
13500,0.3225,-7.372574773e-14
13500,0.323125,-7.372574773e-14
13500,0.32375,-7.372574773e-14
13500,0.324375,-7.372574773e-14
13500,0.325,-7.372574773e-14
13500,0.325625,-7.372574773e-14
13500,0.32625,-7.372574773e-14
13500,0.326875,-7.372574773e-14
13500,0.3275,-7.372574773e-14
13500,0.328125,-7.372574773e-14
13500,0.32875,-7.372574773e-14
13500,0.329375,-7.372574773e-14
13500,0.33,-7.372574773e-14
13500,0.330625,-7.372574773e-14
13500,0.33125,-7.372574773e-14
13500,0.331875,-7.372574773e-14
13500,0.3325,-7.372574773e-14
13500,0.333125,-7.372574773e-14
13500,0.33375,-7.372574773e-14
13500,0.334375,-7.372574773e-14
13500,0.335,-7.372574773e-14
13500,0.335625,-7.372574773e-14
13500,0.33625,-7.372574773e-14
13500,0.336875,-7.372574773e-14
13500,0.3375,-7.372574773e-14
13500,0.338125,-7.372574773e-14
13500,0.33875,-7.372574773e-14
13500,0.339375,-7.372574773e-14
13500,0.34,-7.372574773e-14
13500,0.340625,-7.372574773e-14
13500,0.34125,-7.372574773e-14
13500,0.341875,-7.372574773e-14
13500,0.3425,-7.372574773e-14
13500,0.343125,-7.372574773e-14
13500,0.34375,-7.372574773e-14
13500,0.344375,-7.372574773e-14
13500,0.345,-7.372574773e-14
13500,0.345625,-7.372574773e-14
13500,0.34625,-7.372574773e-14
13500,0.346875,-7.372574773e-14
13500,0.3475,-7.372574773e-14
13500,0.348125,-7.372574773e-14
13500,0.34875,-7.372574773e-14
13500,0.349375,-7.372574773e-14
13500,0.35,-7.372574773e-14
13500,0.350625,-7.372574773e-14
13500,0.35125,-7.372574773e-14
13500,0.351875,-7.372574773e-14
13500,0.3525,-7.372574773e-14
13500,0.353125,-7.372574773e-14
13500,0.35375,-7.372574773e-14
13500,0.354375,-7.372574773e-14
13500,0.355,-7.372574773e-14
13500,0.355625,-7.372574773e-14
13500,0.35625,-7.372574773e-14
13500,0.356875,-7.372574773e-14
13500,0.3575,-7.372574773e-14
13500,0.358125,-7.372574773e-14
13500,0.35875,-7.372574773e-14
13500,0.359375,-7.372574773e-14
13500,0.36,-7.372574773e-14
13500,0.360625,-7.372574773e-14
13500,0.36125,-7.372574773e-14
13500,0.361875,-7.372574773e-14
13500,0.3625,-7.372574773e-14
13500,0.363125,-7.372574773e-14
13500,0.36375,-7.372574773e-14
13500,0.364375,-7.372574773e-14
13500,0.365,-7.372574773e-14
13500,0.365625,-7.372574773e-14
13500,0.36625,-7.372574773e-14
13500,0.366875,-7.372574773e-14
13500,0.3675,-7.372574773e-14
13500,0.368125,-7.372574773e-14
13500,0.36875,-7.372574773e-14
13500,0.369375,-7.372574773e-14
13500,0.37,-7.372574773e-14
13500,0.370625,-7.372574773e-14
13500,0.37125,-7.372574773e-14
13500,0.371875,-7.372574773e-14
13500,0.3725,-7.372574773e-14
13500,0.373125,-7.372574773e-14
13500,0.37375,-7.372574773e-14
13500,0.374375,-7.372574773e-14
13500,0.375,-7.372574773e-14
13500,0.375625,-7.372574773e-14
13500,0.37625,-7.372574773e-14
13500,0.376875,-7.372574773e-14
13500,0.3775,-7.372574773e-14
13500,0.378125,-7.372574773e-14
13500,0.37875,-7.372574773e-14
13500,0.379375,-7.372574773e-14
13500,0.38,-7.372574773e-14
13500,0.380625,-7.372574773e-14
13500,0.38125,-7.372574773e-14
13500,0.381875,-7.372574773e-14
13500,0.3825,-7.372574773e-14
13500,0.383125,-7.372574773e-14
13500,0.38375,-7.372574773e-14
13500,0.384375,-7.372574773e-14
13500,0.385,-7.372574773e-14
13500,0.385625,-7.372574773e-14
13500,0.38625,-7.372574773e-14
13500,0.386875,-7.372574773e-14
13500,0.3875,-7.372574773e-14
13500,0.388125,-7.372574773e-14
13500,0.38875,-7.372574773e-14
13500,0.389375,-7.372574773e-14
13500,0.39,-7.372574773e-14
13500,0.390625,-7.372574773e-14
13500,0.39125,-7.372574773e-14
13500,0.391875,-7.372574773e-14
13500,0.3925,-7.372574773e-14
13500,0.393125,-7.372574773e-14
13500,0.39375,-7.372574773e-14
13500,0.394375,-7.372574773e-14
13500,0.395,-7.372574773e-14
13500,0.395625,-7.372574773e-14
13500,0.39625,-7.372574773e-14
13500,0.396875,-7.372574773e-14
13500,0.3975,-7.372574773e-14
13500,0.398125,-7.372574773e-14
13500,0.39875,-7.372574773e-14
13500,0.399375,-7.372574773e-14
13500,0.4,-7.372574773e-14
18000,-0.4,-9.812029661e-14
18000,-0.399375,-9.812029661e-14
18000,-0.39875,-9.812029661e-14
18000,-0.398125,-9.812029661e-14
18000,-0.3975,-9.812029661e-14
18000,-0.396875,-9.812029661e-14
18000,-0.39625,-9.812029661e-14
18000,-0.395625,-9.812029661e-14
18000,-0.395,-9.812029661e-14
18000,-0.394375,-9.812029661e-14
18000,-0.39375,-9.812029661e-14
18000,-0.393125,-9.812029661e-14
18000,-0.3925,-9.812029661e-14
18000,-0.391875,-9.812029661e-14
18000,-0.39125,-9.812029661e-14
18000,-0.390625,-9.812029661e-14
18000,-0.39,-9.812029661e-14
18000,-0.389375,-9.812029661e-14
18000,-0.38875,-9.812029661e-14
18000,-0.388125,-9.812029661e-14
18000,-0.3875,-9.812029661e-14
18000,-0.386875,-9.812029661e-14
18000,-0.38625,-9.812029661e-14
18000,-0.385625,-9.812029661e-14
18000,-0.385,-9.812029661e-14
18000,-0.384375,-9.812029661e-14
18000,-0.38375,-9.812029661e-14
18000,-0.383125,-9.812029661e-14
18000,-0.3825,-9.812029661e-14
18000,-0.381875,-9.812029661e-14
18000,-0.38125,-9.812029661e-14
18000,-0.380625,-9.812029661e-14
18000,-0.38,-9.812029661e-14
18000,-0.379375,-9.812029661e-14
18000,-0.37875,-9.812029661e-14
18000,-0.378125,-9.812029661e-14
18000,-0.3775,-9.812029661e-14
18000,-0.376875,-9.812029661e-14
18000,-0.37625,-9.812029661e-14
18000,-0.375625,-9.812029661e-14
18000,-0.375,-9.812029661e-14
18000,-0.374375,-9.812029661e-14
18000,-0.37375,-9.812029661e-14
18000,-0.373125,-9.812029661e-14
18000,-0.3725,-9.812029661e-14
18000,-0.371875,-9.812029661e-14
18000,-0.37125,-9.812029661e-14
18000,-0.370625,-9.812029661e-14
18000,-0.37,-9.812029661e-14
18000,-0.369375,-9.812029661e-14
18000,-0.36875,-9.812029661e-14
18000,-0.368125,-9.812029661e-14
18000,-0.3675,-9.812029661e-14
18000,-0.366875,-9.812029661e-14
18000,-0.36625,-9.812029661e-14
18000,-0.365625,-9.812029661e-14
18000,-0.365,-9.812029661e-14
18000,-0.364375,-9.812029661e-14
18000,-0.36375,-9.812029661e-14
18000,-0.363125,-9.812029661e-14
18000,-0.3625,-9.812029661e-14
18000,-0.361875,-9.812029661e-14
18000,-0.36125,-9.812029661e-14
18000,-0.360625,-9.812029661e-14
18000,-0.36,-9.812029661e-14
18000,-0.359375,-9.812029661e-14
18000,-0.35875,-9.812029661e-14
18000,-0.358125,-9.812029661e-14
18000,-0.3575,-9.812029661e-14
18000,-0.356875,-9.812029661e-14
18000,-0.35625,-9.812029661e-14
18000,-0.355625,-9.812029661e-14
18000,-0.355,-9.812029661e-14
18000,-0.354375,-9.812029661e-14
18000,-0.35375,-9.812029661e-14
18000,-0.353125,-9.812029661e-14
18000,-0.3525,-9.812029661e-14
18000,-0.351875,-9.812029661e-14
18000,-0.35125,-9.812029661e-14
18000,-0.350625,-9.812029661e-14
18000,-0.35,-9.812029661e-14
18000,-0.349375,-9.812029661e-14
18000,-0.34875,-9.812029661e-14
18000,-0.348125,-9.812029661e-14
18000,-0.3475,-9.812029661e-14
18000,-0.346875,-9.812029661e-14
18000,-0.34625,-9.812029661e-14
18000,-0.345625,-9.812029661e-14
18000,-0.345,-9.812029661e-14
18000,-0.344375,-9.812029661e-14
18000,-0.34375,-9.812029661e-14
18000,-0.343125,-9.812029661e-14
18000,-0.3425,-9.812029661e-14
18000,-0.341875,-9.812029661e-14
18000,-0.34125,-9.812029661e-14
18000,-0.340625,-9.812029661e-14
18000,-0.34,-9.812029661e-14
18000,-0.339375,-9.812029661e-14
18000,-0.33875,-9.812029661e-14
18000,-0.338125,-9.812029661e-14
18000,-0.3375,-9.812029661e-14
18000,-0.336875,-9.812029661e-14
18000,-0.33625,-9.812029661e-14
18000,-0.335625,-9.812029661e-14
18000,-0.335,-9.812029661e-14
18000,-0.334375,-9.812029661e-14
18000,-0.33375,-9.812029661e-14
18000,-0.333125,-9.812029661e-14
18000,-0.3325,-9.812029661e-14
18000,-0.331875,-9.812029661e-14
18000,-0.33125,-9.812029661e-14
18000,-0.330625,-9.812029661e-14
18000,-0.33,-9.812029661e-14
18000,-0.329375,-9.812029661e-14
18000,-0.32875,-9.812029661e-14
18000,-0.328125,-9.812029661e-14
18000,-0.3275,-9.812029661e-14
18000,-0.326875,-9.812029661e-14
18000,-0.32625,-9.812029661e-14
18000,-0.325625,-9.812029661e-14
18000,-0.325,-9.812029661e-14
18000,-0.324375,-9.812029661e-14
18000,-0.32375,-9.812029661e-14
18000,-0.323125,-9.812029661e-14
18000,-0.3225,-9.812029661e-14
18000,-0.321875,-9.812029661e-14
18000,-0.32125,-9.812029661e-14
18000,-0.320625,-9.812029661e-14
18000,-0.32,-9.812029661e-14
18000,-0.319375,-9.812029661e-14
18000,-0.31875,-9.812029661e-14
18000,-0.318125,-9.812029661e-14
18000,-0.3175,-9.812029661e-14
18000,-0.316875,-9.812029661e-14
18000,-0.31625,-9.812029661e-14
18000,-0.315625,-9.812029661e-14
18000,-0.315,-9.812029661e-14
18000,-0.314375,-9.812029661e-14
18000,-0.31375,-9.812029661e-14
18000,-0.313125,-9.812029661e-14
18000,-0.3125,-9.812029661e-14
18000,-0.311875,-9.812029661e-14
18000,-0.31125,-9.812029661e-14
18000,-0.310625,-9.812029661e-14
18000,-0.31,-9.812029661e-14
18000,-0.309375,-9.812029661e-14
18000,-0.30875,-9.812029661e-14
18000,-0.308125,-9.812029661e-14
18000,-0.3075,-9.812029661e-14
18000,-0.306875,-9.812029661e-14
18000,-0.30625,-9.812029661e-14
18000,-0.305625,-9.812029661e-14
18000,-0.305,-9.812029661e-14
18000,-0.304375,-9.812029661e-14
18000,-0.30375,-9.812029661e-14
18000,-0.303125,-9.812029661e-14
18000,-0.3025,-9.812029661e-14
18000,-0.301875,-9.812029661e-14
18000,-0.30125,-9.812029661e-14
18000,-0.300625,-9.812029661e-14
18000,-0.3,-9.812029661e-14
18000,-0.299375,-9.812029661e-14
18000,-0.29875,-9.812029661e-14
18000,-0.298125,-9.812029661e-14
18000,-0.2975,-9.812029661e-14
18000,-0.296875,-9.812029661e-14
18000,-0.29625,-9.812029661e-14
18000,-0.295625,-9.812029661e-14
18000,-0.295,-9.812029661e-14
18000,-0.294375,-9.812029661e-14
18000,-0.29375,-9.812029661e-14
18000,-0.293125,-9.812029661e-14
18000,-0.2925,-9.812029661e-14
18000,-0.291875,-9.812029661e-14
18000,-0.29125,-9.812029661e-14
18000,-0.290625,-9.812029661e-14
18000,-0.29,-9.812029661e-14
18000,-0.289375,-9.812029661e-14
18000,-0.28875,-9.812029661e-14
18000,-0.288125,-9.812029661e-14
18000,-0.2875,-9.812029661e-14
18000,-0.286875,-9.812029661e-14
18000,-0.28625,-9.812029661e-14
18000,-0.285625,-9.812029661e-14
18000,-0.285,-9.812029661e-14
18000,-0.284375,-9.812029661e-14
18000,-0.28375,-9.812029661e-14
18000,-0.283125,-9.812029661e-14
18000,-0.2825,-9.812029661e-14
18000,-0.281875,-9.812029661e-14
18000,-0.28125,-9.812029661e-14
18000,-0.280625,-9.812029661e-14
18000,-0.28,-9.812029661e-14
18000,-0.279375,-9.812029661e-14
18000,-0.27875,-9.812029661e-14
18000,-0.278125,-9.812029661e-14
18000,-0.2775,-9.812029661e-14
18000,-0.276875,-9.812029661e-14
18000,-0.27625,-9.812029661e-14
18000,-0.275625,-9.812029661e-14
18000,-0.275,-9.812029661e-14
18000,-0.274375,-9.812029661e-14
18000,-0.27375,-9.812029661e-14
18000,-0.273125,-9.812029661e-14
18000,-0.2725,-9.812029661e-14
18000,-0.271875,-9.812029661e-14
18000,-0.27125,-9.812029661e-14
18000,-0.270625,-9.812029661e-14
18000,-0.27,-9.812029661e-14
18000,-0.269375,-9.812029661e-14
18000,-0.26875,-9.812029661e-14
18000,-0.268125,-9.812029661e-14
18000,-0.2675,-9.812029661e-14
18000,-0.266875,-9.812029661e-14
18000,-0.26625,-9.812029661e-14
18000,-0.265625,-9.812029661e-14
18000,-0.265,-9.812029661e-14
18000,-0.264375,-9.812029661e-14
18000,-0.26375,-9.812029661e-14
18000,-0.263125,-9.812029661e-14
18000,-0.2625,-9.812029661e-14
18000,-0.261875,-9.812029661e-14
18000,-0.26125,-9.812029661e-14
18000,-0.260625,-9.812029661e-14
18000,-0.26,-9.812029661e-14
18000,-0.259375,-9.812029661e-14
18000,-0.25875,-9.812029661e-14
18000,-0.258125,-9.812029661e-14
18000,-0.2575,-9.812029661e-14
18000,-0.256875,-9.812029661e-14
18000,-0.25625,-9.812029661e-14
18000,-0.255625,-9.812029661e-14
18000,-0.255,-9.812029661e-14
18000,-0.254375,-9.812029661e-14
18000,-0.25375,-9.812029661e-14
18000,-0.253125,-9.812029661e-14
18000,-0.2525,-9.812029661e-14
18000,-0.251875,-9.812029661e-14
18000,-0.25125,-9.812029661e-14
18000,-0.250625,-9.812029661e-14
18000,-0.25,-9.812029661e-14
18000,-0.249375,-9.812029661e-14
18000,-0.24875,-9.812029661e-14
18000,-0.248125,-9.812029661e-14
18000,-0.2475,-9.812029661e-14
18000,-0.246875,-9.812029661e-14
18000,-0.24625,-9.812029661e-14
18000,-0.245625,-9.812029661e-14
18000,-0.245,-9.812029661e-14
18000,-0.244375,-9.812029661e-14
18000,-0.24375,-9.812029661e-14
18000,-0.243125,-9.812029661e-14
18000,-0.2425,-9.812029661e-14
18000,-0.241875,-9.812029661e-14
18000,-0.24125,-9.812029661e-14
18000,-0.240625,-9.812029661e-14
18000,-0.24,-9.812029661e-14
18000,-0.239375,-9.812029661e-14
18000,-0.23875,-9.812029661e-14
18000,-0.238125,-9.812029661e-14
18000,-0.2375,-9.812029661e-14
18000,-0.236875,-9.812029661e-14
18000,-0.23625,-9.812029661e-14
18000,-0.235625,-9.812029661e-14
18000,-0.235,-9.812029661e-14
18000,-0.234375,-9.812029661e-14
18000,-0.23375,-9.812029661e-14
18000,-0.233125,-9.812029661e-14
18000,-0.2325,-9.812029661e-14
18000,-0.231875,-9.812029661e-14
18000,-0.23125,-9.812029661e-14
18000,-0.230625,-9.812029661e-14
18000,-0.23,-9.812029661e-14
18000,-0.229375,-9.812029661e-14
18000,-0.22875,-9.812029661e-14
18000,-0.228125,-9.812029661e-14
18000,-0.2275,-9.812029661e-14
18000,-0.226875,-9.812029661e-14
18000,-0.22625,-9.812029661e-14
18000,-0.225625,-9.812029661e-14
18000,-0.225,-9.812029661e-14
18000,-0.224375,-9.812029661e-14
18000,-0.22375,-9.812029661e-14
18000,-0.223125,-9.812029661e-14
18000,-0.2225,-9.812029661e-14
18000,-0.221875,-3.989268385e-07
18000,-0.22125,-5.350149989e-06
18000,-0.220625,-2.483341746e-05
18000,-0.22,-7.454590188e-05
18000,-0.219375,-0.000175537609
18000,-0.21875,-0.0003539635823
18000,-0.218125,-0.0006407061459
18000,-0.2175,-0.001071108163
18000,-0.216875,-0.001684631825
18000,-0.21625,-0.002524538998
18000,-0.215625,-0.003637615506
18000,-0.215,-0.005073849981
18000,-0.214375,-0.00688614709
18000,-0.21375,-0.00913008123
18000,-0.213125,-0.01186361969
18000,-0.2125,-0.0151468718
18000,-0.211875,-0.01904108028
18000,-0.21125,-0.023601696
18000,-0.210625,-0.02887403563
18000,-0.21,-0.03489333287
18000,-0.209375,-0.04168529221
18000,-0.20875,-0.04926645502
18000,-0.208125,-0.05764480594
18000,-0.2075,-0.06682020511
18000,-0.206875,-0.07678493065
18000,-0.20625,-0.0875242429
18000,-0.205625,-0.09901683905
18000,-0.205,-0.1112354118
18000,-0.204375,-0.1241471648
18000,-0.20375,-0.1377142416
18000,-0.203125,-0.151894222
18000,-0.2025,-0.1666406129
18000,-0.201875,-0.1819036129
18000,-0.20125,-0.1976339262
18000,-0.200625,-0.2137851579
18000,-0.2,-0.2303139992
18000,-0.199375,-0.2471801777
18000,-0.19875,-0.2643464749
18000,-0.198125,-0.2817785837
18000,-0.1975,-0.2994450117
18000,-0.196875,-0.3173169899
18000,-0.19625,-0.3353682793
18000,-0.195625,-0.3535750662
18000,-0.195,-0.3719157948
18000,-0.194375,-0.3903709726
18000,-0.19375,-0.4089230474
18000,-0.193125,-0.4275562343
18000,-0.1925,-0.4462563084
18000,-0.191875,-0.4650105314
18000,-0.19125,-0.4838074508
18000,-0.190625,-0.5026367792
18000,-0.19,-0.521489295
18000,-0.189375,-0.5403567256
18000,-0.18875,-0.5592316138
18000,-0.188125,-0.5781072704
18000,-0.1875,-0.5969777141
18000,-0.186875,-0.6158375513
18000,-0.18625,-0.6346819426
18000,-0.185625,-0.6535064964
18000,-0.185,-0.6723072472
18000,-0.184375,-0.6910806405
18000,-0.18375,-0.7098234632
18000,-0.183125,-0.7285327954
18000,-0.1825,-0.7472060113
18000,-0.181875,-0.765840709
18000,-0.18125,-0.7844347086
18000,-0.180625,-0.8029860514
18000,-0.18,-0.8214929574
18000,-0.179375,-0.8399538114
18000,-0.17875,-0.858367161
18000,-0.178125,-0.8767316574
18000,-0.1775,-0.8950460627
18000,-0.176875,-0.9133092476
18000,-0.17625,-0.931520183
18000,-0.175625,-0.9496779145
18000,-0.175,-0.967781576
18000,-0.174375,-0.9858303751
18000,-0.17375,-1.00382358
18000,-0.173125,-1.021760521
18000,-0.1725,-1.039640572
18000,-0.171875,-1.057463178
18000,-0.17125,-1.075227817
18000,-0.170625,-1.092934013
18000,-0.17,-1.110581313
18000,-0.169375,-1.128169297
18000,-0.16875,-1.145697569
18000,-0.168125,-1.163165773
18000,-0.1675,-1.180573585
18000,-0.166875,-1.197920706
18000,-0.16625,-1.215206846
18000,-0.165625,-1.232431747
18000,-0.165,-1.249595172
18000,-0.164375,-1.266696821
18000,-0.16375,-1.283736424
18000,-0.163125,-1.300713793
18000,-0.1625,-1.317628749
18000,-0.161875,-1.334481129
18000,-0.16125,-1.35127079
18000,-0.160625,-1.367997578
18000,-0.16,-1.384661345
18000,-0.159375,-1.401261977
18000,-0.15875,-1.417799361
18000,-0.158125,-1.434273394
18000,-0.1575,-1.450683967
18000,-0.156875,-1.467030989
18000,-0.15625,-1.483314376
18000,-0.155625,-1.49953404
18000,-0.155,-1.515689897
18000,-0.154375,-1.531781874
18000,-0.15375,-1.547809915
18000,-0.153125,-1.563773947
18000,-0.1525,-1.579673911
18000,-0.151875,-1.595509758
18000,-0.15125,-1.611281426
18000,-0.150625,-1.62698886
18000,-0.15,-1.642632021
18000,-0.149375,-1.658210874
18000,-0.14875,-1.673725376
18000,-0.148125,-1.689175472
18000,-0.1475,-1.704561131
18000,-0.146875,-1.719882329
18000,-0.14625,-1.735139023
18000,-0.145625,-1.75033117
18000,-0.145,-1.765458747
18000,-0.144375,-1.780521737
18000,-0.14375,-1.795520117
18000,-0.143125,-1.810453862
18000,-0.1425,-1.825322951
18000,-0.141875,-1.840127354
18000,-0.14125,-1.854867049
18000,-0.140625,-1.869542035
18000,-0.14,-1.884152263
18000,-0.139375,-1.898697649
18000,-0.13875,-1.913178183
18000,-0.138125,-1.927593866
18000,-0.1375,-1.941944661
18000,-0.136875,-1.956230553
18000,-0.13625,-1.970451536
18000,-0.135625,-1.984607622
18000,-0.135,-1.998698797
18000,-0.134375,-2.012725017
18000,-0.13375,-2.0266863
18000,-0.133125,-2.040582655
18000,-0.1325,-2.054414053
18000,-0.131875,-2.068180515
18000,-0.13125,-2.081882038
18000,-0.130625,-2.095518614
18000,-0.13,-2.109090245
18000,-0.129375,-2.122596965
18000,-0.12875,-2.136038753
18000,-0.128125,-2.149415597
18000,-0.1275,-2.162727521
18000,-0.126875,-2.175974464
18000,-0.12625,-2.189156433
18000,-0.125625,-2.202273372
18000,-0.125,-2.215325251
18000,-0.124375,-2.228312046
18000,-0.12375,-2.241233703
18000,-0.123125,-2.254090166
18000,-0.1225,-2.266881449
18000,-0.121875,-2.2796075
18000,-0.12125,-2.292268383
18000,-0.120625,-2.3048641
18000,-0.12,-2.317394756
18000,-0.119375,-2.329860398
18000,-0.11875,-2.342261157
18000,-0.118125,-2.354597127
18000,-0.1175,-2.366868394
18000,-0.116875,-2.379075051
18000,-0.11625,-2.391217083
18000,-0.115625,-2.403294507
18000,-0.115,-2.415307237
18000,-0.114375,-2.427255217
18000,-0.11375,-2.439138238
18000,-0.113125,-2.45095621
18000,-0.1125,-2.462708845
18000,-0.111875,-2.474396005
18000,-0.11125,-2.486017411
18000,-0.110625,-2.497572944
18000,-0.11,-2.509062466
18000,-0.109375,-2.520486019
18000,-0.10875,-2.531843832
18000,-0.108125,-2.543136349
18000,-0.1075,-2.554363755
18000,-0.106875,-2.56552618
18000,-0.10625,-2.576623627
18000,-0.105625,-2.587656103
18000,-0.105,-2.598623681
18000,-0.104375,-2.609526373
18000,-0.10375,-2.620364406
18000,-0.103125,-2.63113786
18000,-0.1025,-2.641847084
18000,-0.101875,-2.652492238
18000,-0.10125,-2.663073583
18000,-0.100625,-2.673591266
18000,-0.1,-2.684045168
18000,-0.099375,-2.694435004
18000,-0.09875,-2.704759983
18000,-0.098125,-2.715019098
18000,-0.0975,-2.725211769
18000,-0.096875,-2.735337734
18000,-0.09625,-2.745397079
18000,-0.095625,-2.755389988
18000,-0.095,-2.765316727
18000,-0.094375,-2.775177609
18000,-0.09375,-2.784972849
18000,-0.093125,-2.794702711
18000,-0.0925,-2.804367284
18000,-0.091875,-2.813966685
18000,-0.09125,-2.823500951
18000,-0.090625,-2.832970068
18000,-0.09,-2.84237412
18000,-0.089375,-2.851713192
18000,-0.08875,-2.860987591
18000,-0.088125,-2.870197692
18000,-0.0875,-2.879343657
18000,-0.086875,-2.88842546
18000,-0.08625,-2.897442955
18000,-0.085625,-2.906395925
18000,-0.085,-2.915284138
18000,-0.084375,-2.924107363
18000,-0.08375,-2.932865405
18000,-0.083125,-2.941558086
18000,-0.0825,-2.950185282
18000,-0.081875,-2.958746919
18000,-0.08125,-2.967242944
18000,-0.080625,-2.975673385
18000,-0.08,-2.984038271
18000,-0.079375,-2.992337712
18000,-0.07875,-3.000571804
18000,-0.078125,-3.008740684
18000,-0.0775,-3.016844462
18000,-0.076875,-3.024883223
18000,-0.07625,-3.032857041
18000,-0.075625,-3.040765946
18000,-0.075,-3.048609948
18000,-0.074375,-3.05638904
18000,-0.07375,-3.064103187
18000,-0.073125,-3.071752363
18000,-0.0725,-3.079336513
18000,-0.071875,-3.086855611
18000,-0.07125,-3.094309611
18000,-0.070625,-3.101698486
18000,-0.07,-3.109022215
18000,-0.069375,-3.116280789
18000,-0.06875,-3.123474199
18000,-0.068125,-3.130602443
18000,-0.0675,-3.137665531
18000,-0.066875,-3.144663463
18000,-0.06625,-3.151596267
18000,-0.065625,-3.158463935
18000,-0.065,-3.165266492
18000,-0.064375,-3.172003943
18000,-0.06375,-3.178676293
18000,-0.063125,-3.185283542
18000,-0.0625,-3.191825704
18000,-0.061875,-3.198302761
18000,-0.06125,-3.204714735
18000,-0.060625,-3.211061603
18000,-0.06,-3.217343383
18000,-0.059375,-3.223560052
18000,-0.05875,-3.229711623
18000,-0.058125,-3.235798092
18000,-0.0575,-3.241819455
18000,-0.056875,-3.247775713
18000,-0.05625,-3.253666869
18000,-0.055625,-3.259492919
18000,-0.055,-3.265253861
18000,-0.054375,-3.270949704
18000,-0.05375,-3.276580443
18000,-0.053125,-3.282146082
18000,-0.0525,-3.287646616
18000,-0.051875,-3.293082052
18000,-0.05125,-3.298452387
18000,-0.050625,-3.303757622
18000,-0.05,-3.308997761
18000,-0.049375,-3.314172795
18000,-0.04875,-3.319282734
18000,-0.048125,-3.324327583
18000,-0.0475,-3.32930732
18000,-0.046875,-3.334221961
18000,-0.04625,-3.339071509
18000,-0.045625,-3.343855956
18000,-0.045,-3.348575308
18000,-0.044375,-3.35322956
18000,-0.04375,-3.357818714
18000,-0.043125,-3.362342775
18000,-0.0425,-3.366801737
18000,-0.041875,-3.371195601
18000,-0.04125,-3.375524367
18000,-0.040625,-3.379788038
18000,-0.04,-3.383986611
18000,-0.039375,-3.388120088
18000,-0.03875,-3.392188472
18000,-0.038125,-3.396191759
18000,-0.0375,-3.400129948
18000,-0.036875,-3.40400304
18000,-0.03625,-3.407811039
18000,-0.035625,-3.411553941
18000,-0.035,-3.415231751
18000,-0.034375,-3.418844464
18000,-0.03375,-3.422392078
18000,-0.033125,-3.425874598
18000,-0.0325,-3.429292025
18000,-0.031875,-3.432644359
18000,-0.03125,-3.435931594
18000,-0.030625,-3.439153735
18000,-0.03,-3.442310783
18000,-0.029375,-3.445402738
18000,-0.02875,-3.448429597
18000,-0.028125,-3.45139136
18000,-0.0275,-3.45428803
18000,-0.026875,-3.457119605
18000,-0.02625,-3.459886087
18000,-0.025625,-3.462587475
18000,-0.025,-3.465223768
18000,-0.024375,-3.467794967
18000,-0.02375,-3.470301074
18000,-0.023125,-3.472742086
18000,-0.0225,-3.475118004
18000,-0.021875,-3.477428827
18000,-0.02125,-3.479674557
18000,-0.020625,-3.481855193
18000,-0.02,-3.483970737
18000,-0.019375,-3.486021187
18000,-0.01875,-3.488006545
18000,-0.018125,-3.489926809
18000,-0.0175,-3.491781978
18000,-0.016875,-3.493572056
18000,-0.01625,-3.495297041
18000,-0.015625,-3.496956934
18000,-0.015,-3.498551735
18000,-0.014375,-3.500081443
18000,-0.01375,-3.501546059
18000,-0.013125,-3.502945583
18000,-0.0125,-3.504280013
18000,-0.011875,-3.505549349
18000,-0.01125,-3.506753591
18000,-0.010625,-3.507892737
18000,-0.01,-3.508966787
18000,-0.009375,-3.509975738
18000,-0.00875,-3.510919593
18000,-0.008125,-3.511798354
18000,-0.0075,-3.512612023
18000,-0.006875,-3.513360601
18000,-0.00625,-3.514044091
18000,-0.005625,-3.514662493
18000,-0.005,-3.51521581
18000,-0.004375,-3.515704043
18000,-0.00375,-3.516127193
18000,-0.003125,-3.516485263
18000,-0.0025,-3.516778254
18000,-0.001875,-3.517006169
18000,-0.00125,-3.517169011
18000,-0.000625,-3.517266783
18000,-8.54872e-15,-3.517299465
18000,0.000625,-3.517266783
18000,0.00125,-3.517169011
18000,0.001875,-3.517006169
18000,0.0025,-3.516778254
18000,0.003125,-3.516485263
18000,0.00375,-3.516127193
18000,0.004375,-3.515704043
18000,0.005,-3.51521581
18000,0.005625,-3.514662493
18000,0.00625,-3.514044091
18000,0.006875,-3.513360601
18000,0.0075,-3.512612023
18000,0.008125,-3.511798354
18000,0.00875,-3.510919593
18000,0.009375,-3.509975738
18000,0.01,-3.508966787
18000,0.010625,-3.507892737
18000,0.01125,-3.506753591
18000,0.011875,-3.505549349
18000,0.0125,-3.504280013
18000,0.013125,-3.502945583
18000,0.01375,-3.501546059
18000,0.014375,-3.500081443
18000,0.015,-3.498551735
18000,0.015625,-3.496956934
18000,0.01625,-3.495297041
18000,0.016875,-3.493572056
18000,0.0175,-3.491781978
18000,0.018125,-3.489926809
18000,0.01875,-3.488006545
18000,0.019375,-3.486021187
18000,0.02,-3.483970737
18000,0.020625,-3.481855193
18000,0.02125,-3.479674557
18000,0.021875,-3.477428827
18000,0.0225,-3.475118004
18000,0.023125,-3.472742086
18000,0.02375,-3.470301074
18000,0.024375,-3.467794967
18000,0.025,-3.465223768
18000,0.025625,-3.462587475
18000,0.02625,-3.459886087
18000,0.026875,-3.457119605
18000,0.0275,-3.45428803
18000,0.028125,-3.45139136
18000,0.02875,-3.448429597
18000,0.029375,-3.445402738
18000,0.03,-3.442310783
18000,0.030625,-3.439153735
18000,0.03125,-3.435931594
18000,0.031875,-3.432644359
18000,0.0325,-3.429292025
18000,0.033125,-3.425874598
18000,0.03375,-3.422392078
18000,0.034375,-3.418844464
18000,0.035,-3.415231751
18000,0.035625,-3.411553941
18000,0.03625,-3.407811039
18000,0.036875,-3.40400304
18000,0.0375,-3.400129948
18000,0.038125,-3.396191759
18000,0.03875,-3.392188472
18000,0.039375,-3.388120088
18000,0.04,-3.383986611
18000,0.040625,-3.379788038
18000,0.04125,-3.375524367
18000,0.041875,-3.371195601
18000,0.0425,-3.366801737
18000,0.043125,-3.362342775
18000,0.04375,-3.357818714
18000,0.044375,-3.35322956
18000,0.045,-3.348575308
18000,0.045625,-3.343855956
18000,0.04625,-3.339071509
18000,0.046875,-3.334221961
18000,0.0475,-3.32930732
18000,0.048125,-3.324327583
18000,0.04875,-3.319282734
18000,0.049375,-3.314172795
18000,0.05,-3.308997761
18000,0.050625,-3.303757622
18000,0.05125,-3.298452387
18000,0.051875,-3.293082052
18000,0.0525,-3.287646616
18000,0.053125,-3.282146082
18000,0.05375,-3.276580443
18000,0.054375,-3.270949704
18000,0.055,-3.265253861
18000,0.055625,-3.259492919
18000,0.05625,-3.253666869
18000,0.056875,-3.247775713
18000,0.0575,-3.241819455
18000,0.058125,-3.235798092
18000,0.05875,-3.229711623
18000,0.059375,-3.223560052
18000,0.06,-3.217343383
18000,0.060625,-3.211061603
18000,0.06125,-3.204714735
18000,0.061875,-3.198302761
18000,0.0625,-3.191825704
18000,0.063125,-3.185283542
18000,0.06375,-3.178676293
18000,0.064375,-3.172003943
18000,0.065,-3.165266492
18000,0.065625,-3.158463935
18000,0.06625,-3.151596267
18000,0.066875,-3.144663463
18000,0.0675,-3.137665531
18000,0.068125,-3.130602443
18000,0.06875,-3.123474199
18000,0.069375,-3.116280789
18000,0.07,-3.109022215
18000,0.070625,-3.101698486
18000,0.07125,-3.094309611
18000,0.071875,-3.086855611
18000,0.0725,-3.079336513
18000,0.073125,-3.071752363
18000,0.07375,-3.064103187
18000,0.074375,-3.05638904
18000,0.075,-3.048609948
18000,0.075625,-3.040765946
18000,0.07625,-3.032857041
18000,0.076875,-3.024883223
18000,0.0775,-3.016844462
18000,0.078125,-3.008740684
18000,0.07875,-3.000571804
18000,0.079375,-2.992337712
18000,0.08,-2.984038271
18000,0.080625,-2.975673385
18000,0.08125,-2.967242944
18000,0.081875,-2.958746919
18000,0.0825,-2.950185282
18000,0.083125,-2.941558086
18000,0.08375,-2.932865405
18000,0.084375,-2.924107363
18000,0.085,-2.915284138
18000,0.085625,-2.906395925
18000,0.08625,-2.897442955
18000,0.086875,-2.88842546
18000,0.0875,-2.879343657
18000,0.088125,-2.870197692
18000,0.08875,-2.860987591
18000,0.089375,-2.851713192
18000,0.09,-2.84237412
18000,0.090625,-2.832970068
18000,0.09125,-2.823500951
18000,0.091875,-2.813966685
18000,0.0925,-2.804367284
18000,0.093125,-2.794702711
18000,0.09375,-2.784972849
18000,0.094375,-2.775177609
18000,0.095,-2.765316727
18000,0.095625,-2.755389988
18000,0.09625,-2.745397079
18000,0.096875,-2.735337734
18000,0.0975,-2.725211769
18000,0.098125,-2.715019098
18000,0.09875,-2.704759983
18000,0.099375,-2.694435004
18000,0.1,-2.684045168
18000,0.100625,-2.673591266
18000,0.10125,-2.663073583
18000,0.101875,-2.652492238
18000,0.1025,-2.641847084
18000,0.103125,-2.63113786
18000,0.10375,-2.620364406
18000,0.104375,-2.609526373
18000,0.105,-2.598623681
18000,0.105625,-2.587656103
18000,0.10625,-2.576623627
18000,0.106875,-2.56552618
18000,0.1075,-2.554363755
18000,0.108125,-2.543136349
18000,0.10875,-2.531843832
18000,0.109375,-2.520486019
18000,0.11,-2.509062466
18000,0.110625,-2.497572944
18000,0.11125,-2.486017411
18000,0.111875,-2.474396005
18000,0.1125,-2.462708845
18000,0.113125,-2.45095621
18000,0.11375,-2.439138238
18000,0.114375,-2.427255217
18000,0.115,-2.415307237
18000,0.115625,-2.403294507
18000,0.11625,-2.391217083
18000,0.116875,-2.379075051
18000,0.1175,-2.366868394
18000,0.118125,-2.354597127
18000,0.11875,-2.342261157
18000,0.119375,-2.329860398
18000,0.12,-2.317394756
18000,0.120625,-2.3048641
18000,0.12125,-2.292268383
18000,0.121875,-2.2796075
18000,0.1225,-2.266881449
18000,0.123125,-2.254090166
18000,0.12375,-2.241233703
18000,0.124375,-2.228312046
18000,0.125,-2.215325251
18000,0.125625,-2.202273372
18000,0.12625,-2.189156433
18000,0.126875,-2.175974464
18000,0.1275,-2.162727521
18000,0.128125,-2.149415597
18000,0.12875,-2.136038753
18000,0.129375,-2.122596965
18000,0.13,-2.109090245
18000,0.130625,-2.095518614
18000,0.13125,-2.081882038
18000,0.131875,-2.068180515
18000,0.1325,-2.054414053
18000,0.133125,-2.040582655
18000,0.13375,-2.0266863
18000,0.134375,-2.012725017
18000,0.135,-1.998698797
18000,0.135625,-1.984607622
18000,0.13625,-1.970451536
18000,0.136875,-1.956230553
18000,0.1375,-1.941944661
18000,0.138125,-1.927593866
18000,0.13875,-1.913178183
18000,0.139375,-1.898697649
18000,0.14,-1.884152263
18000,0.140625,-1.869542035
18000,0.14125,-1.854867049
18000,0.141875,-1.840127354
18000,0.1425,-1.825322951
18000,0.143125,-1.810453862
18000,0.14375,-1.795520117
18000,0.144375,-1.780521737
18000,0.145,-1.765458747
18000,0.145625,-1.75033117
18000,0.14625,-1.735139023
18000,0.146875,-1.719882329
18000,0.1475,-1.704561131
18000,0.148125,-1.689175472
18000,0.14875,-1.673725376
18000,0.149375,-1.658210874
18000,0.15,-1.642632021
18000,0.150625,-1.62698886
18000,0.15125,-1.611281426
18000,0.151875,-1.595509758
18000,0.1525,-1.579673911
18000,0.153125,-1.563773947
18000,0.15375,-1.547809915
18000,0.154375,-1.531781874
18000,0.155,-1.515689897
18000,0.155625,-1.49953404
18000,0.15625,-1.483314376
18000,0.156875,-1.467030989
18000,0.1575,-1.450683967
18000,0.158125,-1.434273394
18000,0.15875,-1.417799361
18000,0.159375,-1.401261977
18000,0.16,-1.384661345
18000,0.160625,-1.367997578
18000,0.16125,-1.35127079
18000,0.161875,-1.334481129
18000,0.1625,-1.317628749
18000,0.163125,-1.300713793
18000,0.16375,-1.283736424
18000,0.164375,-1.266696821
18000,0.165,-1.249595172
18000,0.165625,-1.232431747
18000,0.16625,-1.215206846
18000,0.166875,-1.197920706
18000,0.1675,-1.180573585
18000,0.168125,-1.163165773
18000,0.16875,-1.145697569
18000,0.169375,-1.128169297
18000,0.17,-1.110581313
18000,0.170625,-1.092934013
18000,0.17125,-1.075227817
18000,0.171875,-1.057463178
18000,0.1725,-1.039640572
18000,0.173125,-1.021760521
18000,0.17375,-1.00382358
18000,0.174375,-0.9858303751
18000,0.175,-0.967781576
18000,0.175625,-0.9496779145
18000,0.17625,-0.931520183
18000,0.176875,-0.9133092476
18000,0.1775,-0.8950460627
18000,0.178125,-0.8767316574
18000,0.17875,-0.858367161
18000,0.179375,-0.8399538114
18000,0.18,-0.8214929574
18000,0.180625,-0.8029860514
18000,0.18125,-0.7844347086
18000,0.181875,-0.765840709
18000,0.1825,-0.7472060113
18000,0.183125,-0.7285327954
18000,0.18375,-0.7098234632
18000,0.184375,-0.6910806405
18000,0.185,-0.6723072472
18000,0.185625,-0.6535064964
18000,0.18625,-0.6346819426
18000,0.186875,-0.6158375513
18000,0.1875,-0.5969777141
18000,0.188125,-0.5781072704
18000,0.18875,-0.5592316138
18000,0.189375,-0.5403567256
18000,0.19,-0.521489295
18000,0.190625,-0.5026367793
18000,0.19125,-0.4838074508
18000,0.191875,-0.4650105314
18000,0.1925,-0.4462563084
18000,0.193125,-0.4275562343
18000,0.19375,-0.4089230474
18000,0.194375,-0.3903709726
18000,0.195,-0.3719157948
18000,0.195625,-0.3535750662
18000,0.19625,-0.3353682793
18000,0.196875,-0.3173169899
18000,0.1975,-0.2994450117
18000,0.198125,-0.2817785837
18000,0.19875,-0.2643464749
18000,0.199375,-0.2471801777
18000,0.2,-0.2303139992
18000,0.200625,-0.2137851579
18000,0.20125,-0.1976339262
18000,0.201875,-0.1819036129
18000,0.2025,-0.1666406129
18000,0.203125,-0.151894222
18000,0.20375,-0.1377142416
18000,0.204375,-0.1241471648
18000,0.205,-0.1112354118
18000,0.205625,-0.09901683905
18000,0.20625,-0.0875242429
18000,0.206875,-0.07678493065
18000,0.2075,-0.06682020511
18000,0.208125,-0.05764480594
18000,0.20875,-0.04926645502
18000,0.209375,-0.04168529221
18000,0.21,-0.03489333287
18000,0.210625,-0.02887403563
18000,0.21125,-0.023601696
18000,0.211875,-0.01904108028
18000,0.2125,-0.0151468718
18000,0.213125,-0.01186361969
18000,0.21375,-0.00913008123
18000,0.214375,-0.00688614709
18000,0.215,-0.005073849981
18000,0.215625,-0.003637615506
18000,0.21625,-0.002524538998
18000,0.216875,-0.001684631825
18000,0.2175,-0.001071108163
18000,0.218125,-0.000640706146
18000,0.21875,-0.0003539635823
18000,0.219375,-0.000175537609
18000,0.22,-7.454590188e-05
18000,0.220625,-2.483341746e-05
18000,0.22125,-5.350149989e-06
18000,0.221875,-3.989268385e-07
18000,0.2225,-9.812029661e-14
18000,0.223125,-9.812029661e-14
18000,0.22375,-9.812029661e-14
18000,0.224375,-9.812029661e-14
18000,0.225,-9.812029661e-14
18000,0.225625,-9.812029661e-14
18000,0.22625,-9.812029661e-14
18000,0.226875,-9.812029661e-14
18000,0.2275,-9.812029661e-14
18000,0.228125,-9.812029661e-14
18000,0.22875,-9.812029661e-14
18000,0.229375,-9.812029661e-14
18000,0.23,-9.812029661e-14
18000,0.230625,-9.812029661e-14
18000,0.23125,-9.812029661e-14
18000,0.231875,-9.812029661e-14
18000,0.2325,-9.812029661e-14
18000,0.233125,-9.812029661e-14
18000,0.23375,-9.812029661e-14
18000,0.234375,-9.812029661e-14
18000,0.235,-9.812029661e-14
18000,0.235625,-9.812029661e-14
18000,0.23625,-9.812029661e-14
18000,0.236875,-9.812029661e-14
18000,0.2375,-9.812029661e-14
18000,0.238125,-9.812029661e-14
18000,0.23875,-9.812029661e-14
18000,0.239375,-9.812029661e-14
18000,0.24,-9.812029661e-14
18000,0.240625,-9.812029661e-14
18000,0.24125,-9.812029661e-14
18000,0.241875,-9.812029661e-14
18000,0.2425,-9.812029661e-14
18000,0.243125,-9.812029661e-14
18000,0.24375,-9.812029661e-14
18000,0.244375,-9.812029661e-14
18000,0.245,-9.812029661e-14
18000,0.245625,-9.812029661e-14
18000,0.24625,-9.812029661e-14
18000,0.246875,-9.812029661e-14
18000,0.2475,-9.812029661e-14
18000,0.248125,-9.812029661e-14
18000,0.24875,-9.812029661e-14
18000,0.249375,-9.812029661e-14
18000,0.25,-9.812029661e-14
18000,0.250625,-9.812029661e-14
18000,0.25125,-9.812029661e-14
18000,0.251875,-9.812029661e-14
18000,0.2525,-9.812029661e-14
18000,0.253125,-9.812029661e-14
18000,0.25375,-9.812029661e-14
18000,0.254375,-9.812029661e-14
18000,0.255,-9.812029661e-14
18000,0.255625,-9.812029661e-14
18000,0.25625,-9.812029661e-14
18000,0.256875,-9.812029661e-14
18000,0.2575,-9.812029661e-14
18000,0.258125,-9.812029661e-14
18000,0.25875,-9.812029661e-14
18000,0.259375,-9.812029661e-14
18000,0.26,-9.812029661e-14
18000,0.260625,-9.812029661e-14
18000,0.26125,-9.812029661e-14
18000,0.261875,-9.812029661e-14
18000,0.2625,-9.812029661e-14
18000,0.263125,-9.812029661e-14
18000,0.26375,-9.812029661e-14
18000,0.264375,-9.812029661e-14
18000,0.265,-9.812029661e-14
18000,0.265625,-9.812029661e-14
18000,0.26625,-9.812029661e-14
18000,0.266875,-9.812029661e-14
18000,0.2675,-9.812029661e-14
18000,0.268125,-9.812029661e-14
18000,0.26875,-9.812029661e-14
18000,0.269375,-9.812029661e-14
18000,0.27,-9.812029661e-14
18000,0.270625,-9.812029661e-14
18000,0.27125,-9.812029661e-14
18000,0.271875,-9.812029661e-14
18000,0.2725,-9.812029661e-14
18000,0.273125,-9.812029661e-14
18000,0.27375,-9.812029661e-14
18000,0.274375,-9.812029661e-14
18000,0.275,-9.812029661e-14
18000,0.275625,-9.812029661e-14
18000,0.27625,-9.812029661e-14
18000,0.276875,-9.812029661e-14
18000,0.2775,-9.812029661e-14
18000,0.278125,-9.812029661e-14
18000,0.27875,-9.812029661e-14
18000,0.279375,-9.812029661e-14
18000,0.28,-9.812029661e-14
18000,0.280625,-9.812029661e-14
18000,0.28125,-9.812029661e-14
18000,0.281875,-9.812029661e-14
18000,0.2825,-9.812029661e-14
18000,0.283125,-9.812029661e-14
18000,0.28375,-9.812029661e-14
18000,0.284375,-9.812029661e-14
18000,0.285,-9.812029661e-14
18000,0.285625,-9.812029661e-14
18000,0.28625,-9.812029661e-14
18000,0.286875,-9.812029661e-14
18000,0.2875,-9.812029661e-14
18000,0.288125,-9.812029661e-14
18000,0.28875,-9.812029661e-14
18000,0.289375,-9.812029661e-14
18000,0.29,-9.812029661e-14
18000,0.290625,-9.812029661e-14
18000,0.29125,-9.812029661e-14
18000,0.291875,-9.812029661e-14
18000,0.2925,-9.812029661e-14
18000,0.293125,-9.812029661e-14
18000,0.29375,-9.812029661e-14
18000,0.294375,-9.812029661e-14
18000,0.295,-9.812029661e-14
18000,0.295625,-9.812029661e-14
18000,0.29625,-9.812029661e-14
18000,0.296875,-9.812029661e-14
18000,0.2975,-9.812029661e-14
18000,0.298125,-9.812029661e-14
18000,0.29875,-9.812029661e-14
18000,0.299375,-9.812029661e-14
18000,0.3,-9.812029661e-14
18000,0.300625,-9.812029661e-14
18000,0.30125,-9.812029661e-14
18000,0.301875,-9.812029661e-14
18000,0.3025,-9.812029661e-14
18000,0.303125,-9.812029661e-14
18000,0.30375,-9.812029661e-14
18000,0.304375,-9.812029661e-14
18000,0.305,-9.812029661e-14
18000,0.305625,-9.812029661e-14
18000,0.30625,-9.812029661e-14
18000,0.306875,-9.812029661e-14
18000,0.3075,-9.812029661e-14
18000,0.308125,-9.812029661e-14
18000,0.30875,-9.812029661e-14
18000,0.309375,-9.812029661e-14
18000,0.31,-9.812029661e-14
18000,0.310625,-9.812029661e-14
18000,0.31125,-9.812029661e-14
18000,0.311875,-9.812029661e-14
18000,0.3125,-9.812029661e-14
18000,0.313125,-9.812029661e-14
18000,0.31375,-9.812029661e-14
18000,0.314375,-9.812029661e-14
18000,0.315,-9.812029661e-14
18000,0.315625,-9.812029661e-14
18000,0.31625,-9.812029661e-14
18000,0.316875,-9.812029661e-14
18000,0.3175,-9.812029661e-14
18000,0.318125,-9.812029661e-14
18000,0.31875,-9.812029661e-14
18000,0.319375,-9.812029661e-14
18000,0.32,-9.812029661e-14
18000,0.320625,-9.812029661e-14
18000,0.32125,-9.812029661e-14
18000,0.321875,-9.812029661e-14
18000,0.3225,-9.812029661e-14
18000,0.323125,-9.812029661e-14
18000,0.32375,-9.812029661e-14
18000,0.324375,-9.812029661e-14
18000,0.325,-9.812029661e-14
18000,0.325625,-9.812029661e-14
18000,0.32625,-9.812029661e-14
18000,0.326875,-9.812029661e-14
18000,0.3275,-9.812029661e-14
18000,0.328125,-9.812029661e-14
18000,0.32875,-9.812029661e-14
18000,0.329375,-9.812029661e-14
18000,0.33,-9.812029661e-14
18000,0.330625,-9.812029661e-14
18000,0.33125,-9.812029661e-14
18000,0.331875,-9.812029661e-14
18000,0.3325,-9.812029661e-14
18000,0.333125,-9.812029661e-14
18000,0.33375,-9.812029661e-14
18000,0.334375,-9.812029661e-14
18000,0.335,-9.812029661e-14
18000,0.335625,-9.812029661e-14
18000,0.33625,-9.812029661e-14
18000,0.336875,-9.812029661e-14
18000,0.3375,-9.812029661e-14
18000,0.338125,-9.812029661e-14
18000,0.33875,-9.812029661e-14
18000,0.339375,-9.812029661e-14
18000,0.34,-9.812029661e-14
18000,0.340625,-9.812029661e-14
18000,0.34125,-9.812029661e-14
18000,0.341875,-9.812029661e-14
18000,0.3425,-9.812029661e-14
18000,0.343125,-9.812029661e-14
18000,0.34375,-9.812029661e-14
18000,0.344375,-9.812029661e-14
18000,0.345,-9.812029661e-14
18000,0.345625,-9.812029661e-14
18000,0.34625,-9.812029661e-14
18000,0.346875,-9.812029661e-14
18000,0.3475,-9.812029661e-14
18000,0.348125,-9.812029661e-14
18000,0.34875,-9.812029661e-14
18000,0.349375,-9.812029661e-14
18000,0.35,-9.812029661e-14
18000,0.350625,-9.812029661e-14
18000,0.35125,-9.812029661e-14
18000,0.351875,-9.812029661e-14
18000,0.3525,-9.812029661e-14
18000,0.353125,-9.812029661e-14
18000,0.35375,-9.812029661e-14
18000,0.354375,-9.812029661e-14
18000,0.355,-9.812029661e-14
18000,0.355625,-9.812029661e-14
18000,0.35625,-9.812029661e-14
18000,0.356875,-9.812029661e-14
18000,0.3575,-9.812029661e-14
18000,0.358125,-9.812029661e-14
18000,0.35875,-9.812029661e-14
18000,0.359375,-9.812029661e-14
18000,0.36,-9.812029661e-14
18000,0.360625,-9.812029661e-14
18000,0.36125,-9.812029661e-14
18000,0.361875,-9.812029661e-14
18000,0.3625,-9.812029661e-14
18000,0.363125,-9.812029661e-14
18000,0.36375,-9.812029661e-14
18000,0.364375,-9.812029661e-14
18000,0.365,-9.812029661e-14
18000,0.365625,-9.812029661e-14
18000,0.36625,-9.812029661e-14
18000,0.366875,-9.812029661e-14
18000,0.3675,-9.812029661e-14
18000,0.368125,-9.812029661e-14
18000,0.36875,-9.812029661e-14
18000,0.369375,-9.812029661e-14
18000,0.37,-9.812029661e-14
18000,0.370625,-9.812029661e-14
18000,0.37125,-9.812029661e-14
18000,0.371875,-9.812029661e-14
18000,0.3725,-9.812029661e-14
18000,0.373125,-9.812029661e-14
18000,0.37375,-9.812029661e-14
18000,0.374375,-9.812029661e-14
18000,0.375,-9.812029661e-14
18000,0.375625,-9.812029661e-14
18000,0.37625,-9.812029661e-14
18000,0.376875,-9.812029661e-14
18000,0.3775,-9.812029661e-14
18000,0.378125,-9.812029661e-14
18000,0.37875,-9.812029661e-14
18000,0.379375,-9.812029661e-14
18000,0.38,-9.812029661e-14
18000,0.380625,-9.812029661e-14
18000,0.38125,-9.812029661e-14
18000,0.381875,-9.812029661e-14
18000,0.3825,-9.812029661e-14
18000,0.383125,-9.812029661e-14
18000,0.38375,-9.812029661e-14
18000,0.384375,-9.812029661e-14
18000,0.385,-9.812029661e-14
18000,0.385625,-9.812029661e-14
18000,0.38625,-9.812029661e-14
18000,0.386875,-9.812029661e-14
18000,0.3875,-9.812029661e-14
18000,0.388125,-9.812029661e-14
18000,0.38875,-9.812029661e-14
18000,0.389375,-9.812029661e-14
18000,0.39,-9.812029661e-14
18000,0.390625,-9.812029661e-14
18000,0.39125,-9.812029661e-14
18000,0.391875,-9.812029661e-14
18000,0.3925,-9.812029661e-14
18000,0.393125,-9.812029661e-14
18000,0.39375,-9.812029661e-14
18000,0.394375,-9.812029661e-14
18000,0.395,-9.812029661e-14
18000,0.395625,-9.812029661e-14
18000,0.39625,-9.812029661e-14
18000,0.396875,-9.812029661e-14
18000,0.3975,-9.812029661e-14
18000,0.398125,-9.812029661e-14
18000,0.39875,-9.812029661e-14
18000,0.399375,-9.812029661e-14
18000,0.4,-9.812029661e-14
