 Abaqus/Standard 2020                  DATE 30-sep.-2026 TIME 15:05:55
 SUMMARY OF JOB INFORMATION:
 STEP  INC ATT SEVERE EQUIL TOTAL  TOTAL      STEP       INC OF       DOF    IF
               DISCON ITERS ITERS  TIME/    TIME/LPF    TIME/LPF    MONITOR RIKS
               ITERS               FREQ
   1     1   1     8     2    10  0.250      0.250      0.2500    
   1     2   1     3     2     5  0.500      0.500      0.2500    
   1     3   1     2     3     5  0.875      0.875      0.3750    
   1     4   1     0     1     1  1.00       1.00       0.1250    
   2     1   1     1     2     3  2.00       1.00       1.000     
   2     2   1     1     1     2  3.00       2.00       1.000     
   2     3   1     1     1     2  4.00       3.00       1.000     
   2     4   1     0     1     1  5.00       4.00       1.000     
   2     5   1     0     1     1  6.00       5.00       1.000     
   2     6   1     1     0     1  7.00       6.00       1.000     
   2     7   1     1     1     2  8.00       7.00       1.000     
   2     8   1     0     1     1  9.00       8.00       1.000     
   2     9   1     0     1     1  10.0       9.00       1.000     
   2    10   1     1     0     1  11.0       10.0       1.000     
   2    11   1     5     3     8  12.0       11.0       1.000     
   2    12   1     0     2     2  13.0       12.0       1.000     
   2    13   1     0     1     1  14.0       13.0       1.000     
   2    14   1     1     0     1  15.0       14.0       1.000     
   2    15   1     1     1     2  16.0       15.0       1.000     
   2    16   1     0     1     1  17.0       16.0       1.000     
   2    17   1     0     1     1  18.0       17.0       1.000     
   2    18   1     1     0     1  19.0       18.0       1.000     
   2    19   1     1     1     2  20.0       19.0       1.000     
   2    20   1     0     1     1  21.0       20.0       1.000     
   2    21   1     0     1     1  22.0       21.0       1.000     
   2    22   1     1     0     1  23.0       22.0       1.000     
   2    23   1     1     1     2  24.0       23.0       1.000     
   2    24   1     0     1     1  25.0       24.0       1.000     
   2    25   1     0     1     1  26.0       25.0       1.000     
   2    26   1     1     0     1  27.0       26.0       1.000     
   2    27   1     1     1     2  28.0       27.0       1.000     
   2    28   1     0     1     1  29.0       28.0       1.000     
   2    29   1     0     1     1  30.0       29.0       1.000     
   2    30   1     1     0     1  31.0       30.0       1.000     
   2    31   1     5     3     8  32.0       31.0       1.000     
   2    32   1     0     2     2  33.0       32.0       1.000     
   2    33   1     0     1     1  34.0       33.0       1.000     
   2    34   1     1     0     1  35.0       34.0       1.000     
   2    35   1     1     1     2  36.0       35.0       1.000     
   2    36   1     0     1     1  37.0       36.0       1.000     
   2    37   1     0     1     1  38.0       37.0       1.000     
   2    38   1     1     0     1  39.0       38.0       1.000     
   2    39   1     1     1     2  40.0       39.0       1.000     
   2    40   1     0     1     1  41.0       40.0       1.000     
   2    41   1     2     0     2  42.0       41.0       1.000     
   3     1   1     1     2     3  43.0       1.00       1.000     
   3     2   1     1     0     1  44.0       2.00       1.000     
   3     3   1     1     1     2  45.0       3.00       1.000     
   3     4   1     0     1     1  46.0       4.00       1.000     
   3     5   1     0     1     1  47.0       5.00       1.000     
   3     6   1     1     1     2  48.0       6.00       1.000     
   3     7   1     0     1     1  49.0       7.00       1.000     
   3     8   1     1     1     2  50.0       8.00       1.000     
   3     9   1     1     1     2  51.0       9.00       1.000     
   3    10   1     0     1     1  52.0       10.0       1.000     
   3    11   1     5     2     7  53.0       11.0       1.000     
   3    12   1     1     1     2  54.0       12.0       1.000     
   3    13   1     1     1     2  55.0       13.0       1.000     
   3    14   1     0     1     1  56.0       14.0       1.000     
   3    15   1     0     1     1  57.0       15.0       1.000     
   3    16   1     1     1     2  58.0       16.0       1.000     
   3    17   1     1     1     2  59.0       17.0       1.000     
   3    18   1     0     1     1  60.0       18.0       1.000     
   3    19   1     0     1     1  61.0       19.0       1.000     
   3    20   1     1     1     2  62.0       20.0       1.000     
   3    21   1     1     1     2  63.0       21.0       1.000     
   3    22   1     0     1     1  64.0       22.0       1.000     
   3    23   1     1     0     1  65.0       23.0       1.000     
   3    24   1     0     1     1  66.0       24.0       1.000     
   3    25   1     1     1     2  67.0       25.0       1.000     
   3    26   1     0     1     1  68.0       26.0       1.000     
   3    27   1     1     1     2  69.0       27.0       1.000     
   3    28   1     0     1     1  70.0       28.0       1.000     
   3    29   1     1     1     2  71.0       29.0       1.000     
   3    30   1     0     1     1  72.0       30.0       1.000     
   3    31   1     5     2     7  73.0       31.0       1.000     
   3    32   1     1     1     2  74.0       32.0       1.000     
   3    33   1     0     1     1  75.0       33.0       1.000     
   3    34   1     0     1     1  76.0       34.0       1.000     
   3    35   1     1     1     2  77.0       35.0       1.000     
   3    36   1     0     1     1  78.0       36.0       1.000     
   3    37   1     0     1     1  79.0       37.0       1.000     
   3    38   1     1     0     1  80.0       38.0       1.000     
   3    39   1     1     1     2  81.0       39.0       1.000     
   3    40   1     0     1     1  82.0       40.0       1.000     
   3    41   1     2     1     3  83.0       41.0       1.000     
   4     1   1     3     1     4  84.0       1.00       1.000     
   4     2   1     1     1     2  85.0       2.00       1.000     
   4     3   1     1     1     2  86.0       3.00       1.000     
   4     4   1     0     1     1  87.0       4.00       1.000     
   4     5   1     1     1     2  88.0       5.00       1.000     
   4     6   1     0     1     1  89.0       6.00       1.000     
   4     7   1     1     1     2  90.0       7.00       1.000     
   4     8   1     0     1     1  91.0       8.00       1.000     
   4     9   1     1     1     2  92.0       9.00       1.000     
   4    10   1     1     1     2  93.0       10.0       1.000     
   4    11   1     5     2     7  94.0       11.0       1.000     
   4    12   1     0     2     2  95.0       12.0       1.000     
   4    13   1     1     1     2  96.0       13.0       1.000     
   4    14   1     1     1     2  97.0       14.0       1.000     
   4    15   1     0     1     1  98.0       15.0       1.000     
   4    16   1     0     1     1  99.0       16.0       1.000     
   4    17   1     1     1     2  100.       17.0       1.000     
   4    18   1     0     1     1  101.       18.0       1.000     
   4    19   1     0     1     1  102.       19.0       1.000     
   4    20   1     1     1     2  103.       20.0       1.000     
   4    21   1     1     1     2  104.       21.0       1.000     
   4    22   1     0     1     1  105.       22.0       1.000     
   4    23   1     0     1     1  106.       23.0       1.000     
   4    24   1     2     1     3  107.       24.0       1.000     
   4    25   1     0     1     1  108.       25.0       1.000     
   4    26   1     0     1     1  109.       26.0       1.000     
   4    27   1     0     1     1  110.       27.0       1.000     
   4    28   1     1     2     3  111.       28.0       1.000     
   4    29   1     0     1     1  112.       29.0       1.000     
   4    30   1     1     1     2  113.       30.0       1.000     
   4    31   1     3     2     5  114.       31.0       1.000     
   4    32   1     0     2     2  115.       32.0       1.000     
   4    33   1     1     1     2  116.       33.0       1.000     
   4    34   1     1     1     2  117.       34.0       1.000     
   4    35   1     0     1     1  118.       35.0       1.000     
   4    36   1     1     1     2  119.       36.0       1.000     
   4    37   1     0     1     1  120.       37.0       1.000     
   4    38   1     1     1     2  121.       38.0       1.000     
   4    39   1     1     1     2  122.       39.0       1.000     
   4    40   1     0     1     1  123.       40.0       1.000     
   4    41   1     2     1     3  124.       41.0       1.000     
   5     1   1     1     2     3  125.       1.00       1.000     
   5     2   1     1     1     2  126.       2.00       1.000     
   5     3   1     1     2     3  127.       3.00       1.000     
   5     4   1     0     1     1  128.       4.00       1.000     
   5     5   1     0     1     1  129.       5.00       1.000     
   5     6   1     1     2     3  130.       6.00       1.000     
   5     7   1     0     1     1  131.       7.00       1.000     
   5     8   1     0     1     1  132.       8.00       1.000     
   5     9   1     1     1     2  133.       9.00       1.000     
   5    10   1     0     1     1  134.       10.0       1.000     
   5    11   1     3     2     5  135.       11.0       1.000     
   5    12   1     1     1     2  136.       12.0       1.000     
   5    13   1     0     1     1  137.       13.0       1.000     
   5    14   1     0     1     1  138.       14.0       1.000     
   5    15   1     1     1     2  139.       15.0       1.000     
   5    16   1     1     1     2  140.       16.0       1.000     
   5    17   1     0     1     1  141.       17.0       1.000     
   5    18   1     1     1     2  142.       18.0       1.000     
   5    19   1     0     1     1  143.       19.0       1.000     
   5    20   1     1     2     3  144.       20.0       1.000     
   5    21   1     1     0     1  145.       21.0       1.000     
   5    22   1     0     2     2  146.       22.0       1.000     
   5    23   1     1     1     2  147.       23.0       1.000     
   5    24   1     0     1     1  148.       24.0       1.000     
   5    25   1     1     1     2  149.       25.0       1.000     
   5    26   1     1     1     2  150.       26.0       1.000     
   5    27   1     0     1     1  151.       27.0       1.000     
   5    28   1     0     1     1  152.       28.0       1.000     
   5    29   1     1     1     2  153.       29.0       1.000     
   5    30   1     0     1     1  154.       30.0       1.000     
   5    31   1     5     2     7  155.       31.0       1.000     
   5    32   1     1     1     2  156.       32.0       1.000     
   5    33   1     1     1     2  157.       33.0       1.000     
   5    34   1     0     1     1  158.       34.0       1.000     
   5    35   1     1     1     2  159.       35.0       1.000     
   5    36   1     0     1     1  160.       36.0       1.000     
   5    37   1     1     1     2  161.       37.0       1.000     
   5    38   1     0     1     1  162.       38.0       1.000     
   5    39   1     0     1     1  163.       39.0       1.000     
   5    40   1     1     1     2  164.       40.0       1.000     
   5    41   1     2     2     4  165.       41.0       1.000     
   6     1   1     2     1     3  166.       1.00       1.000     
   6     2   1     0     1     1  167.       2.00       1.000     
   6     3   1     0     1     1  168.       3.00       1.000     
   6     4   1     1     1     2  169.       4.00       1.000     
   6     5   1     0     1     1  170.       5.00       1.000     
   6     6   1     0     1     1  171.       6.00       1.000     
   6     7   1     1     1     2  172.       7.00       1.000     
   6     8   1     1     1     2  173.       8.00       1.000     
   6     9   1     1     1     2  174.       9.00       1.000     
   6    10   1     0     1     1  175.       10.0       1.000     
   6    11   1     5     2     7  176.       11.0       1.000     
   6    12   1     1     1     2  177.       12.0       1.000     
   6    13   1     0     1     1  178.       13.0       1.000     
   6    14   1     1     2     3  179.       14.0       1.000     
   6    15   1     0     1     1  180.       15.0       1.000     
   6    16   1     0     1     1  181.       16.0       1.000     
   6    17   1     1     1     2  182.       17.0       1.000     
   6    18   1     1     2     3  183.       18.0       1.000     
   6    19   1     0     1     1  184.       19.0       1.000     
   6    20   1     1     2     3  185.       20.0       1.000     
   6    21   1     0     1     1  186.       21.0       1.000     
   6    22   1     1     2     3  187.       22.0       1.000     
   6    23   1     1     1     2  188.       23.0       1.000     
   6    24   1     0     1     1  189.       24.0       1.000     
   6    25   1     1     2     3  190.       25.0       1.000     
   6    26   1     0     1     1  191.       26.0       1.000     
   6    27   1     1     2     3  192.       27.0       1.000     
   6    28   1     0     1     1  193.       28.0       1.000     
   6    29   1     1     1     2  194.       29.0       1.000     
   6    30   1     1     1     2  195.       30.0       1.000     
   6    31   1     3     2     5  196.       31.0       1.000     
   6    32   1     1     1     2  197.       32.0       1.000     
   6    33   1     0     1     1  198.       33.0       1.000     
   6    34   1     1     1     2  199.       34.0       1.000     
   6    35   1     1     2     3  200.       35.0       1.000     
   6    36   1     1     1     2  201.       36.0       1.000     
   6    37   1     0     1     1  202.       37.0       1.000     
   6    38   1     0     1     1  203.       38.0       1.000     
   6    39   1     1     2     3  204.       39.0       1.000     
   6    40   1     0     1     1  205.       40.0       1.000     
   6    41   1     3     1     4  206.       41.0       1.000     
   7     1   1     1     2     3  207.       1.00       1.000     
   7     2   1     1     1     2  208.       2.00       1.000     
   7     3   1     0     2     2  209.       3.00       1.000     
   7     4   1     0     1     1  210.       4.00       1.000     
   7     5   1     1     1     2  211.       5.00       1.000     
   7     6   1     1     1     2  212.       6.00       1.000     
   7     7   1     0     1     1  213.       7.00       1.000     
   7     8   1     1     1     2  214.       8.00       1.000     
   7     9   1     1     1     2  215.       9.00       1.000     
   7    10   1     0     1     1  216.       10.0       1.000     
   7    11   1     3     2     5  217.       11.0       1.000     
   7    12   1     1     1     2  218.       12.0       1.000     
   7    13   1     1     1     2  219.       13.0       1.000     
   7    14   1     0     1     1  220.       14.0       1.000     
   7    15   1     0     1     1  221.       15.0       1.000     
   7    16   1     1     1     2  222.       16.0       1.000     
   7    17   1     0     1     1  223.       17.0       1.000     
   7    18   1     0     1     1  224.       18.0       1.000     
   7    19   1     1     2     3  225.       19.0       1.000     
   7    20   1     1     2     3  226.       20.0       1.000     
   7    21   1     0     1     1  227.       21.0       1.000     
   7    22   1     1     2     3  228.       22.0       1.000     
   7    23   1     1     2     3  229.       23.0       1.000     
   7    24   1     0     1     1  230.       24.0       1.000     
   7    25   1     1     1     2  231.       25.0       1.000     
   7    26   1     0     1     1  232.       26.0       1.000     
   7    27   1     0     1     1  233.       27.0       1.000     
   7    28   1     1     1     2  234.       28.0       1.000     
   7    29   1     1     1     2  235.       29.0       1.000     
   7    30   1     1     1     2  236.       30.0       1.000     
   7    31   1     5     2     7  237.       31.0       1.000     
   7    32   1     1     1     2  238.       32.0       1.000     
   7    33   1     1     2     3  239.       33.0       1.000     
   7    34   1     0     1     1  240.       34.0       1.000     
   7    35   1     1     0     1  241.       35.0       1.000     
   7    36   1     0     1     1  242.       36.0       1.000     
   7    37   1     1     1     2  243.       37.0       1.000     
   7    38   1     1     1     2  244.       38.0       1.000     
   7    39   1     0     1     1  245.       39.0       1.000     
   7    40   1     1     1     2  246.       40.0       1.000     
   7    41   1     4     0     4  247.       41.0       1.000     
   8     1   1     2     1     3  248.       1.00       1.000     
   8     2   1     0     1     1  249.       2.00       1.000     
   8     3   1     1     1     2  250.       3.00       1.000     
   8     4   1     1     1     2  251.       4.00       1.000     
   8     5   1     0     1     1  252.       5.00       1.000     
   8     6   1     1     2     3  253.       6.00       1.000     
   8     7   1     0     1     1  254.       7.00       1.000     
   8     8   1     1     1     2  255.       8.00       1.000     
   8     9   1     1     1     2  256.       9.00       1.000     
   8    10   1     1     1     2  257.       10.0       1.000     
   8    11   1     4     2     6  258.       11.0       1.000     
   8    12   1     1     1     2  259.       12.0       1.000     
   8    13   1     1     1     2  260.       13.0       1.000     
   8    14   1     1     2     3  261.       14.0       1.000     
   8    15   1     1     1     2  262.       15.0       1.000     
   8    16   1     0     1     1  263.       16.0       1.000     
   8    17   1     1     0     1  264.       17.0       1.000     
   8    18   1     1     2     3  265.       18.0       1.000     
   8    19   1     0     1     1  266.       19.0       1.000     
   8    20   1     1     1     2  267.       20.0       1.000     
   8    21   1     1     1     2  268.       21.0       1.000     
   8    22   1     0     1     1  269.       22.0       1.000     
   8    23   1     1     1     2  270.       23.0       1.000     
   8    24   1     1     1     2  271.       24.0       1.000     
   8    25   1     0     1     1  272.       25.0       1.000     
   8    26   1     1     1     2  273.       26.0       1.000     
   8    27   1     1     1     2  274.       27.0       1.000     
   8    28   1     0     1     1  275.       28.0       1.000     
   8    29   1     1     1     2  276.       29.0       1.000     
   8    30   1     1     1     2  277.       30.0       1.000     
   8    31   1     3     2     5  278.       31.0       1.000     
   8    32   1     1     1     2  279.       32.0       1.000     
   8    33   1     0     1     1  280.       33.0       1.000     
   8    34   1     2     1     3  281.       34.0       1.000     
   8    35   1     1     2     3  282.       35.0       1.000     
   8    36   1     0     1     1  283.       36.0       1.000     
   8    37   1     1     1     2  284.       37.0       1.000     
   8    38   1     1     1     2  285.       38.0       1.000     
   8    39   1     0     1     1  286.       39.0       1.000     
   8    40   1     1     1     2  287.       40.0       1.000     
   8    41   1     2     1     3  288.       41.0       1.000     
   9     1   1     1     2     3  289.       1.00       1.000     
   9     2   1     1     2     3  290.       2.00       1.000     
   9     3   1     1     1     2  291.       3.00       1.000     
   9     4   1     1     1     2  292.       4.00       1.000     
   9     5   1     0     1     1  293.       5.00       1.000     
   9     6   1     1     1     2  294.       6.00       1.000     
   9     7   1     1     1     2  295.       7.00       1.000     
   9     8   1     0     1     1  296.       8.00       1.000     
   9     9   1     1     1     2  297.       9.00       1.000     
   9    10   1     1     1     2  298.       10.0       1.000     
   9    11   1     3     2     5  299.       11.0       1.000     
   9    12   1     1     1     2  300.       12.0       1.000     
   9    13   1     1     0     1  301.       13.0       1.000     
   9    14   1     1     0     1  302.       14.0       1.000     
   9    15   1     1     1     2  303.       15.0       1.000     
   9    16   1     0     1     1  304.       16.0       1.000     
   9    17   1     1     1     2  305.       17.0       1.000     
   9    18   1     0     1     1  306.       18.0       1.000     
   9    19   1     1     2     3  307.       19.0       1.000     
   9    20   1     0     1     1  308.       20.0       1.000     
   9    21   1     0     1     1  309.       21.0       1.000     
   9    22   1     1     2     3  310.       22.0       1.000     
   9    23   1     0     2     2  311.       23.0       1.000     
   9    24   1     0     1     1  312.       24.0       1.000     
   9    25   1     1     2     3  313.       25.0       1.000     
   9    26   1     1     2     3  314.       26.0       1.000     
   9    27   1     1     1     2  315.       27.0       1.000     
   9    28   1     0     1     1  316.       28.0       1.000     
   9    29   1     1     1     2  317.       29.0       1.000     
   9    30   1     1     1     2  318.       30.0       1.000     
   9    31   1     3     2     5  319.       31.0       1.000     
   9    32   1     1     1     2  320.       32.0       1.000     
   9    33   1     0     1     1  321.       33.0       1.000     
   9    34   1     2     1     3  322.       34.0       1.000     
   9    35   1     1     1     2  323.       35.0       1.000     
   9    36   1     1     1     2  324.       36.0       1.000     
   9    37   1     0     1     1  325.       37.0       1.000     
   9    38   1     0     1     1  326.       38.0       1.000     
   9    39   1     1     1     2  327.       39.0       1.000     
   9    40   1     0     1     1  328.       40.0       1.000     
   9    41   1     5     1     6  329.       41.0       1.000     
  10     1   1     1     2     3  330.       1.00       1.000     
  10     2   1     1     2     3  331.       2.00       1.000     
  10     3   1     0     1     1  332.       3.00       1.000     
  10     4   1     0     1     1  333.       4.00       1.000     
  10     5   1     1     2     3  334.       5.00       1.000     
  10     6   1     1     1     2  335.       6.00       1.000     
  10     7   1     1     1     2  336.       7.00       1.000     
  10     8   1     0     1     1  337.       8.00       1.000     
  10     9   1     1     1     2  338.       9.00       1.000     
  10    10   1     1     1     2  339.       10.0       1.000     
  10    11   1     6     1     7  340.       11.0       1.000     
  10    12   1     1     1     2  341.       12.0       1.000     
  10    13   1     2     1     3  342.       13.0       1.000     
  10    14   1     1     1     2  343.       14.0       1.000     
  10    15   1     0     1     1  344.       15.0       1.000     
  10    16   1     1     1     2  345.       16.0       1.000     
  10    17   1     1     2     3  346.       17.0       1.000     
  10    18   1     0     1     1  347.       18.0       1.000     
  10    19   1     1     1     2  348.       19.0       1.000     
  10    20   1     1     1     2  349.       20.0       1.000     
  10    21   1     1     1     2  350.       21.0       1.000     
  10    22   1     1     1     2  351.       22.0       1.000     
  10    23   1     0     1     1  352.       23.0       1.000     
  10    24   1     1     1     2  353.       24.0       1.000     
  10    25   1     1     1     2  354.       25.0       1.000     
  10    26   1     1     1     2  355.       26.0       1.000     
  10    27   1     1     1     2  356.       27.0       1.000     
  10    28   1     1     1     2  357.       28.0       1.000     
  10    29   1     1     1     2  358.       29.0       1.000     
  10    30   1     1     1     2  359.       30.0       1.000     
  10    31   1     5     1     6  360.       31.0       1.000     
  10    32   1     1     1     2  361.       32.0       1.000     
  10    33   1     0     1     1  362.       33.0       1.000     
  10    34   1     2     1     3  363.       34.0       1.000     
  10    35   1     1     1     2  364.       35.0       1.000     
  10    36   1     1     1     2  365.       36.0       1.000     
  10    37   1     1     1     2  366.       37.0       1.000     
  10    38   1     1     1     2  367.       38.0       1.000     
  10    39   1     0     1     1  368.       39.0       1.000     
  10    40   1     1     1     2  369.       40.0       1.000     
  10    41   1     6     0     6  370.       41.0       1.000     
  11     1   1     2     1     3  371.       1.00       1.000     
  11     2   1     0     1     1  372.       2.00       1.000     
  11     3   1     1     1     2  373.       3.00       1.000     
  11     4   1     1     2     3  374.       4.00       1.000     
  11     5   1     1     1     2  375.       5.00       1.000     
  11     6   1     1     1     2  376.       6.00       1.000     
  11     7   1     1     1     2  377.       7.00       1.000     
  11     8   1     1     2     3  378.       8.00       1.000     
  11     9   1     1     1     2  379.       9.00       1.000     
  11    10   1     1     1     2  380.       10.0       1.000     
  11    11   1     5     1     6  381.       11.0       1.000     
  11    12   1     1     1     2  382.       12.0       1.000     
  11    13   1     0     1     1  383.       13.0       1.000     
  11    14   1     2     1     3  384.       14.0       1.000     
  11    15   1     2     1     3  385.       15.0       1.000     
  11    16   1     1     1     2  386.       16.0       1.000     
  11    17   1     0     1     1  387.       17.0       1.000     
  11    18   1     1     2     3  388.       18.0       1.000     
  11    19   1     0     1     1  389.       19.0       1.000     
  11    20   1     1     1     2  390.       20.0       1.000     
  11    21   1     1     2     3  391.       21.0       1.000     
  11    22   1     0     1     1  392.       22.0       1.000     
  11    23   1     1     1     2  393.       23.0       1.000     
  11    24   1     0     2     2  394.       24.0       1.000     
  11    25   1     1     1     2  395.       25.0       1.000     
  11    26   1     1     1     2  396.       26.0       1.000     
  11    27   1     1     2     3  397.       27.0       1.000     
  11    28   1     1     1     2  398.       28.0       1.000     
  11    29   1     0     1     1  399.       29.0       1.000     
  11    30   1     1     1     2  400.       30.0       1.000     
  11    31   1     3     2     5  401.       31.0       1.000     
  11    32   1     2     1     3  402.       32.0       1.000     
  11    33   1     2     1     3  403.       33.0       1.000     
  11    34   1     2     1     3  404.       34.0       1.000     
  11    35   1     2     1     3  405.       35.0       1.000     
  11    36   1     1     1     2  406.       36.0       1.000     
  11    37   1     1     0     1  407.       37.0       1.000     
  11    38   1     1     2     3  408.       38.0       1.000     
  11    39   1     0     1     1  409.       39.0       1.000     
  11    40   1     1     1     2  410.       40.0       1.000     
  11    41   1     2     2     4  411.       41.0       1.000     
  12     1   1     2     1     3  412.       1.00       1.000     
  12     2   1     0     1     1  413.       2.00       1.000     
  12     3   1     1     1     2  414.       3.00       1.000     
  12     4   1     1     1     2  415.       4.00       1.000     
  12     5   1     1     1     2  416.       5.00       1.000     
  12     6   1     1     1     2  417.       6.00       1.000     
  12     7   1     1     1     2  418.       7.00       1.000     
  12     8   1     0     1     1  419.       8.00       1.000     
  12     9   1     1     1     2  420.       9.00       1.000     
  12    10   1     1     1     2  421.       10.0       1.000     
  12    11   1     3     2     5  422.       11.0       1.000     
  12    12   1     2     1     3  423.       12.0       1.000     
  12    13   1     2     1     3  424.       13.0       1.000     
  12    14   1     2     1     3  425.       14.0       1.000     
  12    15   1     2     1     3  426.       15.0       1.000     
  12    16   1     1     1     2  427.       16.0       1.000     
  12    17   1     1     1     2  428.       17.0       1.000     
  12    18   1     1     1     2  429.       18.0       1.000     
  12    19   1     0     2     2  430.       19.0       1.000     
  12    20   1     1     1     2  431.       20.0       1.000     
  12    21   1     1     1     2  432.       21.0       1.000     
  12    22   1     0     1     1  433.       22.0       1.000     
  12    23   1     1     2     3  434.       23.0       1.000     
  12    24   1     1     1     2  435.       24.0       1.000     
  12    25   1     1     1     2  436.       25.0       1.000     
  12    26   1     1     2     3  437.       26.0       1.000     
  12    27   1     1     1     2  438.       27.0       1.000     
  12    28   1     1     1     2  439.       28.0       1.000     
  12    29   1     0     1     1  440.       29.0       1.000     
  12    30   1     1     2     3  441.       30.0       1.000     
  12    31   1     3     2     5  442.       31.0       1.000     
  12    32   1     2     1     3  443.       32.0       1.000     
  12    33   1     2     1     3  444.       33.0       1.000     
  12    34   1     2     1     3  445.       34.0       1.000     
  12    35   1     2     1     3  446.       35.0       1.000     
  12    36   1     1     2     3  447.       36.0       1.000     
  12    37   1     1     1     2  448.       37.0       1.000     
  12    38   1     0     1     1  449.       38.0       1.000     
  12    39   1     1     2     3  450.       39.0       1.000     
  12    40   1     1     2     3  451.       40.0       1.000     
  12    41   1     2     1     3  452.       41.0       1.000     
  13     1   1     1     2     3  453.       1.00       1.000     
  13     2   1     1     2     3  454.       2.00       1.000     
  13     3   1     0     2     2  455.       3.00       1.000     
  13     4   1     1     1     2  456.       4.00       1.000     
  13     5   1     1     1     2  457.       5.00       1.000     
  13     6   1     1     1     2  458.       6.00       1.000     
  13     7   1     1     1     2  459.       7.00       1.000     
  13     8   1     1     1     2  460.       8.00       1.000     
  13     9   1     0     1     1  461.       9.00       1.000     
  13    10   1     1     2     3  462.       10.0       1.000     
  13    11   1     3     3     6  463.       11.0       1.000     
  13    12   1     2     1     3  464.       12.0       1.000     
  13    13   1     2     1     3  465.       13.0       1.000     
  13    14   1     2     1     3  466.       14.0       1.000     
  13    15   1     2     1     3  467.       15.0       1.000     
  13    16   1     1     1     2  468.       16.0       1.000     
  13    17   1     1     1     2  469.       17.0       1.000     
  13    18   1     0     1     1  470.       18.0       1.000     
  13    19   1     1     1     2  471.       19.0       1.000     
  13    20   1     0     1     1  472.       20.0       1.000     
  13    21   1     0     1     1  473.       21.0       1.000     
  13    22   1     1     2     3  474.       22.0       1.000     
  13    23   1     0     1     1  475.       23.0       1.000     
  13    24   1     1     1     2  476.       24.0       1.000     
  13    25   1     1     2     3  477.       25.0       1.000     
  13    26   1     1     1     2  478.       26.0       1.000     
  13    27   1     1     1     2  479.       27.0       1.000     
  13    28   1     1     1     2  480.       28.0       1.000     
  13    29   1     1     1     2  481.       29.0       1.000     
  13    30   1     0     1     1  482.       30.0       1.000     
  13    31   1     4     2     6  483.       31.0       1.000     
  13    32   1     2     1     3  484.       32.0       1.000     
  13    33   1     2     1     3  485.       33.0       1.000     
  13    34   1     2     1     3  486.       34.0       1.000     
  13    35   1     2     1     3  487.       35.0       1.000     
  13    36   1     1     1     2  488.       36.0       1.000     
  13    37   1     1     2     3  489.       37.0       1.000     
  13    38   1     0     1     1  490.       38.0       1.000     
  13    39   1     1     1     2  491.       39.0       1.000     
  13    40   1     1     2     3  492.       40.0       1.000     
  13    41   1     2     1     3  493.       41.0       1.000     
  14     1   1     2     1     3  494.       1.00       1.000     
  14     2   1     1     1     2  495.       2.00       1.000     
  14     3   1     0     1     1  496.       3.00       1.000     
  14     4   1     1     1     2  497.       4.00       1.000     
  14     5   1     1     1     2  498.       5.00       1.000     
  14     6   1     1     1     2  499.       6.00       1.000     
  14     7   1     1     1     2  500.       7.00       1.000     
  14     8   1     1     1     2  501.       8.00       1.000     
  14     9   1     1     1     2  502.       9.00       1.000     
  14    10   1     1     1     2  503.       10.0       1.000     
  14    11   1     4     2     6  504.       11.0       1.000     
  14    12   1     2     1     3  505.       12.0       1.000     
  14    13   1     2     1     3  506.       13.0       1.000     
  14    14   1     2     1     3  507.       14.0       1.000     
  14    15   1     2     1     3  508.       15.0       1.000     
  14    16   1     1     1     2  509.       16.0       1.000     
  14    17   1     1     1     2  510.       17.0       1.000     
  14    18   1     0     1     1  511.       18.0       1.000     
  14    19   1     1     1     2  512.       19.0       1.000     
  14    20   1     1     1     2  513.       20.0       1.000     
  14    21   1     1     1     2  514.       21.0       1.000     
  14    22   1     1     1     2  515.       22.0       1.000     
  14    23   1     0     1     1  516.       23.0       1.000     
  14    24   1     1     2     3  517.       24.0       1.000     
  14    25   1     1     1     2  518.       25.0       1.000     
  14    26   1     1     1     2  519.       26.0       1.000     
  14    27   1     1     1     2  520.       27.0       1.000     
  14    28   1     1     1     2  521.       28.0       1.000     
  14    29   1     1     1     2  522.       29.0       1.000     
  14    30   1     1     1     2  523.       30.0       1.000     
  14    31   1     3     2     5  524.       31.0       1.000     
  14    32   1     2     1     3  525.       32.0       1.000     
  14    33   1     2     1     3  526.       33.0       1.000     
  14    34   1     2     1     3  527.       34.0       1.000     
  14    35   1     1     1     2  528.       35.0       1.000     
  14    36   1     1     1     2  529.       36.0       1.000     
  14    37   1     1     1     2  530.       37.0       1.000     
  14    38   1     2     1     3  531.       38.0       1.000     
  14    39   1     1     1     2  532.       39.0       1.000     
  14    40   1     1     1     2  533.       40.0       1.000     
  14    41   1     4     1     5  534.       41.0       1.000     
  15     1   1     1     2     3  535.       1.00       1.000     
  15     2   1     1     1     2  536.       2.00       1.000     
  15     3   1     0     1     1  537.       3.00       1.000     
  15     4   1     1     2     3  538.       4.00       1.000     
  15     5   1     1     1     2  539.       5.00       1.000     
  15     6   1     1     1     2  540.       6.00       1.000     
  15     7   1     1     1     2  541.       7.00       1.000     
  15     8   1     1     1     2  542.       8.00       1.000     
  15     9   1     1     1     2  543.       9.00       1.000     
  15    10   1     1     1     2  544.       10.0       1.000     
  15    11   1     3     2     5  545.       11.0       1.000     
  15    12   1     2     1     3  546.       12.0       1.000     
  15    13   1     2     1     3  547.       13.0       1.000     
  15    14   1     2     1     3  548.       14.0       1.000     
  15    15   1     2     1     3  549.       15.0       1.000     
  15    16   1     1     1     2  550.       16.0       1.000     
  15    17   1     1     1     2  551.       17.0       1.000     
  15    18   1     1     2     3  552.       18.0       1.000     
  15    19   1     0     1     1  553.       19.0       1.000     
  15    20   1     1     0     1  554.       20.0       1.000     
  15    21   1     1     2     3  555.       21.0       1.000     
  15    22   1     0     1     1  556.       22.0       1.000     
  15    23   1     1     1     2  557.       23.0       1.000     
  15    24   1     1     1     2  558.       24.0       1.000     
  15    25   1     1     1     2  559.       25.0       1.000     
  15    26   1     1     1     2  560.       26.0       1.000     
  15    27   1     1     2     3  561.       27.0       1.000     
  15    28   1     1     1     2  562.       28.0       1.000     
  15    29   1     1     1     2  563.       29.0       1.000     
  15    30   1     1     1     2  564.       30.0       1.000     
  15    31   1     3     2     5  565.       31.0       1.000     
  15    32   1     1     1     2  566.       32.0       1.000     
  15    33   1     2     1     3  567.       33.0       1.000     
  15    34   1     2     1     3  568.       34.0       1.000     
  15    35   1     2     1     3  569.       35.0       1.000     
  15    36   1     1     1     2  570.       36.0       1.000     
  15    37   1     1     1     2  571.       37.0       1.000     
  15    38   1     1     2     3  572.       38.0       1.000     
  15    39   1     0     1     1  573.       39.0       1.000     
  15    40   1     1     1     2  574.       40.0       1.000     
  15    41   1     2     2     4  575.       41.0       1.000     
  16     1   1     2     1     3  576.       1.00       1.000     
  16     2   1     0     1     1  577.       2.00       1.000     
  16     3   1     1     2     3  578.       3.00       1.000     
  16     4   1     1     1     2  579.       4.00       1.000     
  16     5   1     1     1     2  580.       5.00       1.000     
  16     6   1     1     1     2  581.       6.00       1.000     
  16     7   1     1     1     2  582.       7.00       1.000     
  16     8   1     1     1     2  583.       8.00       1.000     
  16     9   1     1     1     2  584.       9.00       1.000     
  16    10   1     1     1     2  585.       10.0       1.000     
  16    11   1     3     2     5  586.       11.0       1.000     
  16    12   1     1     1     2  587.       12.0       1.000     
  16    13   1     2     1     3  588.       13.0       1.000     
  16    14   1     2     1     3  589.       14.0       1.000     
  16    15   1     2     1     3  590.       15.0       1.000     
  16    16   1     2     1     3  591.       16.0       1.000     
  16    17   1     1     1     2  592.       17.0       1.000     
  16    18   1     1     1     2  593.       18.0       1.000     
  16    19   1     0     1     1  594.       19.0       1.000     
  16    20   1     1     1     2  595.       20.0       1.000     
  16    21   1     1     1     2  596.       21.0       1.000     
  16    22   1     0     1     1  597.       22.0       1.000     
  16    23   1     1     2     3  598.       23.0       1.000     
  16    24   1     1     1     2  599.       24.0       1.000     
  16    25   1     1     1     2  600.       25.0       1.000     
  16    26   1     1     2     3  601.       26.0       1.000     
  16    27   1     1     1     2  602.       27.0       1.000     
  16    28   1     1     1     2  603.       28.0       1.000     
  16    29   1     1     1     2  604.       29.0       1.000     
  16    30   1     1     1     2  605.       30.0       1.000     
  16    31   1     3     2     5  606.       31.0       1.000     
  16    32   1     1     1     2  607.       32.0       1.000     
  16    33   1     1     1     2  608.       33.0       1.000     
  16    34   1     2     1     3  609.       34.0       1.000     
  16    35   1     2     1     3  610.       35.0       1.000     
  16    36   1     1     2     3  611.       36.0       1.000     
  16    37   1     1     1     2  612.       37.0       1.000     
  16    38   1     1     1     2  613.       38.0       1.000     
  16    39   1     1     2     3  614.       39.0       1.000     
  16    40   1     1     1     2  615.       40.0       1.000     
  16    41   1     3     2     5  616.       41.0       1.000     
  17     1   1     2     1     3  617.       1.00       1.000     
  17     2   1     0     1     1  618.       2.00       1.000     
  17     3   1     1     2     3  619.       3.00       1.000     
  17     4   1     1     1     2  620.       4.00       1.000     
  17     5   1     1     1     2  621.       5.00       1.000     
  17     6   1     1     1     2  622.       6.00       1.000     
  17     7   1     1     1     2  623.       7.00       1.000     
  17     8   1     1     1     2  624.       8.00       1.000     
  17     9   1     1     1     2  625.       9.00       1.000     
  17    10   1     1     1     2  626.       10.0       1.000     
  17    11   1     3     2     5  627.       11.0       1.000     
  17    12   1     2     1     3  628.       12.0       1.000     
  17    13   1     2     1     3  629.       13.0       1.000     
  17    14   1     2     1     3  630.       14.0       1.000     
  17    15   1     2     1     3  631.       15.0       1.000     
  17    16   1     2     1     3  632.       16.0       1.000     
  17    17   1     2     1     3  633.       17.0       1.000     
  17    18   1     1     1     2  634.       18.0       1.000     
  17    19   1     1     2     3  635.       19.0       1.000     
  17    20   1     1     1     2  636.       20.0       1.000     
  17    21   1     1     1     2  637.       21.0       1.000     
  17    22   1     1     1     2  638.       22.0       1.000     
  17    23   1     1     1     2  639.       23.0       1.000     
  17    24   1     1     1     2  640.       24.0       1.000     
  17    25   1     1     1     2  641.       25.0       1.000     
  17    26   1     1     1     2  642.       26.0       1.000     
  17    27   1     1     1     2  643.       27.0       1.000     
  17    28   1     1     1     2  644.       28.0       1.000     
  17    29   1     1     1     2  645.       29.0       1.000     
  17    30   1     1     1     2  646.       30.0       1.000     
  17    31   1     5     1     6  647.       31.0       1.000     
  17    32   1     1     1     2  648.       32.0       1.000     
  17    33   1     1     2     3  649.       33.0       1.000     
  17    34   1     2     1     3  650.       34.0       1.000     
  17    35   1     2     1     3  651.       35.0       1.000     
  17    36   1     1     1     2  652.       36.0       1.000     
  17    37   1     2     1     3  653.       37.0       1.000     
  17    38   1     1     1     2  654.       38.0       1.000     
  17    39   1     1     1     2  655.       39.0       1.000     
  17    40   1     1     1     2  656.       40.0       1.000     
  17    41   1     2     2     4  657.       41.0       1.000     
  18     1   1     2     1     3  658.       1.00       1.000     
  18     2   1     1     1     2  659.       2.00       1.000     
  18     3   1     1     1     2  660.       3.00       1.000     
  18     4   1     1     1     2  661.       4.00       1.000     
  18     5   1     1     1     2  662.       5.00       1.000     
  18     6   1     1     1     2  663.       6.00       1.000     
  18     7   1     1     1     2  664.       7.00       1.000     
  18     8   1     1     1     2  665.       8.00       1.000     
  18     9   1     1     1     2  666.       9.00       1.000     
  18    10   1     1     1     2  667.       10.0       1.000     
  18    11   1     5     1     6  668.       11.0       1.000     
  18    12   1     1     1     2  669.       12.0       1.000     
  18    13   1     2     1     3  670.       13.0       1.000     
  18    14   1     2     1     3  671.       14.0       1.000     
  18    15   1     2     1     3  672.       15.0       1.000     
  18    16   1     2     1     3  673.       16.0       1.000     
  18    17   1     2     1     3  674.       17.0       1.000     
  18    18   1     1     1     2  675.       18.0       1.000     
  18    19   1     1     0     1  676.       19.0       1.000     
  18    20   1     1     2     3  677.       20.0       1.000     
  18    21   1     0     1     1  678.       21.0       1.000     
  18    22   1     1     2     3  679.       22.0       1.000     
  18    23   1     1     1     2  680.       23.0       1.000     
  18    24   1     1     1     2  681.       24.0       1.000     
  18    25   1     1     1     2  682.       25.0       1.000     
  18    26   1     1     1     2  683.       26.0       1.000     
  18    27   1     1     1     2  684.       27.0       1.000     
  18    28   1     1     2     3  685.       28.0       1.000     
  18    29   1     1     1     2  686.       29.0       1.000     
  18    30   1     1     1     2  687.       30.0       1.000     
  18    31   1     5     1     6  688.       31.0       1.000     
  18    32   1     1     1     2  689.       32.0       1.000     
  18    33   1     1     1     2  690.       33.0       1.000     
  18    34   1     2     1     3  691.       34.0       1.000     
  18    35   1     2     1     3  692.       35.0       1.000     
  18    36   1     1     1     2  693.       36.0       1.000     
  18    37   1     1     1     2  694.       37.0       1.000     
  18    38   1     1     1     2  695.       38.0       1.000     
  18    39   1     1     1     2  696.       39.0       1.000     
  18    40   1     1     1     2  697.       40.0       1.000     
  18    41   1     2     1     3  698.       41.0       1.000     
  19     1   1     2     1     3  699.       1.00       1.000     
  19     2   1     1     2     3  700.       2.00       1.000     
  19     3   1     1     1     2  701.       3.00       1.000     
  19     4   1     1     1     2  702.       4.00       1.000     
  19     5   1     1     1     2  703.       5.00       1.000     
  19     6   1     1     1     2  704.       6.00       1.000     
  19     7   1     1     1     2  705.       7.00       1.000     
  19     8   1     1     1     2  706.       8.00       1.000     
  19     9   1     1     1     2  707.       9.00       1.000     
  19    10   1     1     1     2  708.       10.0       1.000     
  19    11   1     4     1     5  709.       11.0       1.000     
  19    12   1     1     1     2  710.       12.0       1.000     
  19    13   1     1     1     2  711.       13.0       1.000     
  19    14   1     2     1     3  712.       14.0       1.000     
  19    15   1     2     1     3  713.       15.0       1.000     
  19    16   1     2     1     3  714.       16.0       1.000     
  19    17   1     2     1     3  715.       17.0       1.000     
  19    18   1     1     2     3  716.       18.0       1.000     
  19    19   1     1     1     2  717.       19.0       1.000     
  19    20   1     1     1     2  718.       20.0       1.000     
  19    21   1     1     1     2  719.       21.0       1.000     
  19    22   1     1     1     2  720.       22.0       1.000     
  19    23   1     1     1     2  721.       23.0       1.000     
  19    24   1     1     2     3  722.       24.0       1.000     
  19    25   1     1     1     2  723.       25.0       1.000     
  19    26   1     1     1     2  724.       26.0       1.000     
  19    27   1     1     2     3  725.       27.0       1.000     
  19    28   1     1     1     2  726.       28.0       1.000     
  19    29   1     1     1     2  727.       29.0       1.000     
  19    30   1     1     1     2  728.       30.0       1.000     
  19    31   1     3     2     5  729.       31.0       1.000     
  19    32   1     1     1     2  730.       32.0       1.000     
  19    33   1     1     1     2  731.       33.0       1.000     
  19    34   1     1     1     2  732.       34.0       1.000     
  19    35   1     2     1     3  733.       35.0       1.000     
  19    36   1     2     1     3  734.       36.0       1.000     
  19    37   1     1     1     2  735.       37.0       1.000     
  19    38   1     2     1     3  736.       38.0       1.000     
  19    39   1     1     1     2  737.       39.0       1.000     
  19    40   1     1     1     2  738.       40.0       1.000     
  19    41   1     5     1     6  739.       41.0       1.000     
  20     1   1     2     1     3  740.       1.00       1.000     
  20     2   1     1     1     2  741.       2.00       1.000     
  20     3   1     1     1     2  742.       3.00       1.000     
  20     4   1     1     1     2  743.       4.00       1.000     
  20     5   1     1     1     2  744.       5.00       1.000     
  20     6   1     1     1     2  745.       6.00       1.000     
  20     7   1     1     2     3  746.       7.00       1.000     
  20     8   1     1     1     2  747.       8.00       1.000     
  20     9   1     1     1     2  748.       9.00       1.000     
  20    10   1     1     1     2  749.       10.0       1.000     
  20    11   1     4     1     5  750.       11.0       1.000     
  20    12   1     1     1     2  751.       12.0       1.000     
  20    13   1     1     1     2  752.       13.0       1.000     
  20    14   1     2     1     3  753.       14.0       1.000     
  20    15   1     2     1     3  754.       15.0       1.000     
  20    16   1     2     1     3  755.       16.0       1.000     
  20    17   1     2     1     3  756.       17.0       1.000     
  20    18   1     2     1     3  757.       18.0       1.000     
  20    19   1     1     1     2  758.       19.0       1.000     
  20    20   1     0     1     1  759.       20.0       1.000     
  20    21   1     1     2     3  760.       21.0       1.000     
  20    22   1     1     1     2  761.       22.0       1.000     
  20    23   1     1     1     2  762.       23.0       1.000     
  20    24   1     1     1     2  763.       24.0       1.000     
  20    25   1     1     1     2  764.       25.0       1.000     
  20    26   1     1     1     2  765.       26.0       1.000     
  20    27   1     1     1     2  766.       27.0       1.000     
  20    28   1     1     1     2  767.       28.0       1.000     
  20    29   1     1     1     2  768.       29.0       1.000     
  20    30   1     1     1     2  769.       30.0       1.000     
  20    31   1     4     1     5  770.       31.0       1.000     
  20    32   1     1     1     2  771.       32.0       1.000     
  20    33   1     1     1     2  772.       33.0       1.000     
  20    34   1     1     1     2  773.       34.0       1.000     
  20    35   1     2     1     3  774.       35.0       1.000     
  20    36   1     2     1     3  775.       36.0       1.000     
  20    37   1     1     1     2  776.       37.0       1.000     
  20    38   1     2     1     3  777.       38.0       1.000     
  20    39   1     1     1     2  778.       39.0       1.000     
  20    40   1     1     1     2  779.       40.0       1.000     
  20    41   1     3     2     5  780.       41.0       1.000     
  21     1   1     2     1     3  781.       1.00       1.000     
  21     2   1     1     1     2  782.       2.00       1.000     
  21     3   1     1     2     3  783.       3.00       1.000     
  21     4   1     1     1     2  784.       4.00       1.000     
  21     5   1     1     1     2  785.       5.00       1.000     
  21     6   1     1     1     2  786.       6.00       1.000     
  21     7   1     1     1     2  787.       7.00       1.000     
  21     8   1     1     1     2  788.       8.00       1.000     
  21     9   1     1     1     2  789.       9.00       1.000     
  21    10   1     1     1     2  790.       10.0       1.000     
  21    11   1     4     1     5  791.       11.0       1.000     
  21    12   1     1     1     2  792.       12.0       1.000     
  21    13   1     1     1     2  793.       13.0       1.000     
  21    14   1     1     1     2  794.       14.0       1.000     
  21    15   1     2     1     3  795.       15.0       1.000     
  21    16   1     2     1     3  796.       16.0       1.000     
  21    17   1     2     1     3  797.       17.0       1.000     
  21    18   1     2     1     3  798.       18.0       1.000     
  21    19   1     1     1     2  799.       19.0       1.000     
  21    20   1     1     1     2  800.       20.0       1.000     
  21    21   1     1     2     3  801.       21.0       1.000     
  21    22   1     1     1     2  802.       22.0       1.000     
  21    23   1     1     2     3  803.       23.0       1.000     
  21    24   1     1     1     2  804.       24.0       1.000     
  21    25   1     1     1     2  805.       25.0       1.000     
  21    26   1     1     2     3  806.       26.0       1.000     
  21    27   1     1     1     2  807.       27.0       1.000     
  21    28   1     1     1     2  808.       28.0       1.000     
  21    29   1     1     1     2  809.       29.0       1.000     
  21    30   1     1     1     2  810.       30.0       1.000     
  21    31   1     3     2     5  811.       31.0       1.000     
  21    32   1     1     1     2  812.       32.0       1.000     
  21    33   1     1     1     2  813.       33.0       1.000     
  21    34   1     1     1     2  814.       34.0       1.000     
  21    35   1     2     1     3  815.       35.0       1.000     
  21    36   1     2     1     3  816.       36.0       1.000     
  21    37   1     2     1     3  817.       37.0       1.000     
  21    38   1     2     1     3  818.       38.0       1.000     
  21    39   1     1     1     2  819.       39.0       1.000     
  21    40   1     1     1     2  820.       40.0       1.000     
  21    41   1     3     2     5  821.       41.0       1.000     
  22     1   1     2     1     3  822.       1.00       1.000     
  22     2   1     1     1     2  823.       2.00       1.000     
  22     3   1     1     2     3  824.       3.00       1.000     
  22     4   1     1     1     2  825.       4.00       1.000     
  22     5   1     1     1     2  826.       5.00       1.000     
  22     6   1     1     1     2  827.       6.00       1.000     
  22     7   1     1     1     2  828.       7.00       1.000     
  22     8   1     1     1     2  829.       8.00       1.000     
  22     9   1     1     1     2  830.       9.00       1.000     
  22    10   1     1     2     3  831.       10.0       1.000     
  22    11   1     3     2     5  832.       11.0       1.000     
  22    12   1     1     1     2  833.       12.0       1.000     
  22    13   1     1     1     2  834.       13.0       1.000     
  22    14   1     1     1     2  835.       14.0       1.000     
  22    15   1     2     1     3  836.       15.0       1.000     
  22    16   1     2     1     3  837.       16.0       1.000     
  22    17   1     2     1     3  838.       17.0       1.000     
  22    18   1     2     1     3  839.       18.0       1.000     
  22    19   1     1     2     3  840.       19.0       1.000     
  22    20   1     1     1     2  841.       20.0       1.000     
  22    21   1     1     1     2  842.       21.0       1.000     
  22    22   1     1     1     2  843.       22.0       1.000     
  22    23   1     1     1     2  844.       23.0       1.000     
  22    24   1     1     1     2  845.       24.0       1.000     
  22    25   1     1     1     2  846.       25.0       1.000     
  22    26   1     1     1     2  847.       26.0       1.000     
  22    27   1     1     1     2  848.       27.0       1.000     
  22    28   1     1     1     2  849.       28.0       1.000     
  22    29   1     1     1     2  850.       29.0       1.000     
  22    30   1     1     2     3  851.       30.0       1.000     
  22    31   1     4     2     6  852.       31.0       1.000     
  22    32   1     1     1     2  853.       32.0       1.000     
  22    33   1     1     2     3  854.       33.0       1.000     
  22    34   1     1     1     2  855.       34.0       1.000     
  22    35   1     2     1     3  856.       35.0       1.000     
  22    36   1     2     1     3  857.       36.0       1.000     
  22    37   1     2     1     3  858.       37.0       1.000     
  22    38   1     2     1     3  859.       38.0       1.000     
  22    39   1     1     2     3  860.       39.0       1.000     
  22    40   1     1     1     2  861.       40.0       1.000     
  22    41   1     3     2     5  862.       41.0       1.000     
  23     1   1     2     1     3  863.       1.00       1.000     
  23     2   1     1     1     2  864.       2.00       1.000     
  23     3   1     1     1     2  865.       3.00       1.000     
  23     4   1     1     1     2  866.       4.00       1.000     
  23     5   1     1     2     3  867.       5.00       1.000     
  23     6   1     1     1     2  868.       6.00       1.000     
  23     7   1     1     1     2  869.       7.00       1.000     
  23     8   1     1     1     2  870.       8.00       1.000     
  23     9   1     1     1     2  871.       9.00       1.000     
  23    10   1     2     1     3  872.       10.0       1.000     
  23    11   1     4     2     6  873.       11.0       1.000     
  23    12   1     2     0     2  874.       12.0       1.000     
  23    13   1     2     1     3  875.       13.0       1.000     
  23    14   1     1     1     2  876.       14.0       1.000     
  23    15   1     2     1     3  877.       15.0       1.000     
  23    16   1     2     1     3  878.       16.0       1.000     
  23    17   1     2     1     3  879.       17.0       1.000     
  23    18   1     2     1     3  880.       18.0       1.000     
  23    19   1     1     1     2  881.       19.0       1.000     
  23    20   1     1     1     2  882.       20.0       1.000     
  23    21   1     1     1     2  883.       21.0       1.000     
  23    22   1     1     2     3  884.       22.0       1.000     
  23    23   1     1     1     2  885.       23.0       1.000     
  23    24   1     1     1     2  886.       24.0       1.000     
  23    25   1     1     1     2  887.       25.0       1.000     
  23    26   1     1     1     2  888.       26.0       1.000     
  23    27   1     1     1     2  889.       27.0       1.000     
  23    28   1     1     2     3  890.       28.0       1.000     
  23    29   1     2     1     3  891.       29.0       1.000     
  23    30   1     1     1     2  892.       30.0       1.000     
  23    31   1     3     2     5  893.       31.0       1.000     
  23    32   1     2     1     3  894.       32.0       1.000     
  23    33   1     1     1     2  895.       33.0       1.000     
  23    34   1     1     2     3  896.       34.0       1.000     
  23    35   1     1     1     2  897.       35.0       1.000     
  23    36   1     2     1     3  898.       36.0       1.000     
  23    37   1     2     1     3  899.       37.0       1.000     
  23    38   1     2     1     3  900.       38.0       1.000     
  23    39   1     2     1     3  901.       39.0       1.000     
  23    40   1     1     2     3  902.       40.0       1.000     
  23    41   1     3     2     5  903.       41.0       1.000     
  24     1   1     3     1     4  904.       1.00       1.000     
  24     2   1     1     2     3  905.       2.00       1.000     
  24     3   1     1     1     2  906.       3.00       1.000     
  24     4   1     1     1     2  907.       4.00       1.000     
  24     5   1     1     1     2  908.       5.00       1.000     
  24     6   1     1     1     2  909.       6.00       1.000     
  24     7   1     1     1     2  910.       7.00       1.000     
  24     8   1     1     1     2  911.       8.00       1.000     
  24     9   1     2     1     3  912.       9.00       1.000     
  24    10   1     1     1     2  913.       10.0       1.000     
  24    11   1     3     2     5  914.       11.0       1.000     
  24    12   1     2     1     3  915.       12.0       1.000     
  24    13   1     1     1     2  916.       13.0       1.000     
  24    14   1     1     2     3  917.       14.0       1.000     
  24    15   1     2     1     3  918.       15.0       1.000     
  24    16   1     2     1     3  919.       16.0       1.000     
  24    17   1     2     1     3  920.       17.0       1.000     
  24    18   1     2     1     3  921.       18.0       1.000     
  24    19   1     2     1     3  922.       19.0       1.000     
  24    20   1     1     1     2  923.       20.0       1.000     
  24    21   1     1     1     2  924.       21.0       1.000     
  24    22   1     1     1     2  925.       22.0       1.000     
  24    23   1     1     1     2  926.       23.0       1.000     
  24    24   1     1     1     2  927.       24.0       1.000     
  24    25   1     1     1     2  928.       25.0       1.000     
  24    26   1     1     1     2  929.       26.0       1.000     
  24    27   1     1     2     3  930.       27.0       1.000     
  24    28   1     1     1     2  931.       28.0       1.000     
  24    29   1     2     1     3  932.       29.0       1.000     
  24    30   1     1     1     2  933.       30.0       1.000     
  24    31   1     3     2     5  934.       31.0       1.000     
  24    32   1     2     1     3  935.       32.0       1.000     
  24    33   1     1     1     2  936.       33.0       1.000     
  24    34   1     1     1     2  937.       34.0       1.000     
  24    35   1     1     1     2  938.       35.0       1.000     
  24    36   1     2     1     3  939.       36.0       1.000     
  24    37   1     2     1     3  940.       37.0       1.000     
  24    38   1     2     1     3  941.       38.0       1.000     
  24    39   1     2     1     3  942.       39.0       1.000     
  24    40   1     1     1     2  943.       40.0       1.000     
  24    41   1     2     1     3  944.       41.0       1.000     
  25     1   1     2     1     3  945.       1.00       1.000     
  25     2   1     1     1     2  946.       2.00       1.000     
  25     3   1     1     1     2  947.       3.00       1.000     
  25     4   1     1     2     3  948.       4.00       1.000     
  25     5   1     1     1     2  949.       5.00       1.000     
  25     6   1     1     1     2  950.       6.00       1.000     
  25     7   1     1     2     3  951.       7.00       1.000     
  25     8   1     1     1     2  952.       8.00       1.000     
  25     9   1     2     1     3  953.       9.00       1.000     
  25    10   1     1     1     2  954.       10.0       1.000     
  25    11   1     2     2     4  955.       11.0       1.000     
  25    12   1     2     1     3  956.       12.0       1.000     
  25    13   1     1     1     2  957.       13.0       1.000     
  25    14   1     1     1     2  958.       14.0       1.000     
  25    15   1     2     1     3  959.       15.0       1.000     
  25    16   1     2     1     3  960.       16.0       1.000     
  25    17   1     2     1     3  961.       17.0       1.000     
  25    18   1     2     1     3  962.       18.0       1.000     
  25    19   1     2     1     3  963.       19.0       1.000     
  25    20   1     1     1     2  964.       20.0       1.000     
  25    21   1     1     1     2  965.       21.0       1.000     
  25    22   1     1     1     2  966.       22.0       1.000     
  25    23   1     1     1     2  967.       23.0       1.000     
  25    24   1     1     2     3  968.       24.0       1.000     
  25    25   1     1     1     2  969.       25.0       1.000     
  25    26   1     1     1     2  970.       26.0       1.000     
  25    27   1     1     2     3  971.       27.0       1.000     
  25    28   1     2     1     3  972.       28.0       1.000     
  25    29   1     1     1     2  973.       29.0       1.000     
  25    30   1     1     1     2  974.       30.0       1.000     
  25    31   1     2     2     4  975.       31.0       1.000     
  25    32   1     2     1     3  976.       32.0       1.000     
  25    33   1     1     1     2  977.       33.0       1.000     
  25    34   1     1     1     2  978.       34.0       1.000     
  25    35   1     1     2     3  979.       35.0       1.000     
  25    36   1     2     1     3  980.       36.0       1.000     
  25    37   1     2     1     3  981.       37.0       1.000     
  25    38   1     2     1     3  982.       38.0       1.000     
  25    39   1     2     1     3  983.       39.0       1.000     
  25    40   1     2     1     3  984.       40.0       1.000     
  25    41   1     6     1     7  985.       41.0       1.000     
  26     1   1     2     1     3  986.       1.00       1.000     
  26     2   1     1     1     2  987.       2.00       1.000     
  26     3   1     1     1     2  988.       3.00       1.000     
  26     4   1     1     1     2  989.       4.00       1.000     
  26     5   1     1     1     2  990.       5.00       1.000     
  26     6   1     1     1     2  991.       6.00       1.000     
  26     7   1     1     1     2  992.       7.00       1.000     
  26     8   1     2     1     3  993.       8.00       1.000     
  26     9   1     1     1     2  994.       9.00       1.000     
  26    10   1     1     1     2  995.       10.0       1.000     
  26    11   1     2     2     4  996.       11.0       1.000     
  26    12   1     2     1     3  997.       12.0       1.000     
  26    13   1     1     1     2  998.       13.0       1.000     
  26    14   1     1     1     2  999.       14.0       1.000     
  26    15   1     2     1     3  1.00e+03   15.0       1.000     
  26    16   1     2     1     3  1.00e+03   16.0       1.000     
  26    17   1     2     1     3  1.00e+03   17.0       1.000     
  26    18   1     2     1     3  1.00e+03   18.0       1.000     
  26    19   1     2     1     3  1.00e+03   19.0       1.000     
  26    20   1     2     1     3  1.01e+03   20.0       1.000     
  26    21   1     1     1     2  1.01e+03   21.0       1.000     
  26    22   1     1     1     2  1.01e+03   22.0       1.000     
  26    23   1     1     1     2  1.01e+03   23.0       1.000     
  26    24   1     1     1     2  1.01e+03   24.0       1.000     
  26    25   1     1     1     2  1.01e+03   25.0       1.000     
  26    26   1     1     2     3  1.01e+03   26.0       1.000     
  26    27   1     1     1     2  1.01e+03   27.0       1.000     
  26    28   1     2     1     3  1.01e+03   28.0       1.000     
  26    29   1     1     1     2  1.01e+03   29.0       1.000     
  26    30   1     1     1     2  1.02e+03   30.0       1.000     
  26    31   1     2     2     4  1.02e+03   31.0       1.000     
  26    32   1     2     1     3  1.02e+03   32.0       1.000     
  26    33   1     2     1     3  1.02e+03   33.0       1.000     
  26    34   1     2     1     3  1.02e+03   34.0       1.000     
  26    35   1     1     1     2  1.02e+03   35.0       1.000     
  26    36   1     2     1     3  1.02e+03   36.0       1.000     
  26    37   1     2     1     3  1.02e+03   37.0       1.000     
  26    38   1     2     1     3  1.02e+03   38.0       1.000     
  26    39   1     2     0     2  1.02e+03   39.0       1.000     
  26    40   1     2     1     3  1.03e+03   40.0       1.000     
  26    41   1     6     1     7  1.03e+03   41.0       1.000     
  27     1   1     2     1     3  1.03e+03   1.00       1.000     
  27     2   1     1     1     2  1.03e+03   2.00       1.000     
  27     3   1     1     1     2  1.03e+03   3.00       1.000     
  27     4   1     1     1     2  1.03e+03   4.00       1.000     
  27     5   1     1     1     2  1.03e+03   5.00       1.000     
  27     6   1     1     2     3  1.03e+03   6.00       1.000     
  27     7   1     1     1     2  1.03e+03   7.00       1.000     
  27     8   1     2     1     3  1.03e+03   8.00       1.000     
  27     9   1     1     1     2  1.04e+03   9.00       1.000     
  27    10   1     1     1     2  1.04e+03   10.0       1.000     
  27    11   1     2     2     4  1.04e+03   11.0       1.000     
  27    12   1     2     1     3  1.04e+03   12.0       1.000     
  27    13   1     1     1     2  1.04e+03   13.0       1.000     
  27    14   1     1     0     1  1.04e+03   14.0       1.000     
  27    15   1     2     1     3  1.04e+03   15.0       1.000     
  27    16   1     2     1     3  1.04e+03   16.0       1.000     
  27    17   1     1     1     2  1.04e+03   17.0       1.000     
  27    18   1     1     1     2  1.04e+03   18.0       1.000     
  27    19   1     1     1     2  1.05e+03   19.0       1.000     
  27    20   1     1     1     2  1.05e+03   20.0       1.000     
  27    21   1     1     1     2  1.05e+03   21.0       1.000     
  27    22   1     1     1     2  1.05e+03   22.0       1.000     
  27    23   1     1     1     2  1.05e+03   23.0       1.000     
  27    24   1     1     1     2  1.05e+03   24.0       1.000     
  27    25   1     1     1     2  1.05e+03   25.0       1.000     
  27    26   1     1     1     2  1.05e+03   26.0       1.000     
  27    27   1     1     1     2  1.05e+03   27.0       1.000     
  27    28   1     2     1     3  1.05e+03   28.0       1.000     
  27    29   1     1     1     2  1.06e+03   29.0       1.000     
  27    30   1     1     1     2  1.06e+03   30.0       1.000     
  27    31   1     4     1     5  1.06e+03   31.0       1.000     
  27    32   1     2     1     3  1.06e+03   32.0       1.000     
  27    33   1     2     1     3  1.06e+03   33.0       1.000     
  27    34   1     2     1     3  1.06e+03   34.0       1.000     
  27    35   1     1     1     2  1.06e+03   35.0       1.000     
  27    36   1     2     1     3  1.06e+03   36.0       1.000     
  27    37   1     2     1     3  1.06e+03   37.0       1.000     
  27    38   1     2     1     3  1.06e+03   38.0       1.000     
  27    39   1     1     1     2  1.07e+03   39.0       1.000     
  27    40   1     1     1     2  1.07e+03   40.0       1.000     
  27    41   1     1     1     2  1.07e+03   41.0       1.000     
  28     1   1     2     1     3  1.07e+03   1.00       1.000     
  28     2   1     1     1     2  1.07e+03   2.00       1.000     
  28     3   1     1     1     2  1.07e+03   3.00       1.000     
  28     4   1     1     1     2  1.07e+03   4.00       1.000     
  28     5   1     1     1     2  1.07e+03   5.00       1.000     
  28     6   1     1     1     2  1.07e+03   6.00       1.000     
  28     7   1     1     1     2  1.07e+03   7.00       1.000     
  28     8   1     2     1     3  1.08e+03   8.00       1.000     
  28     9   1     1     1     2  1.08e+03   9.00       1.000     
  28    10   1     1     1     2  1.08e+03   10.0       1.000     
  28    11   1     4     2     6  1.08e+03   11.0       1.000     
  28    12   1     2     1     3  1.08e+03   12.0       1.000     
  28    13   1     1     1     2  1.08e+03   13.0       1.000     
  28    14   1     1     0     1  1.08e+03   14.0       1.000     
  28    15   1     1     1     2  1.08e+03   15.0       1.000     
  28    16   1     2     1     3  1.08e+03   16.0       1.000     
  28    17   1     1     1     2  1.08e+03   17.0       1.000     
  28    18   1     0     1     1  1.09e+03   18.0       1.000     
  28    19   1     1     2     3  1.09e+03   19.0       1.000     
  28    20   1     1     1     2  1.09e+03   20.0       1.000     
  28    21   1     1     1     2  1.09e+03   21.0       1.000     
  28    22   1     1     1     2  1.09e+03   22.0       1.000     
  28    23   1     1     2     3  1.09e+03   23.0       1.000     
  28    24   1     1     1     2  1.09e+03   24.0       1.000     
  28    25   1     1     1     2  1.09e+03   25.0       1.000     
  28    26   1     1     1     2  1.09e+03   26.0       1.000     
  28    27   1     1     1     2  1.09e+03   27.0       1.000     
  28    28   1     2     1     3  1.10e+03   28.0       1.000     
  28    29   1     1     2     3  1.10e+03   29.0       1.000     
  28    30   1     1     1     2  1.10e+03   30.0       1.000     
  28    31   1     5     1     6  1.10e+03   31.0       1.000     
  28    32   1     2     1     3  1.10e+03   32.0       1.000     
  28    33   1     2     1     3  1.10e+03   33.0       1.000     
  28    34   1     1     1     2  1.10e+03   34.0       1.000     
  28    35   1     1     1     2  1.10e+03   35.0       1.000     
  28    36   1     2     1     3  1.10e+03   36.0       1.000     
  28    37   1     2     1     3  1.10e+03   37.0       1.000     
  28    38   1     2     1     3  1.11e+03   38.0       1.000     
  28    39   1     1     2     3  1.11e+03   39.0       1.000     
  28    40   1     1     1     2  1.11e+03   40.0       1.000     
  28    41   1     2     1     3  1.11e+03   41.0       1.000     
  29     1   1     2     1     3  1.11e+03   1.00       1.000     
  29     2   1     1     1     2  1.11e+03   2.00       1.000     
  29     3   1     1     1     2  1.11e+03   3.00       1.000     
  29     4   1     1     1     2  1.11e+03   4.00       1.000     
  29     5   1     1     2     3  1.11e+03   5.00       1.000     
  29     6   1     1     1     2  1.11e+03   6.00       1.000     
  29     7   1     1     1     2  1.12e+03   7.00       1.000     
  29     8   1     2     1     3  1.12e+03   8.00       1.000     
  29     9   1     1     1     2  1.12e+03   9.00       1.000     
  29    10   1     1     1     2  1.12e+03   10.0       1.000     
  29    11   1     5     1     6  1.12e+03   11.0       1.000     
  29    12   1     2     1     3  1.12e+03   12.0       1.000     
  29    13   1     2     1     3  1.12e+03   13.0       1.000     
  29    14   1     2     1     3  1.12e+03   14.0       1.000     
  29    15   1     1     1     2  1.12e+03   15.0       1.000     
  29    16   1     2     1     3  1.12e+03   16.0       1.000     
  29    17   1     1     2     3  1.13e+03   17.0       1.000     
  29    18   1     0     1     1  1.13e+03   18.0       1.000     
  29    19   1     1     2     3  1.13e+03   19.0       1.000     
  29    20   1     1     1     2  1.13e+03   20.0       1.000     
  29    21   1     1     1     2  1.13e+03   21.0       1.000     
  29    22   1     1     1     2  1.13e+03   22.0       1.000     
  29    23   1     1     1     2  1.13e+03   23.0       1.000     
  29    24   1     1     1     2  1.13e+03   24.0       1.000     
  29    25   1     1     1     2  1.13e+03   25.0       1.000     
  29    26   1     1     1     2  1.13e+03   26.0       1.000     
  29    27   1     1     1     2  1.14e+03   27.0       1.000     
  29    28   1     2     1     3  1.14e+03   28.0       1.000     
  29    29   1     1     1     2  1.14e+03   29.0       1.000     
  29    30   1     1     1     2  1.14e+03   30.0       1.000     
  29    31   1     5     1     6  1.14e+03   31.0       1.000     
  29    32   1     1     1     2  1.14e+03   32.0       1.000     
  29    33   1     2     1     3  1.14e+03   33.0       1.000     
  29    34   1     2     1     3  1.14e+03   34.0       1.000     
  29    35   1     1     1     2  1.14e+03   35.0       1.000     
  29    36   1     2     1     3  1.14e+03   36.0       1.000     
  29    37   1     2     1     3  1.15e+03   37.0       1.000     
  29    38   1     2     1     3  1.15e+03   38.0       1.000     
  29    39   1     1     1     2  1.15e+03   39.0       1.000     
  29    40   1     1     1     2  1.15e+03   40.0       1.000     
  29    41   1     2     1     3  1.15e+03   41.0       1.000     
  30     1   1     2     1     3  1.15e+03   1.00       1.000     
  30     2   1     1     1     2  1.15e+03   2.00       1.000     
  30     3   1     1     1     2  1.15e+03   3.00       1.000     
  30     4   1     1     1     2  1.15e+03   4.00       1.000     
  30     5   1     1     1     2  1.15e+03   5.00       1.000     
  30     6   1     1     1     2  1.16e+03   6.00       1.000     
  30     7   1     1     1     2  1.16e+03   7.00       1.000     
  30     8   1     2     1     3  1.16e+03   8.00       1.000     
  30     9   1     1     1     2  1.16e+03   9.00       1.000     
  30    10   1     1     1     2  1.16e+03   10.0       1.000     
  30    11   1     3     2     5  1.16e+03   11.0       1.000     
  30    12   1     1     1     2  1.16e+03   12.0       1.000     
  30    13   1     2     1     3  1.16e+03   13.0       1.000     
  30    14   1     2     1     3  1.16e+03   14.0       1.000     
  30    15   1     1     1     2  1.16e+03   15.0       1.000     
  30    16   1     2     1     3  1.17e+03   16.0       1.000     
  30    17   1     1     2     3  1.17e+03   17.0       1.000     
  30    18   1     1     0     1  1.17e+03   18.0       1.000     
  30    19   1     1     0     1  1.17e+03   19.0       1.000     
  30    20   1     2     1     3  1.17e+03   20.0       1.000     
  30    21   1     0     1     1  1.17e+03   21.0       1.000     
  30    22   1     2     1     3  1.17e+03   22.0       1.000     
  30    23   1     1     1     2  1.17e+03   23.0       1.000     
  30    24   1     1     1     2  1.17e+03   24.0       1.000     
  30    25   1     1     1     2  1.17e+03   25.0       1.000     
  30    26   1     1     1     2  1.18e+03   26.0       1.000     
  30    27   1     2     1     3  1.18e+03   27.0       1.000     
  30    28   1     1     1     2  1.18e+03   28.0       1.000     
  30    29   1     1     1     2  1.18e+03   29.0       1.000     
  30    30   1     1     1     2  1.18e+03   30.0       1.000     
  30    31   1     3     2     5  1.18e+03   31.0       1.000     
  30    32   1     1     1     2  1.18e+03   32.0       1.000     
  30    33   1     2     1     3  1.18e+03   33.0       1.000     
  30    34   1     1     1     2  1.18e+03   34.0       1.000     
  30    35   1     1     1     2  1.18e+03   35.0       1.000     
  30    36   1     2     1     3  1.19e+03   36.0       1.000     
  30    37   1     2     1     3  1.19e+03   37.0       1.000     
  30    38   1     1     1     2  1.19e+03   38.0       1.000     
  30    39   1     1     0     1  1.19e+03   39.0       1.000     
  30    40   1     1     2     3  1.19e+03   40.0       1.000     
  30    41   1     2     2     4  1.19e+03   41.0       1.000     
  31     1   1     3     0     3  1.19e+03   1.00       1.000     
  31     2   1     1     2     3  1.19e+03   2.00       1.000     
  31     3   1     2     1     3  1.19e+03   3.00       1.000     
  31     4   1     1     1     2  1.19e+03   4.00       1.000     
  31     5   1     1     1     2  1.20e+03   5.00       1.000     
  31     6   1     1     1     2  1.20e+03   6.00       1.000     
  31     7   1     2     1     3  1.20e+03   7.00       1.000     
  31     8   1     1     1     2  1.20e+03   8.00       1.000     
  31     9   1     1     1     2  1.20e+03   9.00       1.000     
  31    10   1     1     1     2  1.20e+03   10.0       1.000     
  31    11   1     3     1     4  1.20e+03   11.0       1.000     
  31    12   1     1     1     2  1.20e+03   12.0       1.000     
  31    13   1     2     1     3  1.20e+03   13.0       1.000     
  31    14   1     2     1     3  1.20e+03   14.0       1.000     
  31    15   1     1     1     2  1.21e+03   15.0       1.000     
  31    16   1     2     1     3  1.21e+03   16.0       1.000     
  31    17   1     1     1     2  1.21e+03   17.0       1.000     
  31    18   1     1     0     1  1.21e+03   18.0       1.000     
  31    19   1     1     0     1  1.21e+03   19.0       1.000     
  31    20   1     1     2     3  1.21e+03   20.0       1.000     
  31    21   1     1     1     2  1.21e+03   21.0       1.000     
  31    22   1     1     2     3  1.21e+03   22.0       1.000     
  31    23   1     2     1     3  1.21e+03   23.0       1.000     
  31    24   1     1     2     3  1.21e+03   24.0       1.000     
  31    25   1     1     1     2  1.22e+03   25.0       1.000     
  31    26   1     1     1     2  1.22e+03   26.0       1.000     
  31    27   1     2     1     3  1.22e+03   27.0       1.000     
  31    28   1     1     1     2  1.22e+03   28.0       1.000     
  31    29   1     1     1     2  1.22e+03   29.0       1.000     
  31    30   1     1     1     2  1.22e+03   30.0       1.000     
  31    31   1     3     1     4  1.22e+03   31.0       1.000     
  31    32   1     1     1     2  1.22e+03   32.0       1.000     
  31    33   1     2     1     3  1.22e+03   33.0       1.000     
  31    34   1     1     1     2  1.22e+03   34.0       1.000     
  31    35   1     1     2     3  1.23e+03   35.0       1.000     
  31    36   1     2     1     3  1.23e+03   36.0       1.000     
  31    37   1     2     1     3  1.23e+03   37.0       1.000     
  31    38   1     1     2     3  1.23e+03   38.0       1.000     
  31    39   1     1     0     1  1.23e+03   39.0       1.000     
  31    40   1     1     1     2  1.23e+03   40.0       1.000     
  31    41   1     2     2     4  1.23e+03   41.0       1.000     
  32     1   1     2     1     3  1.23e+03   1.00       1.000     
  32     2   1     1     2     3  1.23e+03   2.00       1.000     
  32     3   1     2     1     3  1.23e+03   3.00       1.000     
  32     4   1     1     2     3  1.24e+03   4.00       1.000     
  32     5   1     1     1     2  1.24e+03   5.00       1.000     
  32     6   1     1     1     2  1.24e+03   6.00       1.000     
  32     7   1     2     1     3  1.24e+03   7.00       1.000     
  32     8   1     1     1     2  1.24e+03   8.00       1.000     
  32     9   1     1     1     2  1.24e+03   9.00       1.000     
  32    10   1     1     1     2  1.24e+03   10.0       1.000     
  32    11   1     3     1     4  1.24e+03   11.0       1.000     
  32    12   1     1     1     2  1.24e+03   12.0       1.000     
  32    13   1     2     1     3  1.24e+03   13.0       1.000     
  32    14   1     1     1     2  1.25e+03   14.0       1.000     
  32    15   1     1     2     3  1.25e+03   15.0       1.000     
  32    16   1     2     1     3  1.25e+03   16.0       1.000     
  32    17   1     1     1     2  1.25e+03   17.0       1.000     
  32    18   1     1     2     3  1.25e+03   18.0       1.000     
  32    19   1     1     1     2  1.25e+03   19.0       1.000     
  32    20   1     1     1     2  1.25e+03   20.0       1.000     
  32    21   1     1     1     2  1.25e+03   21.0       1.000     
  32    22   1     1     2     3  1.25e+03   22.0       1.000     
  32    23   1     2     1     3  1.25e+03   23.0       1.000     
  32    24   1     1     2     3  1.26e+03   24.0       1.000     
  32    25   1     1     1     2  1.26e+03   25.0       1.000     
  32    26   1     1     1     2  1.26e+03   26.0       1.000     
  32    27   1     2     1     3  1.26e+03   27.0       1.000     
  32    28   1     1     1     2  1.26e+03   28.0       1.000     
  32    29   1     1     1     2  1.26e+03   29.0       1.000     
  32    30   1     1     1     2  1.26e+03   30.0       1.000     
  32    31   1     3     1     4  1.26e+03   31.0       1.000     
  32    32   1     1     1     2  1.26e+03   32.0       1.000     
  32    33   1     2     1     3  1.26e+03   33.0       1.000     
  32    34   1     1     1     2  1.27e+03   34.0       1.000     
  32    35   1     1     2     3  1.27e+03   35.0       1.000     
  32    36   1     2     1     3  1.27e+03   36.0       1.000     
  32    37   1     2     1     3  1.27e+03   37.0       1.000     
  32    38   1     1     2     3  1.27e+03   38.0       1.000     
  32    39   1     1     1     2  1.27e+03   39.0       1.000     
  32    40   1     1     1     2  1.27e+03   40.0       1.000     
  32    41   1     2     2     4  1.27e+03   41.0       1.000     
  33     1   1     2     1     3  1.27e+03   1.00       1.000     
  33     2   1     1     2     3  1.27e+03   2.00       1.000     
  33     3   1     2     1     3  1.28e+03   3.00       1.000     
  33     4   1     1     1     2  1.28e+03   4.00       1.000     
  33     5   1     1     1     2  1.28e+03   5.00       1.000     
  33     6   1     1     2     3  1.28e+03   6.00       1.000     
  33     7   1     2     1     3  1.28e+03   7.00       1.000     
  33     8   1     1     1     2  1.28e+03   8.00       1.000     
  33     9   1     1     1     2  1.28e+03   9.00       1.000     
  33    10   1     1     1     2  1.28e+03   10.0       1.000     
  33    11   1     4     1     5  1.28e+03   11.0       1.000     
  33    12   1     2     1     3  1.28e+03   12.0       1.000     
  33    13   1     2     1     3  1.29e+03   13.0       1.000     
  33    14   1     1     1     2  1.29e+03   14.0       1.000     
  33    15   1     1     2     3  1.29e+03   15.0       1.000     
  33    16   1     2     1     3  1.29e+03   16.0       1.000     
  33    17   1     1     1     2  1.29e+03   17.0       1.000     
  33    18   1     1     2     3  1.29e+03   18.0       1.000     
  33    19   1     1     1     2  1.29e+03   19.0       1.000     
  33    20   1     1     1     2  1.29e+03   20.0       1.000     
  33    21   1     1     1     2  1.29e+03   21.0       1.000     
  33    22   1     1     2     3  1.29e+03   22.0       1.000     
  33    23   1     2     1     3  1.30e+03   23.0       1.000     
  33    24   1     1     1     2  1.30e+03   24.0       1.000     
  33    25   1     1     1     2  1.30e+03   25.0       1.000     
  33    26   1     1     2     3  1.30e+03   26.0       1.000     
  33    27   1     2     1     3  1.30e+03   27.0       1.000     
  33    28   1     1     1     2  1.30e+03   28.0       1.000     
  33    29   1     1     1     2  1.30e+03   29.0       1.000     
  33    30   1     1     1     2  1.30e+03   30.0       1.000     
  33    31   1     3     1     4  1.30e+03   31.0       1.000     
  33    32   1     1     1     2  1.30e+03   32.0       1.000     
  33    33   1     2     1     3  1.31e+03   33.0       1.000     
  33    34   1     1     1     2  1.31e+03   34.0       1.000     
  33    35   1     1     1     2  1.31e+03   35.0       1.000     
  33    36   1     2     1     3  1.31e+03   36.0       1.000     
  33    37   1     2     1     3  1.31e+03   37.0       1.000     
  33    38   1     1     2     3  1.31e+03   38.0       1.000     
  33    39   1     1     1     2  1.31e+03   39.0       1.000     
  33    40   1     1     1     2  1.31e+03   40.0       1.000     
  33    41   1     3     2     5  1.31e+03   41.0       1.000     
  34     1   1     2     1     3  1.31e+03   1.00       1.000     
  34     2   1     1     2     3  1.32e+03   2.00       1.000     
  34     3   1     2     1     3  1.32e+03   3.00       1.000     
  34     4   1     1     1     2  1.32e+03   4.00       1.000     
  34     5   1     1     1     2  1.32e+03   5.00       1.000     
  34     6   1     1     2     3  1.32e+03   6.00       1.000     
  34     7   1     2     1     3  1.32e+03   7.00       1.000     
  34     8   1     1     1     2  1.32e+03   8.00       1.000     
  34     9   1     1     1     2  1.32e+03   9.00       1.000     
  34    10   1     1     1     2  1.32e+03   10.0       1.000     
  34    11   1     4     1     5  1.32e+03   11.0       1.000     
  34    12   1     2     1     3  1.33e+03   12.0       1.000     
  34    13   1     2     1     3  1.33e+03   13.0       1.000     
  34    14   1     1     1     2  1.33e+03   14.0       1.000     
  34    15   1     1     1     2  1.33e+03   15.0       1.000     
  34    16   1     2     1     3  1.33e+03   16.0       1.000     
  34    17   1     1     1     2  1.33e+03   17.0       1.000     
  34    18   1     1     2     3  1.33e+03   18.0       1.000     
  34    19   1     1     1     2  1.33e+03   19.0       1.000     
  34    20   1     1     1     2  1.33e+03   20.0       1.000     
  34    21   1     1     1     2  1.33e+03   21.0       1.000     
  34    22   1     1     2     3  1.34e+03   22.0       1.000     
  34    23   1     2     1     3  1.34e+03   23.0       1.000     
  34    24   1     1     1     2  1.34e+03   24.0       1.000     
  34    25   1     1     1     2  1.34e+03   25.0       1.000     
  34    26   1     1     2     3  1.34e+03   26.0       1.000     
  34    27   1     2     1     3  1.34e+03   27.0       1.000     
  34    28   1     1     1     2  1.34e+03   28.0       1.000     
  34    29   1     1     1     2  1.34e+03   29.0       1.000     
  34    30   1     1     2     3  1.34e+03   30.0       1.000     
  34    31   1     3     2     5  1.34e+03   31.0       1.000     
  34    32   1     2     1     3  1.35e+03   32.0       1.000     
  34    33   1     2     1     3  1.35e+03   33.0       1.000     
  34    34   1     2     1     3  1.35e+03   34.0       1.000     
  34    35   1     2     1     3  1.35e+03   35.0       1.000     
  34    36   1     2     1     3  1.35e+03   36.0       1.000     
  34    37   1     2     1     3  1.35e+03   37.0       1.000     
  34    38   1     1     1     2  1.35e+03   38.0       1.000     
  34    39   1     1     1     2  1.35e+03   39.0       1.000     
  34    40   1     1     1     2  1.35e+03   40.0       1.000     
  34    41   1     3     2     5  1.35e+03   41.0       1.000     
  35     1   1     2     1     3  1.36e+03   1.00       1.000     
  35     2   1     1     2     3  1.36e+03   2.00       1.000     
  35     3   1     2     1     3  1.36e+03   3.00       1.000     
  35     4   1     1     1     2  1.36e+03   4.00       1.000     
  35     5   1     1     1     2  1.36e+03   5.00       1.000     
  35     6   1     1     1     2  1.36e+03   6.00       1.000     
  35     7   1     2     1     3  1.36e+03   7.00       1.000     
  35     8   1     1     1     2  1.36e+03   8.00       1.000     
  35     9   1     1     1     2  1.36e+03   9.00       1.000     
  35    10   1     1     1     2  1.36e+03   10.0       1.000     
  35    11   1     4     2     6  1.37e+03   11.0       1.000     
  35    12   1     2     1     3  1.37e+03   12.0       1.000     
  35    13   1     2     1     3  1.37e+03   13.0       1.000     
  35    14   1     1     1     2  1.37e+03   14.0       1.000     
  35    15   1     1     1     2  1.37e+03   15.0       1.000     
  35    16   1     2     1     3  1.37e+03   16.0       1.000     
  35    17   1     1     1     2  1.37e+03   17.0       1.000     
  35    18   1     1     1     2  1.37e+03   18.0       1.000     
  35    19   1     1     1     2  1.37e+03   19.0       1.000     
  35    20   1     1     1     2  1.37e+03   20.0       1.000     
  35    21   1     1     1     2  1.38e+03   21.0       1.000     
  35    22   1     1     2     3  1.38e+03   22.0       1.000     
  35    23   1     2     1     3  1.38e+03   23.0       1.000     
  35    24   1     1     1     2  1.38e+03   24.0       1.000     
  35    25   1     1     1     2  1.38e+03   25.0       1.000     
  35    26   1     1     2     3  1.38e+03   26.0       1.000     
  35    27   1     2     1     3  1.38e+03   27.0       1.000     
  35    28   1     1     1     2  1.38e+03   28.0       1.000     
  35    29   1     1     2     3  1.38e+03   29.0       1.000     
  35    30   1     1     1     2  1.38e+03   30.0       1.000     
  35    31   1     4     2     6  1.39e+03   31.0       1.000     
  35    32   1     2     1     3  1.39e+03   32.0       1.000     
  35    33   1     2     1     3  1.39e+03   33.0       1.000     
  35    34   1     2     1     3  1.39e+03   34.0       1.000     
  35    35   1     2     1     3  1.39e+03   35.0       1.000     
  35    36   1     2     1     3  1.39e+03   36.0       1.000     
  35    37   1     2     1     3  1.39e+03   37.0       1.000     
  35    38   1     1     1     2  1.39e+03   38.0       1.000     
  35    39   1     1     2     3  1.39e+03   39.0       1.000     
  35    40   1     1     1     2  1.39e+03   40.0       1.000     
  35    41   1     3     2     5  1.40e+03   41.0       1.000     
  36     1   1     2     1     3  1.40e+03   1.00       1.000     
  36     2   1     1     2     3  1.40e+03   2.00       1.000     
  36     3   1     1     2     3  1.40e+03   3.00       1.000     
  36     4   1     2     1     3  1.40e+03   4.00       1.000     
  36     5   1     1     1     2  1.40e+03   5.00       1.000     
  36     6   1     1     1     2  1.40e+03   6.00       1.000     
  36     7   1     2     1     3  1.40e+03   7.00       1.000     
  36     8   1     1     1     2  1.40e+03   8.00       1.000     
  36     9   1     1     1     2  1.40e+03   9.00       1.000     
  36    10   1     2     1     3  1.41e+03   10.0       1.000     
  36    11   1     4     2     6  1.41e+03   11.0       1.000     
  36    12   1     1     1     2  1.41e+03   12.0       1.000     
  36    13   1     2     1     3  1.41e+03   13.0       1.000     
  36    14   1     2     1     3  1.41e+03   14.0       1.000     
  36    15   1     2     1     3  1.41e+03   15.0       1.000     
  36    16   1     2     1     3  1.41e+03   16.0       1.000     
  36    17   1     1     2     3  1.41e+03   17.0       1.000     
  36    18   1     1     1     2  1.41e+03   18.0       1.000     
  36    19   1     1     2     3  1.41e+03   19.0       1.000     
  36    20   1     1     1     2  1.42e+03   20.0       1.000     
  36    21   1     1     1     2  1.42e+03   21.0       1.000     
  36    22   1     1     2     3  1.42e+03   22.0       1.000     
  36    23   1     2     1     3  1.42e+03   23.0       1.000     
  36    24   1     1     1     2  1.42e+03   24.0       1.000     
  36    25   1     1     2     3  1.42e+03   25.0       1.000     
  36    26   1     1     2     3  1.42e+03   26.0       1.000     
  36    27   1     2     1     3  1.42e+03   27.0       1.000     
  36    28   1     1     2     3  1.42e+03   28.0       1.000     
  36    29   1     1     1     2  1.42e+03   29.0       1.000     
  36    30   1     2     1     3  1.43e+03   30.0       1.000     
  36    31   1     4     2     6  1.43e+03   31.0       1.000     
  36    32   1     1     1     2  1.43e+03   32.0       1.000     
  36    33   1     1     1     2  1.43e+03   33.0       1.000     
  36    34   1     2     1     3  1.43e+03   34.0       1.000     
  36    35   1     2     1     3  1.43e+03   35.0       1.000     
  36    36   1     2     1     3  1.43e+03   36.0       1.000     
  36    37   1     2     1     3  1.43e+03   37.0       1.000     
  36    38   1     2     1     3  1.43e+03   38.0       1.000     
  36    39   1     1     1     2  1.43e+03   39.0       1.000     
  36    40   1     1     1     2  1.44e+03   40.0       1.000     
  36    41   1     2     2     4  1.44e+03   41.0       1.000     
  37     1   1     2     1     3  1.44e+03   1.00       1.000     
  37     2   1     1     2     3  1.44e+03   2.00       1.000     
  37     3   1     1     2     3  1.44e+03   3.00       1.000     
  37     4   1     2     1     3  1.44e+03   4.00       1.000     
  37     5   1     1     1     2  1.44e+03   5.00       1.000     
  37     6   1     1     1     2  1.44e+03   6.00       1.000     
  37     7   1     2     1     3  1.44e+03   7.00       1.000     
  37     8   1     1     1     2  1.44e+03   8.00       1.000     
  37     9   1     1     1     2  1.45e+03   9.00       1.000     
  37    10   1     2     1     3  1.45e+03   10.0       1.000     
  37    11   1     3     2     5  1.45e+03   11.0       1.000     
  37    12   1     1     1     2  1.45e+03   12.0       1.000     
  37    13   1     1     1     2  1.45e+03   13.0       1.000     
  37    14   1     2     1     3  1.45e+03   14.0       1.000     
  37    15   1     2     1     3  1.45e+03   15.0       1.000     
  37    16   1     2     1     3  1.45e+03   16.0       1.000     
  37    17   1     1     2     3  1.45e+03   17.0       1.000     
  37    18   1     1     1     2  1.45e+03   18.0       1.000     
  37    19   1     1     1     2  1.46e+03   19.0       1.000     
  37    20   1     1     1     2  1.46e+03   20.0       1.000     
  37    21   1     1     1     2  1.46e+03   21.0       1.000     
  37    22   1     1     2     3  1.46e+03   22.0       1.000     
  37    23   1     2     1     3  1.46e+03   23.0       1.000     
  37    24   1     1     1     2  1.46e+03   24.0       1.000     
  37    25   1     1     1     2  1.46e+03   25.0       1.000     
  37    26   1     1     2     3  1.46e+03   26.0       1.000     
  37    27   1     2     1     3  1.46e+03   27.0       1.000     
  37    28   1     1     1     2  1.46e+03   28.0       1.000     
  37    29   1     1     1     2  1.47e+03   29.0       1.000     
  37    30   1     2     1     3  1.47e+03   30.0       1.000     
  37    31   1     2     2     4  1.47e+03   31.0       1.000     
  37    32   1     1     1     2  1.47e+03   32.0       1.000     
  37    33   1     1     1     2  1.47e+03   33.0       1.000     
  37    34   1     2     1     3  1.47e+03   34.0       1.000     
  37    35   1     2     1     3  1.47e+03   35.0       1.000     
  37    36   1     2     1     3  1.47e+03   36.0       1.000     
  37    37   1     1     2     3  1.47e+03   37.0       1.000     
  37    38   1     1     1     2  1.47e+03   38.0       1.000     
  37    39   1     1     1     2  1.48e+03   39.0       1.000     
  37    40   1     2     1     3  1.48e+03   40.0       1.000     
  37    41   1     3     2     5  1.48e+03   41.0       1.000     
  38     1   1     3     1     4  1.48e+03   1.00       1.000     
  38     2   1     1     2     3  1.48e+03   2.00       1.000     
  38     3   1     1     2     3  1.48e+03   3.00       1.000     
  38     4   1     2     1     3  1.48e+03   4.00       1.000     
  38     5   1     1     1     2  1.48e+03   5.00       1.000     
  38     6   1     1     2     3  1.48e+03   6.00       1.000     
  38     7   1     2     1     3  1.48e+03   7.00       1.000     
  38     8   1     1     1     2  1.49e+03   8.00       1.000     
  38     9   1     1     1     2  1.49e+03   9.00       1.000     
  38    10   1     2     1     3  1.49e+03   10.0       1.000     
  38    11   1     2     2     4  1.49e+03   11.0       1.000     
  38    12   1     1     1     2  1.49e+03   12.0       1.000     
  38    13   1     1     1     2  1.49e+03   13.0       1.000     
  38    14   1     2     1     3  1.49e+03   14.0       1.000     
  38    15   1     2     1     3  1.49e+03   15.0       1.000     
  38    16   1     2     1     3  1.49e+03   16.0       1.000     
  38    17   1     1     1     2  1.49e+03   17.0       1.000     
  38    18   1     1     1     2  1.50e+03   18.0       1.000     
  38    19   1     1     1     2  1.50e+03   19.0       1.000     
  38    20   1     2     1     3  1.50e+03   20.0       1.000     
  38    21   1     2     1     3  1.50e+03   21.0       1.000     
  38    22   1     1     2     3  1.50e+03   22.0       1.000     
  38    23   1     1     2     3  1.50e+03   23.0       1.000     
  38    24   1     2     1     3  1.50e+03   24.0       1.000     
  38    25   1     1     1     2  1.50e+03   25.0       1.000     
  38    26   1     2     1     3  1.50e+03   26.0       1.000     
  38    27   1     1     2     3  1.50e+03   27.0       1.000     
  38    28   1     1     1     2  1.51e+03   28.0       1.000     
  38    29   1     1     1     2  1.51e+03   29.0       1.000     
  38    30   1     2     1     3  1.51e+03   30.0       1.000     
  38    31   1     2     2     4  1.51e+03   31.0       1.000     
  38    32   1     1     1     2  1.51e+03   32.0       1.000     
  38    33   1     1     1     2  1.51e+03   33.0       1.000     
  38    34   1     2     1     3  1.51e+03   34.0       1.000     
  38    35   1     2     1     3  1.51e+03   35.0       1.000     
  38    36   1     2     1     3  1.51e+03   36.0       1.000     
  38    37   1     1     1     2  1.51e+03   37.0       1.000     
  38    38   1     1     1     2  1.52e+03   38.0       1.000     
  38    39   1     1     1     2  1.52e+03   39.0       1.000     
  38    40   1     2     1     3  1.52e+03   40.0       1.000     
  38    41   1     2     1     3  1.52e+03   41.0       1.000     
  39     1   1     3     1     4  1.52e+03   1.00       1.000     
  39     2   1     1     1     2  1.52e+03   2.00       1.000     
  39     3   1     1     2     3  1.52e+03   3.00       1.000     
  39     4   1     2     1     3  1.52e+03   4.00       1.000     
  39     5   1     1     1     2  1.52e+03   5.00       1.000     
  39     6   1     1     2     3  1.52e+03   6.00       1.000     
  39     7   1     2     1     3  1.53e+03   7.00       1.000     
  39     8   1     1     1     2  1.53e+03   8.00       1.000     
  39     9   1     2     1     3  1.53e+03   9.00       1.000     
  39    10   1     1     1     2  1.53e+03   10.0       1.000     
  39    11   1     2     2     4  1.53e+03   11.0       1.000     
  39    12   1     2     1     3  1.53e+03   12.0       1.000     
  39    13   1     2     1     3  1.53e+03   13.0       1.000     
  39    14   1     2     1     3  1.53e+03   14.0       1.000     
  39    15   1     2     1     3  1.53e+03   15.0       1.000     
  39    16   1     2     1     3  1.53e+03   16.0       1.000     
  39    17   1     1     1     2  1.54e+03   17.0       1.000     
  39    18   1     1     1     2  1.54e+03   18.0       1.000     
  39    19   1     1     1     2  1.54e+03   19.0       1.000     
  39    20   1     2     1     3  1.54e+03   20.0       1.000     
  39    21   1     1     1     2  1.54e+03   21.0       1.000     
  39    22   1     1     1     2  1.54e+03   22.0       1.000     
  39    23   1     1     2     3  1.54e+03   23.0       1.000     
  39    24   1     2     1     3  1.54e+03   24.0       1.000     
  39    25   1     1     1     2  1.54e+03   25.0       1.000     
  39    26   1     2     1     3  1.54e+03   26.0       1.000     
  39    27   1     1     2     3  1.55e+03   27.0       1.000     
  39    28   1     1     1     2  1.55e+03   28.0       1.000     
  39    29   1     2     1     3  1.55e+03   29.0       1.000     
  39    30   1     1     1     2  1.55e+03   30.0       1.000     
  39    31   1     2     2     4  1.55e+03   31.0       1.000     
  39    32   1     2     1     3  1.55e+03   32.0       1.000     
  39    33   1     2     1     3  1.55e+03   33.0       1.000     
  39    34   1     2     1     3  1.55e+03   34.0       1.000     
  39    35   1     2     1     3  1.55e+03   35.0       1.000     
  39    36   1     2     1     3  1.55e+03   36.0       1.000     
  39    37   1     1     1     2  1.56e+03   37.0       1.000     
  39    38   1     1     2     3  1.56e+03   38.0       1.000     
  39    39   1     2     1     3  1.56e+03   39.0       1.000     
  39    40   1     2     1     3  1.56e+03   40.0       1.000     
  39    41   1     2     1     3  1.56e+03   41.0       1.000     
  40     1   1     2     1     3  1.56e+03   1.00       1.000     
  40     2   1     1     1     2  1.56e+03   2.00       1.000     
  40     3   1     1     2     3  1.56e+03   3.00       1.000     
  40     4   1     2     1     3  1.56e+03   4.00       1.000     
  40     5   1     1     1     2  1.56e+03   5.00       1.000     
  40     6   1     1     2     3  1.57e+03   6.00       1.000     
  40     7   1     2     1     3  1.57e+03   7.00       1.000     
  40     8   1     1     1     2  1.57e+03   8.00       1.000     
  40     9   1     2     1     3  1.57e+03   9.00       1.000     
  40    10   1     1     1     2  1.57e+03   10.0       1.000     
  40    11   1     2     2     4  1.57e+03   11.0       1.000     
  40    12   1     2     1     3  1.57e+03   12.0       1.000     
  40    13   1     2     1     3  1.57e+03   13.0       1.000     
  40    14   1     2     1     3  1.57e+03   14.0       1.000     
  40    15   1     2     1     3  1.57e+03   15.0       1.000     
  40    16   1     2     1     3  1.58e+03   16.0       1.000     
  40    17   1     1     1     2  1.58e+03   17.0       1.000     
  40    18   1     1     2     3  1.58e+03   18.0       1.000     
  40    19   1     2     1     3  1.58e+03   19.0       1.000     
  40    20   1     2     1     3  1.58e+03   20.0       1.000     
  40    21   1     1     1     2  1.58e+03   21.0       1.000     
  40    22   1     1     1     2  1.58e+03   22.0       1.000     
  40    23   1     1     2     3  1.58e+03   23.0       1.000     
  40    24   1     2     1     3  1.58e+03   24.0       1.000     
  40    25   1     1     1     2  1.58e+03   25.0       1.000     
  40    26   1     2     1     3  1.59e+03   26.0       1.000     
  40    27   1     1     1     2  1.59e+03   27.0       1.000     
  40    28   1     1     1     2  1.59e+03   28.0       1.000     
  40    29   1     2     1     3  1.59e+03   29.0       1.000     
  40    30   1     1     1     2  1.59e+03   30.0       1.000     
  40    31   1     2     2     4  1.59e+03   31.0       1.000     
  40    32   1     2     1     3  1.59e+03   32.0       1.000     
  40    33   1     2     1     3  1.59e+03   33.0       1.000     
  40    34   1     2     1     3  1.59e+03   34.0       1.000     
  40    35   1     2     1     3  1.59e+03   35.0       1.000     
  40    36   1     2     1     3  1.60e+03   36.0       1.000     
  40    37   1     1     1     2  1.60e+03   37.0       1.000     
  40    38   1     1     2     3  1.60e+03   38.0       1.000     
  40    39   1     2     1     3  1.60e+03   39.0       1.000     
  40    40   1     2     1     3  1.60e+03   40.0       1.000     
  40    41   1     2     1     3  1.60e+03   41.0       1.000     
  41     1   1     2     1     3  1.60e+03   1.00       1.000     
  41     2   1     1     1     2  1.60e+03   2.00       1.000     
  41     3   1     1     1     2  1.60e+03   3.00       1.000     
  41     4   1     2     1     3  1.60e+03   4.00       1.000     
  41     5   1     1     1     2  1.61e+03   5.00       1.000     
  41     6   1     2     1     3  1.61e+03   6.00       1.000     
  41     7   1     1     1     2  1.61e+03   7.00       1.000     
  41     8   1     1     1     2  1.61e+03   8.00       1.000     
  41     9   1     2     1     3  1.61e+03   9.00       1.000     
  41    10   1     1     1     2  1.61e+03   10.0       1.000     
  41    11   1     2     2     4  1.61e+03   11.0       1.000     
  41    12   1     2     1     3  1.61e+03   12.0       1.000     
  41    13   1     2     1     3  1.61e+03   13.0       1.000     
  41    14   1     2     1     3  1.61e+03   14.0       1.000     
  41    15   1     2     1     3  1.62e+03   15.0       1.000     
  41    16   1     2     1     3  1.62e+03   16.0       1.000     
  41    17   1     1     1     2  1.62e+03   17.0       1.000     
  41    18   1     1     2     3  1.62e+03   18.0       1.000     
  41    19   1     2     1     3  1.62e+03   19.0       1.000     
  41    20   1     2     1     3  1.62e+03   20.0       1.000     
  41    21   1     1     1     2  1.62e+03   21.0       1.000     
  41    22   1     1     1     2  1.62e+03   22.0       1.000     
  41    23   1     1     2     3  1.62e+03   23.0       1.000     
  41    24   1     2     1     3  1.62e+03   24.0       1.000     
  41    25   1     1     1     2  1.63e+03   25.0       1.000     
  41    26   1     2     1     3  1.63e+03   26.0       1.000     
  41    27   1     1     1     2  1.63e+03   27.0       1.000     
  41    28   1     1     1     2  1.63e+03   28.0       1.000     
  41    29   1     2     1     3  1.63e+03   29.0       1.000     
  41    30   1     1     1     2  1.63e+03   30.0       1.000     
  41    31   1     2     2     4  1.63e+03   31.0       1.000     
  41    32   1     2     1     3  1.63e+03   32.0       1.000     
  41    33   1     2     1     3  1.63e+03   33.0       1.000     
  41    34   1     2     1     3  1.63e+03   34.0       1.000     
  41    35   1     2     1     3  1.64e+03   35.0       1.000     
  41    36   1     2     1     3  1.64e+03   36.0       1.000     
  41    37   1     1     1     2  1.64e+03   37.0       1.000     
  41    38   1     1     2     3  1.64e+03   38.0       1.000     
  41    39   1     2     1     3  1.64e+03   39.0       1.000     
  41    40   1     2     1     3  1.64e+03   40.0       1.000     
  41    41   1     2     1     3  1.64e+03   41.0       1.000     
  42     1   1     2     1     3  1.64e+03   1.00       1.000     
  42     2   1     1     1     2  1.64e+03   2.00       1.000     
  42     3   1     1     1     2  1.64e+03   3.00       1.000     
  42     4   1     2     1     3  1.65e+03   4.00       1.000     
  42     5   1     1     1     2  1.65e+03   5.00       1.000     
  42     6   1     2     1     3  1.65e+03   6.00       1.000     
  42     7   1     1     1     2  1.65e+03   7.00       1.000     
  42     8   1     1     1     2  1.65e+03   8.00       1.000     
  42     9   1     2     1     3  1.65e+03   9.00       1.000     
  42    10   1     1     1     2  1.65e+03   10.0       1.000     
  42    11   1     3     1     4  1.65e+03   11.0       1.000     
  42    12   1     2     1     3  1.65e+03   12.0       1.000     
  42    13   1     2     1     3  1.65e+03   13.0       1.000     
  42    14   1     2     1     3  1.66e+03   14.0       1.000     
  42    15   1     2     1     3  1.66e+03   15.0       1.000     
  42    16   1     2     1     3  1.66e+03   16.0       1.000     
  42    17   1     1     1     2  1.66e+03   17.0       1.000     
  42    18   1     1     2     3  1.66e+03   18.0       1.000     
  42    19   1     2     1     3  1.66e+03   19.0       1.000     
  42    20   1     2     1     3  1.66e+03   20.0       1.000     
  42    21   1     1     1     2  1.66e+03   21.0       1.000     
  42    22   1     1     1     2  1.66e+03   22.0       1.000     
  42    23   1     1     2     3  1.66e+03   23.0       1.000     
  42    24   1     2     1     3  1.67e+03   24.0       1.000     
  42    25   1     1     1     2  1.67e+03   25.0       1.000     
  42    26   1     2     1     3  1.67e+03   26.0       1.000     
  42    27   1     1     1     2  1.67e+03   27.0       1.000     
  42    28   1     1     1     2  1.67e+03   28.0       1.000     
  42    29   1     2     1     3  1.67e+03   29.0       1.000     
  42    30   1     1     2     3  1.67e+03   30.0       1.000     
  42    31   1     4     2     6  1.67e+03   31.0       1.000     
  42    32   1     2     1     3  1.67e+03   32.0       1.000     
  42    33   1     2     1     3  1.67e+03   33.0       1.000     
  42    34   1     2     1     3  1.68e+03   34.0       1.000     
  42    35   1     2     1     3  1.68e+03   35.0       1.000     
  42    36   1     2     1     3  1.68e+03   36.0       1.000     
  42    37   1     1     1     2  1.68e+03   37.0       1.000     
  42    38   1     1     1     2  1.68e+03   38.0       1.000     
  42    39   1     2     1     3  1.68e+03   39.0       1.000     
  42    40   1     2     1     3  1.68e+03   40.0       1.000     
  42    41   1     2     1     3  1.68e+03   41.0       1.000     
  43     1   1     2     1     3  1.68e+03   1.00       1.000     
  43     2   1     1     1     2  1.68e+03   2.00       1.000     
  43     3   1     1     2     3  1.69e+03   3.00       1.000     
  43     4   1     2     1     3  1.69e+03   4.00       1.000     
  43     5   1     1     1     2  1.69e+03   5.00       1.000     
  43     6   1     2     1     3  1.69e+03   6.00       1.000     
  43     7   1     1     1     2  1.69e+03   7.00       1.000     
  43     8   1     1     1     2  1.69e+03   8.00       1.000     
  43     9   1     2     1     3  1.69e+03   9.00       1.000     
  43    10   1     1     1     2  1.69e+03   10.0       1.000     
  43    11   1     5     1     6  1.69e+03   11.0       1.000     
  43    12   1     2     1     3  1.69e+03   12.0       1.000     
  43    13   1     2     1     3  1.70e+03   13.0       1.000     
  43    14   1     2     1     3  1.70e+03   14.0       1.000     
  43    15   1     2     1     3  1.70e+03   15.0       1.000     
  43    16   1     2     1     3  1.70e+03   16.0       1.000     
  43    17   1     1     1     2  1.70e+03   17.0       1.000     
  43    18   1     1     1     2  1.70e+03   18.0       1.000     
  43    19   1     2     1     3  1.70e+03   19.0       1.000     
  43    20   1     2     1     3  1.70e+03   20.0       1.000     
  43    21   1     1     1     2  1.70e+03   21.0       1.000     
  43    22   1     1     1     2  1.70e+03   22.0       1.000     
  43    23   1     1     2     3  1.71e+03   23.0       1.000     
  43    24   1     2     1     3  1.71e+03   24.0       1.000     
  43    25   1     1     1     2  1.71e+03   25.0       1.000     
  43    26   1     2     1     3  1.71e+03   26.0       1.000     
  43    27   1     1     1     2  1.71e+03   27.0       1.000     
  43    28   1     1     1     2  1.71e+03   28.0       1.000     
  43    29   1     2     1     3  1.71e+03   29.0       1.000     
  43    30   1     1     1     2  1.71e+03   30.0       1.000     
  43    31   1     5     1     6  1.71e+03   31.0       1.000     
  43    32   1     2     1     3  1.71e+03   32.0       1.000     
  43    33   1     2     1     3  1.72e+03   33.0       1.000     
  43    34   1     2     1     3  1.72e+03   34.0       1.000     
  43    35   1     1     1     2  1.72e+03   35.0       1.000     
  43    36   1     2     1     3  1.72e+03   36.0       1.000     
  43    37   1     1     1     2  1.72e+03   37.0       1.000     
  43    38   1     1     1     2  1.72e+03   38.0       1.000     
  43    39   1     2     1     3  1.72e+03   39.0       1.000     
  43    40   1     2     1     3  1.72e+03   40.0       1.000     
  43    41   1     2     1     3  1.72e+03   41.0       1.000     
  44     1   1     2     1     3  1.72e+03   1.00       1.000     
  44     2   1     1     1     2  1.73e+03   2.00       1.000     
  44     3   1     1     2     3  1.73e+03   3.00       1.000     
  44     4   1     2     1     3  1.73e+03   4.00       1.000     
  44     5   1     1     1     2  1.73e+03   5.00       1.000     
  44     6   1     2     1     3  1.73e+03   6.00       1.000     
  44     7   1     1     1     2  1.73e+03   7.00       1.000     
  44     8   1     1     1     2  1.73e+03   8.00       1.000     
  44     9   1     2     1     3  1.73e+03   9.00       1.000     
  44    10   1     1     1     2  1.73e+03   10.0       1.000     
  44    11   1     5     1     6  1.73e+03   11.0       1.000     
  44    12   1     2     1     3  1.74e+03   12.0       1.000     
  44    13   1     2     1     3  1.74e+03   13.0       1.000     
  44    14   1     2     1     3  1.74e+03   14.0       1.000     
  44    15   1     2     1     3  1.74e+03   15.0       1.000     
  44    16   1     2     1     3  1.74e+03   16.0       1.000     
  44    17   1     1     1     2  1.74e+03   17.0       1.000     
  44    18   1     1     1     2  1.74e+03   18.0       1.000     
  44    19   1     2     1     3  1.74e+03   19.0       1.000     
  44    20   1     2     1     3  1.74e+03   20.0       1.000     
  44    21   1     1     1     2  1.74e+03   21.0       1.000     
  44    22   1     1     1     2  1.75e+03   22.0       1.000     
  44    23   1     1     2     3  1.75e+03   23.0       1.000     
  44    24   1     2     1     3  1.75e+03   24.0       1.000     
  44    25   1     1     2     3  1.75e+03   25.0       1.000     
  44    26   1     2     1     3  1.75e+03   26.0       1.000     
  44    27   1     1     1     2  1.75e+03   27.0       1.000     
  44    28   1     1     2     3  1.75e+03   28.0       1.000     
  44    29   1     2     1     3  1.75e+03   29.0       1.000     
  44    30   1     1     1     2  1.75e+03   30.0       1.000     
  44    31   1     5     1     6  1.75e+03   31.0       1.000     
  44    32   1     2     1     3  1.76e+03   32.0       1.000     
  44    33   1     2     1     3  1.76e+03   33.0       1.000     
  44    34   1     2     1     3  1.76e+03   34.0       1.000     
  44    35   1     1     1     2  1.76e+03   35.0       1.000     
  44    36   1     2     1     3  1.76e+03   36.0       1.000     
  44    37   1     1     2     3  1.76e+03   37.0       1.000     
  44    38   1     1     1     2  1.76e+03   38.0       1.000     
  44    39   1     2     1     3  1.76e+03   39.0       1.000     
  44    40   1     1     1     2  1.76e+03   40.0       1.000     
  44    41   1     3     2     5  1.76e+03   41.0       1.000     
  45     1   1     2     1     3  1.77e+03   1.00       1.000     
  45     2   1     1     1     2  1.77e+03   2.00       1.000     
  45     3   1     1     1     2  1.77e+03   3.00       1.000     
  45     4   1     2     1     3  1.77e+03   4.00       1.000     
  45     5   1     1     2     3  1.77e+03   5.00       1.000     
  45     6   1     2     1     3  1.77e+03   6.00       1.000     
  45     7   1     1     1     2  1.77e+03   7.00       1.000     
  45     8   1     1     2     3  1.77e+03   8.00       1.000     
  45     9   1     2     1     3  1.77e+03   9.00       1.000     
  45    10   1     1     1     2  1.77e+03   10.0       1.000     
  45    11   1     3     2     5  1.78e+03   11.0       1.000     
  45    12   1     2     1     3  1.78e+03   12.0       1.000     
  45    13   1     2     1     3  1.78e+03   13.0       1.000     
  45    14   1     2     1     3  1.78e+03   14.0       1.000     
  45    15   1     1     1     2  1.78e+03   15.0       1.000     
  45    16   1     2     1     3  1.78e+03   16.0       1.000     
  45    17   1     1     2     3  1.78e+03   17.0       1.000     
  45    18   1     1     1     2  1.78e+03   18.0       1.000     
  45    19   1     2     1     3  1.78e+03   19.0       1.000     
  45    20   1     1     1     2  1.78e+03   20.0       1.000     
  45    21   1     2     1     3  1.79e+03   21.0       1.000     
  45    22   1     1     1     2  1.79e+03   22.0       1.000     
  45    23   1     1     1     2  1.79e+03   23.0       1.000     
  45    24   1     3     0     3  1.79e+03   24.0       1.000     
  45    25   1     1     2     3  1.79e+03   25.0       1.000     
  45    26   1     2     1     3  1.79e+03   26.0       1.000     
  45    27   1     1     1     2  1.79e+03   27.0       1.000     
  45    28   1     1     1     2  1.79e+03   28.0       1.000     
  45    29   1     2     1     3  1.79e+03   29.0       1.000     
  45    30   1     1     1     2  1.79e+03   30.0       1.000     
  45    31   1     3     1     4  1.80e+03   31.0       1.000     
  45    32   1     2     1     3  1.80e+03   32.0       1.000     
  45    33   1     1     1     2  1.80e+03   33.0       1.000     
  45    34   1     2     1     3  1.80e+03   34.0       1.000     
  45    35   1     1     1     2  1.80e+03   35.0       1.000     
  45    36   1     2     1     3  1.80e+03   36.0       1.000     
  45    37   1     1     2     3  1.80e+03   37.0       1.000     
  45    38   1     1     1     2  1.80e+03   38.0       1.000     
  45    39   1     2     1     3  1.80e+03   39.0       1.000     
  45    40   1     1     1     2  1.80e+03   40.0       1.000     
  45    41   1     3     2     5  1.81e+03   41.0       1.000     
  46     1   1     2     1     3  1.81e+03   1.00       1.000     
  46     2   1     1     1     2  1.81e+03   2.00       1.000     
  46     3   1     1     1     2  1.81e+03   3.00       1.000     
  46     4   1     2     1     3  1.81e+03   4.00       1.000     
  46     5   1     1     1     2  1.81e+03   5.00       1.000     
  46     6   1     2     1     3  1.81e+03   6.00       1.000     
  46     7   1     1     1     2  1.81e+03   7.00       1.000     
  46     8   1     1     1     2  1.81e+03   8.00       1.000     
  46     9   1     2     1     3  1.81e+03   9.00       1.000     
  46    10   1     1     1     2  1.82e+03   10.0       1.000     
  46    11   1     3     1     4  1.82e+03   11.0       1.000     
  46    12   1     2     1     3  1.82e+03   12.0       1.000     
  46    13   1     1     1     2  1.82e+03   13.0       1.000     
  46    14   1     2     1     3  1.82e+03   14.0       1.000     
  46    15   1     1     1     2  1.82e+03   15.0       1.000     
  46    16   1     2     1     3  1.82e+03   16.0       1.000     
  46    17   1     1     2     3  1.82e+03   17.0       1.000     
  46    18   1     1     1     2  1.82e+03   18.0       1.000     
  46    19   1     2     1     3  1.82e+03   19.0       1.000     
  46    20   1     1     1     2  1.83e+03   20.0       1.000     
  46    21   1     2     1     3  1.83e+03   21.0       1.000     
  46    22   1     1     1     2  1.83e+03   22.0       1.000     
  46    23   1     1     1     2  1.83e+03   23.0       1.000     
  46    24   1     2     1     3  1.83e+03   24.0       1.000     
  46    25   1     1     1     2  1.83e+03   25.0       1.000     
  46    26   1     2     1     3  1.83e+03   26.0       1.000     
  46    27   1     1     2     3  1.83e+03   27.0       1.000     
  46    28   1     2     1     3  1.83e+03   28.0       1.000     
  46    29   1     1     1     2  1.83e+03   29.0       1.000     
  46    30   1     1     1     2  1.84e+03   30.0       1.000     
  46    31   1     3     1     4  1.84e+03   31.0       1.000     
  46    32   1     2     1     3  1.84e+03   32.0       1.000     
  46    33   1     1     1     2  1.84e+03   33.0       1.000     
  46    34   1     2     1     3  1.84e+03   34.0       1.000     
  46    35   1     1     1     2  1.84e+03   35.0       1.000     
  46    36   1     2     1     3  1.84e+03   36.0       1.000     
  46    37   1     1     2     3  1.84e+03   37.0       1.000     
  46    38   1     1     1     2  1.84e+03   38.0       1.000     
  46    39   1     2     1     3  1.84e+03   39.0       1.000     
  46    40   1     1     1     2  1.85e+03   40.0       1.000     
  46    41   1     3     2     5  1.85e+03   41.0       1.000     
  47     1   1     3     1     4  1.85e+03   1.00       1.000     
  47     2   1     1     1     2  1.85e+03   2.00       1.000     
  47     3   1     1     1     2  1.85e+03   3.00       1.000     
  47     4   1     2     1     3  1.85e+03   4.00       1.000     
  47     5   1     1     1     2  1.85e+03   5.00       1.000     
  47     6   1     2     1     3  1.85e+03   6.00       1.000     
  47     7   1     1     2     3  1.85e+03   7.00       1.000     
  47     8   1     2     1     3  1.85e+03   8.00       1.000     
  47     9   1     1     1     2  1.86e+03   9.00       1.000     
  47    10   1     1     1     2  1.86e+03   10.0       1.000     
  47    11   1     4     1     5  1.86e+03   11.0       1.000     
  47    12   1     2     1     3  1.86e+03   12.0       1.000     
  47    13   1     1     1     2  1.86e+03   13.0       1.000     
  47    14   1     2     1     3  1.86e+03   14.0       1.000     
  47    15   1     1     1     2  1.86e+03   15.0       1.000     
  47    16   1     2     1     3  1.86e+03   16.0       1.000     
  47    17   1     1     1     2  1.86e+03   17.0       1.000     
  47    18   1     1     1     2  1.86e+03   18.0       1.000     
  47    19   1     2     1     3  1.87e+03   19.0       1.000     
  47    20   1     1     1     2  1.87e+03   20.0       1.000     
  47    21   1     2     1     3  1.87e+03   21.0       1.000     
  47    22   1     1     1     2  1.87e+03   22.0       1.000     
  47    23   1     1     1     2  1.87e+03   23.0       1.000     
  47    24   1     2     1     3  1.87e+03   24.0       1.000     
  47    25   1     1     1     2  1.87e+03   25.0       1.000     
  47    26   1     2     1     3  1.87e+03   26.0       1.000     
  47    27   1     1     2     3  1.87e+03   27.0       1.000     
  47    28   1     2     1     3  1.87e+03   28.0       1.000     
  47    29   1     1     1     2  1.88e+03   29.0       1.000     
  47    30   1     1     1     2  1.88e+03   30.0       1.000     
  47    31   1     4     1     5  1.88e+03   31.0       1.000     
  47    32   1     2     1     3  1.88e+03   32.0       1.000     
  47    33   1     1     1     2  1.88e+03   33.0       1.000     
  47    34   1     2     1     3  1.88e+03   34.0       1.000     
  47    35   1     1     2     3  1.88e+03   35.0       1.000     
  47    36   1     2     1     3  1.88e+03   36.0       1.000     
  47    37   1     1     1     2  1.88e+03   37.0       1.000     
  47    38   1     1     1     2  1.88e+03   38.0       1.000     
  47    39   1     2     1     3  1.89e+03   39.0       1.000     
  47    40   1     1     1     2  1.89e+03   40.0       1.000     
  47    41   1     3     2     5  1.89e+03   41.0       1.000     
  48     1   1     3     1     4  1.89e+03   1.00       1.000     
  48     2   1     2     1     3  1.89e+03   2.00       1.000     
  48     3   1     1     1     2  1.89e+03   3.00       1.000     
  48     4   1     2     1     3  1.89e+03   4.00       1.000     
  48     5   1     1     1     2  1.89e+03   5.00       1.000     
  48     6   1     2     1     3  1.89e+03   6.00       1.000     
  48     7   1     1     2     3  1.89e+03   7.00       1.000     
  48     8   1     2     1     3  1.90e+03   8.00       1.000     
  48     9   1     1     1     2  1.90e+03   9.00       1.000     
  48    10   1     1     1     2  1.90e+03   10.0       1.000     
  48    11   1     4     1     5  1.90e+03   11.0       1.000     
  48    12   1     2     1     3  1.90e+03   12.0       1.000     
  48    13   1     1     1     2  1.90e+03   13.0       1.000     
  48    14   1     2     1     3  1.90e+03   14.0       1.000     
  48    15   1     1     2     3  1.90e+03   15.0       1.000     
  48    16   1     2     1     3  1.90e+03   16.0       1.000     
  48    17   1     1     1     2  1.90e+03   17.0       1.000     
  48    18   1     1     1     2  1.91e+03   18.0       1.000     
  48    19   1     2     1     3  1.91e+03   19.0       1.000     
  48    20   1     2     1     3  1.91e+03   20.0       1.000     
  48    21   1     2     1     3  1.91e+03   21.0       1.000     
  48    22   1     2     1     3  1.91e+03   22.0       1.000     
  48    23   1     1     1     2  1.91e+03   23.0       1.000     
  48    24   1     2     1     3  1.91e+03   24.0       1.000     
  48    25   1     1     1     2  1.91e+03   25.0       1.000     
  48    26   1     2     1     3  1.91e+03   26.0       1.000     
  48    27   1     1     2     3  1.91e+03   27.0       1.000     
  48    28   1     2     1     3  1.92e+03   28.0       1.000     
  48    29   1     1     1     2  1.92e+03   29.0       1.000     
  48    30   1     1     1     2  1.92e+03   30.0       1.000     
  48    31   1     4     1     5  1.92e+03   31.0       1.000     
  48    32   1     2     1     3  1.92e+03   32.0       1.000     
  48    33   1     1     1     2  1.92e+03   33.0       1.000     
  48    34   1     2     1     3  1.92e+03   34.0       1.000     
  48    35   1     1     2     3  1.92e+03   35.0       1.000     
  48    36   1     2     1     3  1.92e+03   36.0       1.000     
  48    37   1     1     1     2  1.92e+03   37.0       1.000     
  48    38   1     1     1     2  1.93e+03   38.0       1.000     
  48    39   1     2     1     3  1.93e+03   39.0       1.000     
  48    40   1     2     1     3  1.93e+03   40.0       1.000     
  48    41   1     3     2     5  1.93e+03   41.0       1.000     
  49     1   1     3     1     4  1.93e+03   1.00       1.000     
  49     2   1     2     1     3  1.93e+03   2.00       1.000     
  49     3   1     1     1     2  1.93e+03   3.00       1.000     
  49     4   1     2     1     3  1.93e+03   4.00       1.000     
  49     5   1     1     1     2  1.93e+03   5.00       1.000     
  49     6   1     2     1     3  1.93e+03   6.00       1.000     
  49     7   1     1     1     2  1.94e+03   7.00       1.000     
  49     8   1     2     1     3  1.94e+03   8.00       1.000     
  49     9   1     1     1     2  1.94e+03   9.00       1.000     
  49    10   1     2     1     3  1.94e+03   10.0       1.000     
  49    11   1     3     1     4  1.94e+03   11.0       1.000     
  49    12   1     2     1     3  1.94e+03   12.0       1.000     
  49    13   1     1     1     2  1.94e+03   13.0       1.000     
  49    14   1     2     1     3  1.94e+03   14.0       1.000     
  49    15   1     1     2     3  1.94e+03   15.0       1.000     
  49    16   1     2     1     3  1.94e+03   16.0       1.000     
  49    17   1     1     1     2  1.95e+03   17.0       1.000     
  49    18   1     2     1     3  1.95e+03   18.0       1.000     
  49    19   1     1     1     2  1.95e+03   19.0       1.000     
  49    20   1     2     1     3  1.95e+03   20.0       1.000     
  49    21   1     2     1     3  1.95e+03   21.0       1.000     
  49    22   1     2     1     3  1.95e+03   22.0       1.000     
  49    23   1     1     1     2  1.95e+03   23.0       1.000     
  49    24   1     2     1     3  1.95e+03   24.0       1.000     
  49    25   1     1     1     2  1.95e+03   25.0       1.000     
  49    26   1     2     1     3  1.95e+03   26.0       1.000     
  49    27   1     1     1     2  1.96e+03   27.0       1.000     
  49    28   1     2     1     3  1.96e+03   28.0       1.000     
  49    29   1     1     1     2  1.96e+03   29.0       1.000     
  49    30   1     1     1     2  1.96e+03   30.0       1.000     
  49    31   1     4     1     5  1.96e+03   31.0       1.000     
  49    32   1     2     1     3  1.96e+03   32.0       1.000     
  49    33   1     1     1     2  1.96e+03   33.0       1.000     
  49    34   1     1     1     2  1.96e+03   34.0       1.000     
  49    35   1     1     2     3  1.96e+03   35.0       1.000     
  49    36   1     2     1     3  1.96e+03   36.0       1.000     
  49    37   1     1     1     2  1.97e+03   37.0       1.000     
  49    38   1     2     1     3  1.97e+03   38.0       1.000     
  49    39   1     1     1     2  1.97e+03   39.0       1.000     
  49    40   1     1     1     2  1.97e+03   40.0       1.000     
  49    41   1     3     2     5  1.97e+03   41.0       1.000     
  50     1   1     3     1     4  1.97e+03   1.00       1.000     
  50     2   1     2     1     3  1.97e+03   2.00       1.000     
  50     3   1     1     1     2  1.97e+03   3.00       1.000     
  50     4   1     2     1     3  1.97e+03   4.00       1.000     
  50     5   1     1     1     2  1.97e+03   5.00       1.000     
  50     6   1     2     1     3  1.98e+03   6.00       1.000     
  50     7   1     1     1     2  1.98e+03   7.00       1.000     
  50     8   1     2     1     3  1.98e+03   8.00       1.000     
  50     9   1     1     1     2  1.98e+03   9.00       1.000     
  50    10   1     2     1     3  1.98e+03   10.0       1.000     
  50    11   1     3     1     4  1.98e+03   11.0       1.000     
  50    12   1     2     1     3  1.98e+03   12.0       1.000     
  50    13   1     1     1     2  1.98e+03   13.0       1.000     
  50    14   1     2     1     3  1.98e+03   14.0       1.000     
  50    15   1     1     2     3  1.98e+03   15.0       1.000     
  50    16   1     2     1     3  1.99e+03   16.0       1.000     
  50    17   1     1     1     2  1.99e+03   17.0       1.000     
  50    18   1     2     1     3  1.99e+03   18.0       1.000     
  50    19   1     1     1     2  1.99e+03   19.0       1.000     
  50    20   1     2     1     3  1.99e+03   20.0       1.000     
  50    21   1     2     1     3  1.99e+03   21.0       1.000     
  50    22   1     2     1     3  1.99e+03   22.0       1.000     
  50    23   1     1     1     2  1.99e+03   23.0       1.000     
  50    24   1     2     1     3  1.99e+03   24.0       1.000     
  50    25   1     1     1     2  1.99e+03   25.0       1.000     
  50    26   1     2     1     3  2.00e+03   26.0       1.000     
  50    27   1     1     1     2  2.00e+03   27.0       1.000     
  50    28   1     2     1     3  2.00e+03   28.0       1.000     
  50    29   1     1     1     2  2.00e+03   29.0       1.000     
  50    30   1     1     1     2  2.00e+03   30.0       1.000     
  50    31   1     4     1     5  2.00e+03   31.0       1.000     
  50    32   1     2     1     3  2.00e+03   32.0       1.000     
  50    33   1     1     1     2  2.00e+03   33.0       1.000     
  50    34   1     1     1     2  2.00e+03   34.0       1.000     
  50    35   1     1     1     2  2.00e+03   35.0       1.000     
  50    36   1     2     1     3  2.01e+03   36.0       1.000     
  50    37   1     1     1     2  2.01e+03   37.0       1.000     
  50    38   1     2     1     3  2.01e+03   38.0       1.000     
  50    39   1     1     1     2  2.01e+03   39.0       1.000     
  50    40   1     1     1     2  2.01e+03   40.0       1.000     
  50    41   1     3     2     5  2.01e+03   41.0       1.000     
  51     1   1     3     1     4  2.01e+03   1.00       1.000     
  51     2   1     2     1     3  2.01e+03   2.00       1.000     
  51     3   1     1     1     2  2.01e+03   3.00       1.000     
  51     4   1     2     1     3  2.01e+03   4.00       1.000     
  51     5   1     1     1     2  2.02e+03   5.00       1.000     
  51     6   1     2     1     3  2.02e+03   6.00       1.000     
  51     7   1     1     1     2  2.02e+03   7.00       1.000     
  51     8   1     2     1     3  2.02e+03   8.00       1.000     
  51     9   1     1     1     2  2.02e+03   9.00       1.000     
  51    10   1     2     1     3  2.02e+03   10.0       1.000     
  51    11   1     4     1     5  2.02e+03   11.0       1.000     
  51    12   1     2     1     3  2.02e+03   12.0       1.000     
  51    13   1     1     1     2  2.02e+03   13.0       1.000     
  51    14   1     2     1     3  2.02e+03   14.0       1.000     
  51    15   1     1     1     2  2.03e+03   15.0       1.000     
  51    16   1     2     1     3  2.03e+03   16.0       1.000     
  51    17   1     1     1     2  2.03e+03   17.0       1.000     
  51    18   1     2     1     3  2.03e+03   18.0       1.000     
  51    19   1     1     1     2  2.03e+03   19.0       1.000     
  51    20   1     1     1     2  2.03e+03   20.0       1.000     
  51    21   1     2     1     3  2.03e+03   21.0       1.000     
  51    22   1     2     1     3  2.03e+03   22.0       1.000     
  51    23   1     1     1     2  2.03e+03   23.0       1.000     
  51    24   1     2     1     3  2.03e+03   24.0       1.000     
  51    25   1     1     1     2  2.04e+03   25.0       1.000     
  51    26   1     2     1     3  2.04e+03   26.0       1.000     
  51    27   1     1     1     2  2.04e+03   27.0       1.000     
  51    28   1     2     1     3  2.04e+03   28.0       1.000     
  51    29   1     1     1     2  2.04e+03   29.0       1.000     
  51    30   1     2     1     3  2.04e+03   30.0       1.000     
  51    31   1     4     2     6  2.04e+03   31.0       1.000     
  51    32   1     2     1     3  2.04e+03   32.0       1.000     
  51    33   1     1     1     2  2.04e+03   33.0       1.000     
  51    34   1     1     1     2  2.04e+03   34.0       1.000     
  51    35   1     1     1     2  2.05e+03   35.0       1.000     
  51    36   1     2     1     3  2.05e+03   36.0       1.000     
  51    37   1     1     1     2  2.05e+03   37.0       1.000     
  51    38   1     2     1     3  2.05e+03   38.0       1.000     
  51    39   1     1     1     2  2.05e+03   39.0       1.000     
  51    40   1     1     1     2  2.05e+03   40.0       1.000     
  51    41   1     3     2     5  2.05e+03   41.0       1.000     
  52     1   1     3     1     4  2.05e+03   1.00       1.000     
  52     2   1     2     1     3  2.05e+03   2.00       1.000     
  52     3   1     1     1     2  2.05e+03   3.00       1.000     
  52     4   1     2     1     3  2.06e+03   4.00       1.000     
  52     5   1     1     1     2  2.06e+03   5.00       1.000     
  52     6   1     2     1     3  2.06e+03   6.00       1.000     
  52     7   1     1     1     2  2.06e+03   7.00       1.000     
  52     8   1     2     1     3  2.06e+03   8.00       1.000     
  52     9   1     1     1     2  2.06e+03   9.00       1.000     
  52    10   1     2     1     3  2.06e+03   10.0       1.000     
  52    11   1     4     2     6  2.06e+03   11.0       1.000     
  52    12   1     2     1     3  2.06e+03   12.0       1.000     
  52    13   1     1     2     3  2.06e+03   13.0       1.000     
  52    14   1     1     1     2  2.07e+03   14.0       1.000     
  52    15   1     1     1     2  2.07e+03   15.0       1.000     
  52    16   1     2     1     3  2.07e+03   16.0       1.000     
  52    17   1     1     1     2  2.07e+03   17.0       1.000     
  52    18   1     2     1     3  2.07e+03   18.0       1.000     
  52    19   1     1     1     2  2.07e+03   19.0       1.000     
  52    20   1     1     1     2  2.07e+03   20.0       1.000     
  52    21   1     2     1     3  2.07e+03   21.0       1.000     
  52    22   1     2     1     3  2.07e+03   22.0       1.000     
  52    23   1     1     1     2  2.07e+03   23.0       1.000     
  52    24   1     2     1     3  2.08e+03   24.0       1.000     
  52    25   1     1     1     2  2.08e+03   25.0       1.000     
  52    26   1     2     1     3  2.08e+03   26.0       1.000     
  52    27   1     1     1     2  2.08e+03   27.0       1.000     
  52    28   1     2     1     3  2.08e+03   28.0       1.000     
  52    29   1     1     2     3  2.08e+03   29.0       1.000     
  52    30   1     2     1     3  2.08e+03   30.0       1.000     
  52    31   1     4     2     6  2.08e+03   31.0       1.000     
  52    32   1     2     1     3  2.08e+03   32.0       1.000     
  52    33   1     1     2     3  2.08e+03   33.0       1.000     
  52    34   1     1     1     2  2.09e+03   34.0       1.000     
  52    35   1     1     1     2  2.09e+03   35.0       1.000     
  52    36   1     2     1     3  2.09e+03   36.0       1.000     
  52    37   1     1     1     2  2.09e+03   37.0       1.000     
  52    38   1     2     1     3  2.09e+03   38.0       1.000     
  52    39   1     1     1     2  2.09e+03   39.0       1.000     
  52    40   1     1     1     2  2.09e+03   40.0       1.000     
  52    41   1     3     2     5  2.09e+03   41.0       1.000     
  53     1   1     3     1     4  2.09e+03   1.00       1.000     
  53     2   1     2     1     3  2.09e+03   2.00       1.000     
  53     3   1     1     1     2  2.10e+03   3.00       1.000     
  53     4   1     2     1     3  2.10e+03   4.00       1.000     
  53     5   1     1     1     2  2.10e+03   5.00       1.000     
  53     6   1     2     1     3  2.10e+03   6.00       1.000     
  53     7   1     1     1     2  2.10e+03   7.00       1.000     
  53     8   1     2     1     3  2.10e+03   8.00       1.000     
  53     9   1     1     1     2  2.10e+03   9.00       1.000     
  53    10   1     2     1     3  2.10e+03   10.0       1.000     
  53    11   1     4     2     6  2.10e+03   11.0       1.000     
  53    12   1     2     1     3  2.10e+03   12.0       1.000     
  53    13   1     1     1     2  2.11e+03   13.0       1.000     
  53    14   1     1     1     2  2.11e+03   14.0       1.000     
  53    15   1     1     1     2  2.11e+03   15.0       1.000     
  53    16   1     2     1     3  2.11e+03   16.0       1.000     
  53    17   1     1     1     2  2.11e+03   17.0       1.000     
  53    18   1     2     1     3  2.11e+03   18.0       1.000     
  53    19   1     1     1     2  2.11e+03   19.0       1.000     
  53    20   1     1     1     2  2.11e+03   20.0       1.000     
  53    21   1     2     1     3  2.11e+03   21.0       1.000     
  53    22   1     2     1     3  2.11e+03   22.0       1.000     
  53    23   1     1     1     2  2.12e+03   23.0       1.000     
  53    24   1     2     1     3  2.12e+03   24.0       1.000     
  53    25   1     1     1     2  2.12e+03   25.0       1.000     
  53    26   1     2     1     3  2.12e+03   26.0       1.000     
  53    27   1     1     1     2  2.12e+03   27.0       1.000     
  53    28   1     2     1     3  2.12e+03   28.0       1.000     
  53    29   1     1     1     2  2.12e+03   29.0       1.000     
  53    30   1     2     1     3  2.12e+03   30.0       1.000     
  53    31   1     4     2     6  2.12e+03   31.0       1.000     
  53    32   1     2     1     3  2.12e+03   32.0       1.000     
  53    33   1     2     1     3  2.13e+03   33.0       1.000     
  53    34   1     2     1     3  2.13e+03   34.0       1.000     
  53    35   1     1     1     2  2.13e+03   35.0       1.000     
  53    36   1     2     1     3  2.13e+03   36.0       1.000     
  53    37   1     1     1     2  2.13e+03   37.0       1.000     
  53    38   1     2     1     3  2.13e+03   38.0       1.000     
  53    39   1     1     1     2  2.13e+03   39.0       1.000     
  53    40   1     1     1     2  2.13e+03   40.0       1.000     
  53    41   1     3     2     5  2.13e+03   41.0       1.000     
  54     1   1     3     1     4  2.13e+03   1.00       1.000     
  54     2   1     2     1     3  2.14e+03   2.00       1.000     
  54     3   1     1     1     2  2.14e+03   3.00       1.000     
  54     4   1     2     1     3  2.14e+03   4.00       1.000     
  54     5   1     1     1     2  2.14e+03   5.00       1.000     
  54     6   1     2     1     3  2.14e+03   6.00       1.000     
  54     7   1     1     1     2  2.14e+03   7.00       1.000     
  54     8   1     2     1     3  2.14e+03   8.00       1.000     
  54     9   1     1     1     2  2.14e+03   9.00       1.000     
  54    10   1     2     1     3  2.14e+03   10.0       1.000     
  54    11   1     4     2     6  2.14e+03   11.0       1.000     
  54    12   1     2     1     3  2.15e+03   12.0       1.000     
  54    13   1     2     1     3  2.15e+03   13.0       1.000     
  54    14   1     2     1     3  2.15e+03   14.0       1.000     
  54    15   1     1     1     2  2.15e+03   15.0       1.000     
  54    16   1     2     1     3  2.15e+03   16.0       1.000     
  54    17   1     1     2     3  2.15e+03   17.0       1.000     
  54    18   1     2     1     3  2.15e+03   18.0       1.000     
  54    19   1     2     1     3  2.15e+03   19.0       1.000     
  54    20   1     1     1     2  2.15e+03   20.0       1.000     
  54    21   1     2     1     3  2.15e+03   21.0       1.000     
  54    22   1     2     1     3  2.16e+03   22.0       1.000     
  54    23   1     1     1     2  2.16e+03   23.0       1.000     
  54    24   1     2     1     3  2.16e+03   24.0       1.000     
  54    25   1     1     2     3  2.16e+03   25.0       1.000     
  54    26   1     2     1     3  2.16e+03   26.0       1.000     
  54    27   1     1     1     2  2.16e+03   27.0       1.000     
  54    28   1     2     1     3  2.16e+03   28.0       1.000     
  54    29   1     1     1     2  2.16e+03   29.0       1.000     
  54    30   1     2     1     3  2.16e+03   30.0       1.000     
  54    31   1     2     2     4  2.16e+03   31.0       1.000     
  54    32   1     2     1     3  2.17e+03   32.0       1.000     
  54    33   1     2     1     3  2.17e+03   33.0       1.000     
  54    34   1     2     1     3  2.17e+03   34.0       1.000     
  54    35   1     2     1     3  2.17e+03   35.0       1.000     
  54    36   1     2     1     3  2.17e+03   36.0       1.000     
  54    37   1     1     2     3  2.17e+03   37.0       1.000     
  54    38   1     2     1     3  2.17e+03   38.0       1.000     
  54    39   1     2     1     3  2.17e+03   39.0       1.000     
  54    40   1     1     1     2  2.17e+03   40.0       1.000     
  54    41   1     3     2     5  2.17e+03   41.0       1.000     
  55     1   1     3     1     4  2.18e+03   1.00       1.000     
  55     2   1     2     1     3  2.18e+03   2.00       1.000     
  55     3   1     1     1     2  2.18e+03   3.00       1.000     
  55     4   1     2     1     3  2.18e+03   4.00       1.000     
  55     5   1     1     2     3  2.18e+03   5.00       1.000     
  55     6   1     2     1     3  2.18e+03   6.00       1.000     
  55     7   1     1     1     2  2.18e+03   7.00       1.000     
  55     8   1     2     1     3  2.18e+03   8.00       1.000     
  55     9   1     1     1     2  2.18e+03   9.00       1.000     
  55    10   1     2     1     3  2.18e+03   10.0       1.000     
  55    11   1     2     2     4  2.19e+03   11.0       1.000     
  55    12   1     1     1     2  2.19e+03   12.0       1.000     
  55    13   1     2     1     3  2.19e+03   13.0       1.000     
  55    14   1     2     1     3  2.19e+03   14.0       1.000     
  55    15   1     1     1     2  2.19e+03   15.0       1.000     
  55    16   1     2     1     3  2.19e+03   16.0       1.000     
  55    17   1     1     2     3  2.19e+03   17.0       1.000     
  55    18   1     2     1     3  2.19e+03   18.0       1.000     
  55    19   1     2     1     3  2.19e+03   19.0       1.000     
  55    20   1     1     1     2  2.19e+03   20.0       1.000     
  55    21   1     2     1     3  2.20e+03   21.0       1.000     
  55    22   1     2     1     3  2.20e+03   22.0       1.000     
  55    23   1     1     1     2  2.20e+03   23.0       1.000     
  55    24   1     2     1     3  2.20e+03   24.0       1.000     
  55    25   1     1     1     2  2.20e+03   25.0       1.000     
  55    26   1     2     1     3  2.20e+03   26.0       1.000     
  55    27   1     1     1     2  2.20e+03   27.0       1.000     
  55    28   1     2     1     3  2.20e+03   28.0       1.000     
  55    29   1     1     1     2  2.20e+03   29.0       1.000     
  55    30   1     2     1     3  2.20e+03   30.0       1.000     
  55    31   1     2     2     4  2.21e+03   31.0       1.000     
  55    32   1     1     1     2  2.21e+03   32.0       1.000     
  55    33   1     2     1     3  2.21e+03   33.0       1.000     
  55    34   1     2     1     3  2.21e+03   34.0       1.000     
  55    35   1     2     1     3  2.21e+03   35.0       1.000     
  55    36   1     2     1     3  2.21e+03   36.0       1.000     
  55    37   1     1     2     3  2.21e+03   37.0       1.000     
  55    38   1     2     1     3  2.21e+03   38.0       1.000     
  55    39   1     2     1     3  2.21e+03   39.0       1.000     
  55    40   1     2     1     3  2.21e+03   40.0       1.000     
  55    41   1     2     1     3  2.22e+03   41.0       1.000     
  56     1   1     3     1     4  2.22e+03   1.00       1.000     
  56     2   1     2     1     3  2.22e+03   2.00       1.000     
  56     3   1     1     1     2  2.22e+03   3.00       1.000     
  56     4   1     2     1     3  2.22e+03   4.00       1.000     
  56     5   1     1     1     2  2.22e+03   5.00       1.000     
  56     6   1     2     1     3  2.22e+03   6.00       1.000     
  56     7   1     1     1     2  2.22e+03   7.00       1.000     
  56     8   1     2     1     3  2.22e+03   8.00       1.000     
  56     9   1     2     1     3  2.22e+03   9.00       1.000     
  56    10   1     1     1     2  2.23e+03   10.0       1.000     
  56    11   1     2     2     4  2.23e+03   11.0       1.000     
  56    12   1     1     1     2  2.23e+03   12.0       1.000     
  56    13   1     2     1     3  2.23e+03   13.0       1.000     
  56    14   1     2     1     3  2.23e+03   14.0       1.000     
  56    15   1     2     1     3  2.23e+03   15.0       1.000     
  56    16   1     2     1     3  2.23e+03   16.0       1.000     
  56    17   1     1     2     3  2.23e+03   17.0       1.000     
  56    18   1     2     1     3  2.23e+03   18.0       1.000     
  56    19   1     2     1     3  2.23e+03   19.0       1.000     
  56    20   1     2     1     3  2.24e+03   20.0       1.000     
  56    21   1     2     1     3  2.24e+03   21.0       1.000     
  56    22   1     2     1     3  2.24e+03   22.0       1.000     
  56    23   1     1     1     2  2.24e+03   23.0       1.000     
  56    24   1     2     1     3  2.24e+03   24.0       1.000     
  56    25   1     1     1     2  2.24e+03   25.0       1.000     
  56    26   1     2     1     3  2.24e+03   26.0       1.000     
  56    27   1     1     2     3  2.24e+03   27.0       1.000     
  56    28   1     2     1     3  2.24e+03   28.0       1.000     
  56    29   1     2     1     3  2.24e+03   29.0       1.000     
  56    30   1     1     1     2  2.25e+03   30.0       1.000     
  56    31   1     2     2     4  2.25e+03   31.0       1.000     
  56    32   1     1     1     2  2.25e+03   32.0       1.000     
  56    33   1     2     1     3  2.25e+03   33.0       1.000     
  56    34   1     2     1     3  2.25e+03   34.0       1.000     
  56    35   1     2     1     3  2.25e+03   35.0       1.000     
  56    36   1     2     1     3  2.25e+03   36.0       1.000     
  56    37   1     1     2     3  2.25e+03   37.0       1.000     
  56    38   1     2     1     3  2.25e+03   38.0       1.000     
  56    39   1     2     1     3  2.25e+03   39.0       1.000     
  56    40   1     2     1     3  2.26e+03   40.0       1.000     
  56    41   1     2     1     3  2.26e+03   41.0       1.000     
  57     1   1     2     1     3  2.26e+03   1.00       1.000     
  57     2   1     2     1     3  2.26e+03   2.00       1.000     
  57     3   1     1     1     2  2.26e+03   3.00       1.000     
  57     4   1     2     1     3  2.26e+03   4.00       1.000     
  57     5   1     1     1     2  2.26e+03   5.00       1.000     
  57     6   1     2     1     3  2.26e+03   6.00       1.000     
  57     7   1     1     2     3  2.26e+03   7.00       1.000     
  57     8   1     2     1     3  2.26e+03   8.00       1.000     
  57     9   1     2     1     3  2.27e+03   9.00       1.000     
  57    10   1     1     1     2  2.27e+03   10.0       1.000     
  57    11   1     2     2     4  2.27e+03   11.0       1.000     
  57    12   1     1     1     2  2.27e+03   12.0       1.000     
  57    13   1     2     1     3  2.27e+03   13.0       1.000     
  57    14   1     2     1     3  2.27e+03   14.0       1.000     
  57    15   1     2     1     3  2.27e+03   15.0       1.000     
  57    16   1     2     1     3  2.27e+03   16.0       1.000     
  57    17   1     1     2     3  2.27e+03   17.0       1.000     
  57    18   1     2     1     3  2.27e+03   18.0       1.000     
  57    19   1     2     1     3  2.28e+03   19.0       1.000     
  57    20   1     2     1     3  2.28e+03   20.0       1.000     
  57    21   1     2     1     3  2.28e+03   21.0       1.000     
  57    22   1     2     1     3  2.28e+03   22.0       1.000     
  57    23   1     1     1     2  2.28e+03   23.0       1.000     
  57    24   1     2     1     3  2.28e+03   24.0       1.000     
  57    25   1     1     1     2  2.28e+03   25.0       1.000     
  57    26   1     2     1     3  2.28e+03   26.0       1.000     
  57    27   1     1     2     3  2.28e+03   27.0       1.000     
  57    28   1     2     1     3  2.28e+03   28.0       1.000     
  57    29   1     2     1     3  2.29e+03   29.0       1.000     
  57    30   1     1     1     2  2.29e+03   30.0       1.000     
  57    31   1     2     2     4  2.29e+03   31.0       1.000     
  57    32   1     1     1     2  2.29e+03   32.0       1.000     
  57    33   1     2     1     3  2.29e+03   33.0       1.000     
  57    34   1     2     1     3  2.29e+03   34.0       1.000     
  57    35   1     2     1     3  2.29e+03   35.0       1.000     
  57    36   1     2     1     3  2.29e+03   36.0       1.000     
  57    37   1     1     1     2  2.29e+03   37.0       1.000     
  57    38   1     2     1     3  2.29e+03   38.0       1.000     
  57    39   1     2     1     3  2.30e+03   39.0       1.000     
  57    40   1     2     1     3  2.30e+03   40.0       1.000     
  57    41   1     2     1     3  2.30e+03   41.0       1.000     
  58     1   1     3     1     4  2.30e+03   1.00       1.000     
  58     2   1     2     1     3  2.30e+03   2.00       1.000     
  58     3   1     1     1     2  2.30e+03   3.00       1.000     
  58     4   1     2     1     3  2.30e+03   4.00       1.000     
  58     5   1     1     1     2  2.30e+03   5.00       1.000     
  58     6   1     2     1     3  2.30e+03   6.00       1.000     
  58     7   1     1     2     3  2.30e+03   7.00       1.000     
  58     8   1     2     1     3  2.31e+03   8.00       1.000     
  58     9   1     2     1     3  2.31e+03   9.00       1.000     
  58    10   1     1     1     2  2.31e+03   10.0       1.000     
  58    11   1     2     2     4  2.31e+03   11.0       1.000     
  58    12   1     1     1     2  2.31e+03   12.0       1.000     
  58    13   1     2     1     3  2.31e+03   13.0       1.000     
  58    14   1     2     1     3  2.31e+03   14.0       1.000     
  58    15   1     2     1     3  2.31e+03   15.0       1.000     
  58    16   1     2     1     3  2.31e+03   16.0       1.000     
  58    17   1     1     1     2  2.31e+03   17.0       1.000     
  58    18   1     2     1     3  2.32e+03   18.0       1.000     
  58    19   1     2     1     3  2.32e+03   19.0       1.000     
  58    20   1     2     1     3  2.32e+03   20.0       1.000     
  58    21   1     2     1     3  2.32e+03   21.0       1.000     
  58    22   1     2     1     3  2.32e+03   22.0       1.000     
  58    23   1     1     1     2  2.32e+03   23.0       1.000     
  58    24   1     2     1     3  2.32e+03   24.0       1.000     
  58    25   1     1     1     2  2.32e+03   25.0       1.000     
  58    26   1     2     1     3  2.32e+03   26.0       1.000     
  58    27   1     1     2     3  2.32e+03   27.0       1.000     
  58    28   1     2     1     3  2.33e+03   28.0       1.000     
  58    29   1     2     1     3  2.33e+03   29.0       1.000     
  58    30   1     1     1     2  2.33e+03   30.0       1.000     
  58    31   1     2     2     4  2.33e+03   31.0       1.000     
  58    32   1     1     1     2  2.33e+03   32.0       1.000     
  58    33   1     2     1     3  2.33e+03   33.0       1.000     
  58    34   1     2     1     3  2.33e+03   34.0       1.000     
  58    35   1     2     1     3  2.33e+03   35.0       1.000     
  58    36   1     2     1     3  2.33e+03   36.0       1.000     
  58    37   1     1     1     2  2.33e+03   37.0       1.000     
  58    38   1     2     1     3  2.34e+03   38.0       1.000     
  58    39   1     2     1     3  2.34e+03   39.0       1.000     
  58    40   1     2     1     3  2.34e+03   40.0       1.000     
  58    41   1     2     1     3  2.34e+03   41.0       1.000     
  59     1   1     3     1     4  2.34e+03   1.00       1.000     
  59     2   1     2     1     3  2.34e+03   2.00       1.000     
  59     3   1     1     1     2  2.34e+03   3.00       1.000     
  59     4   1     2     1     3  2.34e+03   4.00       1.000     
  59     5   1     1     1     2  2.34e+03   5.00       1.000     
  59     6   1     2     1     3  2.34e+03   6.00       1.000     
  59     7   1     1     2     3  2.35e+03   7.00       1.000     
  59     8   1     2     1     3  2.35e+03   8.00       1.000     
  59     9   1     2     1     3  2.35e+03   9.00       1.000     
  59    10   1     1     1     2  2.35e+03   10.0       1.000     
  59    11   1     2     2     4  2.35e+03   11.0       1.000     
  59    12   1     1     1     2  2.35e+03   12.0       1.000     
  59    13   1     2     1     3  2.35e+03   13.0       1.000     
  59    14   1     2     1     3  2.35e+03   14.0       1.000     
  59    15   1     2     1     3  2.35e+03   15.0       1.000     
  59    16   1     2     1     3  2.35e+03   16.0       1.000     
  59    17   1     1     1     2  2.36e+03   17.0       1.000     
  59    18   1     2     1     3  2.36e+03   18.0       1.000     
  59    19   1     2     1     3  2.36e+03   19.0       1.000     
  59    20   1     2     1     3  2.36e+03   20.0       1.000     
  59    21   1     3     1     4  2.36e+03   21.0       1.000     
  59    22   1     2     1     3  2.36e+03   22.0       1.000     
  59    23   1     1     1     2  2.36e+03   23.0       1.000     
  59    24   1     2     1     3  2.36e+03   24.0       1.000     
  59    25   1     1     1     2  2.36e+03   25.0       1.000     
  59    26   1     2     1     3  2.36e+03   26.0       1.000     
  59    27   1     1     1     2  2.37e+03   27.0       1.000     
  59    28   1     2     1     3  2.37e+03   28.0       1.000     
  59    29   1     2     1     3  2.37e+03   29.0       1.000     
  59    30   1     1     1     2  2.37e+03   30.0       1.000     
  59    31   1     2     2     4  2.37e+03   31.0       1.000     
  59    32   1     1     1     2  2.37e+03   32.0       1.000     
  59    33   1     2     1     3  2.37e+03   33.0       1.000     
  59    34   1     2     1     3  2.37e+03   34.0       1.000     
  59    35   1     2     1     3  2.37e+03   35.0       1.000     
  59    36   1     2     1     3  2.37e+03   36.0       1.000     
  59    37   1     1     1     2  2.38e+03   37.0       1.000     
  59    38   1     2     1     3  2.38e+03   38.0       1.000     
  59    39   1     2     1     3  2.38e+03   39.0       1.000     
  59    40   1     2     1     3  2.38e+03   40.0       1.000     
  59    41   1     2     1     3  2.38e+03   41.0       1.000     
  60     1   1     3     1     4  2.38e+03   1.00       1.000     
  60     2   1     2     1     3  2.38e+03   2.00       1.000     
  60     3   1     1     1     2  2.38e+03   3.00       1.000     
  60     4   1     2     1     3  2.38e+03   4.00       1.000     
  60     5   1     1     1     2  2.38e+03   5.00       1.000     
  60     6   1     2     1     3  2.39e+03   6.00       1.000     
  60     7   1     1     1     2  2.39e+03   7.00       1.000     
  60     8   1     2     1     3  2.39e+03   8.00       1.000     
  60     9   1     2     1     3  2.39e+03   9.00       1.000     
  60    10   1     1     1     2  2.39e+03   10.0       1.000     
  60    11   1     2     2     4  2.39e+03   11.0       1.000     
  60    12   1     1     1     2  2.39e+03   12.0       1.000     
  60    13   1     2     1     3  2.39e+03   13.0       1.000     
  60    14   1     2     1     3  2.39e+03   14.0       1.000     
  60    15   1     2     1     3  2.39e+03   15.0       1.000     
  60    16   1     2     1     3  2.40e+03   16.0       1.000     
  60    17   1     1     1     2  2.40e+03   17.0       1.000     
  60    18   1     2     1     3  2.40e+03   18.0       1.000     
  60    19   1     2     1     3  2.40e+03   19.0       1.000     
  60    20   1     2     1     3  2.40e+03   20.0       1.000     
  60    21   1     3     1     4  2.40e+03   21.0       1.000     
  60    22   1     2     1     3  2.40e+03   22.0       1.000     
  60    23   1     1     1     2  2.40e+03   23.0       1.000     
  60    24   1     2     1     3  2.40e+03   24.0       1.000     
  60    25   1     1     1     2  2.40e+03   25.0       1.000     
  60    26   1     2     1     3  2.41e+03   26.0       1.000     
  60    27   1     1     1     2  2.41e+03   27.0       1.000     
  60    28   1     2     1     3  2.41e+03   28.0       1.000     
  60    29   1     2     1     3  2.41e+03   29.0       1.000     
  60    30   1     1     1     2  2.41e+03   30.0       1.000     
  60    31   1     2     2     4  2.41e+03   31.0       1.000     
  60    32   1     1     1     2  2.41e+03   32.0       1.000     
  60    33   1     2     1     3  2.41e+03   33.0       1.000     
  60    34   1     2     1     3  2.41e+03   34.0       1.000     
  60    35   1     2     1     3  2.41e+03   35.0       1.000     
  60    36   1     2     1     3  2.42e+03   36.0       1.000     
  60    37   1     1     1     2  2.42e+03   37.0       1.000     
  60    38   1     2     1     3  2.42e+03   38.0       1.000     
  60    39   1     3     1     4  2.42e+03   39.0       1.000     
  60    40   1     2     1     3  2.42e+03   40.0       1.000     
  60    41   1     3     1     4  2.42e+03   41.0       1.000     
  61     1   1     2     1     3  2.42e+03   1.00       1.000     
  61     2   1     2     1     3  2.42e+03   2.00       1.000     
  61     3   1     1     1     2  2.42e+03   3.00       1.000     
  61     4   1     2     1     3  2.42e+03   4.00       1.000     
  61     5   1     1     1     2  2.43e+03   5.00       1.000     
  61     6   1     2     1     3  2.43e+03   6.00       1.000     
  61     7   1     1     1     2  2.43e+03   7.00       1.000     
  61     8   1     2     1     3  2.43e+03   8.00       1.000     
  61     9   1     2     1     3  2.43e+03   9.00       1.000     
  61    10   1     1     1     2  2.43e+03   10.0       1.000     
  61    11   1     3     2     5  2.43e+03   11.0       1.000     
  61    12   1     1     1     2  2.43e+03   12.0       1.000     
  61    13   1     2     1     3  2.43e+03   13.0       1.000     
  61    14   1     2     1     3  2.43e+03   14.0       1.000     
  61    15   1     2     1     3  2.44e+03   15.0       1.000     
  61    16   1     2     1     3  2.44e+03   16.0       1.000     
  61    17   1     1     1     2  2.44e+03   17.0       1.000     
  61    18   1     2     1     3  2.44e+03   18.0       1.000     
  61    19   1     2     1     3  2.44e+03   19.0       1.000     
  61    20   1     2     1     3  2.44e+03   20.0       1.000     
  61    21   1     3     1     4  2.44e+03   21.0       1.000     
  61    22   1     2     1     3  2.44e+03   22.0       1.000     
  61    23   1     1     1     2  2.44e+03   23.0       1.000     
  61    24   1     2     1     3  2.44e+03   24.0       1.000     
  61    25   1     1     1     2  2.45e+03   25.0       1.000     
  61    26   1     2     1     3  2.45e+03   26.0       1.000     
  61    27   1     2     1     3  2.45e+03   27.0       1.000     
  61    28   1     1     1     2  2.45e+03   28.0       1.000     
  61    29   1     2     1     3  2.45e+03   29.0       1.000     
  61    30   1     1     1     2  2.45e+03   30.0       1.000     
  61    31   1     4     1     5  2.45e+03   31.0       1.000     
  61    32   1     1     2     3  2.45e+03   32.0       1.000     
  61    33   1     2     1     3  2.45e+03   33.0       1.000     
  61    34   1     2     1     3  2.45e+03   34.0       1.000     
  61    35   1     2     1     3  2.46e+03   35.0       1.000     
  61    36   1     2     1     3  2.46e+03   36.0       1.000     
  61    37   1     1     1     2  2.46e+03   37.0       1.000     
  61    38   1     2     1     3  2.46e+03   38.0       1.000     
  61    39   1     2     1     3  2.46e+03   39.0       1.000     
  61    40   1     2     1     3  2.46e+03   40.0       1.000     
  61    41   1     2     1     3  2.46e+03   41.0       1.000     
  62     1   1     2     1     3  2.46e+03   1.00       1.000     
  62     2   1     2     1     3  2.46e+03   2.00       1.000     
  62     3   1     1     1     2  2.46e+03   3.00       1.000     
  62     4   1     2     1     3  2.47e+03   4.00       1.000     
  62     5   1     1     1     2  2.47e+03   5.00       1.000     
  62     6   1     2     1     3  2.47e+03   6.00       1.000     
  62     7   1     1     1     2  2.47e+03   7.00       1.000     
  62     8   1     2     1     3  2.47e+03   8.00       1.000     
  62     9   1     2     1     3  2.47e+03   9.00       1.000     
  62    10   1     1     1     2  2.47e+03   10.0       1.000     
  62    11   1     6     1     7  2.47e+03   11.0       1.000     
  62    12   1     1     1     2  2.47e+03   12.0       1.000     
  62    13   1     2     1     3  2.47e+03   13.0       1.000     
  62    14   1     2     1     3  2.48e+03   14.0       1.000     
  62    15   1     2     1     3  2.48e+03   15.0       1.000     
  62    16   1     2     1     3  2.48e+03   16.0       1.000     
  62    17   1     1     1     2  2.48e+03   17.0       1.000     
  62    18   1     2     1     3  2.48e+03   18.0       1.000     
  62    19   1     2     1     3  2.48e+03   19.0       1.000     
  62    20   1     2     1     3  2.48e+03   20.0       1.000     
  62    21   1     2     1     3  2.48e+03   21.0       1.000     
  62    22   1     2     1     3  2.48e+03   22.0       1.000     
  62    23   1     1     1     2  2.48e+03   23.0       1.000     
  62    24   1     2     1     3  2.49e+03   24.0       1.000     
  62    25   1     1     1     2  2.49e+03   25.0       1.000     
  62    26   1     2     1     3  2.49e+03   26.0       1.000     
  62    27   1     2     1     3  2.49e+03   27.0       1.000     
  62    28   1     1     1     2  2.49e+03   28.0       1.000     
  62    29   1     2     1     3  2.49e+03   29.0       1.000     
  62    30   1     1     1     2  2.49e+03   30.0       1.000     
  62    31   1     6     1     7  2.49e+03   31.0       1.000     
  62    32   1     1     1     2  2.49e+03   32.0       1.000     
  62    33   1     2     1     3  2.49e+03   33.0       1.000     
  62    34   1     2     1     3  2.50e+03   34.0       1.000     
  62    35   1     2     1     3  2.50e+03   35.0       1.000     
  62    36   1     2     1     3  2.50e+03   36.0       1.000     
  62    37   1     1     1     2  2.50e+03   37.0       1.000     
  62    38   1     2     1     3  2.50e+03   38.0       1.000     
  62    39   1     2     1     3  2.50e+03   39.0       1.000     
  62    40   1     2     1     3  2.50e+03   40.0       1.000     
  62    41   1     2     1     3  2.50e+03   41.0       1.000     
  63     1   1     2     1     3  2.50e+03   1.00       1.000     
  63     2   1     2     1     3  2.50e+03   2.00       1.000     
  63     3   1     1     1     2  2.51e+03   3.00       1.000     
  63     4   1     2     1     3  2.51e+03   4.00       1.000     
  63     5   1     1     1     2  2.51e+03   5.00       1.000     
  63     6   1     2     1     3  2.51e+03   6.00       1.000     
  63     7   1     1     1     2  2.51e+03   7.00       1.000     
  63     8   1     2     1     3  2.51e+03   8.00       1.000     
  63     9   1     2     1     3  2.51e+03   9.00       1.000     
  63    10   1     2     1     3  2.51e+03   10.0       1.000     
  63    11   1     5     1     6  2.51e+03   11.0       1.000     
  63    12   1     2     1     3  2.51e+03   12.0       1.000     
  63    13   1     2     1     3  2.52e+03   13.0       1.000     
  63    14   1     2     1     3  2.52e+03   14.0       1.000     
  63    15   1     2     1     3  2.52e+03   15.0       1.000     
  63    16   1     2     1     3  2.52e+03   16.0       1.000     
  63    17   1     1     1     2  2.52e+03   17.0       1.000     
  63    18   1     2     1     3  2.52e+03   18.0       1.000     
  63    19   1     2     1     3  2.52e+03   19.0       1.000     
  63    20   1     2     1     3  2.52e+03   20.0       1.000     
  63    21   1     2     1     3  2.52e+03   21.0       1.000     
  63    22   1     2     1     3  2.52e+03   22.0       1.000     
  63    23   1     1     1     2  2.53e+03   23.0       1.000     
  63    24   1     2     1     3  2.53e+03   24.0       1.000     
  63    25   1     1     1     2  2.53e+03   25.0       1.000     
  63    26   1     2     1     3  2.53e+03   26.0       1.000     
  63    27   1     2     1     3  2.53e+03   27.0       1.000     
  63    28   1     1     1     2  2.53e+03   28.0       1.000     
  63    29   1     2     1     3  2.53e+03   29.0       1.000     
  63    30   1     2     1     3  2.53e+03   30.0       1.000     
  63    31   1     4     2     6  2.53e+03   31.0       1.000     
  63    32   1     3     1     4  2.53e+03   32.0       1.000     
  63    33   1     2     1     3  2.54e+03   33.0       1.000     
  63    34   1     2     1     3  2.54e+03   34.0       1.000     
  63    35   1     2     1     3  2.54e+03   35.0       1.000     
  63    36   1     2     1     3  2.54e+03   36.0       1.000     
  63    37   1     1     1     2  2.54e+03   37.0       1.000     
  63    38   1     2     1     3  2.54e+03   38.0       1.000     
  63    39   1     2     1     3  2.54e+03   39.0       1.000     
  63    40   1     2     1     3  2.54e+03   40.0       1.000     
  63    41   1     3     2     5  2.54e+03   41.0       1.000     
  64     1   1     2     1     3  2.54e+03   1.00       1.000     
  64     2   1     2     1     3  2.55e+03   2.00       1.000     
  64     3   1     1     1     2  2.55e+03   3.00       1.000     
  64     4   1     2     1     3  2.55e+03   4.00       1.000     
  64     5   1     1     1     2  2.55e+03   5.00       1.000     
  64     6   1     2     1     3  2.55e+03   6.00       1.000     
  64     7   1     2     1     3  2.55e+03   7.00       1.000     
  64     8   1     1     2     3  2.55e+03   8.00       1.000     
  64     9   1     2     1     3  2.55e+03   9.00       1.000     
  64    10   1     2     1     3  2.55e+03   10.0       1.000     
  64    11   1     4     2     6  2.55e+03   11.0       1.000     
  64    12   1     2     1     3  2.56e+03   12.0       1.000     
  64    13   1     2     1     3  2.56e+03   13.0       1.000     
  64    14   1     2     1     3  2.56e+03   14.0       1.000     
  64    15   1     2     1     3  2.56e+03   15.0       1.000     
  64    16   1     2     1     3  2.56e+03   16.0       1.000     
  64    17   1     1     1     2  2.56e+03   17.0       1.000     
  64    18   1     2     1     3  2.56e+03   18.0       1.000     
  64    19   1     2     1     3  2.56e+03   19.0       1.000     
  64    20   1     2     1     3  2.56e+03   20.0       1.000     
  64    21   1     2     1     3  2.56e+03   21.0       1.000     
  64    22   1     2     1     3  2.57e+03   22.0       1.000     
  64    23   1     1     1     2  2.57e+03   23.0       1.000     
  64    24   1     2     1     3  2.57e+03   24.0       1.000     
  64    25   1     1     1     2  2.57e+03   25.0       1.000     
  64    26   1     2     1     3  2.57e+03   26.0       1.000     
  64    27   1     2     1     3  2.57e+03   27.0       1.000     
  64    28   1     1     2     3  2.57e+03   28.0       1.000     
  64    29   1     2     1     3  2.57e+03   29.0       1.000     
  64    30   1     2     1     3  2.57e+03   30.0       1.000     
  64    31   1     3     1     4  2.57e+03   31.0       1.000     
  64    32   1     2     1     3  2.58e+03   32.0       1.000     
  64    33   1     2     1     3  2.58e+03   33.0       1.000     
  64    34   1     2     1     3  2.58e+03   34.0       1.000     
  64    35   1     2     1     3  2.58e+03   35.0       1.000     
  64    36   1     2     1     3  2.58e+03   36.0       1.000     
  64    37   1     1     1     2  2.58e+03   37.0       1.000     
  64    38   1     2     1     3  2.58e+03   38.0       1.000     
  64    39   1     2     1     3  2.58e+03   39.0       1.000     
  64    40   1     2     1     3  2.58e+03   40.0       1.000     
  64    41   1     4     2     6  2.58e+03   41.0       1.000     
  65     1   1     2     1     3  2.59e+03   1.00       1.000     
  65     2   1     2     1     3  2.59e+03   2.00       1.000     
  65     3   1     1     1     2  2.59e+03   3.00       1.000     
  65     4   1     2     1     3  2.59e+03   4.00       1.000     
  65     5   1     1     1     2  2.59e+03   5.00       1.000     
  65     6   1     2     1     3  2.59e+03   6.00       1.000     
  65     7   1     2     1     3  2.59e+03   7.00       1.000     
  65     8   1     1     2     3  2.59e+03   8.00       1.000     
  65     9   1     2     1     3  2.59e+03   9.00       1.000     
  65    10   1     2     1     3  2.59e+03   10.0       1.000     
  65    11   1     3     1     4  2.60e+03   11.0       1.000     
  65    12   1     2     1     3  2.60e+03   12.0       1.000     
  65    13   1     2     1     3  2.60e+03   13.0       1.000     
  65    14   1     2     1     3  2.60e+03   14.0       1.000     
  65    15   1     2     1     3  2.60e+03   15.0       1.000     
  65    16   1     2     1     3  2.60e+03   16.0       1.000     
  65    17   1     1     2     3  2.60e+03   17.0       1.000     
  65    18   1     2     1     3  2.60e+03   18.0       1.000     
  65    19   1     2     1     3  2.60e+03   19.0       1.000     
  65    20   1     2     1     3  2.60e+03   20.0       1.000     
  65    21   1     2     1     3  2.61e+03   21.0       1.000     
  65    22   1     2     1     3  2.61e+03   22.0       1.000     
  65    23   1     1     1     2  2.61e+03   23.0       1.000     
  65    24   1     2     1     3  2.61e+03   24.0       1.000     
  65    25   1     1     2     3  2.61e+03   25.0       1.000     
  65    26   1     2     1     3  2.61e+03   26.0       1.000     
  65    27   1     2     1     3  2.61e+03   27.0       1.000     
  65    28   1     1     1     2  2.61e+03   28.0       1.000     
  65    29   1     2     1     3  2.61e+03   29.0       1.000     
  65    30   1     2     1     3  2.61e+03   30.0       1.000     
  65    31   1     3     1     4  2.62e+03   31.0       1.000     
  65    32   1     2     1     3  2.62e+03   32.0       1.000     
  65    33   1     2     1     3  2.62e+03   33.0       1.000     
  65    34   1     2     1     3  2.62e+03   34.0       1.000     
  65    35   1     2     1     3  2.62e+03   35.0       1.000     
  65    36   1     2     1     3  2.62e+03   36.0       1.000     
  65    37   1     1     2     3  2.62e+03   37.0       1.000     
  65    38   1     2     1     3  2.62e+03   38.0       1.000     
  65    39   1     2     1     3  2.62e+03   39.0       1.000     
  65    40   1     1     1     2  2.62e+03   40.0       1.000     
  65    41   1     4     2     6  2.63e+03   41.0       1.000     
  66     1   1     3     1     4  2.63e+03   1.00       1.000     
  66     2   1     2     1     3  2.63e+03   2.00       1.000     
  66     3   1     1     1     2  2.63e+03   3.00       1.000     
  66     4   1     2     1     3  2.63e+03   4.00       1.000     
  66     5   1     1     2     3  2.63e+03   5.00       1.000     
  66     6   1     2     1     3  2.63e+03   6.00       1.000     
  66     7   1     2     1     3  2.63e+03   7.00       1.000     
  66     8   1     1     1     2  2.63e+03   8.00       1.000     
  66     9   1     2     1     3  2.63e+03   9.00       1.000     
  66    10   1     2     1     3  2.64e+03   10.0       1.000     
  66    11   1     3     1     4  2.64e+03   11.0       1.000     
  66    12   1     2     1     3  2.64e+03   12.0       1.000     
  66    13   1     2     1     3  2.64e+03   13.0       1.000     
  66    14   1     2     1     3  2.64e+03   14.0       1.000     
  66    15   1     2     1     3  2.64e+03   15.0       1.000     
  66    16   1     2     1     3  2.64e+03   16.0       1.000     
  66    17   1     1     2     3  2.64e+03   17.0       1.000     
  66    18   1     2     1     3  2.64e+03   18.0       1.000     
  66    19   1     2     1     3  2.64e+03   19.0       1.000     
  66    20   1     1     1     2  2.65e+03   20.0       1.000     
  66    21   1     2     1     3  2.65e+03   21.0       1.000     
  66    22   1     2     1     3  2.65e+03   22.0       1.000     
  66    23   1     1     1     2  2.65e+03   23.0       1.000     
  66    24   1     2     1     3  2.65e+03   24.0       1.000     
  66    25   1     1     2     3  2.65e+03   25.0       1.000     
  66    26   1     2     1     3  2.65e+03   26.0       1.000     
  66    27   1     2     1     3  2.65e+03   27.0       1.000     
  66    28   1     1     1     2  2.65e+03   28.0       1.000     
  66    29   1     2     1     3  2.65e+03   29.0       1.000     
  66    30   1     2     1     3  2.66e+03   30.0       1.000     
  66    31   1     3     1     4  2.66e+03   31.0       1.000     
  66    32   1     2     1     3  2.66e+03   32.0       1.000     
  66    33   1     2     1     3  2.66e+03   33.0       1.000     
  66    34   1     2     1     3  2.66e+03   34.0       1.000     
  66    35   1     2     1     3  2.66e+03   35.0       1.000     
  66    36   1     2     1     3  2.66e+03   36.0       1.000     
  66    37   1     1     2     3  2.66e+03   37.0       1.000     
  66    38   1     2     1     3  2.66e+03   38.0       1.000     
  66    39   1     2     1     3  2.66e+03   39.0       1.000     
  66    40   1     1     1     2  2.67e+03   40.0       1.000     
  66    41   1     4     2     6  2.67e+03   41.0       1.000     
  67     1   1     3     1     4  2.67e+03   1.00       1.000     
  67     2   1     2     1     3  2.67e+03   2.00       1.000     
  67     3   1     1     1     2  2.67e+03   3.00       1.000     
  67     4   1     2     1     3  2.67e+03   4.00       1.000     
  67     5   1     1     1     2  2.67e+03   5.00       1.000     
  67     6   1     2     1     3  2.67e+03   6.00       1.000     
  67     7   1     2     1     3  2.67e+03   7.00       1.000     
  67     8   1     1     1     2  2.67e+03   8.00       1.000     
  67     9   1     2     1     3  2.68e+03   9.00       1.000     
  67    10   1     2     1     3  2.68e+03   10.0       1.000     
  67    11   1     3     1     4  2.68e+03   11.0       1.000     
  67    12   1     2     1     3  2.68e+03   12.0       1.000     
  67    13   1     2     1     3  2.68e+03   13.0       1.000     
  67    14   1     2     1     3  2.68e+03   14.0       1.000     
  67    15   1     2     1     3  2.68e+03   15.0       1.000     
  67    16   1     2     1     3  2.68e+03   16.0       1.000     
  67    17   1     1     2     3  2.68e+03   17.0       1.000     
  67    18   1     2     1     3  2.68e+03   18.0       1.000     
  67    19   1     2     1     3  2.69e+03   19.0       1.000     
  67    20   1     1     1     2  2.69e+03   20.0       1.000     
  67    21   1     2     1     3  2.69e+03   21.0       1.000     
  67    22   1     2     1     3  2.69e+03   22.0       1.000     
  67    23   1     1     1     2  2.69e+03   23.0       1.000     
  67    24   1     2     1     3  2.69e+03   24.0       1.000     
  67    25   1     1     1     2  2.69e+03   25.0       1.000     
  67    26   1     2     1     3  2.69e+03   26.0       1.000     
  67    27   1     2     1     3  2.69e+03   27.0       1.000     
  67    28   1     1     1     2  2.69e+03   28.0       1.000     
  67    29   1     2     1     3  2.70e+03   29.0       1.000     
  67    30   1     2     1     3  2.70e+03   30.0       1.000     
  67    31   1     3     1     4  2.70e+03   31.0       1.000     
  67    32   1     2     1     3  2.70e+03   32.0       1.000     
  67    33   1     2     1     3  2.70e+03   33.0       1.000     
  67    34   1     1     1     2  2.70e+03   34.0       1.000     
  67    35   1     2     1     3  2.70e+03   35.0       1.000     
  67    36   1     2     1     3  2.70e+03   36.0       1.000     
  67    37   1     1     2     3  2.70e+03   37.0       1.000     
  67    38   1     2     1     3  2.70e+03   38.0       1.000     
  67    39   1     2     1     3  2.71e+03   39.0       1.000     
  67    40   1     1     1     2  2.71e+03   40.0       1.000     
  67    41   1     4     2     6  2.71e+03   41.0       1.000     
  68     1   1     3     1     4  2.71e+03   1.00       1.000     
  68     2   1     2     1     3  2.71e+03   2.00       1.000     
  68     3   1     1     1     2  2.71e+03   3.00       1.000     
  68     4   1     2     1     3  2.71e+03   4.00       1.000     
  68     5   1     1     1     2  2.71e+03   5.00       1.000     
  68     6   1     2     1     3  2.71e+03   6.00       1.000     
  68     7   1     2     1     3  2.71e+03   7.00       1.000     
  68     8   1     1     1     2  2.72e+03   8.00       1.000     
  68     9   1     2     1     3  2.72e+03   9.00       1.000     
  68    10   1     2     1     3  2.72e+03   10.0       1.000     
  68    11   1     3     1     4  2.72e+03   11.0       1.000     
  68    12   1     2     1     3  2.72e+03   12.0       1.000     
  68    13   1     2     1     3  2.72e+03   13.0       1.000     
  68    14   1     1     1     2  2.72e+03   14.0       1.000     
  68    15   1     2     1     3  2.72e+03   15.0       1.000     
  68    16   1     2     1     3  2.72e+03   16.0       1.000     
  68    17   1     1     2     3  2.72e+03   17.0       1.000     
  68    18   1     2     1     3  2.73e+03   18.0       1.000     
  68    19   1     2     1     3  2.73e+03   19.0       1.000     
  68    20   1     1     1     2  2.73e+03   20.0       1.000     
  68    21   1     2     1     3  2.73e+03   21.0       1.000     
  68    22   1     2     1     3  2.73e+03   22.0       1.000     
  68    23   1     1     1     2  2.73e+03   23.0       1.000     
  68    24   1     2     1     3  2.73e+03   24.0       1.000     
  68    25   1     1     1     2  2.73e+03   25.0       1.000     
  68    26   1     2     1     3  2.73e+03   26.0       1.000     
  68    27   1     2     1     3  2.73e+03   27.0       1.000     
  68    28   1     1     1     2  2.74e+03   28.0       1.000     
  68    29   1     2     1     3  2.74e+03   29.0       1.000     
  68    30   1     2     1     3  2.74e+03   30.0       1.000     
  68    31   1     3     1     4  2.74e+03   31.0       1.000     
  68    32   1     2     1     3  2.74e+03   32.0       1.000     
  68    33   1     2     1     3  2.74e+03   33.0       1.000     
  68    34   1     1     1     2  2.74e+03   34.0       1.000     
  68    35   1     2     1     3  2.74e+03   35.0       1.000     
  68    36   1     2     1     3  2.74e+03   36.0       1.000     
  68    37   1     1     2     3  2.74e+03   37.0       1.000     
  68    38   1     2     1     3  2.75e+03   38.0       1.000     
  68    39   1     2     1     3  2.75e+03   39.0       1.000     
  68    40   1     1     1     2  2.75e+03   40.0       1.000     
  68    41   1     3     2     5  2.75e+03   41.0       1.000     
  69     1   1     3     1     4  2.75e+03   1.00       1.000     
  69     2   1     2     1     3  2.75e+03   2.00       1.000     
  69     3   1     1     1     2  2.75e+03   3.00       1.000     
  69     4   1     2     1     3  2.75e+03   4.00       1.000     
  69     5   1     1     1     2  2.75e+03   5.00       1.000     
  69     6   1     2     1     3  2.75e+03   6.00       1.000     
  69     7   1     2     1     3  2.76e+03   7.00       1.000     
  69     8   1     1     1     2  2.76e+03   8.00       1.000     
  69     9   1     2     1     3  2.76e+03   9.00       1.000     
  69    10   1     2     1     3  2.76e+03   10.0       1.000     
  69    11   1     3     1     4  2.76e+03   11.0       1.000     
  69    12   1     2     1     3  2.76e+03   12.0       1.000     
  69    13   1     2     1     3  2.76e+03   13.0       1.000     
  69    14   1     2     1     3  2.76e+03   14.0       1.000     
  69    15   1     2     1     3  2.76e+03   15.0       1.000     
  69    16   1     2     1     3  2.76e+03   16.0       1.000     
  69    17   1     1     1     2  2.77e+03   17.0       1.000     
  69    18   1     2     1     3  2.77e+03   18.0       1.000     
  69    19   1     2     1     3  2.77e+03   19.0       1.000     
  69    20   1     1     1     2  2.77e+03   20.0       1.000     
  69    21   1     2     1     3  2.77e+03   21.0       1.000     
  69    22   1     2     1     3  2.77e+03   22.0       1.000     
  69    23   1     1     1     2  2.77e+03   23.0       1.000     
  69    24   1     2     1     3  2.77e+03   24.0       1.000     
  69    25   1     1     1     2  2.77e+03   25.0       1.000     
  69    26   1     2     1     3  2.77e+03   26.0       1.000     
  69    27   1     2     1     3  2.78e+03   27.0       1.000     
  69    28   1     1     1     2  2.78e+03   28.0       1.000     
  69    29   1     2     1     3  2.78e+03   29.0       1.000     
  69    30   1     2     1     3  2.78e+03   30.0       1.000     
  69    31   1     3     1     4  2.78e+03   31.0       1.000     
  69    32   1     2     1     3  2.78e+03   32.0       1.000     
  69    33   1     2     1     3  2.78e+03   33.0       1.000     
  69    34   1     1     1     2  2.78e+03   34.0       1.000     
  69    35   1     2     1     3  2.78e+03   35.0       1.000     
  69    36   1     2     1     3  2.78e+03   36.0       1.000     
  69    37   1     1     1     2  2.79e+03   37.0       1.000     
  69    38   1     2     1     3  2.79e+03   38.0       1.000     
  69    39   1     2     1     3  2.79e+03   39.0       1.000     
  69    40   1     1     1     2  2.79e+03   40.0       1.000     
  69    41   1     3     2     5  2.79e+03   41.0       1.000     
  70     1   1     3     1     4  2.79e+03   1.00       1.000     
  70     2   1     2     1     3  2.79e+03   2.00       1.000     
  70     3   1     1     1     2  2.79e+03   3.00       1.000     
  70     4   1     2     1     3  2.79e+03   4.00       1.000     
  70     5   1     1     1     2  2.79e+03   5.00       1.000     
  70     6   1     2     1     3  2.80e+03   6.00       1.000     
  70     7   1     2     1     3  2.80e+03   7.00       1.000     
  70     8   1     1     1     2  2.80e+03   8.00       1.000     
  70     9   1     2     1     3  2.80e+03   9.00       1.000     
  70    10   1     2     1     3  2.80e+03   10.0       1.000     
  70    11   1     3     1     4  2.80e+03   11.0       1.000     
  70    12   1     2     1     3  2.80e+03   12.0       1.000     
  70    13   1     2     1     3  2.80e+03   13.0       1.000     
  70    14   1     1     1     2  2.80e+03   14.0       1.000     
  70    15   1     2     1     3  2.80e+03   15.0       1.000     
  70    16   1     2     1     3  2.81e+03   16.0       1.000     
  70    17   1     1     1     2  2.81e+03   17.0       1.000     
  70    18   1     2     1     3  2.81e+03   18.0       1.000     
  70    19   1     2     1     3  2.81e+03   19.0       1.000     
  70    20   1     1     1     2  2.81e+03   20.0       1.000     
  70    21   1     2     1     3  2.81e+03   21.0       1.000     
  70    22   1     2     1     3  2.81e+03   22.0       1.000     
  70    23   1     1     1     2  2.81e+03   23.0       1.000     
  70    24   1     2     1     3  2.81e+03   24.0       1.000     
  70    25   1     1     1     2  2.81e+03   25.0       1.000     
  70    26   1     2     1     3  2.82e+03   26.0       1.000     
  70    27   1     2     1     3  2.82e+03   27.0       1.000     
  70    28   1     1     1     2  2.82e+03   28.0       1.000     
  70    29   1     2     1     3  2.82e+03   29.0       1.000     
  70    30   1     2     1     3  2.82e+03   30.0       1.000     
  70    31   1     3     1     4  2.82e+03   31.0       1.000     
  70    32   1     2     1     3  2.82e+03   32.0       1.000     
  70    33   1     2     1     3  2.82e+03   33.0       1.000     
  70    34   1     1     1     2  2.82e+03   34.0       1.000     
  70    35   1     2     1     3  2.82e+03   35.0       1.000     
  70    36   1     2     1     3  2.83e+03   36.0       1.000     
  70    37   1     1     1     2  2.83e+03   37.0       1.000     
  70    38   1     2     1     3  2.83e+03   38.0       1.000     
  70    39   1     2     1     3  2.83e+03   39.0       1.000     
  70    40   1     1     1     2  2.83e+03   40.0       1.000     
  70    41   1     3     2     5  2.83e+03   41.0       1.000     
  71     1   1     3     1     4  2.83e+03   1.00       1.000     
  71     2   1     2     1     3  2.83e+03   2.00       1.000     
  71     3   1     1     1     2  2.83e+03   3.00       1.000     
  71     4   1     2     1     3  2.83e+03   4.00       1.000     
  71     5   1     1     1     2  2.84e+03   5.00       1.000     
  71     6   1     2     1     3  2.84e+03   6.00       1.000     
  71     7   1     2     1     3  2.84e+03   7.00       1.000     
  71     8   1     1     1     2  2.84e+03   8.00       1.000     
  71     9   1     2     1     3  2.84e+03   9.00       1.000     
  71    10   1     2     1     3  2.84e+03   10.0       1.000     
  71    11   1     3     1     4  2.84e+03   11.0       1.000     
  71    12   1     2     1     3  2.84e+03   12.0       1.000     
  71    13   1     2     1     3  2.84e+03   13.0       1.000     
  71    14   1     1     1     2  2.84e+03   14.0       1.000     
  71    15   1     2     1     3  2.85e+03   15.0       1.000     
  71    16   1     2     1     3  2.85e+03   16.0       1.000     
  71    17   1     1     1     2  2.85e+03   17.0       1.000     
  71    18   1     2     1     3  2.85e+03   18.0       1.000     
  71    19   1     2     1     3  2.85e+03   19.0       1.000     
  71    20   1     1     1     2  2.85e+03   20.0       1.000     
  71    21   1     2     1     3  2.85e+03   21.0       1.000     
  71    22   1     2     1     3  2.85e+03   22.0       1.000     
  71    23   1     1     1     2  2.85e+03   23.0       1.000     
  71    24   1     2     1     3  2.85e+03   24.0       1.000     
  71    25   1     1     1     2  2.86e+03   25.0       1.000     
  71    26   1     2     1     3  2.86e+03   26.0       1.000     
  71    27   1     2     1     3  2.86e+03   27.0       1.000     
  71    28   1     1     1     2  2.86e+03   28.0       1.000     
  71    29   1     2     1     3  2.86e+03   29.0       1.000     
  71    30   1     2     1     3  2.86e+03   30.0       1.000     
  71    31   1     3     1     4  2.86e+03   31.0       1.000     
  71    32   1     2     1     3  2.86e+03   32.0       1.000     
  71    33   1     2     1     3  2.86e+03   33.0       1.000     
  71    34   1     1     1     2  2.86e+03   34.0       1.000     
  71    35   1     2     1     3  2.87e+03   35.0       1.000     
  71    36   1     2     1     3  2.87e+03   36.0       1.000     
  71    37   1     1     1     2  2.87e+03   37.0       1.000     
  71    38   1     2     1     3  2.87e+03   38.0       1.000     
  71    39   1     2     1     3  2.87e+03   39.0       1.000     
  71    40   1     2     1     3  2.87e+03   40.0       1.000     
  71    41   1     3     2     5  2.87e+03   41.0       1.000     
  72     1   1     3     1     4  2.87e+03   1.00       1.000     
  72     2   1     2     1     3  2.87e+03   2.00       1.000     
  72     3   1     1     1     2  2.87e+03   3.00       1.000     
  72     4   1     2     1     3  2.88e+03   4.00       1.000     
  72     5   1     1     1     2  2.88e+03   5.00       1.000     
  72     6   1     2     1     3  2.88e+03   6.00       1.000     
  72     7   1     2     1     3  2.88e+03   7.00       1.000     
  72     8   1     1     1     2  2.88e+03   8.00       1.000     
  72     9   1     2     1     3  2.88e+03   9.00       1.000     
  72    10   1     2     1     3  2.88e+03   10.0       1.000     
  72    11   1     3     1     4  2.88e+03   11.0       1.000     
  72    12   1     2     1     3  2.88e+03   12.0       1.000     
  72    13   1     2     1     3  2.88e+03   13.0       1.000     
  72    14   1     1     1     2  2.89e+03   14.0       1.000     
  72    15   1     2     1     3  2.89e+03   15.0       1.000     
  72    16   1     2     1     3  2.89e+03   16.0       1.000     
  72    17   1     1     1     2  2.89e+03   17.0       1.000     
  72    18   1     2     1     3  2.89e+03   18.0       1.000     
  72    19   1     2     1     3  2.89e+03   19.0       1.000     
  72    20   1     1     1     2  2.89e+03   20.0       1.000     
  72    21   1     2     1     3  2.89e+03   21.0       1.000     
  72    22   1     2     1     3  2.89e+03   22.0       1.000     
  72    23   1     1     1     2  2.89e+03   23.0       1.000     
  72    24   1     2     1     3  2.90e+03   24.0       1.000     
  72    25   1     1     1     2  2.90e+03   25.0       1.000     
  72    26   1     2     1     3  2.90e+03   26.0       1.000     
  72    27   1     2     1     3  2.90e+03   27.0       1.000     
  72    28   1     1     1     2  2.90e+03   28.0       1.000     
  72    29   1     2     1     3  2.90e+03   29.0       1.000     
  72    30   1     2     1     3  2.90e+03   30.0       1.000     
  72    31   1     4     2     6  2.90e+03   31.0       1.000     
  72    32   1     2     1     3  2.90e+03   32.0       1.000     
  72    33   1     2     1     3  2.90e+03   33.0       1.000     
  72    34   1     1     1     2  2.91e+03   34.0       1.000     
  72    35   1     2     1     3  2.91e+03   35.0       1.000     
  72    36   1     2     1     3  2.91e+03   36.0       1.000     
  72    37   1     1     1     2  2.91e+03   37.0       1.000     
  72    38   1     2     1     3  2.91e+03   38.0       1.000     
  72    39   1     2     1     3  2.91e+03   39.0       1.000     
  72    40   1     2     1     3  2.91e+03   40.0       1.000     
  72    41   1     3     2     5  2.91e+03   41.0       1.000     
  73     1   1     3     1     4  2.91e+03   1.00       1.000     
  73     2   1     2     1     3  2.91e+03   2.00       1.000     
  73     3   1     1     1     2  2.92e+03   3.00       1.000     
  73     4   1     2     1     3  2.92e+03   4.00       1.000     
  73     5   1     1     1     2  2.92e+03   5.00       1.000     
  73     6   1     2     1     3  2.92e+03   6.00       1.000     
  73     7   1     2     1     3  2.92e+03   7.00       1.000     
  73     8   1     1     1     2  2.92e+03   8.00       1.000     
  73     9   1     2     1     3  2.92e+03   9.00       1.000     
  73    10   1     2     1     3  2.92e+03   10.0       1.000     
  73    11   1     3     2     5  2.92e+03   11.0       1.000     
  73    12   1     2     1     3  2.92e+03   12.0       1.000     
  73    13   1     2     1     3  2.93e+03   13.0       1.000     
  73    14   1     1     1     2  2.93e+03   14.0       1.000     
  73    15   1     2     1     3  2.93e+03   15.0       1.000     
  73    16   1     2     1     3  2.93e+03   16.0       1.000     
  73    17   1     1     1     2  2.93e+03   17.0       1.000     
  73    18   1     2     1     3  2.93e+03   18.0       1.000     
  73    19   1     2     1     3  2.93e+03   19.0       1.000     
  73    20   1     2     1     3  2.93e+03   20.0       1.000     
  73    21   1     2     1     3  2.93e+03   21.0       1.000     
  73    22   1     2     1     3  2.93e+03   22.0       1.000     
  73    23   1     1     1     2  2.94e+03   23.0       1.000     
  73    24   1     2     1     3  2.94e+03   24.0       1.000     
  73    25   1     1     1     2  2.94e+03   25.0       1.000     
  73    26   1     2     1     3  2.94e+03   26.0       1.000     
  73    27   1     2     1     3  2.94e+03   27.0       1.000     
  73    28   1     1     1     2  2.94e+03   28.0       1.000     
  73    29   1     2     1     3  2.94e+03   29.0       1.000     
  73    30   1     2     1     3  2.94e+03   30.0       1.000     
  73    31   1     6     1     7  2.94e+03   31.0       1.000     
  73    32   1     2     1     3  2.94e+03   32.0       1.000     
  73    33   1     2     1     3  2.95e+03   33.0       1.000     
  73    34   1     1     1     2  2.95e+03   34.0       1.000     
  73    35   1     2     1     3  2.95e+03   35.0       1.000     
  73    36   1     2     1     3  2.95e+03   36.0       1.000     
  73    37   1     1     1     2  2.95e+03   37.0       1.000     
  73    38   1     2     1     3  2.95e+03   38.0       1.000     
  73    39   1     2     1     3  2.95e+03   39.0       1.000     
  73    40   1     2     1     3  2.95e+03   40.0       1.000     
  73    41   1     3     2     5  2.95e+03   41.0       1.000     
  74     1   1     3     1     4  2.95e+03   1.00       1.000     
  74     2   1     1     1     2  2.96e+03   2.00       1.000     
  74     3   1     2     1     3  2.96e+03   3.00       1.000     
  74     4   1     2     1     3  2.96e+03   4.00       1.000     
  74     5   1     1     1     2  2.96e+03   5.00       1.000     
  74     6   1     2     1     3  2.96e+03   6.00       1.000     
  74     7   1     2     1     3  2.96e+03   7.00       1.000     
  74     8   1     1     1     2  2.96e+03   8.00       1.000     
  74     9   1     2     1     3  2.96e+03   9.00       1.000     
  74    10   1     2     1     3  2.96e+03   10.0       1.000     
  74    11   1     6     1     7  2.96e+03   11.0       1.000     
  74    12   1     2     1     3  2.97e+03   12.0       1.000     
  74    13   1     2     1     3  2.97e+03   13.0       1.000     
  74    14   1     1     1     2  2.97e+03   14.0       1.000     
  74    15   1     2     1     3  2.97e+03   15.0       1.000     
  74    16   1     2     1     3  2.97e+03   16.0       1.000     
  74    17   1     1     1     2  2.97e+03   17.0       1.000     
  74    18   1     2     1     3  2.97e+03   18.0       1.000     
  74    19   1     2     1     3  2.97e+03   19.0       1.000     
  74    20   1     2     1     3  2.97e+03   20.0       1.000     
  74    21   1     2     1     3  2.97e+03   21.0       1.000     
  74    22   1     2     1     3  2.98e+03   22.0       1.000     
  74    23   1     1     1     2  2.98e+03   23.0       1.000     
  74    24   1     2     1     3  2.98e+03   24.0       1.000     
  74    25   1     1     1     2  2.98e+03   25.0       1.000     
  74    26   1     2     1     3  2.98e+03   26.0       1.000     
  74    27   1     2     1     3  2.98e+03   27.0       1.000     
  74    28   1     1     1     2  2.98e+03   28.0       1.000     
  74    29   1     2     1     3  2.98e+03   29.0       1.000     
  74    30   1     2     1     3  2.98e+03   30.0       1.000     
  74    31   1     5     1     6  2.98e+03   31.0       1.000     
  74    32   1     2     1     3  2.99e+03   32.0       1.000     
  74    33   1     2     1     3  2.99e+03   33.0       1.000     
  74    34   1     1     1     2  2.99e+03   34.0       1.000     
  74    35   1     2     1     3  2.99e+03   35.0       1.000     
  74    36   1     2     1     3  2.99e+03   36.0       1.000     
  74    37   1     1     1     2  2.99e+03   37.0       1.000     
  74    38   1     2     1     3  2.99e+03   38.0       1.000     
  74    39   1     2     1     3  2.99e+03   39.0       1.000     
  74    40   1     2     1     3  2.99e+03   40.0       1.000     
  74    41   1     3     2     5  2.99e+03   41.0       1.000     
  75     1   1     3     1     4  3.00e+03   1.00       1.000     
  75     2   1     1     1     2  3.00e+03   2.00       1.000     
  75     3   1     2     1     3  3.00e+03   3.00       1.000     
  75     4   1     2     1     3  3.00e+03   4.00       1.000     
  75     5   1     1     1     2  3.00e+03   5.00       1.000     
  75     6   1     2     1     3  3.00e+03   6.00       1.000     
  75     7   1     2     1     3  3.00e+03   7.00       1.000     
  75     8   1     2     1     3  3.00e+03   8.00       1.000     
  75     9   1     1     1     2  3.00e+03   9.00       1.000     
  75    10   1     2     1     3  3.00e+03   10.0       1.000     
  75    11   1     5     1     6  3.01e+03   11.0       1.000     
  75    12   1     2     1     3  3.01e+03   12.0       1.000     
  75    13   1     2     1     3  3.01e+03   13.0       1.000     
  75    14   1     1     1     2  3.01e+03   14.0       1.000     
  75    15   1     2     1     3  3.01e+03   15.0       1.000     
  75    16   1     2     1     3  3.01e+03   16.0       1.000     
  75    17   1     1     1     2  3.01e+03   17.0       1.000     
  75    18   1     2     1     3  3.01e+03   18.0       1.000     
  75    19   1     2     1     3  3.01e+03   19.0       1.000     
  75    20   1     2     1     3  3.01e+03   20.0       1.000     
  75    21   1     2     1     3  3.02e+03   21.0       1.000     
  75    22   1     2     1     3  3.02e+03   22.0       1.000     
  75    23   1     1     1     2  3.02e+03   23.0       1.000     
  75    24   1     2     1     3  3.02e+03   24.0       1.000     
  75    25   1     1     1     2  3.02e+03   25.0       1.000     
  75    26   1     2     1     3  3.02e+03   26.0       1.000     
  75    27   1     2     1     3  3.02e+03   27.0       1.000     
  75    28   1     2     1     3  3.02e+03   28.0       1.000     
  75    29   1     2     1     3  3.02e+03   29.0       1.000     
  75    30   1     1     1     2  3.02e+03   30.0       1.000     
  75    31   1     5     1     6  3.03e+03   31.0       1.000     
  75    32   1     2     1     3  3.03e+03   32.0       1.000     
  75    33   1     2     1     3  3.03e+03   33.0       1.000     
  75    34   1     2     0     2  3.03e+03   34.0       1.000     
  75    35   1     2     1     3  3.03e+03   35.0       1.000     
  75    36   1     2     1     3  3.03e+03   36.0       1.000     
  75    37   1     1     1     2  3.03e+03   37.0       1.000     
  75    38   1     2     1     3  3.03e+03   38.0       1.000     
  75    39   1     2     1     3  3.03e+03   39.0       1.000     
  75    40   1     2     1     3  3.03e+03   40.0       1.000     
  75    41   1     3     2     5  3.04e+03   41.0       1.000     
  76     1   1     3     1     4  3.04e+03   1.00       1.000     
  76     2   1     1     1     2  3.04e+03   2.00       1.000     
  76     3   1     2     1     3  3.04e+03   3.00       1.000     
  76     4   1     2     1     3  3.04e+03   4.00       1.000     
  76     5   1     1     1     2  3.04e+03   5.00       1.000     
  76     6   1     2     1     3  3.04e+03   6.00       1.000     
  76     7   1     2     1     3  3.04e+03   7.00       1.000     
  76     8   1     2     1     3  3.04e+03   8.00       1.000     
  76     9   1     2     1     3  3.04e+03   9.00       1.000     
  76    10   1     1     1     2  3.05e+03   10.0       1.000     
  76    11   1     4     1     5  3.05e+03   11.0       1.000     
  76    12   1     2     1     3  3.05e+03   12.0       1.000     
  76    13   1     2     1     3  3.05e+03   13.0       1.000     
  76    14   1     1     2     3  3.05e+03   14.0       1.000     
  76    15   1     2     1     3  3.05e+03   15.0       1.000     
  76    16   1     2     1     3  3.05e+03   16.0       1.000     
  76    17   1     1     1     2  3.05e+03   17.0       1.000     
  76    18   1     2     1     3  3.05e+03   18.0       1.000     
  76    19   1     2     1     3  3.05e+03   19.0       1.000     
  76    20   1     2     1     3  3.06e+03   20.0       1.000     
  76    21   1     2     1     3  3.06e+03   21.0       1.000     
  76    22   1     1     1     2  3.06e+03   22.0       1.000     
  76    23   1     2     1     3  3.06e+03   23.0       1.000     
  76    24   1     2     1     3  3.06e+03   24.0       1.000     
  76    25   1     2     1     3  3.06e+03   25.0       1.000     
  76    26   1     1     1     2  3.06e+03   26.0       1.000     
  76    27   1     2     1     3  3.06e+03   27.0       1.000     
  76    28   1     2     1     3  3.06e+03   28.0       1.000     
  76    29   1     2     1     3  3.06e+03   29.0       1.000     
  76    30   1     1     1     2  3.07e+03   30.0       1.000     
  76    31   1     4     1     5  3.07e+03   31.0       1.000     
  76    32   1     2     1     3  3.07e+03   32.0       1.000     
  76    33   1     1     1     2  3.07e+03   33.0       1.000     
  76    34   1     2     1     3  3.07e+03   34.0       1.000     
  76    35   1     2     1     3  3.07e+03   35.0       1.000     
  76    36   1     2     1     3  3.07e+03   36.0       1.000     
  76    37   1     1     1     2  3.07e+03   37.0       1.000     
  76    38   1     2     1     3  3.07e+03   38.0       1.000     
  76    39   1     2     1     3  3.07e+03   39.0       1.000     
  76    40   1     2     1     3  3.08e+03   40.0       1.000     
  76    41   1     3     2     5  3.08e+03   41.0       1.000     
  77     1   1     3     1     4  3.08e+03   1.00       1.000     
  77     2   1     2     1     3  3.08e+03   2.00       1.000     
  77     3   1     2     1     3  3.08e+03   3.00       1.000     
  77     4   1     2     1     3  3.08e+03   4.00       1.000     
  77     5   1     2     0     2  3.08e+03   5.00       1.000     
  77     6   1     1     1     2  3.08e+03   6.00       1.000     
  77     7   1     2     1     3  3.08e+03   7.00       1.000     
  77     8   1     2     1     3  3.08e+03   8.00       1.000     
  77     9   1     2     1     3  3.09e+03   9.00       1.000     
  77    10   1     2     1     3  3.09e+03   10.0       1.000     
  77    11   1     3     1     4  3.09e+03   11.0       1.000     
  77    12   1     1     1     2  3.09e+03   12.0       1.000     
  77    13   1     1     1     2  3.09e+03   13.0       1.000     
  77    14   1     2     1     3  3.09e+03   14.0       1.000     
  77    15   1     2     1     3  3.09e+03   15.0       1.000     
  77    16   1     2     1     3  3.09e+03   16.0       1.000     
  77    17   1     1     1     2  3.09e+03   17.0       1.000     
  77    18   1     2     1     3  3.09e+03   18.0       1.000     
  77    19   1     2     1     3  3.10e+03   19.0       1.000     
  77    20   1     2     1     3  3.10e+03   20.0       1.000     
  77    21   1     2     1     3  3.10e+03   21.0       1.000     
  77    22   1     2     1     3  3.10e+03   22.0       1.000     
  77    23   1     2     1     3  3.10e+03   23.0       1.000     
  77    24   1     2     1     3  3.10e+03   24.0       1.000     
  77    25   1     2     1     3  3.10e+03   25.0       1.000     
  77    26   1     1     1     2  3.10e+03   26.0       1.000     
  77    27   1     2     1     3  3.10e+03   27.0       1.000     
  77    28   1     2     1     3  3.10e+03   28.0       1.000     
  77    29   1     2     1     3  3.11e+03   29.0       1.000     
  77    30   1     2     1     3  3.11e+03   30.0       1.000     
  77    31   1     3     1     4  3.11e+03   31.0       1.000     
  77    32   1     1     1     2  3.11e+03   32.0       1.000     
  77    33   1     1     1     2  3.11e+03   33.0       1.000     
  77    34   1     2     1     3  3.11e+03   34.0       1.000     
  77    35   1     2     1     3  3.11e+03   35.0       1.000     
  77    36   1     2     1     3  3.11e+03   36.0       1.000     
  77    37   1     1     2     3  3.11e+03   37.0       1.000     
  77    38   1     2     1     3  3.11e+03   38.0       1.000     
  77    39   1     2     1     3  3.12e+03   39.0       1.000     
  77    40   1     2     1     3  3.12e+03   40.0       1.000     
  77    41   1     4     2     6  3.12e+03   41.0       1.000     
  78     1   1     3     1     4  3.12e+03   1.00       1.000     
  78     2   1     2     1     3  3.12e+03   2.00       1.000     
  78     3   1     2     1     3  3.12e+03   3.00       1.000     
  78     4   1     2     1     3  3.12e+03   4.00       1.000     
  78     5   1     2     1     3  3.12e+03   5.00       1.000     
  78     6   1     1     1     2  3.12e+03   6.00       1.000     
  78     7   1     2     1     3  3.12e+03   7.00       1.000     
  78     8   1     2     1     3  3.13e+03   8.00       1.000     
  78     9   1     2     1     3  3.13e+03   9.00       1.000     
  78    10   1     2     1     3  3.13e+03   10.0       1.000     
  78    11   1     2     2     4  3.13e+03   11.0       1.000     
  78    12   1     1     1     2  3.13e+03   12.0       1.000     
  78    13   1     1     1     2  3.13e+03   13.0       1.000     
  78    14   1     2     1     3  3.13e+03   14.0       1.000     
  78    15   1     2     1     3  3.13e+03   15.0       1.000     
  78    16   1     2     1     3  3.13e+03   16.0       1.000     
  78    17   1     1     2     3  3.13e+03   17.0       1.000     
  78    18   1     2     1     3  3.14e+03   18.0       1.000     
  78    19   1     2     1     3  3.14e+03   19.0       1.000     
  78    20   1     2     1     3  3.14e+03   20.0       1.000     
  78    21   1     2     1     3  3.14e+03   21.0       1.000     
  78    22   1     2     1     3  3.14e+03   22.0       1.000     
  78    23   1     2     1     3  3.14e+03   23.0       1.000     
  78    24   1     2     1     3  3.14e+03   24.0       1.000     
  78    25   1     2     1     3  3.14e+03   25.0       1.000     
  78    26   1     1     1     2  3.14e+03   26.0       1.000     
  78    27   1     2     1     3  3.14e+03   27.0       1.000     
  78    28   1     2     1     3  3.15e+03   28.0       1.000     
  78    29   1     2     1     3  3.15e+03   29.0       1.000     
  78    30   1     2     1     3  3.15e+03   30.0       1.000     
  78    31   1     2     2     4  3.15e+03   31.0       1.000     
  78    32   1     1     1     2  3.15e+03   32.0       1.000     
  78    33   1     1     1     2  3.15e+03   33.0       1.000     
  78    34   1     2     1     3  3.15e+03   34.0       1.000     
  78    35   1     2     1     3  3.15e+03   35.0       1.000     
  78    36   1     2     1     3  3.15e+03   36.0       1.000     
  78    37   1     1     2     3  3.15e+03   37.0       1.000     
  78    38   1     2     1     3  3.16e+03   38.0       1.000     
  78    39   1     2     1     3  3.16e+03   39.0       1.000     
  78    40   1     2     1     3  3.16e+03   40.0       1.000     
  78    41   1     4     2     6  3.16e+03   41.0       1.000     
  79     1   1     3     1     4  3.16e+03   1.00       1.000     
  79     2   1     2     1     3  3.16e+03   2.00       1.000     
  79     3   1     2     1     3  3.16e+03   3.00       1.000     
  79     4   1     2     1     3  3.16e+03   4.00       1.000     
  79     5   1     2     1     3  3.16e+03   5.00       1.000     
  79     6   1     1     1     2  3.16e+03   6.00       1.000     
  79     7   1     2     1     3  3.17e+03   7.00       1.000     
  79     8   1     2     1     3  3.17e+03   8.00       1.000     
  79     9   1     2     1     3  3.17e+03   9.00       1.000     
  79    10   1     2     1     3  3.17e+03   10.0       1.000     
  79    11   1     3     2     5  3.17e+03   11.0       1.000     
  79    12   1     2     1     3  3.17e+03   12.0       1.000     
  79    13   1     1     1     2  3.17e+03   13.0       1.000     
  79    14   1     2     1     3  3.17e+03   14.0       1.000     
  79    15   1     2     1     3  3.17e+03   15.0       1.000     
  79    16   1     2     1     3  3.17e+03   16.0       1.000     
  79    17   1     1     2     3  3.18e+03   17.0       1.000     
  79    18   1     2     1     3  3.18e+03   18.0       1.000     
  79    19   1     2     1     3  3.18e+03   19.0       1.000     
  79    20   1     2     1     3  3.18e+03   20.0       1.000     
  79    21   1     2     1     3  3.18e+03   21.0       1.000     
  79    22   1     2     1     3  3.18e+03   22.0       1.000     
  79    23   1     2     1     3  3.18e+03   23.0       1.000     
  79    24   1     2     1     3  3.18e+03   24.0       1.000     
  79    25   1     2     1     3  3.18e+03   25.0       1.000     
  79    26   1     1     1     2  3.18e+03   26.0       1.000     
  79    27   1     2     1     3  3.19e+03   27.0       1.000     
  79    28   1     2     1     3  3.19e+03   28.0       1.000     
  79    29   1     2     1     3  3.19e+03   29.0       1.000     
  79    30   1     2     1     3  3.19e+03   30.0       1.000     
  79    31   1     3     2     5  3.19e+03   31.0       1.000     
  79    32   1     2     1     3  3.19e+03   32.0       1.000     
  79    33   1     1     1     2  3.19e+03   33.0       1.000     
  79    34   1     2     1     3  3.19e+03   34.0       1.000     
  79    35   1     2     1     3  3.19e+03   35.0       1.000     
  79    36   1     2     1     3  3.19e+03   36.0       1.000     
  79    37   1     1     2     3  3.20e+03   37.0       1.000     
  79    38   1     2     1     3  3.20e+03   38.0       1.000     
  79    39   1     2     1     3  3.20e+03   39.0       1.000     
  79    40   1     2     1     3  3.20e+03   40.0       1.000     
  79    41   1     3     2     5  3.20e+03   41.0       1.000     
  80     1   1     3     1     4  3.20e+03   1.00       1.000     
  80     2   1     2     1     3  3.20e+03   2.00       1.000     
  80     3   1     2     1     3  3.20e+03   3.00       1.000     
  80     4   1     2     1     3  3.20e+03   4.00       1.000     
  80     5   1     2     1     3  3.20e+03   5.00       1.000     
  80     6   1     1     1     2  3.21e+03   6.00       1.000     
  80     7   1     2     1     3  3.21e+03   7.00       1.000     
  80     8   1     2     1     3  3.21e+03   8.00       1.000     
  80     9   1     2     1     3  3.21e+03   9.00       1.000     
  80    10   1     2     1     3  3.21e+03   10.0       1.000     
  80    11   1     3     2     5  3.21e+03   11.0       1.000     
  80    12   1     2     1     3  3.21e+03   12.0       1.000     
  80    13   1     1     1     2  3.21e+03   13.0       1.000     
  80    14   1     2     1     3  3.21e+03   14.0       1.000     
  80    15   1     2     1     3  3.21e+03   15.0       1.000     
  80    16   1     2     1     3  3.22e+03   16.0       1.000     
  80    17   1     1     2     3  3.22e+03   17.0       1.000     
  80    18   1     2     1     3  3.22e+03   18.0       1.000     
  80    19   1     2     1     3  3.22e+03   19.0       1.000     
  80    20   1     2     1     3  3.22e+03   20.0       1.000     
  80    21   1     2     1     3  3.22e+03   21.0       1.000     
  80    22   1     1     1     2  3.22e+03   22.0       1.000     
  80    23   1     2     1     3  3.22e+03   23.0       1.000     
  80    24   1     2     1     3  3.22e+03   24.0       1.000     
  80    25   1     2     1     3  3.22e+03   25.0       1.000     
  80    26   1     1     1     2  3.23e+03   26.0       1.000     
  80    27   1     2     1     3  3.23e+03   27.0       1.000     
  80    28   1     2     1     3  3.23e+03   28.0       1.000     
  80    29   1     2     1     3  3.23e+03   29.0       1.000     
  80    30   1     2     1     3  3.23e+03   30.0       1.000     
  80    31   1     3     2     5  3.23e+03   31.0       1.000     
  80    32   1     2     1     3  3.23e+03   32.0       1.000     
  80    33   1     1     1     2  3.23e+03   33.0       1.000     
  80    34   1     2     1     3  3.23e+03   34.0       1.000     
  80    35   1     2     1     3  3.23e+03   35.0       1.000     
  80    36   1     2     1     3  3.24e+03   36.0       1.000     
  80    37   1     1     2     3  3.24e+03   37.0       1.000     
  80    38   1     2     1     3  3.24e+03   38.0       1.000     
  80    39   1     2     1     3  3.24e+03   39.0       1.000     
  80    40   1     2     1     3  3.24e+03   40.0       1.000     
  80    41   1     3     2     5  3.24e+03   41.0       1.000     
  81     1   1     3     1     4  3.24e+03   1.00       1.000     
  81     2   1     1     1     2  3.24e+03   2.00       1.000     
  81     3   1     2     1     3  3.24e+03   3.00       1.000     
  81     4   1     2     1     3  3.24e+03   4.00       1.000     
  81     5   1     2     1     3  3.25e+03   5.00       1.000     
  81     6   1     1     1     2  3.25e+03   6.00       1.000     
  81     7   1     2     1     3  3.25e+03   7.00       1.000     
  81     8   1     2     1     3  3.25e+03   8.00       1.000     
  81     9   1     2     1     3  3.25e+03   9.00       1.000     
  81    10   1     2     1     3  3.25e+03   10.0       1.000     
  81    11   1     3     2     5  3.25e+03   11.0       1.000     
  81    12   1     2     1     3  3.25e+03   12.0       1.000     
  81    13   1     1     1     2  3.25e+03   13.0       1.000     
  81    14   1     2     1     3  3.25e+03   14.0       1.000     
  81    15   1     2     1     3  3.26e+03   15.0       1.000     
  81    16   1     2     1     3  3.26e+03   16.0       1.000     
  81    17   1     1     2     3  3.26e+03   17.0       1.000     
  81    18   1     2     1     3  3.26e+03   18.0       1.000     
  81    19   1     2     1     3  3.26e+03   19.0       1.000     
  81    20   1     2     1     3  3.26e+03   20.0       1.000     
  81    21   1     2     1     3  3.26e+03   21.0       1.000     
  81    22   1     1     1     2  3.26e+03   22.0       1.000     
  81    23   1     2     1     3  3.26e+03   23.0       1.000     
  81    24   1     2     1     3  3.26e+03   24.0       1.000     
  81    25   1     2     1     3  3.27e+03   25.0       1.000     
  81    26   1     1     1     2  3.27e+03   26.0       1.000     
  81    27   1     2     1     3  3.27e+03   27.0       1.000     
  81    28   1     2     1     3  3.27e+03   28.0       1.000     
  81    29   1     2     1     3  3.27e+03   29.0       1.000     
  81    30   1     2     1     3  3.27e+03   30.0       1.000     
  81    31   1     3     2     5  3.27e+03   31.0       1.000     
  81    32   1     2     1     3  3.27e+03   32.0       1.000     
  81    33   1     2     1     3  3.27e+03   33.0       1.000     
  81    34   1     3     1     4  3.27e+03   34.0       1.000     
  81    35   1     2     1     3  3.28e+03   35.0       1.000     
  81    36   1     2     1     3  3.28e+03   36.0       1.000     
  81    37   1     1     2     3  3.28e+03   37.0       1.000     
  81    38   1     2     1     3  3.28e+03   38.0       1.000     
  81    39   1     2     1     3  3.28e+03   39.0       1.000     
  81    40   1     2     1     3  3.28e+03   40.0       1.000     
  81    41   1     3     2     5  3.28e+03   41.0       1.000     
  82     1   1     3     1     4  3.28e+03   1.00       1.000     
  82     2   1     1     1     2  3.28e+03   2.00       1.000     
  82     3   1     2     1     3  3.28e+03   3.00       1.000     
  82     4   1     2     1     3  3.29e+03   4.00       1.000     
  82     5   1     2     1     3  3.29e+03   5.00       1.000     
  82     6   1     1     1     2  3.29e+03   6.00       1.000     
  82     7   1     2     1     3  3.29e+03   7.00       1.000     
  82     8   1     2     1     3  3.29e+03   8.00       1.000     
  82     9   1     2     1     3  3.29e+03   9.00       1.000     
  82    10   1     2     1     3  3.29e+03   10.0       1.000     
  82    11   1     3     1     4  3.29e+03   11.0       1.000     
  82    12   1     3     1     4  3.29e+03   12.0       1.000     
  82    13   1     3     1     4  3.29e+03   13.0       1.000     
  82    14   1     3     1     4  3.30e+03   14.0       1.000     
  82    15   1     2     1     3  3.30e+03   15.0       1.000     
  82    16   1     2     1     3  3.30e+03   16.0       1.000     
  82    17   1     1     2     3  3.30e+03   17.0       1.000     
  82    18   1     2     1     3  3.30e+03   18.0       1.000     
  82    19   1     2     1     3  3.30e+03   19.0       1.000     
  82    20   1     2     1     3  3.30e+03   20.0       1.000     
  82    21   1     2     1     3  3.30e+03   21.0       1.000     
  82    22   1     1     1     2  3.30e+03   22.0       1.000     
  82    23   1     2     1     3  3.30e+03   23.0       1.000     
  82    24   1     2     1     3  3.31e+03   24.0       1.000     
  82    25   1     2     1     3  3.31e+03   25.0       1.000     
  82    26   1     1     1     2  3.31e+03   26.0       1.000     
  82    27   1     2     1     3  3.31e+03   27.0       1.000     
  82    28   1     2     1     3  3.31e+03   28.0       1.000     
  82    29   1     2     1     3  3.31e+03   29.0       1.000     
  82    30   1     2     1     3  3.31e+03   30.0       1.000     
  82    31   1     3     2     5  3.31e+03   31.0       1.000     
  82    32   1     3     0     3  3.31e+03   32.0       1.000     
  82    33   1     3     1     4  3.31e+03   33.0       1.000     
  82    34   1     2     1     3  3.32e+03   34.0       1.000     
  82    35   1     2     1     3  3.32e+03   35.0       1.000     
  82    36   1     2     1     3  3.32e+03   36.0       1.000     
  82    37   1     1     1     2  3.32e+03   37.0       1.000     
  82    38   1     2     1     3  3.32e+03   38.0       1.000     
  82    39   1     2     1     3  3.32e+03   39.0       1.000     
  82    40   1     2     1     3  3.32e+03   40.0       1.000     
  82    41   1     3     2     5  3.32e+03   41.0       1.000     
  83     1   1     3     1     4  3.32e+03   1.00       1.000     
  83     2   1     1     1     2  3.32e+03   2.00       1.000     
  83     3   1     2     1     3  3.33e+03   3.00       1.000     
  83     4   1     2     1     3  3.33e+03   4.00       1.000     
  83     5   1     2     1     3  3.33e+03   5.00       1.000     
  83     6   1     1     1     2  3.33e+03   6.00       1.000     
  83     7   1     2     1     3  3.33e+03   7.00       1.000     
  83     8   1     2     1     3  3.33e+03   8.00       1.000     
  83     9   1     2     1     3  3.33e+03   9.00       1.000     
  83    10   1     2     1     3  3.33e+03   10.0       1.000     
  83    11   1     3     1     4  3.33e+03   11.0       1.000     
  83    12   1     3     1     4  3.33e+03   12.0       1.000     
  83    13   1     3     1     4  3.34e+03   13.0       1.000     
  83    14   1     3     1     4  3.34e+03   14.0       1.000     
  83    15   1     2     1     3  3.34e+03   15.0       1.000     
  83    16   1     2     1     3  3.34e+03   16.0       1.000     
  83    17   1     1     1     2  3.34e+03   17.0       1.000     
  83    18   1     2     1     3  3.34e+03   18.0       1.000     
  83    19   1     2     1     3  3.34e+03   19.0       1.000     
  83    20   1     2     1     3  3.34e+03   20.0       1.000     
  83    21   1     2     1     3  3.34e+03   21.0       1.000     
  83    22   1     1     1     2  3.34e+03   22.0       1.000     
  83    23   1     2     1     3  3.35e+03   23.0       1.000     
  83    24   1     2     1     3  3.35e+03   24.0       1.000     
  83    25   1     2     1     3  3.35e+03   25.0       1.000     
  83    26   1     1     1     2  3.35e+03   26.0       1.000     
  83    27   1     2     1     3  3.35e+03   27.0       1.000     
  83    28   1     2     1     3  3.35e+03   28.0       1.000     
  83    29   1     2     1     3  3.35e+03   29.0       1.000     
  83    30   1     2     1     3  3.35e+03   30.0       1.000     
  83    31   1     3     2     5  3.35e+03   31.0       1.000     
  83    32   1     3     1     4  3.35e+03   32.0       1.000     
  83    33   1     3     1     4  3.36e+03   33.0       1.000     
  83    34   1     2     1     3  3.36e+03   34.0       1.000     
  83    35   1     2     1     3  3.36e+03   35.0       1.000     
  83    36   1     2     1     3  3.36e+03   36.0       1.000     
  83    37   1     1     1     2  3.36e+03   37.0       1.000     
  83    38   1     2     1     3  3.36e+03   38.0       1.000     
  83    39   1     2     1     3  3.36e+03   39.0       1.000     
  83    40   1     2     1     3  3.36e+03   40.0       1.000     
  83    41   1     2     1     3  3.36e+03   41.0       1.000     
  84     1   1     3     1     4  3.36e+03   1.00       1.000     
  84     2   1     1     1     2  3.37e+03   2.00       1.000     
  84     3   1     2     1     3  3.37e+03   3.00       1.000     
  84     4   1     2     1     3  3.37e+03   4.00       1.000     
  84     5   1     2     1     3  3.37e+03   5.00       1.000     
  84     6   1     1     1     2  3.37e+03   6.00       1.000     
  84     7   1     2     1     3  3.37e+03   7.00       1.000     
  84     8   1     2     1     3  3.37e+03   8.00       1.000     
  84     9   1     2     1     3  3.37e+03   9.00       1.000     
  84    10   1     2     1     3  3.37e+03   10.0       1.000     
  84    11   1     3     1     4  3.37e+03   11.0       1.000     
  84    12   1     3     1     4  3.38e+03   12.0       1.000     
  84    13   1     3     1     4  3.38e+03   13.0       1.000     
  84    14   1     2     1     3  3.38e+03   14.0       1.000     
  84    15   1     2     1     3  3.38e+03   15.0       1.000     
  84    16   1     2     1     3  3.38e+03   16.0       1.000     
  84    17   1     1     1     2  3.38e+03   17.0       1.000     
  84    18   1     2     1     3  3.38e+03   18.0       1.000     
  84    19   1     2     1     3  3.38e+03   19.0       1.000     
  84    20   1     2     1     3  3.38e+03   20.0       1.000     
  84    21   1     2     1     3  3.38e+03   21.0       1.000     
  84    22   1     1     1     2  3.39e+03   22.0       1.000     
  84    23   1     2     1     3  3.39e+03   23.0       1.000     
  84    24   1     2     1     3  3.39e+03   24.0       1.000     
  84    25   1     2     1     3  3.39e+03   25.0       1.000     
  84    26   1     1     1     2  3.39e+03   26.0       1.000     
  84    27   1     2     1     3  3.39e+03   27.0       1.000     
  84    28   1     2     1     3  3.39e+03   28.0       1.000     
  84    29   1     2     1     3  3.39e+03   29.0       1.000     
  84    30   1     2     1     3  3.39e+03   30.0       1.000     
  84    31   1     3     2     5  3.39e+03   31.0       1.000     
  84    32   1     3     1     4  3.40e+03   32.0       1.000     
  84    33   1     3     1     4  3.40e+03   33.0       1.000     
  84    34   1     2     1     3  3.40e+03   34.0       1.000     
  84    35   1     2     1     3  3.40e+03   35.0       1.000     
  84    36   1     2     1     3  3.40e+03   36.0       1.000     
  84    37   1     1     1     2  3.40e+03   37.0       1.000     
  84    38   1     2     1     3  3.40e+03   38.0       1.000     
  84    39   1     2     1     3  3.40e+03   39.0       1.000     
  84    40   1     2     1     3  3.40e+03   40.0       1.000     
  84    41   1     2     1     3  3.40e+03   41.0       1.000     
  85     1   1     3     1     4  3.41e+03   1.00       1.000     
  85     2   1     1     1     2  3.41e+03   2.00       1.000     
  85     3   1     2     1     3  3.41e+03   3.00       1.000     
  85     4   1     2     1     3  3.41e+03   4.00       1.000     
  85     5   1     2     1     3  3.41e+03   5.00       1.000     
  85     6   1     1     1     2  3.41e+03   6.00       1.000     
  85     7   1     2     1     3  3.41e+03   7.00       1.000     
  85     8   1     2     1     3  3.41e+03   8.00       1.000     
  85     9   1     2     1     3  3.41e+03   9.00       1.000     
  85    10   1     2     1     3  3.41e+03   10.0       1.000     
  85    11   1     3     1     4  3.42e+03   11.0       1.000     
  85    12   1     3     1     4  3.42e+03   12.0       1.000     
  85    13   1     3     1     4  3.42e+03   13.0       1.000     
  85    14   1     2     1     3  3.42e+03   14.0       1.000     
  85    15   1     2     1     3  3.42e+03   15.0       1.000     
  85    16   1     2     1     3  3.42e+03   16.0       1.000     
  85    17   1     1     1     2  3.42e+03   17.0       1.000     
  85    18   1     2     1     3  3.42e+03   18.0       1.000     
  85    19   1     2     1     3  3.42e+03   19.0       1.000     
  85    20   1     2     1     3  3.42e+03   20.0       1.000     
  85    21   1     2     1     3  3.43e+03   21.0       1.000     
  85    22   1     1     1     2  3.43e+03   22.0       1.000     
  85    23   1     2     1     3  3.43e+03   23.0       1.000     
  85    24   1     2     1     3  3.43e+03   24.0       1.000     
  85    25   1     2     1     3  3.43e+03   25.0       1.000     
  85    26   1     1     1     2  3.43e+03   26.0       1.000     
  85    27   1     2     1     3  3.43e+03   27.0       1.000     
  85    28   1     2     1     3  3.43e+03   28.0       1.000     
  85    29   1     2     1     3  3.43e+03   29.0       1.000     
  85    30   1     2     1     3  3.43e+03   30.0       1.000     
  85    31   1     4     1     5  3.44e+03   31.0       1.000     
  85    32   1     3     1     4  3.44e+03   32.0       1.000     
  85    33   1     3     1     4  3.44e+03   33.0       1.000     
  85    34   1     2     1     3  3.44e+03   34.0       1.000     
  85    35   1     2     1     3  3.44e+03   35.0       1.000     
  85    36   1     2     1     3  3.44e+03   36.0       1.000     
  85    37   1     1     1     2  3.44e+03   37.0       1.000     
  85    38   1     2     1     3  3.44e+03   38.0       1.000     
  85    39   1     2     1     3  3.44e+03   39.0       1.000     
  85    40   1     2     1     3  3.44e+03   40.0       1.000     
  85    41   1     2     1     3  3.45e+03   41.0       1.000     
  86     1   1     3     1     4  3.45e+03   1.00       1.000     
  86     2   1     1     1     2  3.45e+03   2.00       1.000     
  86     3   1     2     1     3  3.45e+03   3.00       1.000     
  86     4   1     2     1     3  3.45e+03   4.00       1.000     
  86     5   1     2     1     3  3.45e+03   5.00       1.000     
  86     6   1     1     1     2  3.45e+03   6.00       1.000     
  86     7   1     2     1     3  3.45e+03   7.00       1.000     
  86     8   1     2     1     3  3.45e+03   8.00       1.000     
  86     9   1     2     1     3  3.45e+03   9.00       1.000     
  86    10   1     2     1     3  3.46e+03   10.0       1.000     
  86    11   1     5     2     7  3.46e+03   11.0       1.000     
  86    12   1     3     1     4  3.46e+03   12.0       1.000     
  86    13   1     3     1     4  3.46e+03   13.0       1.000     
  86    14   1     2     1     3  3.46e+03   14.0       1.000     
  86    15   1     2     1     3  3.46e+03   15.0       1.000     
  86    16   1     2     1     3  3.46e+03   16.0       1.000     
  86    17   1     1     1     2  3.46e+03   17.0       1.000     
  86    18   1     2     1     3  3.46e+03   18.0       1.000     
  86    19   1     2     1     3  3.46e+03   19.0       1.000     
  86    20   1     2     1     3  3.47e+03   20.0       1.000     
  86    21   1     2     1     3  3.47e+03   21.0       1.000     
  86    22   1     1     1     2  3.47e+03   22.0       1.000     
  86    23   1     2     1     3  3.47e+03   23.0       1.000     
  86    24   1     2     1     3  3.47e+03   24.0       1.000     
  86    25   1     2     1     3  3.47e+03   25.0       1.000     
  86    26   1     1     1     2  3.47e+03   26.0       1.000     
  86    27   1     2     1     3  3.47e+03   27.0       1.000     
  86    28   1     2     1     3  3.47e+03   28.0       1.000     
  86    29   1     2     1     3  3.47e+03   29.0       1.000     
  86    30   1     2     1     3  3.48e+03   30.0       1.000     
  86    31   1     5     2     7  3.48e+03   31.0       1.000     
  86    32   1     3     1     4  3.48e+03   32.0       1.000     
  86    33   1     3     1     4  3.48e+03   33.0       1.000     
  86    34   1     2     1     3  3.48e+03   34.0       1.000     
  86    35   1     2     1     3  3.48e+03   35.0       1.000     
  86    36   1     2     1     3  3.48e+03   36.0       1.000     
  86    37   1     2     1     3  3.48e+03   37.0       1.000     
  86    38   1     2     1     3  3.48e+03   38.0       1.000     
  86    39   1     2     1     3  3.48e+03   39.0       1.000     
  86    40   1     2     1     3  3.49e+03   40.0       1.000     
  86    41   1     2     1     3  3.49e+03   41.0       1.000     
  87     1   1     3     0     3  3.49e+03   1.00       1.000     
  87     2   1     1     1     2  3.49e+03   2.00       1.000     
  87     3   1     2     1     3  3.49e+03   3.00       1.000     
  87     4   1     2     1     3  3.49e+03   4.00       1.000     
  87     5   1     2     1     3  3.49e+03   5.00       1.000     
  87     6   1     1     1     2  3.49e+03   6.00       1.000     
  87     7   1     2     1     3  3.49e+03   7.00       1.000     
  87     8   1     2     1     3  3.49e+03   8.00       1.000     
  87     9   1     2     1     3  3.50e+03   9.00       1.000     
  87    10   1     2     1     3  3.50e+03   10.0       1.000     
  87    11   1     5     2     7  3.50e+03   11.0       1.000     
  87    12   1     3     1     4  3.50e+03   12.0       1.000     
  87    13   1     3     1     4  3.50e+03   13.0       1.000     
  87    14   1     2     1     3  3.50e+03   14.0       1.000     
  87    15   1     2     1     3  3.50e+03   15.0       1.000     
  87    16   1     2     1     3  3.50e+03   16.0       1.000     
  87    17   1     1     1     2  3.50e+03   17.0       1.000     
  87    18   1     2     1     3  3.50e+03   18.0       1.000     
  87    19   1     2     1     3  3.51e+03   19.0       1.000     
  87    20   1     2     1     3  3.51e+03   20.0       1.000     
  87    21   1     2     1     3  3.51e+03   21.0       1.000     
  87    22   1     1     1     2  3.51e+03   22.0       1.000     
  87    23   1     2     1     3  3.51e+03   23.0       1.000     
  87    24   1     2     1     3  3.51e+03   24.0       1.000     
  87    25   1     2     1     3  3.51e+03   25.0       1.000     
  87    26   1     1     2     3  3.51e+03   26.0       1.000     
  87    27   1     2     1     3  3.51e+03   27.0       1.000     
  87    28   1     2     1     3  3.51e+03   28.0       1.000     
  87    29   1     2     1     3  3.52e+03   29.0       1.000     
  87    30   1     2     1     3  3.52e+03   30.0       1.000     
  87    31   1     4     2     6  3.52e+03   31.0       1.000     
  87    32   1     2     1     3  3.52e+03   32.0       1.000     
  87    33   1     3     1     4  3.52e+03   33.0       1.000     
  87    34   1     2     1     3  3.52e+03   34.0       1.000     
  87    35   1     2     1     3  3.52e+03   35.0       1.000     
  87    36   1     2     1     3  3.52e+03   36.0       1.000     
  87    37   1     1     1     2  3.52e+03   37.0       1.000     
  87    38   1     2     1     3  3.52e+03   38.0       1.000     
  87    39   1     2     1     3  3.53e+03   39.0       1.000     
  87    40   1     2     1     3  3.53e+03   40.0       1.000     
  87    41   1     2     1     3  3.53e+03   41.0       1.000     
  88     1   1     2     1     3  3.53e+03   1.00       1.000     
  88     2   1     2     1     3  3.53e+03   2.00       1.000     
  88     3   1     2     1     3  3.53e+03   3.00       1.000     
  88     4   1     2     1     3  3.53e+03   4.00       1.000     
  88     5   1     2     1     3  3.53e+03   5.00       1.000     
  88     6   1     1     2     3  3.53e+03   6.00       1.000     
  88     7   1     2     1     3  3.53e+03   7.00       1.000     
  88     8   1     2     1     3  3.54e+03   8.00       1.000     
  88     9   1     2     1     3  3.54e+03   9.00       1.000     
  88    10   1     2     1     3  3.54e+03   10.0       1.000     
  88    11   1     6     1     7  3.54e+03   11.0       1.000     
  88    12   1     2     1     3  3.54e+03   12.0       1.000     
  88    13   1     3     1     4  3.54e+03   13.0       1.000     
  88    14   1     2     1     3  3.54e+03   14.0       1.000     
  88    15   1     2     1     3  3.54e+03   15.0       1.000     
  88    16   1     2     1     3  3.54e+03   16.0       1.000     
  88    17   1     1     1     2  3.54e+03   17.0       1.000     
  88    18   1     2     1     3  3.55e+03   18.0       1.000     
  88    19   1     2     1     3  3.55e+03   19.0       1.000     
  88    20   1     2     1     3  3.55e+03   20.0       1.000     
  88    21   1     2     1     3  3.55e+03   21.0       1.000     
  88    22   1     2     1     3  3.55e+03   22.0       1.000     
  88    23   1     2     1     3  3.55e+03   23.0       1.000     
  88    24   1     2     1     3  3.55e+03   24.0       1.000     
  88    25   1     2     1     3  3.55e+03   25.0       1.000     
  88    26   1     1     1     2  3.55e+03   26.0       1.000     
  88    27   1     2     1     3  3.55e+03   27.0       1.000     
  88    28   1     2     1     3  3.56e+03   28.0       1.000     
  88    29   1     2     1     3  3.56e+03   29.0       1.000     
  88    30   1     2     1     3  3.56e+03   30.0       1.000     
  88    31   1     5     1     6  3.56e+03   31.0       1.000     
  88    32   1     2     1     3  3.56e+03   32.0       1.000     
  88    33   1     3     1     4  3.56e+03   33.0       1.000     
  88    34   1     2     1     3  3.56e+03   34.0       1.000     
  88    35   1     2     1     3  3.56e+03   35.0       1.000     
  88    36   1     2     1     3  3.56e+03   36.0       1.000     
  88    37   1     1     1     2  3.56e+03   37.0       1.000     
  88    38   1     2     1     3  3.57e+03   38.0       1.000     
  88    39   1     2     1     3  3.57e+03   39.0       1.000     
  88    40   1     2     1     3  3.57e+03   40.0       1.000     
  88    41   1     2     1     3  3.57e+03   41.0       1.000     
  89     1   1     2     1     3  3.57e+03   1.00       1.000     
  89     2   1     2     1     3  3.57e+03   2.00       1.000     
  89     3   1     2     1     3  3.57e+03   3.00       1.000     
  89     4   1     2     1     3  3.57e+03   4.00       1.000     
  89     5   1     2     1     3  3.57e+03   5.00       1.000     
  89     6   1     1     1     2  3.57e+03   6.00       1.000     
  89     7   1     2     1     3  3.58e+03   7.00       1.000     
  89     8   1     2     1     3  3.58e+03   8.00       1.000     
  89     9   1     2     1     3  3.58e+03   9.00       1.000     
  89    10   1     2     1     3  3.58e+03   10.0       1.000     
  89    11   1     3     2     5  3.58e+03   11.0       1.000     
  89    12   1     2     1     3  3.58e+03   12.0       1.000     
  89    13   1     2     1     3  3.58e+03   13.0       1.000     
  89    14   1     2     1     3  3.58e+03   14.0       1.000     
  89    15   1     2     1     3  3.58e+03   15.0       1.000     
  89    16   1     2     1     3  3.58e+03   16.0       1.000     
  89    17   1     1     1     2  3.59e+03   17.0       1.000     
  89    18   1     2     1     3  3.59e+03   18.0       1.000     
  89    19   1     2     1     3  3.59e+03   19.0       1.000     
  89    20   1     2     1     3  3.59e+03   20.0       1.000     
  89    21   1     2     1     3  3.59e+03   21.0       1.000     
  89    22   1     2     1     3  3.59e+03   22.0       1.000     
  89    23   1     2     1     3  3.59e+03   23.0       1.000     
  89    24   1     2     1     3  3.59e+03   24.0       1.000     
  89    25   1     2     1     3  3.59e+03   25.0       1.000     
  89    26   1     1     1     2  3.59e+03   26.0       1.000     
  89    27   1     2     1     3  3.60e+03   27.0       1.000     
  89    28   1     2     1     3  3.60e+03   28.0       1.000     
  89    29   1     2     1     3  3.60e+03   29.0       1.000     
  89    30   1     2     1     3  3.60e+03   30.0       1.000     
  89    31   1     3     2     5  3.60e+03   31.0       1.000     
  89    32   1     2     1     3  3.60e+03   32.0       1.000     
  89    33   1     2     1     3  3.60e+03   33.0       1.000     
  89    34   1     2     1     3  3.60e+03   34.0       1.000     
  89    35   1     2     1     3  3.60e+03   35.0       1.000     
  89    36   1     2     1     3  3.60e+03   36.0       1.000     
  89    37   1     1     1     2  3.61e+03   37.0       1.000     
  89    38   1     2     1     3  3.61e+03   38.0       1.000     
  89    39   1     2     1     3  3.61e+03   39.0       1.000     
  89    40   1     2     1     3  3.61e+03   40.0       1.000     
  89    41   1     2     1     3  3.61e+03   41.0       1.000     
  90     1   1     2     1     3  3.61e+03   1.00       1.000     
  90     2   1     2     1     3  3.61e+03   2.00       1.000     
  90     3   1     2     1     3  3.61e+03   3.00       1.000     
  90     4   1     2     1     3  3.61e+03   4.00       1.000     
  90     5   1     2     1     3  3.61e+03   5.00       1.000     
  90     6   1     1     1     2  3.62e+03   6.00       1.000     
  90     7   1     2     1     3  3.62e+03   7.00       1.000     
  90     8   1     2     1     3  3.62e+03   8.00       1.000     
  90     9   1     2     1     3  3.62e+03   9.00       1.000     
  90    10   1     2     1     3  3.62e+03   10.0       1.000     
  90    11   1     3     2     5  3.62e+03   11.0       1.000     
  90    12   1     2     1     3  3.62e+03   12.0       1.000     
  90    13   1     2     1     3  3.62e+03   13.0       1.000     
  90    14   1     2     1     3  3.62e+03   14.0       1.000     
  90    15   1     2     1     3  3.62e+03   15.0       1.000     
  90    16   1     2     1     3  3.63e+03   16.0       1.000     
  90    17   1     1     1     2  3.63e+03   17.0       1.000     
  90    18   1     2     1     3  3.63e+03   18.0       1.000     
  90    19   1     2     1     3  3.63e+03   19.0       1.000     
  90    20   1     2     1     3  3.63e+03   20.0       1.000     
  90    21   1     2     1     3  3.63e+03   21.0       1.000     
  90    22   1     3     1     4  3.63e+03   22.0       1.000     
  90    23   1     2     1     3  3.63e+03   23.0       1.000     
  90    24   1     2     1     3  3.63e+03   24.0       1.000     
  90    25   1     2     1     3  3.63e+03   25.0       1.000     
  90    26   1     1     1     2  3.64e+03   26.0       1.000     
  90    27   1     2     1     3  3.64e+03   27.0       1.000     
  90    28   1     2     1     3  3.64e+03   28.0       1.000     
  90    29   1     2     1     3  3.64e+03   29.0       1.000     
  90    30   1     2     1     3  3.64e+03   30.0       1.000     
  90    31   1     4     1     5  3.64e+03   31.0       1.000     
  90    32   1     2     1     3  3.64e+03   32.0       1.000     
  90    33   1     2     1     3  3.64e+03   33.0       1.000     
  90    34   1     2     1     3  3.64e+03   34.0       1.000     
  90    35   1     2     1     3  3.64e+03   35.0       1.000     
  90    36   1     2     1     3  3.65e+03   36.0       1.000     
  90    37   1     1     1     2  3.65e+03   37.0       1.000     
  90    38   1     2     1     3  3.65e+03   38.0       1.000     
  90    39   1     2     1     3  3.65e+03   39.0       1.000     
  90    40   1     2     1     3  3.65e+03   40.0       1.000     
  90    41   1     2     1     3  3.65e+03   41.0       1.000     
  91     1   1     3     1     4  3.65e+03   1.00       1.000     
  91     2   1     2     1     3  3.65e+03   2.00       1.000     
  91     3   1     2     1     3  3.65e+03   3.00       1.000     
  91     4   1     2     1     3  3.65e+03   4.00       1.000     
  91     5   1     2     1     3  3.66e+03   5.00       1.000     
  91     6   1     1     1     2  3.66e+03   6.00       1.000     
  91     7   1     2     1     3  3.66e+03   7.00       1.000     
  91     8   1     2     1     3  3.66e+03   8.00       1.000     
  91     9   1     2     1     3  3.66e+03   9.00       1.000     
  91    10   1     2     1     3  3.66e+03   10.0       1.000     
  91    11   1     2     2     4  3.66e+03   11.0       1.000     
  91    12   1     2     1     3  3.66e+03   12.0       1.000     
  91    13   1     2     1     3  3.66e+03   13.0       1.000     
  91    14   1     2     1     3  3.66e+03   14.0       1.000     
  91    15   1     2     1     3  3.67e+03   15.0       1.000     
  91    16   1     2     1     3  3.67e+03   16.0       1.000     
  91    17   1     1     1     2  3.67e+03   17.0       1.000     
  91    18   1     2     1     3  3.67e+03   18.0       1.000     
  91    19   1     2     1     3  3.67e+03   19.0       1.000     
  91    20   1     2     1     3  3.67e+03   20.0       1.000     
  91    21   1     2     1     3  3.67e+03   21.0       1.000     
  91    22   1     2     1     3  3.67e+03   22.0       1.000     
  91    23   1     2     1     3  3.67e+03   23.0       1.000     
  91    24   1     2     1     3  3.67e+03   24.0       1.000     
  91    25   1     2     1     3  3.68e+03   25.0       1.000     
  91    26   1     1     1     2  3.68e+03   26.0       1.000     
  91    27   1     2     1     3  3.68e+03   27.0       1.000     
  91    28   1     2     1     3  3.68e+03   28.0       1.000     
  91    29   1     2     1     3  3.68e+03   29.0       1.000     
  91    30   1     2     1     3  3.68e+03   30.0       1.000     
  91    31   1     2     2     4  3.68e+03   31.0       1.000     
  91    32   1     2     1     3  3.68e+03   32.0       1.000     
  91    33   1     2     1     3  3.68e+03   33.0       1.000     
  91    34   1     2     1     3  3.68e+03   34.0       1.000     
  91    35   1     2     1     3  3.69e+03   35.0       1.000     
  91    36   1     2     1     3  3.69e+03   36.0       1.000     
  91    37   1     1     2     3  3.69e+03   37.0       1.000     
  91    38   1     2     1     3  3.69e+03   38.0       1.000     
  91    39   1     2     1     3  3.69e+03   39.0       1.000     
  91    40   1     2     1     3  3.69e+03   40.0       1.000     
  91    41   1     2     1     3  3.69e+03   41.0       1.000     
  92     1   1     3     1     4  3.69e+03   1.00       1.000     
  92     2   1     2     1     3  3.69e+03   2.00       1.000     
  92     3   1     2     1     3  3.69e+03   3.00       1.000     
  92     4   1     2     1     3  3.70e+03   4.00       1.000     
  92     5   1     2     1     3  3.70e+03   5.00       1.000     
  92     6   1     1     1     2  3.70e+03   6.00       1.000     
  92     7   1     2     1     3  3.70e+03   7.00       1.000     
  92     8   1     2     1     3  3.70e+03   8.00       1.000     
  92     9   1     2     1     3  3.70e+03   9.00       1.000     
  92    10   1     2     1     3  3.70e+03   10.0       1.000     
  92    11   1     2     2     4  3.70e+03   11.0       1.000     
  92    12   1     2     1     3  3.70e+03   12.0       1.000     
  92    13   1     2     1     3  3.70e+03   13.0       1.000     
  92    14   1     2     1     3  3.71e+03   14.0       1.000     
  92    15   1     2     1     3  3.71e+03   15.0       1.000     
  92    16   1     2     1     3  3.71e+03   16.0       1.000     
  92    17   1     1     2     3  3.71e+03   17.0       1.000     
  92    18   1     2     1     3  3.71e+03   18.0       1.000     
  92    19   1     2     1     3  3.71e+03   19.0       1.000     
  92    20   1     2     1     3  3.71e+03   20.0       1.000     
  92    21   1     2     1     3  3.71e+03   21.0       1.000     
  92    22   1     3     1     4  3.71e+03   22.0       1.000     
  92    23   1     2     1     3  3.71e+03   23.0       1.000     
  92    24   1     2     1     3  3.72e+03   24.0       1.000     
  92    25   1     2     1     3  3.72e+03   25.0       1.000     
  92    26   1     1     1     2  3.72e+03   26.0       1.000     
  92    27   1     2     1     3  3.72e+03   27.0       1.000     
  92    28   1     2     1     3  3.72e+03   28.0       1.000     
  92    29   1     2     1     3  3.72e+03   29.0       1.000     
  92    30   1     2     1     3  3.72e+03   30.0       1.000     
  92    31   1     2     2     4  3.72e+03   31.0       1.000     
  92    32   1     2     1     3  3.72e+03   32.0       1.000     
  92    33   1     2     1     3  3.72e+03   33.0       1.000     
  92    34   1     2     1     3  3.73e+03   34.0       1.000     
  92    35   1     2     1     3  3.73e+03   35.0       1.000     
  92    36   1     2     1     3  3.73e+03   36.0       1.000     
  92    37   1     1     2     3  3.73e+03   37.0       1.000     
  92    38   1     2     1     3  3.73e+03   38.0       1.000     
  92    39   1     2     1     3  3.73e+03   39.0       1.000     
  92    40   1     2     1     3  3.73e+03   40.0       1.000     
  92    41   1     2     1     3  3.73e+03   41.0       1.000     
  93     1   1     3     1     4  3.73e+03   1.00       1.000     
  93     2   1     2     1     3  3.73e+03   2.00       1.000     
  93     3   1     2     1     3  3.74e+03   3.00       1.000     
  93     4   1     2     1     3  3.74e+03   4.00       1.000     
  93     5   1     2     1     3  3.74e+03   5.00       1.000     
  93     6   1     1     1     2  3.74e+03   6.00       1.000     
  93     7   1     2     1     3  3.74e+03   7.00       1.000     
  93     8   1     2     1     3  3.74e+03   8.00       1.000     
  93     9   1     2     1     3  3.74e+03   9.00       1.000     
  93    10   1     2     1     3  3.74e+03   10.0       1.000     
  93    11   1     2     2     4  3.74e+03   11.0       1.000     
  93    12   1     2     1     3  3.74e+03   12.0       1.000     
  93    13   1     2     1     3  3.75e+03   13.0       1.000     
  93    14   1     2     1     3  3.75e+03   14.0       1.000     
  93    15   1     2     1     3  3.75e+03   15.0       1.000     
  93    16   1     2     1     3  3.75e+03   16.0       1.000     
  93    17   1     1     2     3  3.75e+03   17.0       1.000     
  93    18   1     2     1     3  3.75e+03   18.0       1.000     
  93    19   1     3     1     4  3.75e+03   19.0       1.000     
  93    20   1     2     1     3  3.75e+03   20.0       1.000     
  93    21   1     2     1     3  3.75e+03   21.0       1.000     
  93    22   1     2     1     3  3.75e+03   22.0       1.000     
  93    23   1     2     1     3  3.76e+03   23.0       1.000     
  93    24   1     2     1     3  3.76e+03   24.0       1.000     
  93    25   1     2     1     3  3.76e+03   25.0       1.000     
  93    26   1     2     1     3  3.76e+03   26.0       1.000     
  93    27   1     1     1     2  3.76e+03   27.0       1.000     
  93    28   1     2     1     3  3.76e+03   28.0       1.000     
  93    29   1     2     1     3  3.76e+03   29.0       1.000     
  93    30   1     2     1     3  3.76e+03   30.0       1.000     
  93    31   1     2     2     4  3.76e+03   31.0       1.000     
  93    32   1     2     1     3  3.76e+03   32.0       1.000     
  93    33   1     2     1     3  3.77e+03   33.0       1.000     
  93    34   1     2     1     3  3.77e+03   34.0       1.000     
  93    35   1     2     1     3  3.77e+03   35.0       1.000     
  93    36   1     2     1     3  3.77e+03   36.0       1.000     
  93    37   1     1     2     3  3.77e+03   37.0       1.000     
  93    38   1     2     1     3  3.77e+03   38.0       1.000     
  93    39   1     3     1     4  3.77e+03   39.0       1.000     
  93    40   1     2     1     3  3.77e+03   40.0       1.000     
  93    41   1     6     1     7  3.77e+03   41.0       1.000     
  94     1   1     3     1     4  3.77e+03   1.00       1.000     
  94     2   1     2     1     3  3.78e+03   2.00       1.000     
  94     3   1     2     1     3  3.78e+03   3.00       1.000     
  94     4   1     2     1     3  3.78e+03   4.00       1.000     
  94     5   1     2     1     3  3.78e+03   5.00       1.000     
  94     6   1     2     0     2  3.78e+03   6.00       1.000     
  94     7   1     1     1     2  3.78e+03   7.00       1.000     
  94     8   1     2     1     3  3.78e+03   8.00       1.000     
  94     9   1     2     1     3  3.78e+03   9.00       1.000     
  94    10   1     2     1     3  3.78e+03   10.0       1.000     
  94    11   1     2     2     4  3.78e+03   11.0       1.000     
  94    12   1     2     1     3  3.79e+03   12.0       1.000     
  94    13   1     2     1     3  3.79e+03   13.0       1.000     
  94    14   1     2     1     3  3.79e+03   14.0       1.000     
  94    15   1     2     1     3  3.79e+03   15.0       1.000     
  94    16   1     2     1     3  3.79e+03   16.0       1.000     
  94    17   1     1     2     3  3.79e+03   17.0       1.000     
  94    18   1     2     1     3  3.79e+03   18.0       1.000     
  94    19   1     3     1     4  3.79e+03   19.0       1.000     
  94    20   1     2     1     3  3.79e+03   20.0       1.000     
  94    21   1     2     1     3  3.79e+03   21.0       1.000     
  94    22   1     2     1     3  3.80e+03   22.0       1.000     
  94    23   1     2     1     3  3.80e+03   23.0       1.000     
  94    24   1     2     1     3  3.80e+03   24.0       1.000     
  94    25   1     2     1     3  3.80e+03   25.0       1.000     
  94    26   1     2     1     3  3.80e+03   26.0       1.000     
  94    27   1     1     2     3  3.80e+03   27.0       1.000     
  94    28   1     2     1     3  3.80e+03   28.0       1.000     
  94    29   1     2     1     3  3.80e+03   29.0       1.000     
  94    30   1     2     1     3  3.80e+03   30.0       1.000     
  94    31   1     2     2     4  3.80e+03   31.0       1.000     
  94    32   1     2     1     3  3.81e+03   32.0       1.000     
  94    33   1     2     1     3  3.81e+03   33.0       1.000     
  94    34   1     2     1     3  3.81e+03   34.0       1.000     
  94    35   1     2     1     3  3.81e+03   35.0       1.000     
  94    36   1     2     1     3  3.81e+03   36.0       1.000     
  94    37   1     1     2     3  3.81e+03   37.0       1.000     
  94    38   1     2     1     3  3.81e+03   38.0       1.000     
  94    39   1     3     1     4  3.81e+03   39.0       1.000     
  94    40   1     2     1     3  3.81e+03   40.0       1.000     
  94    41   1     3     2     5  3.81e+03   41.0       1.000     
  95     1   1     3     1     4  3.82e+03   1.00       1.000     
  95     2   1     2     1     3  3.82e+03   2.00       1.000     
  95     3   1     2     1     3  3.82e+03   3.00       1.000     
  95     4   1     2     1     3  3.82e+03   4.00       1.000     
  95     5   1     2     1     3  3.82e+03   5.00       1.000     
  95     6   1     2     1     3  3.82e+03   6.00       1.000     
  95     7   1     1     2     3  3.82e+03   7.00       1.000     
  95     8   1     2     1     3  3.82e+03   8.00       1.000     
  95     9   1     2     1     3  3.82e+03   9.00       1.000     
  95    10   1     2     1     3  3.82e+03   10.0       1.000     
  95    11   1     2     2     4  3.83e+03   11.0       1.000     
  95    12   1     2     1     3  3.83e+03   12.0       1.000     
  95    13   1     2     1     3  3.83e+03   13.0       1.000     
  95    14   1     2     1     3  3.83e+03   14.0       1.000     
  95    15   1     2     1     3  3.83e+03   15.0       1.000     
  95    16   1     2     1     3  3.83e+03   16.0       1.000     
  95    17   1     1     2     3  3.83e+03   17.0       1.000     
  95    18   1     2     0     2  3.83e+03   18.0       1.000     
  95    19   1     3     1     4  3.83e+03   19.0       1.000     
  95    20   1     2     1     3  3.83e+03   20.0       1.000     
  95    21   1     2     1     3  3.84e+03   21.0       1.000     
  95    22   1     2     1     3  3.84e+03   22.0       1.000     
  95    23   1     2     1     3  3.84e+03   23.0       1.000     
  95    24   1     2     1     3  3.84e+03   24.0       1.000     
  95    25   1     2     1     3  3.84e+03   25.0       1.000     
  95    26   1     2     1     3  3.84e+03   26.0       1.000     
  95    27   1     1     2     3  3.84e+03   27.0       1.000     
  95    28   1     2     1     3  3.84e+03   28.0       1.000     
  95    29   1     2     1     3  3.84e+03   29.0       1.000     
  95    30   1     2     1     3  3.84e+03   30.0       1.000     
  95    31   1     2     2     4  3.85e+03   31.0       1.000     
  95    32   1     2     1     3  3.85e+03   32.0       1.000     
  95    33   1     2     1     3  3.85e+03   33.0       1.000     
  95    34   1     2     1     3  3.85e+03   34.0       1.000     
  95    35   1     2     1     3  3.85e+03   35.0       1.000     
  95    36   1     2     1     3  3.85e+03   36.0       1.000     
  95    37   1     1     2     3  3.85e+03   37.0       1.000     
  95    38   1     2     1     3  3.85e+03   38.0       1.000     
  95    39   1     3     1     4  3.85e+03   39.0       1.000     
  95    40   1     2     1     3  3.85e+03   40.0       1.000     
  95    41   1     3     2     5  3.86e+03   41.0       1.000     
  96     1   1     3     1     4  3.86e+03   1.00       1.000     
  96     2   1     2     1     3  3.86e+03   2.00       1.000     
  96     3   1     2     1     3  3.86e+03   3.00       1.000     
  96     4   1     2     1     3  3.86e+03   4.00       1.000     
  96     5   1     2     1     3  3.86e+03   5.00       1.000     
  96     6   1     2     1     3  3.86e+03   6.00       1.000     
  96     7   1     1     2     3  3.86e+03   7.00       1.000     
  96     8   1     2     1     3  3.86e+03   8.00       1.000     
  96     9   1     3     0     3  3.86e+03   9.00       1.000     
  96    10   1     1     1     2  3.87e+03   10.0       1.000     
  96    11   1     2     2     4  3.87e+03   11.0       1.000     
  96    12   1     2     1     3  3.87e+03   12.0       1.000     
  96    13   1     2     1     3  3.87e+03   13.0       1.000     
  96    14   1     2     1     3  3.87e+03   14.0       1.000     
  96    15   1     2     1     3  3.87e+03   15.0       1.000     
  96    16   1     2     1     3  3.87e+03   16.0       1.000     
  96    17   1     1     2     3  3.87e+03   17.0       1.000     
  96    18   1     1     1     2  3.87e+03   18.0       1.000     
  96    19   1     2     1     3  3.87e+03   19.0       1.000     
  96    20   1     2     1     3  3.88e+03   20.0       1.000     
  96    21   1     2     1     3  3.88e+03   21.0       1.000     
  96    22   1     2     1     3  3.88e+03   22.0       1.000     
  96    23   1     2     1     3  3.88e+03   23.0       1.000     
  96    24   1     2     1     3  3.88e+03   24.0       1.000     
  96    25   1     2     1     3  3.88e+03   25.0       1.000     
  96    26   1     2     1     3  3.88e+03   26.0       1.000     
  96    27   1     1     2     3  3.88e+03   27.0       1.000     
  96    28   1     2     1     3  3.88e+03   28.0       1.000     
  96    29   1     2     1     3  3.88e+03   29.0       1.000     
  96    30   1     2     1     3  3.89e+03   30.0       1.000     
  96    31   1     2     2     4  3.89e+03   31.0       1.000     
  96    32   1     2     1     3  3.89e+03   32.0       1.000     
  96    33   1     2     1     3  3.89e+03   33.0       1.000     
  96    34   1     2     1     3  3.89e+03   34.0       1.000     
  96    35   1     2     1     3  3.89e+03   35.0       1.000     
  96    36   1     2     1     3  3.89e+03   36.0       1.000     
  96    37   1     1     2     3  3.89e+03   37.0       1.000     
  96    38   1     2     1     3  3.89e+03   38.0       1.000     
  96    39   1     3     1     4  3.89e+03   39.0       1.000     
  96    40   1     2     1     3  3.90e+03   40.0       1.000     
  96    41   1     3     2     5  3.90e+03   41.0       1.000     
  97     1   1     3     1     4  3.90e+03   1.00       1.000     
  97     2   1     2     1     3  3.90e+03   2.00       1.000     
  97     3   1     2     1     3  3.90e+03   3.00       1.000     
  97     4   1     2     1     3  3.90e+03   4.00       1.000     
  97     5   1     2     1     3  3.90e+03   5.00       1.000     
  97     6   1     2     1     3  3.90e+03   6.00       1.000     
  97     7   1     1     2     3  3.90e+03   7.00       1.000     
  97     8   1     2     1     3  3.90e+03   8.00       1.000     
  97     9   1     3     1     4  3.91e+03   9.00       1.000     
  97    10   1     2     1     3  3.91e+03   10.0       1.000     
  97    11   1     3     1     4  3.91e+03   11.0       1.000     
  97    12   1     2     1     3  3.91e+03   12.0       1.000     
  97    13   1     2     1     3  3.91e+03   13.0       1.000     
  97    14   1     2     1     3  3.91e+03   14.0       1.000     
  97    15   1     2     1     3  3.91e+03   15.0       1.000     
  97    16   1     2     1     3  3.91e+03   16.0       1.000     
  97    17   1     1     2     3  3.91e+03   17.0       1.000     
  97    18   1     1     1     2  3.91e+03   18.0       1.000     
  97    19   1     2     1     3  3.92e+03   19.0       1.000     
  97    20   1     2     1     3  3.92e+03   20.0       1.000     
  97    21   1     2     1     3  3.92e+03   21.0       1.000     
  97    22   1     2     1     3  3.92e+03   22.0       1.000     
  97    23   1     2     1     3  3.92e+03   23.0       1.000     
  97    24   1     2     1     3  3.92e+03   24.0       1.000     
  97    25   1     2     1     3  3.92e+03   25.0       1.000     
  97    26   1     2     1     3  3.92e+03   26.0       1.000     
  97    27   1     1     2     3  3.92e+03   27.0       1.000     
  97    28   1     2     1     3  3.92e+03   28.0       1.000     
  97    29   1     2     1     3  3.93e+03   29.0       1.000     
  97    30   1     2     1     3  3.93e+03   30.0       1.000     
  97    31   1     2     2     4  3.93e+03   31.0       1.000     
  97    32   1     2     1     3  3.93e+03   32.0       1.000     
  97    33   1     2     1     3  3.93e+03   33.0       1.000     
  97    34   1     2     1     3  3.93e+03   34.0       1.000     
  97    35   1     2     1     3  3.93e+03   35.0       1.000     
  97    36   1     2     1     3  3.93e+03   36.0       1.000     
  97    37   1     1     2     3  3.93e+03   37.0       1.000     
  97    38   1     2     1     3  3.93e+03   38.0       1.000     
  97    39   1     3     1     4  3.94e+03   39.0       1.000     
  97    40   1     3     1     4  3.94e+03   40.0       1.000     
  97    41   1     3     2     5  3.94e+03   41.0       1.000     
  98     1   1     3     1     4  3.94e+03   1.00       1.000     
  98     2   1     2     1     3  3.94e+03   2.00       1.000     
  98     3   1     2     1     3  3.94e+03   3.00       1.000     
  98     4   1     2     1     3  3.94e+03   4.00       1.000     
  98     5   1     2     1     3  3.94e+03   5.00       1.000     
  98     6   1     2     1     3  3.94e+03   6.00       1.000     
  98     7   1     1     2     3  3.94e+03   7.00       1.000     
  98     8   1     2     1     3  3.95e+03   8.00       1.000     
  98     9   1     3     1     4  3.95e+03   9.00       1.000     
  98    10   1     2     0     2  3.95e+03   10.0       1.000     
  98    11   1     3     1     4  3.95e+03   11.0       1.000     
  98    12   1     2     1     3  3.95e+03   12.0       1.000     
  98    13   1     2     1     3  3.95e+03   13.0       1.000     
  98    14   1     2     1     3  3.95e+03   14.0       1.000     
  98    15   1     2     1     3  3.95e+03   15.0       1.000     
  98    16   1     2     1     3  3.95e+03   16.0       1.000     
  98    17   1     1     1     2  3.95e+03   17.0       1.000     
  98    18   1     1     1     2  3.96e+03   18.0       1.000     
  98    19   1     2     1     3  3.96e+03   19.0       1.000     
  98    20   1     2     1     3  3.96e+03   20.0       1.000     
  98    21   1     2     1     3  3.96e+03   21.0       1.000     
  98    22   1     2     1     3  3.96e+03   22.0       1.000     
  98    23   1     2     1     3  3.96e+03   23.0       1.000     
  98    24   1     2     1     3  3.96e+03   24.0       1.000     
  98    25   1     2     1     3  3.96e+03   25.0       1.000     
  98    26   1     2     1     3  3.96e+03   26.0       1.000     
  98    27   1     1     2     3  3.96e+03   27.0       1.000     
  98    28   1     2     1     3  3.97e+03   28.0       1.000     
  98    29   1     2     1     3  3.97e+03   29.0       1.000     
  98    30   1     2     1     3  3.97e+03   30.0       1.000     
  98    31   1     2     2     4  3.97e+03   31.0       1.000     
  98    32   1     2     1     3  3.97e+03   32.0       1.000     
  98    33   1     2     1     3  3.97e+03   33.0       1.000     
  98    34   1     2     1     3  3.97e+03   34.0       1.000     
  98    35   1     2     1     3  3.97e+03   35.0       1.000     
  98    36   1     2     1     3  3.97e+03   36.0       1.000     
  98    37   1     1     1     2  3.97e+03   37.0       1.000     
  98    38   1     2     1     3  3.98e+03   38.0       1.000     
  98    39   1     3     1     4  3.98e+03   39.0       1.000     
  98    40   1     3     1     4  3.98e+03   40.0       1.000     
  98    41   1     3     2     5  3.98e+03   41.0       1.000     
  99     1   1     3     1     4  3.98e+03   1.00       1.000     
  99     2   1     2     1     3  3.98e+03   2.00       1.000     
  99     3   1     2     1     3  3.98e+03   3.00       1.000     
  99     4   1     2     1     3  3.98e+03   4.00       1.000     
  99     5   1     2     1     3  3.98e+03   5.00       1.000     
  99     6   1     2     1     3  3.98e+03   6.00       1.000     
  99     7   1     1     2     3  3.99e+03   7.00       1.000     
  99     8   1     2     1     3  3.99e+03   8.00       1.000     
  99     9   1     3     1     4  3.99e+03   9.00       1.000     
  99    10   1     1     1     2  3.99e+03   10.0       1.000     
  99    11   1     2     2     4  3.99e+03   11.0       1.000     
  99    12   1     2     1     3  3.99e+03   12.0       1.000     
  99    13   1     2     1     3  3.99e+03   13.0       1.000     
  99    14   1     2     1     3  3.99e+03   14.0       1.000     
  99    15   1     2     1     3  3.99e+03   15.0       1.000     
  99    16   1     2     1     3  3.99e+03   16.0       1.000     
  99    17   1     1     1     2  4.00e+03   17.0       1.000     
  99    18   1     1     1     2  4.00e+03   18.0       1.000     
  99    19   1     2     1     3  4.00e+03   19.0       1.000     
  99    20   1     2     1     3  4.00e+03   20.0       1.000     
  99    21   1     2     1     3  4.00e+03   21.0       1.000     
  99    22   1     2     1     3  4.00e+03   22.0       1.000     
  99    23   1     2     1     3  4.00e+03   23.0       1.000     
  99    24   1     2     1     3  4.00e+03   24.0       1.000     
  99    25   1     2     1     3  4.00e+03   25.0       1.000     
  99    26   1     2     1     3  4.00e+03   26.0       1.000     
  99    27   1     2     1     3  4.01e+03   27.0       1.000     
  99    28   1     1     1     2  4.01e+03   28.0       1.000     
  99    29   1     2     1     3  4.01e+03   29.0       1.000     
  99    30   1     2     1     3  4.01e+03   30.0       1.000     
  99    31   1     5     1     6  4.01e+03   31.0       1.000     
  99    32   1     2     1     3  4.01e+03   32.0       1.000     
  99    33   1     2     1     3  4.01e+03   33.0       1.000     
  99    34   1     2     1     3  4.01e+03   34.0       1.000     
  99    35   1     2     1     3  4.01e+03   35.0       1.000     
  99    36   1     2     1     3  4.01e+03   36.0       1.000     
  99    37   1     1     1     2  4.02e+03   37.0       1.000     
  99    38   1     2     1     3  4.02e+03   38.0       1.000     
  99    39   1     3     1     4  4.02e+03   39.0       1.000     
  99    40   1     3     1     4  4.02e+03   40.0       1.000     
  99    41   1     3     2     5  4.02e+03   41.0       1.000     
 100     1   1     3     1     4  4.02e+03   1.00       1.000     
 100     2   1     2     1     3  4.02e+03   2.00       1.000     
 100     3   1     2     1     3  4.02e+03   3.00       1.000     
 100     4   1     2     1     3  4.02e+03   4.00       1.000     
 100     5   1     2     1     3  4.02e+03   5.00       1.000     
 100     6   1     2     1     3  4.03e+03   6.00       1.000     
 100     7   1     2     1     3  4.03e+03   7.00       1.000     
 100     8   1     1     1     2  4.03e+03   8.00       1.000     
 100     9   1     3     1     4  4.03e+03   9.00       1.000     
 100    10   1     2     1     3  4.03e+03   10.0       1.000     
 100    11   1     3     1     4  4.03e+03   11.0       1.000     
 100    12   1     2     1     3  4.03e+03   12.0       1.000     
 100    13   1     2     1     3  4.03e+03   13.0       1.000     
 100    14   1     2     1     3  4.03e+03   14.0       1.000     
 100    15   1     2     1     3  4.03e+03   15.0       1.000     
 100    16   1     2     1     3  4.04e+03   16.0       1.000     
 100    17   1     1     1     2  4.04e+03   17.0       1.000     
 100    18   1     1     1     2  4.04e+03   18.0       1.000     
 100    19   1     2     1     3  4.04e+03   19.0       1.000     
 100    20   1     3     1     4  4.04e+03   20.0       1.000     
 100    21   1     2     1     3  4.04e+03   21.0       1.000     
 100    22   1     2     1     3  4.04e+03   22.0       1.000     
 100    23   1     2     1     3  4.04e+03   23.0       1.000     
 100    24   1     2     1     3  4.04e+03   24.0       1.000     
 100    25   1     2     1     3  4.04e+03   25.0       1.000     
 100    26   1     2     1     3  4.05e+03   26.0       1.000     
 100    27   1     2     1     3  4.05e+03   27.0       1.000     
 100    28   1     1     1     2  4.05e+03   28.0       1.000     
 100    29   1     2     1     3  4.05e+03   29.0       1.000     
 100    30   1     3     1     4  4.05e+03   30.0       1.000     
 100    31   1     6     1     7  4.05e+03   31.0       1.000     
 100    32   1     2     1     3  4.05e+03   32.0       1.000     
 100    33   1     2     1     3  4.05e+03   33.0       1.000     
 100    34   1     2     1     3  4.05e+03   34.0       1.000     
 100    35   1     2     1     3  4.05e+03   35.0       1.000     
 100    36   1     2     1     3  4.06e+03   36.0       1.000     
 100    37   1     1     1     2  4.06e+03   37.0       1.000     
 100    38   1     1     1     2  4.06e+03   38.0       1.000     
 100    39   1     2     1     3  4.06e+03   39.0       1.000     
 100    40   1     3     1     4  4.06e+03   40.0       1.000     
 100    41   1     3     2     5  4.06e+03   41.0       1.000     
 101     1   1     3     1     4  4.06e+03   1.00       1.000     
 101     2   1     2     1     3  4.06e+03   2.00       1.000     
 101     3   1     2     1     3  4.06e+03   3.00       1.000     
 101     4   1     2     1     3  4.06e+03   4.00       1.000     
 101     5   1     2     1     3  4.07e+03   5.00       1.000     
 101     6   1     2     1     3  4.07e+03   6.00       1.000     
 101     7   1     2     1     3  4.07e+03   7.00       1.000     
 101     8   1     1     1     2  4.07e+03   8.00       1.000     
 101     9   1     3     1     4  4.07e+03   9.00       1.000     
 101    10   1     2     1     3  4.07e+03   10.0       1.000     
 101    11   1     5     2     7  4.07e+03   11.0       1.000     
 101    12   1     2     1     3  4.07e+03   12.0       1.000     
 101    13   1     2     1     3  4.07e+03   13.0       1.000     
 101    14   1     2     1     3  4.07e+03   14.0       1.000     
 101    15   1     2     1     3  4.08e+03   15.0       1.000     
 101    16   1     2     1     3  4.08e+03   16.0       1.000     
 101    17   1     1     1     2  4.08e+03   17.0       1.000     
 101    18   1     1     1     2  4.08e+03   18.0       1.000     
 101    19   1     2     1     3  4.08e+03   19.0       1.000     
 101    20   1     3     1     4  4.08e+03   20.0       1.000     
 101    21   1     2     1     3  4.08e+03   21.0       1.000     
 101    22   1     2     1     3  4.08e+03   22.0       1.000     
 101    23   1     2     1     3  4.08e+03   23.0       1.000     
 101    24   1     2     1     3  4.08e+03   24.0       1.000     
 101    25   1     2     1     3  4.09e+03   25.0       1.000     
 101    26   1     2     1     3  4.09e+03   26.0       1.000     
 101    27   1     2     1     3  4.09e+03   27.0       1.000     
 101    28   1     1     1     2  4.09e+03   28.0       1.000     
 101    29   1     3     1     4  4.09e+03   29.0       1.000     
 101    30   1     2     1     3  4.09e+03   30.0       1.000     
 101    31   1     5     2     7  4.09e+03   31.0       1.000     
 101    32   1     2     1     3  4.09e+03   32.0       1.000     
 101    33   1     2     1     3  4.09e+03   33.0       1.000     
 101    34   1     2     1     3  4.09e+03   34.0       1.000     
 101    35   1     2     1     3  4.10e+03   35.0       1.000     
 101    36   1     2     1     3  4.10e+03   36.0       1.000     
 101    37   1     1     1     2  4.10e+03   37.0       1.000     
 101    38   1     1     1     2  4.10e+03   38.0       1.000     
 101    39   1     2     1     3  4.10e+03   39.0       1.000     
 101    40   1     3     1     4  4.10e+03   40.0       1.000     
 101    41   1     4     2     6  4.10e+03   41.0       1.000     
 102     1   1     3     1     4  4.10e+03   1.00       1.000     
 102     2   1     2     1     3  4.10e+03   2.00       1.000     
 102     3   1     2     1     3  4.10e+03   3.00       1.000     
 102     4   1     2     1     3  4.11e+03   4.00       1.000     
 102     5   1     2     1     3  4.11e+03   5.00       1.000     
 102     6   1     2     1     3  4.11e+03   6.00       1.000     
 102     7   1     2     1     3  4.11e+03   7.00       1.000     
 102     8   1     1     1     2  4.11e+03   8.00       1.000     
 102     9   1     3     1     4  4.11e+03   9.00       1.000     
 102    10   1     2     1     3  4.11e+03   10.0       1.000     
 102    11   1     4     2     6  4.11e+03   11.0       1.000     
 102    12   1     2     1     3  4.11e+03   12.0       1.000     
 102    13   1     2     1     3  4.11e+03   13.0       1.000     
 102    14   1     2     1     3  4.12e+03   14.0       1.000     
 102    15   1     2     1     3  4.12e+03   15.0       1.000     
 102    16   1     2     1     3  4.12e+03   16.0       1.000     
 102    17   1     1     1     2  4.12e+03   17.0       1.000     
 102    18   1     1     1     2  4.12e+03   18.0       1.000     
 102    19   1     2     1     3  4.12e+03   19.0       1.000     
 102    20   1     3     1     4  4.12e+03   20.0       1.000     
 102    21   1     2     1     3  4.12e+03   21.0       1.000     
 102    22   1     2     1     3  4.12e+03   22.0       1.000     
 102    23   1     2     1     3  4.12e+03   23.0       1.000     
 102    24   1     2     1     3  4.13e+03   24.0       1.000     
 102    25   1     2     1     3  4.13e+03   25.0       1.000     
 102    26   1     2     1     3  4.13e+03   26.0       1.000     
 102    27   1     2     1     3  4.13e+03   27.0       1.000     
 102    28   1     2     1     3  4.13e+03   28.0       1.000     
 102    29   1     2     1     3  4.13e+03   29.0       1.000     
 102    30   1     2     1     3  4.13e+03   30.0       1.000     
 102    31   1     4     2     6  4.13e+03   31.0       1.000     
 102    32   1     2     1     3  4.13e+03   32.0       1.000     
 102    33   1     2     1     3  4.13e+03   33.0       1.000     
 102    34   1     2     1     3  4.14e+03   34.0       1.000     
 102    35   1     2     1     3  4.14e+03   35.0       1.000     
 102    36   1     2     1     3  4.14e+03   36.0       1.000     
 102    37   1     1     1     2  4.14e+03   37.0       1.000     
 102    38   1     1     1     2  4.14e+03   38.0       1.000     
 102    39   1     2     1     3  4.14e+03   39.0       1.000     
 102    40   1     3     1     4  4.14e+03   40.0       1.000     
 102    41   1     5     2     7  4.14e+03   41.0       1.000     
 103     1   1     3     1     4  4.14e+03   1.00       1.000     
 103     2   1     2     1     3  4.14e+03   2.00       1.000     
 103     3   1     2     1     3  4.15e+03   3.00       1.000     
 103     4   1     2     1     3  4.15e+03   4.00       1.000     
 103     5   1     2     1     3  4.15e+03   5.00       1.000     
 103     6   1     2     1     3  4.15e+03   6.00       1.000     
 103     7   1     2     1     3  4.15e+03   7.00       1.000     
 103     8   1     2     1     3  4.15e+03   8.00       1.000     
 103     9   1     2     1     3  4.15e+03   9.00       1.000     
 103    10   1     2     1     3  4.15e+03   10.0       1.000     
 103    11   1     4     2     6  4.15e+03   11.0       1.000     
 103    12   1     2     1     3  4.15e+03   12.0       1.000     
 103    13   1     2     1     3  4.16e+03   13.0       1.000     
 103    14   1     2     1     3  4.16e+03   14.0       1.000     
 103    15   1     2     1     3  4.16e+03   15.0       1.000     
 103    16   1     2     1     3  4.16e+03   16.0       1.000     
 103    17   1     1     1     2  4.16e+03   17.0       1.000     
 103    18   1     2     1     3  4.16e+03   18.0       1.000     
 103    19   1     2     1     3  4.16e+03   19.0       1.000     
 103    20   1     3     1     4  4.16e+03   20.0       1.000     
 103    21   1     2     1     3  4.16e+03   21.0       1.000     
 103    22   1     2     1     3  4.16e+03   22.0       1.000     
 103    23   1     2     1     3  4.17e+03   23.0       1.000     
 103    24   1     2     1     3  4.17e+03   24.0       1.000     
 103    25   1     2     1     3  4.17e+03   25.0       1.000     
 103    26   1     2     1     3  4.17e+03   26.0       1.000     
 103    27   1     2     1     3  4.17e+03   27.0       1.000     
 103    28   1     2     1     3  4.17e+03   28.0       1.000     
 103    29   1     2     1     3  4.17e+03   29.0       1.000     
 103    30   1     2     1     3  4.17e+03   30.0       1.000     
 103    31   1     3     2     5  4.17e+03   31.0       1.000     
 103    32   1     2     1     3  4.17e+03   32.0       1.000     
 103    33   1     2     1     3  4.18e+03   33.0       1.000     
 103    34   1     2     1     3  4.18e+03   34.0       1.000     
 103    35   1     2     1     3  4.18e+03   35.0       1.000     
 103    36   1     2     1     3  4.18e+03   36.0       1.000     
 103    37   1     1     1     2  4.18e+03   37.0       1.000     
 103    38   1     2     1     3  4.18e+03   38.0       1.000     
 103    39   1     2     1     3  4.18e+03   39.0       1.000     
 103    40   1     2     1     3  4.18e+03   40.0       1.000     
 103    41   1     4     2     6  4.18e+03   41.0       1.000     
 104     1   1     3     1     4  4.18e+03   1.00       1.000     
 104     2   1     2     1     3  4.19e+03   2.00       1.000     
 104     3   1     2     1     3  4.19e+03   3.00       1.000     
 104     4   1     2     1     3  4.19e+03   4.00       1.000     
 104     5   1     2     1     3  4.19e+03   5.00       1.000     
 104     6   1     2     1     3  4.19e+03   6.00       1.000     
 104     7   1     2     1     3  4.19e+03   7.00       1.000     
 104     8   1     2     1     3  4.19e+03   8.00       1.000     
 104     9   1     2     1     3  4.19e+03   9.00       1.000     
 104    10   1     2     1     3  4.19e+03   10.0       1.000     
 104    11   1     3     1     4  4.19e+03   11.0       1.000     
 104    12   1     2     1     3  4.20e+03   12.0       1.000     
 104    13   1     2     1     3  4.20e+03   13.0       1.000     
 104    14   1     2     1     3  4.20e+03   14.0       1.000     
 104    15   1     2     1     3  4.20e+03   15.0       1.000     
 104    16   1     2     1     3  4.20e+03   16.0       1.000     
 104    17   1     1     1     2  4.20e+03   17.0       1.000     
 104    18   1     2     1     3  4.20e+03   18.0       1.000     
 104    19   1     2     1     3  4.20e+03   19.0       1.000     
 104    20   1     3     1     4  4.20e+03   20.0       1.000     
 104    21   1     2     1     3  4.20e+03   21.0       1.000     
 104    22   1     2     1     3  4.21e+03   22.0       1.000     
 104    23   1     2     1     3  4.21e+03   23.0       1.000     
 104    24   1     2     1     3  4.21e+03   24.0       1.000     
 104    25   1     2     1     3  4.21e+03   25.0       1.000     
 104    26   1     2     1     3  4.21e+03   26.0       1.000     
 104    27   1     2     1     3  4.21e+03   27.0       1.000     
 104    28   1     2     1     3  4.21e+03   28.0       1.000     
 104    29   1     2     1     3  4.21e+03   29.0       1.000     
 104    30   1     2     1     3  4.21e+03   30.0       1.000     
 104    31   1     3     2     5  4.21e+03   31.0       1.000     
 104    32   1     2     1     3  4.22e+03   32.0       1.000     
 104    33   1     2     1     3  4.22e+03   33.0       1.000     
 104    34   1     2     1     3  4.22e+03   34.0       1.000     
 104    35   1     2     1     3  4.22e+03   35.0       1.000     
 104    36   1     2     1     3  4.22e+03   36.0       1.000     
 104    37   1     1     1     2  4.22e+03   37.0       1.000     
 104    38   1     2     1     3  4.22e+03   38.0       1.000     
 104    39   1     2     0     2  4.22e+03   39.0       1.000     
 104    40   1     2     1     3  4.22e+03   40.0       1.000     
 104    41   1     4     2     6  4.22e+03   41.0       1.000     
 105     1   1     3     1     4  4.23e+03   1.00       1.000     
 105     2   1     2     1     3  4.23e+03   2.00       1.000     
 105     3   1     2     1     3  4.23e+03   3.00       1.000     
 105     4   1     2     1     3  4.23e+03   4.00       1.000     
 105     5   1     2     1     3  4.23e+03   5.00       1.000     
 105     6   1     2     1     3  4.23e+03   6.00       1.000     
 105     7   1     2     1     3  4.23e+03   7.00       1.000     
 105     8   1     2     1     3  4.23e+03   8.00       1.000     
 105     9   1     2     1     3  4.23e+03   9.00       1.000     
 105    10   1     2     1     3  4.23e+03   10.0       1.000     
 105    11   1     3     1     4  4.24e+03   11.0       1.000     
 105    12   1     3     1     4  4.24e+03   12.0       1.000     
 105    13   1     2     1     3  4.24e+03   13.0       1.000     
 105    14   1     2     1     3  4.24e+03   14.0       1.000     
 105    15   1     2     1     3  4.24e+03   15.0       1.000     
 105    16   1     2     1     3  4.24e+03   16.0       1.000     
 105    17   1     1     1     2  4.24e+03   17.0       1.000     
 105    18   1     2     1     3  4.24e+03   18.0       1.000     
 105    19   1     1     1     2  4.24e+03   19.0       1.000     
 105    20   1     2     1     3  4.24e+03   20.0       1.000     
 105    21   1     3     1     4  4.25e+03   21.0       1.000     
 105    22   1     2     1     3  4.25e+03   22.0       1.000     
 105    23   1     2     1     3  4.25e+03   23.0       1.000     
 105    24   1     2     1     3  4.25e+03   24.0       1.000     
 105    25   1     2     1     3  4.25e+03   25.0       1.000     
 105    26   1     2     1     3  4.25e+03   26.0       1.000     
 105    27   1     2     1     3  4.25e+03   27.0       1.000     
 105    28   1     2     1     3  4.25e+03   28.0       1.000     
 105    29   1     2     1     3  4.25e+03   29.0       1.000     
 105    30   1     2     1     3  4.25e+03   30.0       1.000     
 105    31   1     3     1     4  4.26e+03   31.0       1.000     
 105    32   1     3     1     4  4.26e+03   32.0       1.000     
 105    33   1     2     1     3  4.26e+03   33.0       1.000     
 105    34   1     2     1     3  4.26e+03   34.0       1.000     
 105    35   1     2     1     3  4.26e+03   35.0       1.000     
 105    36   1     2     1     3  4.26e+03   36.0       1.000     
 105    37   1     1     1     2  4.26e+03   37.0       1.000     
 105    38   1     2     1     3  4.26e+03   38.0       1.000     
 105    39   1     1     1     2  4.26e+03   39.0       1.000     
 105    40   1     2     1     3  4.26e+03   40.0       1.000     
 105    41   1     4     2     6  4.27e+03   41.0       1.000     
 106     1   1     3     1     4  4.27e+03   1.00       1.000     
 106     2   1     2     1     3  4.27e+03   2.00       1.000     
 106     3   1     2     1     3  4.27e+03   3.00       1.000     
 106     4   1     2     1     3  4.27e+03   4.00       1.000     
 106     5   1     2     1     3  4.27e+03   5.00       1.000     
 106     6   1     2     1     3  4.27e+03   6.00       1.000     
 106     7   1     2     1     3  4.27e+03   7.00       1.000     
 106     8   1     2     1     3  4.27e+03   8.00       1.000     
 106     9   1     2     1     3  4.27e+03   9.00       1.000     
 106    10   1     2     1     3  4.28e+03   10.0       1.000     
 106    11   1     3     1     4  4.28e+03   11.0       1.000     
 106    12   1     3     1     4  4.28e+03   12.0       1.000     
 106    13   1     2     1     3  4.28e+03   13.0       1.000     
 106    14   1     2     1     3  4.28e+03   14.0       1.000     
 106    15   1     2     1     3  4.28e+03   15.0       1.000     
 106    16   1     2     1     3  4.28e+03   16.0       1.000     
 106    17   1     1     1     2  4.28e+03   17.0       1.000     
 106    18   1     2     1     3  4.28e+03   18.0       1.000     
 106    19   1     1     1     2  4.28e+03   19.0       1.000     
 106    20   1     2     1     3  4.29e+03   20.0       1.000     
 106    21   1     2     1     3  4.29e+03   21.0       1.000     
 106    22   1     2     1     3  4.29e+03   22.0       1.000     
 106    23   1     2     1     3  4.29e+03   23.0       1.000     
 106    24   1     2     1     3  4.29e+03   24.0       1.000     
 106    25   1     2     1     3  4.29e+03   25.0       1.000     
 106    26   1     2     1     3  4.29e+03   26.0       1.000     
 106    27   1     2     1     3  4.29e+03   27.0       1.000     
 106    28   1     2     1     3  4.29e+03   28.0       1.000     
 106    29   1     2     1     3  4.29e+03   29.0       1.000     
 106    30   1     2     1     3  4.30e+03   30.0       1.000     
 106    31   1     3     1     4  4.30e+03   31.0       1.000     
 106    32   1     3     1     4  4.30e+03   32.0       1.000     
 106    33   1     2     1     3  4.30e+03   33.0       1.000     
 106    34   1     2     1     3  4.30e+03   34.0       1.000     
 106    35   1     2     1     3  4.30e+03   35.0       1.000     
 106    36   1     2     1     3  4.30e+03   36.0       1.000     
 106    37   1     1     1     2  4.30e+03   37.0       1.000     
 106    38   1     2     1     3  4.30e+03   38.0       1.000     
 106    39   1     1     1     2  4.30e+03   39.0       1.000     
 106    40   1     2     1     3  4.31e+03   40.0       1.000     
 106    41   1     4     2     6  4.31e+03   41.0       1.000     
 107     1   1     2     1     3  4.31e+03   1.00       1.000     
 107     2   1     2     1     3  4.31e+03   2.00       1.000     
 107     3   1     2     1     3  4.31e+03   3.00       1.000     
 107     4   1     2     1     3  4.31e+03   4.00       1.000     
 107     5   1     2     1     3  4.31e+03   5.00       1.000     
 107     6   1     2     1     3  4.31e+03   6.00       1.000     
 107     7   1     2     1     3  4.31e+03   7.00       1.000     
 107     8   1     2     1     3  4.31e+03   8.00       1.000     
 107     9   1     2     1     3  4.32e+03   9.00       1.000     
 107    10   1     2     1     3  4.32e+03   10.0       1.000     
 107    11   1     3     1     4  4.32e+03   11.0       1.000     
 107    12   1     3     1     4  4.32e+03   12.0       1.000     
 107    13   1     2     1     3  4.32e+03   13.0       1.000     
 107    14   1     2     1     3  4.32e+03   14.0       1.000     
 107    15   1     2     1     3  4.32e+03   15.0       1.000     
 107    16   1     2     1     3  4.32e+03   16.0       1.000     
 107    17   1     1     1     2  4.32e+03   17.0       1.000     
 107    18   1     2     1     3  4.32e+03   18.0       1.000     
 107    19   1     1     1     2  4.33e+03   19.0       1.000     
 107    20   1     2     1     3  4.33e+03   20.0       1.000     
 107    21   1     2     1     3  4.33e+03   21.0       1.000     
 107    22   1     2     1     3  4.33e+03   22.0       1.000     
 107    23   1     2     1     3  4.33e+03   23.0       1.000     
 107    24   1     2     1     3  4.33e+03   24.0       1.000     
 107    25   1     2     1     3  4.33e+03   25.0       1.000     
 107    26   1     2     1     3  4.33e+03   26.0       1.000     
 107    27   1     2     1     3  4.33e+03   27.0       1.000     
 107    28   1     2     1     3  4.33e+03   28.0       1.000     
 107    29   1     2     1     3  4.34e+03   29.0       1.000     
 107    30   1     2     1     3  4.34e+03   30.0       1.000     
 107    31   1     3     1     4  4.34e+03   31.0       1.000     
 107    32   1     3     1     4  4.34e+03   32.0       1.000     
 107    33   1     2     1     3  4.34e+03   33.0       1.000     
 107    34   1     2     1     3  4.34e+03   34.0       1.000     
 107    35   1     2     1     3  4.34e+03   35.0       1.000     
 107    36   1     2     1     3  4.34e+03   36.0       1.000     
 107    37   1     1     2     3  4.34e+03   37.0       1.000     
 107    38   1     2     1     3  4.34e+03   38.0       1.000     
 107    39   1     1     1     2  4.35e+03   39.0       1.000     
 107    40   1     2     1     3  4.35e+03   40.0       1.000     
 107    41   1     4     2     6  4.35e+03   41.0       1.000     
 108     1   1     3     1     4  4.35e+03   1.00       1.000     
 108     2   1     2     1     3  4.35e+03   2.00       1.000     
 108     3   1     2     1     3  4.35e+03   3.00       1.000     
 108     4   1     2     1     3  4.35e+03   4.00       1.000     
 108     5   1     2     1     3  4.35e+03   5.00       1.000     
 108     6   1     2     1     3  4.35e+03   6.00       1.000     
 108     7   1     2     1     3  4.35e+03   7.00       1.000     
 108     8   1     2     1     3  4.36e+03   8.00       1.000     
 108     9   1     2     1     3  4.36e+03   9.00       1.000     
 108    10   1     2     1     3  4.36e+03   10.0       1.000     
 108    11   1     3     1     4  4.36e+03   11.0       1.000     
 108    12   1     3     1     4  4.36e+03   12.0       1.000     
 108    13   1     2     1     3  4.36e+03   13.0       1.000     
 108    14   1     2     1     3  4.36e+03   14.0       1.000     
 108    15   1     2     1     3  4.36e+03   15.0       1.000     
 108    16   1     2     1     3  4.36e+03   16.0       1.000     
 108    17   1     1     2     3  4.36e+03   17.0       1.000     
 108    18   1     2     1     3  4.37e+03   18.0       1.000     
 108    19   1     1     1     2  4.37e+03   19.0       1.000     
 108    20   1     2     1     3  4.37e+03   20.0       1.000     
 108    21   1     2     1     3  4.37e+03   21.0       1.000     
 108    22   1     2     1     3  4.37e+03   22.0       1.000     
 108    23   1     2     1     3  4.37e+03   23.0       1.000     
 108    24   1     2     1     3  4.37e+03   24.0       1.000     
 108    25   1     2     1     3  4.37e+03   25.0       1.000     
 108    26   1     2     1     3  4.37e+03   26.0       1.000     
 108    27   1     2     1     3  4.37e+03   27.0       1.000     
 108    28   1     2     1     3  4.38e+03   28.0       1.000     
 108    29   1     2     1     3  4.38e+03   29.0       1.000     
 108    30   1     2     1     3  4.38e+03   30.0       1.000     
 108    31   1     3     1     4  4.38e+03   31.0       1.000     
 108    32   1     3     1     4  4.38e+03   32.0       1.000     
 108    33   1     2     1     3  4.38e+03   33.0       1.000     
 108    34   1     2     1     3  4.38e+03   34.0       1.000     
 108    35   1     2     1     3  4.38e+03   35.0       1.000     
 108    36   1     2     1     3  4.38e+03   36.0       1.000     
 108    37   1     1     2     3  4.38e+03   37.0       1.000     
 108    38   1     2     1     3  4.39e+03   38.0       1.000     
 108    39   1     1     1     2  4.39e+03   39.0       1.000     
 108    40   1     2     1     3  4.39e+03   40.0       1.000     
 108    41   1     3     2     5  4.39e+03   41.0       1.000     
 109     1   1     3     1     4  4.39e+03   1.00       1.000     
 109     2   1     2     1     3  4.39e+03   2.00       1.000     
 109     3   1     2     1     3  4.39e+03   3.00       1.000     
 109     4   1     2     1     3  4.39e+03   4.00       1.000     
 109     5   1     2     1     3  4.39e+03   5.00       1.000     
 109     6   1     2     1     3  4.39e+03   6.00       1.000     
 109     7   1     2     1     3  4.40e+03   7.00       1.000     
 109     8   1     2     1     3  4.40e+03   8.00       1.000     
 109     9   1     2     1     3  4.40e+03   9.00       1.000     
 109    10   1     2     1     3  4.40e+03   10.0       1.000     
 109    11   1     3     1     4  4.40e+03   11.0       1.000     
 109    12   1     2     1     3  4.40e+03   12.0       1.000     
 109    13   1     2     1     3  4.40e+03   13.0       1.000     
 109    14   1     2     1     3  4.40e+03   14.0       1.000     
 109    15   1     2     1     3  4.40e+03   15.0       1.000     
 109    16   1     2     1     3  4.40e+03   16.0       1.000     
 109    17   1     1     2     3  4.41e+03   17.0       1.000     
 109    18   1     2     1     3  4.41e+03   18.0       1.000     
 109    19   1     1     1     2  4.41e+03   19.0       1.000     
 109    20   1     2     1     3  4.41e+03   20.0       1.000     
 109    21   1     2     1     3  4.41e+03   21.0       1.000     
 109    22   1     2     1     3  4.41e+03   22.0       1.000     
 109    23   1     2     1     3  4.41e+03   23.0       1.000     
 109    24   1     2     1     3  4.41e+03   24.0       1.000     
 109    25   1     2     1     3  4.41e+03   25.0       1.000     
 109    26   1     2     1     3  4.41e+03   26.0       1.000     
 109    27   1     2     1     3  4.42e+03   27.0       1.000     
 109    28   1     2     1     3  4.42e+03   28.0       1.000     
 109    29   1     2     1     3  4.42e+03   29.0       1.000     
 109    30   1     2     1     3  4.42e+03   30.0       1.000     
 109    31   1     3     1     4  4.42e+03   31.0       1.000     
 109    32   1     2     1     3  4.42e+03   32.0       1.000     
 109    33   1     2     1     3  4.42e+03   33.0       1.000     
 109    34   1     2     1     3  4.42e+03   34.0       1.000     
 109    35   1     2     1     3  4.42e+03   35.0       1.000     
 109    36   1     2     1     3  4.42e+03   36.0       1.000     
 109    37   1     1     2     3  4.43e+03   37.0       1.000     
 109    38   1     2     1     3  4.43e+03   38.0       1.000     
 109    39   1     1     1     2  4.43e+03   39.0       1.000     
 109    40   1     2     1     3  4.43e+03   40.0       1.000     
 109    41   1     3     2     5  4.43e+03   41.0       1.000     
 110     1   1     3     1     4  4.43e+03   1.00       1.000     
 110     2   1     2     1     3  4.43e+03   2.00       1.000     
 110     3   1     2     1     3  4.43e+03   3.00       1.000     
 110     4   1     2     1     3  4.43e+03   4.00       1.000     
 110     5   1     2     1     3  4.43e+03   5.00       1.000     
 110     6   1     2     1     3  4.44e+03   6.00       1.000     
 110     7   1     2     1     3  4.44e+03   7.00       1.000     
 110     8   1     2     1     3  4.44e+03   8.00       1.000     
 110     9   1     2     1     3  4.44e+03   9.00       1.000     
 110    10   1     2     1     3  4.44e+03   10.0       1.000     
 110    11   1     3     1     4  4.44e+03   11.0       1.000     
 110    12   1     2     1     3  4.44e+03   12.0       1.000     
 110    13   1     2     1     3  4.44e+03   13.0       1.000     
 110    14   1     2     1     3  4.44e+03   14.0       1.000     
 110    15   1     2     1     3  4.44e+03   15.0       1.000     
 110    16   1     2     1     3  4.45e+03   16.0       1.000     
 110    17   1     1     2     3  4.45e+03   17.0       1.000     
 110    18   1     2     1     3  4.45e+03   18.0       1.000     
 110    19   1     1     1     2  4.45e+03   19.0       1.000     
 110    20   1     2     1     3  4.45e+03   20.0       1.000     
 110    21   1     2     1     3  4.45e+03   21.0       1.000     
 110    22   1     2     1     3  4.45e+03   22.0       1.000     
 110    23   1     2     1     3  4.45e+03   23.0       1.000     
 110    24   1     2     1     3  4.45e+03   24.0       1.000     
 110    25   1     2     1     3  4.45e+03   25.0       1.000     
 110    26   1     2     1     3  4.46e+03   26.0       1.000     
 110    27   1     2     1     3  4.46e+03   27.0       1.000     
 110    28   1     2     1     3  4.46e+03   28.0       1.000     
 110    29   1     2     1     3  4.46e+03   29.0       1.000     
 110    30   1     2     1     3  4.46e+03   30.0       1.000     
 110    31   1     3     1     4  4.46e+03   31.0       1.000     
 110    32   1     2     1     3  4.46e+03   32.0       1.000     
 110    33   1     2     1     3  4.46e+03   33.0       1.000     
 110    34   1     2     1     3  4.46e+03   34.0       1.000     
 110    35   1     2     1     3  4.46e+03   35.0       1.000     
 110    36   1     2     1     3  4.47e+03   36.0       1.000     
 110    37   1     1     2     3  4.47e+03   37.0       1.000     
 110    38   1     2     1     3  4.47e+03   38.0       1.000     
 110    39   1     1     1     2  4.47e+03   39.0       1.000     
 110    40   1     2     1     3  4.47e+03   40.0       1.000     
 110    41   1     4     2     6  4.47e+03   41.0       1.000     
 111     1   1     3     1     4  4.47e+03   1.00       1.000     
 111     2   1     2     1     3  4.47e+03   2.00       1.000     
 111     3   1     2     1     3  4.47e+03   3.00       1.000     
 111     4   1     2     1     3  4.47e+03   4.00       1.000     
 111     5   1     2     1     3  4.48e+03   5.00       1.000     
 111     6   1     2     1     3  4.48e+03   6.00       1.000     
 111     7   1     2     1     3  4.48e+03   7.00       1.000     
 111     8   1     2     1     3  4.48e+03   8.00       1.000     
 111     9   1     2     1     3  4.48e+03   9.00       1.000     
 111    10   1     2     1     3  4.48e+03   10.0       1.000     
 111    11   1     3     1     4  4.48e+03   11.0       1.000     
 111    12   1     2     1     3  4.48e+03   12.0       1.000     
 111    13   1     2     1     3  4.48e+03   13.0       1.000     
 111    14   1     2     1     3  4.48e+03   14.0       1.000     
 111    15   1     2     1     3  4.49e+03   15.0       1.000     
 111    16   1     2     1     3  4.49e+03   16.0       1.000     
 111    17   1     1     2     3  4.49e+03   17.0       1.000     
 111    18   1     2     1     3  4.49e+03   18.0       1.000     
 111    19   1     1     1     2  4.49e+03   19.0       1.000     
 111    20   1     2     1     3  4.49e+03   20.0       1.000     
 111    21   1     2     1     3  4.49e+03   21.0       1.000     
 111    22   1     2     1     3  4.49e+03   22.0       1.000     
 111    23   1     2     1     3  4.49e+03   23.0       1.000     
 111    24   1     2     1     3  4.49e+03   24.0       1.000     
 111    25   1     2     1     3  4.50e+03   25.0       1.000     
 111    26   1     2     1     3  4.50e+03   26.0       1.000     
 111    27   1     2     1     3  4.50e+03   27.0       1.000     
 111    28   1     2     1     3  4.50e+03   28.0       1.000     
 111    29   1     2     1     3  4.50e+03   29.0       1.000     
 111    30   1     2     1     3  4.50e+03   30.0       1.000     
 111    31   1     3     1     4  4.50e+03   31.0       1.000     
 111    32   1     2     1     3  4.50e+03   32.0       1.000     
 111    33   1     2     1     3  4.50e+03   33.0       1.000     
 111    34   1     2     1     3  4.50e+03   34.0       1.000     
 111    35   1     2     1     3  4.51e+03   35.0       1.000     
 111    36   1     2     1     3  4.51e+03   36.0       1.000     
 111    37   1     1     2     3  4.51e+03   37.0       1.000     
 111    38   1     2     1     3  4.51e+03   38.0       1.000     
 111    39   1     1     1     2  4.51e+03   39.0       1.000     
 111    40   1     2     1     3  4.51e+03   40.0       1.000     
 111    41   1     4     2     6  4.51e+03   41.0       1.000     
 112     1   1     3     1     4  4.51e+03   1.00       1.000     
 112     2   1     2     1     3  4.51e+03   2.00       1.000     
 112     3   1     2     1     3  4.51e+03   3.00       1.000     
 112     4   1     2     1     3  4.52e+03   4.00       1.000     
 112     5   1     2     1     3  4.52e+03   5.00       1.000     
 112     6   1     2     1     3  4.52e+03   6.00       1.000     
 112     7   1     2     1     3  4.52e+03   7.00       1.000     
 112     8   1     2     1     3  4.52e+03   8.00       1.000     
 112     9   1     2     1     3  4.52e+03   9.00       1.000     
 112    10   1     2     1     3  4.52e+03   10.0       1.000     
 112    11   1     3     1     4  4.52e+03   11.0       1.000     
 112    12   1     2     1     3  4.52e+03   12.0       1.000     
 112    13   1     2     1     3  4.52e+03   13.0       1.000     
 112    14   1     2     1     3  4.53e+03   14.0       1.000     
 112    15   1     2     1     3  4.53e+03   15.0       1.000     
 112    16   1     2     1     3  4.53e+03   16.0       1.000     
 112    17   1     1     2     3  4.53e+03   17.0       1.000     
 112    18   1     2     1     3  4.53e+03   18.0       1.000     
 112    19   1     1     1     2  4.53e+03   19.0       1.000     
 112    20   1     2     1     3  4.53e+03   20.0       1.000     
 112    21   1     2     1     3  4.53e+03   21.0       1.000     
 112    22   1     2     1     3  4.53e+03   22.0       1.000     
 112    23   1     2     1     3  4.53e+03   23.0       1.000     
 112    24   1     2     1     3  4.54e+03   24.0       1.000     
 112    25   1     2     1     3  4.54e+03   25.0       1.000     
 112    26   1     2     1     3  4.54e+03   26.0       1.000     
 112    27   1     2     1     3  4.54e+03   27.0       1.000     
 112    28   1     2     1     3  4.54e+03   28.0       1.000     
 112    29   1     2     1     3  4.54e+03   29.0       1.000     
 112    30   1     2     1     3  4.54e+03   30.0       1.000     
 112    31   1     3     1     4  4.54e+03   31.0       1.000     
 112    32   1     2     1     3  4.54e+03   32.0       1.000     
 112    33   1     2     1     3  4.54e+03   33.0       1.000     
 112    34   1     2     1     3  4.55e+03   34.0       1.000     
 112    35   1     2     1     3  4.55e+03   35.0       1.000     
 112    36   1     2     1     3  4.55e+03   36.0       1.000     
 112    37   1     1     2     3  4.55e+03   37.0       1.000     
 112    38   1     2     1     3  4.55e+03   38.0       1.000     
 112    39   1     1     1     2  4.55e+03   39.0       1.000     
 112    40   1     2     1     3  4.55e+03   40.0       1.000     
 112    41   1     4     2     6  4.55e+03   41.0       1.000     
 113     1   1     3     1     4  4.55e+03   1.00       1.000     
 113     2   1     2     1     3  4.55e+03   2.00       1.000     
 113     3   1     2     1     3  4.56e+03   3.00       1.000     
 113     4   1     2     1     3  4.56e+03   4.00       1.000     
 113     5   1     2     1     3  4.56e+03   5.00       1.000     
 113     6   1     2     1     3  4.56e+03   6.00       1.000     
 113     7   1     2     1     3  4.56e+03   7.00       1.000     
 113     8   1     2     1     3  4.56e+03   8.00       1.000     
 113     9   1     2     1     3  4.56e+03   9.00       1.000     
 113    10   1     2     1     3  4.56e+03   10.0       1.000     
 113    11   1     3     1     4  4.56e+03   11.0       1.000     
 113    12   1     2     1     3  4.56e+03   12.0       1.000     
 113    13   1     2     1     3  4.57e+03   13.0       1.000     
 113    14   1     2     1     3  4.57e+03   14.0       1.000     
 113    15   1     2     1     3  4.57e+03   15.0       1.000     
 113    16   1     2     1     3  4.57e+03   16.0       1.000     
 113    17   1     1     2     3  4.57e+03   17.0       1.000     
 113    18   1     2     1     3  4.57e+03   18.0       1.000     
 113    19   1     1     1     2  4.57e+03   19.0       1.000     
 113    20   1     2     1     3  4.57e+03   20.0       1.000     
 113    21   1     2     1     3  4.57e+03   21.0       1.000     
 113    22   1     2     1     3  4.57e+03   22.0       1.000     
 113    23   1     2     1     3  4.58e+03   23.0       1.000     
 113    24   1     2     1     3  4.58e+03   24.0       1.000     
 113    25   1     2     1     3  4.58e+03   25.0       1.000     
 113    26   1     2     1     3  4.58e+03   26.0       1.000     
 113    27   1     2     1     3  4.58e+03   27.0       1.000     
 113    28   1     2     1     3  4.58e+03   28.0       1.000     
 113    29   1     2     1     3  4.58e+03   29.0       1.000     
 113    30   1     2     1     3  4.58e+03   30.0       1.000     
 113    31   1     3     1     4  4.58e+03   31.0       1.000     
 113    32   1     2     1     3  4.58e+03   32.0       1.000     
 113    33   1     2     1     3  4.59e+03   33.0       1.000     
 113    34   1     2     1     3  4.59e+03   34.0       1.000     
 113    35   1     2     1     3  4.59e+03   35.0       1.000     
 113    36   1     2     1     3  4.59e+03   36.0       1.000     
 113    37   1     1     2     3  4.59e+03   37.0       1.000     
 113    38   1     2     1     3  4.59e+03   38.0       1.000     
 113    39   1     1     1     2  4.59e+03   39.0       1.000     
 113    40   1     2     1     3  4.59e+03   40.0       1.000     
 113    41   1     4     2     6  4.59e+03   41.0       1.000     
 114     1   1     3     1     4  4.59e+03   1.00       1.000     
 114     2   1     2     1     3  4.60e+03   2.00       1.000     
 114     3   1     2     1     3  4.60e+03   3.00       1.000     
 114     4   1     2     1     3  4.60e+03   4.00       1.000     
 114     5   1     2     1     3  4.60e+03   5.00       1.000     
 114     6   1     2     1     3  4.60e+03   6.00       1.000     
 114     7   1     2     1     3  4.60e+03   7.00       1.000     
 114     8   1     2     1     3  4.60e+03   8.00       1.000     
 114     9   1     2     1     3  4.60e+03   9.00       1.000     
 114    10   1     2     1     3  4.60e+03   10.0       1.000     
 114    11   1     3     1     4  4.60e+03   11.0       1.000     
 114    12   1     2     1     3  4.61e+03   12.0       1.000     
 114    13   1     2     1     3  4.61e+03   13.0       1.000     
 114    14   1     2     1     3  4.61e+03   14.0       1.000     
 114    15   1     2     1     3  4.61e+03   15.0       1.000     
 114    16   1     2     1     3  4.61e+03   16.0       1.000     
 114    17   1     1     2     3  4.61e+03   17.0       1.000     
 114    18   1     2     1     3  4.61e+03   18.0       1.000     
 114    19   1     1     1     2  4.61e+03   19.0       1.000     
 114    20   1     2     1     3  4.61e+03   20.0       1.000     
 114    21   1     2     1     3  4.61e+03   21.0       1.000     
 114    22   1     2     1     3  4.62e+03   22.0       1.000     
 114    23   1     2     1     3  4.62e+03   23.0       1.000     
 114    24   1     2     1     3  4.62e+03   24.0       1.000     
 114    25   1     2     1     3  4.62e+03   25.0       1.000     
 114    26   1     2     1     3  4.62e+03   26.0       1.000     
 114    27   1     2     1     3  4.62e+03   27.0       1.000     
 114    28   1     2     1     3  4.62e+03   28.0       1.000     
 114    29   1     2     1     3  4.62e+03   29.0       1.000     
 114    30   1     2     1     3  4.62e+03   30.0       1.000     
 114    31   1     3     1     4  4.62e+03   31.0       1.000     
 114    32   1     2     1     3  4.63e+03   32.0       1.000     
 114    33   1     2     1     3  4.63e+03   33.0       1.000     
 114    34   1     2     1     3  4.63e+03   34.0       1.000     
 114    35   1     2     1     3  4.63e+03   35.0       1.000     
 114    36   1     2     1     3  4.63e+03   36.0       1.000     
 114    37   1     1     1     2  4.63e+03   37.0       1.000     
 114    38   1     2     1     3  4.63e+03   38.0       1.000     
 114    39   1     1     1     2  4.63e+03   39.0       1.000     
 114    40   1     2     1     3  4.63e+03   40.0       1.000     
 114    41   1     4     2     6  4.63e+03   41.0       1.000     
 115     1   1     3     1     4  4.64e+03   1.00       1.000     
 115     2   1     2     1     3  4.64e+03   2.00       1.000     
 115     3   1     2     1     3  4.64e+03   3.00       1.000     
 115     4   1     2     1     3  4.64e+03   4.00       1.000     
 115     5   1     2     1     3  4.64e+03   5.00       1.000     
 115     6   1     2     1     3  4.64e+03   6.00       1.000     
 115     7   1     2     1     3  4.64e+03   7.00       1.000     
 115     8   1     2     1     3  4.64e+03   8.00       1.000     
 115     9   1     2     1     3  4.64e+03   9.00       1.000     
 115    10   1     2     1     3  4.64e+03   10.0       1.000     
 115    11   1     3     1     4  4.65e+03   11.0       1.000     
 115    12   1     2     1     3  4.65e+03   12.0       1.000     
 115    13   1     2     1     3  4.65e+03   13.0       1.000     
 115    14   1     2     1     3  4.65e+03   14.0       1.000     
 115    15   1     2     1     3  4.65e+03   15.0       1.000     
 115    16   1     2     1     3  4.65e+03   16.0       1.000     
 115    17   1     1     1     2  4.65e+03   17.0       1.000     
 115    18   1     1     1     2  4.65e+03   18.0       1.000     
 115    19   1     2     1     3  4.65e+03   19.0       1.000     
 115    20   1     2     1     3  4.65e+03   20.0       1.000     
 115    21   1     2     1     3  4.66e+03   21.0       1.000     
 115    22   1     2     1     3  4.66e+03   22.0       1.000     
 115    23   1     2     1     3  4.66e+03   23.0       1.000     
 115    24   1     2     1     3  4.66e+03   24.0       1.000     
 115    25   1     2     1     3  4.66e+03   25.0       1.000     
 115    26   1     2     1     3  4.66e+03   26.0       1.000     
 115    27   1     2     1     3  4.66e+03   27.0       1.000     
 115    28   1     2     1     3  4.66e+03   28.0       1.000     
 115    29   1     2     1     3  4.66e+03   29.0       1.000     
 115    30   1     2     1     3  4.66e+03   30.0       1.000     
 115    31   1     4     2     6  4.67e+03   31.0       1.000     
 115    32   1     2     1     3  4.67e+03   32.0       1.000     
 115    33   1     2     1     3  4.67e+03   33.0       1.000     
 115    34   1     2     1     3  4.67e+03   34.0       1.000     
 115    35   1     2     1     3  4.67e+03   35.0       1.000     
 115    36   1     2     1     3  4.67e+03   36.0       1.000     
 115    37   1     1     1     2  4.67e+03   37.0       1.000     
 115    38   1     1     1     2  4.67e+03   38.0       1.000     
 115    39   1     2     1     3  4.67e+03   39.0       1.000     
 115    40   1     2     1     3  4.67e+03   40.0       1.000     
 115    41   1     4     2     6  4.68e+03   41.0       1.000     
 116     1   1     3     1     4  4.68e+03   1.00       1.000     
 116     2   1     2     1     3  4.68e+03   2.00       1.000     
 116     3   1     2     1     3  4.68e+03   3.00       1.000     
 116     4   1     2     1     3  4.68e+03   4.00       1.000     
 116     5   1     2     1     3  4.68e+03   5.00       1.000     
 116     6   1     2     1     3  4.68e+03   6.00       1.000     
 116     7   1     2     1     3  4.68e+03   7.00       1.000     
 116     8   1     2     1     3  4.68e+03   8.00       1.000     
 116     9   1     2     1     3  4.68e+03   9.00       1.000     
 116    10   1     2     1     3  4.69e+03   10.0       1.000     
 116    11   1     3     2     5  4.69e+03   11.0       1.000     
 116    12   1     2     1     3  4.69e+03   12.0       1.000     
 116    13   1     2     1     3  4.69e+03   13.0       1.000     
 116    14   1     2     1     3  4.69e+03   14.0       1.000     
 116    15   1     2     1     3  4.69e+03   15.0       1.000     
 116    16   1     2     1     3  4.69e+03   16.0       1.000     
 116    17   1     1     1     2  4.69e+03   17.0       1.000     
 116    18   1     1     1     2  4.69e+03   18.0       1.000     
 116    19   1     2     1     3  4.69e+03   19.0       1.000     
 116    20   1     2     1     3  4.70e+03   20.0       1.000     
 116    21   1     2     1     3  4.70e+03   21.0       1.000     
 116    22   1     2     1     3  4.70e+03   22.0       1.000     
 116    23   1     2     1     3  4.70e+03   23.0       1.000     
 116    24   1     2     1     3  4.70e+03   24.0       1.000     
 116    25   1     2     1     3  4.70e+03   25.0       1.000     
 116    26   1     2     1     3  4.70e+03   26.0       1.000     
 116    27   1     2     1     3  4.70e+03   27.0       1.000     
 116    28   1     2     1     3  4.70e+03   28.0       1.000     
 116    29   1     2     1     3  4.70e+03   29.0       1.000     
 116    30   1     2     1     3  4.71e+03   30.0       1.000     
 116    31   1     6     1     7  4.71e+03   31.0       1.000     
 116    32   1     2     1     3  4.71e+03   32.0       1.000     
 116    33   1     2     1     3  4.71e+03   33.0       1.000     
 116    34   1     1     1     2  4.71e+03   34.0       1.000     
 116    35   1     2     1     3  4.71e+03   35.0       1.000     
 116    36   1     2     1     3  4.71e+03   36.0       1.000     
 116    37   1     1     1     2  4.71e+03   37.0       1.000     
 116    38   1     1     1     2  4.71e+03   38.0       1.000     
 116    39   1     2     1     3  4.71e+03   39.0       1.000     
 116    40   1     2     1     3  4.72e+03   40.0       1.000     
 116    41   1     4     2     6  4.72e+03   41.0       1.000     
 117     1   1     3     1     4  4.72e+03   1.00       1.000     
 117     2   1     2     1     3  4.72e+03   2.00       1.000     
 117     3   1     2     1     3  4.72e+03   3.00       1.000     
 117     4   1     2     1     3  4.72e+03   4.00       1.000     
 117     5   1     2     1     3  4.72e+03   5.00       1.000     
 117     6   1     2     1     3  4.72e+03   6.00       1.000     
 117     7   1     2     1     3  4.72e+03   7.00       1.000     
 117     8   1     2     1     3  4.72e+03   8.00       1.000     
 117     9   1     2     1     3  4.73e+03   9.00       1.000     
 117    10   1     3     1     4  4.73e+03   10.0       1.000     
 117    11   1     5     1     6  4.73e+03   11.0       1.000     
 117    12   1     2     1     3  4.73e+03   12.0       1.000     
 117    13   1     2     1     3  4.73e+03   13.0       1.000     
 117    14   1     1     1     2  4.73e+03   14.0       1.000     
 117    15   1     2     1     3  4.73e+03   15.0       1.000     
 117    16   1     2     1     3  4.73e+03   16.0       1.000     
 117    17   1     1     1     2  4.73e+03   17.0       1.000     
 117    18   1     1     1     2  4.73e+03   18.0       1.000     
 117    19   1     2     1     3  4.74e+03   19.0       1.000     
 117    20   1     2     1     3  4.74e+03   20.0       1.000     
 117    21   1     2     1     3  4.74e+03   21.0       1.000     
 117    22   1     2     1     3  4.74e+03   22.0       1.000     
 117    23   1     2     1     3  4.74e+03   23.0       1.000     
 117    24   1     2     1     3  4.74e+03   24.0       1.000     
 117    25   1     2     1     3  4.74e+03   25.0       1.000     
 117    26   1     2     1     3  4.74e+03   26.0       1.000     
 117    27   1     2     1     3  4.74e+03   27.0       1.000     
 117    28   1     2     1     3  4.74e+03   28.0       1.000     
 117    29   1     2     1     3  4.75e+03   29.0       1.000     
 117    30   1     3     1     4  4.75e+03   30.0       1.000     
 117    31   1     5     1     6  4.75e+03   31.0       1.000     
 117    32   1     2     1     3  4.75e+03   32.0       1.000     
 117    33   1     2     1     3  4.75e+03   33.0       1.000     
 117    34   1     1     1     2  4.75e+03   34.0       1.000     
 117    35   1     2     1     3  4.75e+03   35.0       1.000     
 117    36   1     2     1     3  4.75e+03   36.0       1.000     
 117    37   1     1     1     2  4.75e+03   37.0       1.000     
 117    38   1     1     1     2  4.75e+03   38.0       1.000     
 117    39   1     2     1     3  4.76e+03   39.0       1.000     
 117    40   1     2     1     3  4.76e+03   40.0       1.000     
 117    41   1     4     2     6  4.76e+03   41.0       1.000     
 118     1   1     3     1     4  4.76e+03   1.00       1.000     
 118     2   1     2     1     3  4.76e+03   2.00       1.000     
 118     3   1     2     1     3  4.76e+03   3.00       1.000     
 118     4   1     2     1     3  4.76e+03   4.00       1.000     
 118     5   1     2     1     3  4.76e+03   5.00       1.000     
 118     6   1     2     1     3  4.76e+03   6.00       1.000     
 118     7   1     2     1     3  4.76e+03   7.00       1.000     
 118     8   1     2     1     3  4.77e+03   8.00       1.000     
 118     9   1     2     1     3  4.77e+03   9.00       1.000     
 118    10   1     3     1     4  4.77e+03   10.0       1.000     
 118    11   1     5     1     6  4.77e+03   11.0       1.000     
 118    12   1     2     1     3  4.77e+03   12.0       1.000     
 118    13   1     3     1     4  4.77e+03   13.0       1.000     
 118    14   1     2     1     3  4.77e+03   14.0       1.000     
 118    15   1     2     1     3  4.77e+03   15.0       1.000     
 118    16   1     2     1     3  4.77e+03   16.0       1.000     
 118    17   1     1     1     2  4.77e+03   17.0       1.000     
 118    18   1     1     1     2  4.78e+03   18.0       1.000     
 118    19   1     2     1     3  4.78e+03   19.0       1.000     
 118    20   1     2     1     3  4.78e+03   20.0       1.000     
 118    21   1     2     1     3  4.78e+03   21.0       1.000     
 118    22   1     2     1     3  4.78e+03   22.0       1.000     
 118    23   1     2     1     3  4.78e+03   23.0       1.000     
 118    24   1     2     1     3  4.78e+03   24.0       1.000     
 118    25   1     2     1     3  4.78e+03   25.0       1.000     
 118    26   1     2     1     3  4.78e+03   26.0       1.000     
 118    27   1     2     1     3  4.78e+03   27.0       1.000     
 118    28   1     2     1     3  4.79e+03   28.0       1.000     
 118    29   1     2     1     3  4.79e+03   29.0       1.000     
 118    30   1     3     1     4  4.79e+03   30.0       1.000     
 118    31   1     5     1     6  4.79e+03   31.0       1.000     
 118    32   1     2     1     3  4.79e+03   32.0       1.000     
 118    33   1     3     1     4  4.79e+03   33.0       1.000     
 118    34   1     2     1     3  4.79e+03   34.0       1.000     
 118    35   1     2     1     3  4.79e+03   35.0       1.000     
 118    36   1     2     1     3  4.79e+03   36.0       1.000     
 118    37   1     1     1     2  4.79e+03   37.0       1.000     
 118    38   1     1     1     2  4.80e+03   38.0       1.000     
 118    39   1     2     1     3  4.80e+03   39.0       1.000     
 118    40   1     2     1     3  4.80e+03   40.0       1.000     
 118    41   1     4     2     6  4.80e+03   41.0       1.000     
 119     1   1     3     1     4  4.80e+03   1.00       1.000     
 119     2   1     2     1     3  4.80e+03   2.00       1.000     
 119     3   1     2     1     3  4.80e+03   3.00       1.000     
 119     4   1     2     1     3  4.80e+03   4.00       1.000     
 119     5   1     2     1     3  4.80e+03   5.00       1.000     
 119     6   1     2     1     3  4.80e+03   6.00       1.000     
 119     7   1     2     1     3  4.81e+03   7.00       1.000     
 119     8   1     2     1     3  4.81e+03   8.00       1.000     
 119     9   1     3     0     3  4.81e+03   9.00       1.000     
 119    10   1     2     1     3  4.81e+03   10.0       1.000     
 119    11   1     5     0     5  4.81e+03   11.0       1.000     
 119    12   1     2     1     3  4.81e+03   12.0       1.000     
 119    13   1     3     1     4  4.81e+03   13.0       1.000     
 119    14   1     2     1     3  4.81e+03   14.0       1.000     
 119    15   1     2     1     3  4.81e+03   15.0       1.000     
 119    16   1     2     1     3  4.81e+03   16.0       1.000     
 119    17   1     1     1     2  4.82e+03   17.0       1.000     
 119    18   1     1     1     2  4.82e+03   18.0       1.000     
 119    19   1     2     1     3  4.82e+03   19.0       1.000     
 119    20   1     2     1     3  4.82e+03   20.0       1.000     
 119    21   1     2     1     3  4.82e+03   21.0       1.000     
 119    22   1     2     1     3  4.82e+03   22.0       1.000     
 119    23   1     2     1     3  4.82e+03   23.0       1.000     
 119    24   1     2     1     3  4.82e+03   24.0       1.000     
 119    25   1     2     1     3  4.82e+03   25.0       1.000     
 119    26   1     2     1     3  4.82e+03   26.0       1.000     
 119    27   1     2     1     3  4.83e+03   27.0       1.000     
 119    28   1     2     1     3  4.83e+03   28.0       1.000     
 119    29   1     3     1     4  4.83e+03   29.0       1.000     
 119    30   1     2     1     3  4.83e+03   30.0       1.000     
 119    31   1     4     1     5  4.83e+03   31.0       1.000     
 119    32   1     3     1     4  4.83e+03   32.0       1.000     
 119    33   1     3     1     4  4.83e+03   33.0       1.000     
 119    34   1     2     1     3  4.83e+03   34.0       1.000     
 119    35   1     2     1     3  4.83e+03   35.0       1.000     
 119    36   1     2     1     3  4.83e+03   36.0       1.000     
 119    37   1     1     1     2  4.84e+03   37.0       1.000     
 119    38   1     1     1     2  4.84e+03   38.0       1.000     
 119    39   1     2     1     3  4.84e+03   39.0       1.000     
 119    40   1     2     1     3  4.84e+03   40.0       1.000     
 119    41   1     4     2     6  4.84e+03   41.0       1.000     
 120     1   1     3     1     4  4.84e+03   1.00       1.000     
 120     2   1     2     1     3  4.84e+03   2.00       1.000     
 120     3   1     2     1     3  4.84e+03   3.00       1.000     
 120     4   1     2     1     3  4.84e+03   4.00       1.000     
 120     5   1     2     1     3  4.84e+03   5.00       1.000     
 120     6   1     2     1     3  4.85e+03   6.00       1.000     
 120     7   1     2     1     3  4.85e+03   7.00       1.000     
 120     8   1     2     1     3  4.85e+03   8.00       1.000     
 120     9   1     3     1     4  4.85e+03   9.00       1.000     
 120    10   1     2     1     3  4.85e+03   10.0       1.000     
 120    11   1     4     1     5  4.85e+03   11.0       1.000     
 120    12   1     2     1     3  4.85e+03   12.0       1.000     
 120    13   1     3     1     4  4.85e+03   13.0       1.000     
 120    14   1     2     1     3  4.85e+03   14.0       1.000     
 120    15   1     2     1     3  4.85e+03   15.0       1.000     
 120    16   1     2     1     3  4.86e+03   16.0       1.000     
 120    17   1     1     1     2  4.86e+03   17.0       1.000     
 120    18   1     1     1     2  4.86e+03   18.0       1.000     
 120    19   1     2     1     3  4.86e+03   19.0       1.000     
 120    20   1     2     1     3  4.86e+03   20.0       1.000     
 120    21   1     2     1     3  4.86e+03   21.0       1.000     
 120    22   1     2     1     3  4.86e+03   22.0       1.000     
 120    23   1     2     1     3  4.86e+03   23.0       1.000     
 120    24   1     2     1     3  4.86e+03   24.0       1.000     
 120    25   1     2     1     3  4.86e+03   25.0       1.000     
 120    26   1     2     1     3  4.87e+03   26.0       1.000     
 120    27   1     2     1     3  4.87e+03   27.0       1.000     
 120    28   1     2     1     3  4.87e+03   28.0       1.000     
 120    29   1     3     1     4  4.87e+03   29.0       1.000     
 120    30   1     2     1     3  4.87e+03   30.0       1.000     
 120    31   1     4     1     5  4.87e+03   31.0       1.000     
 120    32   1     2     1     3  4.87e+03   32.0       1.000     
 120    33   1     3     1     4  4.87e+03   33.0       1.000     
 120    34   1     2     1     3  4.87e+03   34.0       1.000     
 120    35   1     1     1     2  4.87e+03   35.0       1.000     
 120    36   1     2     1     3  4.88e+03   36.0       1.000     
 120    37   1     1     1     2  4.88e+03   37.0       1.000     
 120    38   1     1     1     2  4.88e+03   38.0       1.000     
 120    39   1     2     1     3  4.88e+03   39.0       1.000     
 120    40   1     2     1     3  4.88e+03   40.0       1.000     
 120    41   1     4     2     6  4.88e+03   41.0       1.000     
 121     1   1     3     1     4  4.88e+03   1.00       1.000     
 121     2   1     2     1     3  4.88e+03   2.00       1.000     
 121     3   1     2     1     3  4.88e+03   3.00       1.000     
 121     4   1     2     1     3  4.88e+03   4.00       1.000     
 121     5   1     2     1     3  4.89e+03   5.00       1.000     
 121     6   1     2     1     3  4.89e+03   6.00       1.000     
 121     7   1     2     1     3  4.89e+03   7.00       1.000     
 121     8   1     2     1     3  4.89e+03   8.00       1.000     
 121     9   1     3     1     4  4.89e+03   9.00       1.000     
 121    10   1     2     1     3  4.89e+03   10.0       1.000     
 121    11   1     3     1     4  4.89e+03   11.0       1.000     
 121    12   1     2     1     3  4.89e+03   12.0       1.000     
 121    13   1     3     1     4  4.89e+03   13.0       1.000     
 121    14   1     2     1     3  4.89e+03   14.0       1.000     
 121    15   1     1     1     2  4.90e+03   15.0       1.000     
 121    16   1     2     1     3  4.90e+03   16.0       1.000     
 121    17   1     1     1     2  4.90e+03   17.0       1.000     
 121    18   1     1     1     2  4.90e+03   18.0       1.000     
 121    19   1     2     1     3  4.90e+03   19.0       1.000     
 121    20   1     2     1     3  4.90e+03   20.0       1.000     
 121    21   1     2     1     3  4.90e+03   21.0       1.000     
 121    22   1     2     1     3  4.90e+03   22.0       1.000     
 121    23   1     2     1     3  4.90e+03   23.0       1.000     
 121    24   1     2     1     3  4.90e+03   24.0       1.000     
 121    25   1     2     1     3  4.91e+03   25.0       1.000     
 121    26   1     2     1     3  4.91e+03   26.0       1.000     
 121    27   1     2     1     3  4.91e+03   27.0       1.000     
 121    28   1     2     1     3  4.91e+03   28.0       1.000     
 121    29   1     3     1     4  4.91e+03   29.0       1.000     
 121    30   1     2     1     3  4.91e+03   30.0       1.000     
 121    31   1     3     1     4  4.91e+03   31.0       1.000     
 121    32   1     2     1     3  4.91e+03   32.0       1.000     
 121    33   1     2     1     3  4.91e+03   33.0       1.000     
 121    34   1     2     1     3  4.91e+03   34.0       1.000     
 121    35   1     1     1     2  4.92e+03   35.0       1.000     
 121    36   1     2     1     3  4.92e+03   36.0       1.000     
 121    37   1     1     1     2  4.92e+03   37.0       1.000     
 121    38   1     1     1     2  4.92e+03   38.0       1.000     
 121    39   1     2     1     3  4.92e+03   39.0       1.000     
 121    40   1     2     1     3  4.92e+03   40.0       1.000     
 121    41   1     4     2     6  4.92e+03   41.0       1.000     
 122     1   1     3     1     4  4.92e+03   1.00       1.000     
 122     2   1     2     1     3  4.92e+03   2.00       1.000     
 122     3   1     2     1     3  4.92e+03   3.00       1.000     
 122     4   1     2     1     3  4.93e+03   4.00       1.000     
 122     5   1     2     1     3  4.93e+03   5.00       1.000     
 122     6   1     2     1     3  4.93e+03   6.00       1.000     
 122     7   1     2     1     3  4.93e+03   7.00       1.000     
 122     8   1     2     1     3  4.93e+03   8.00       1.000     
 122     9   1     3     1     4  4.93e+03   9.00       1.000     
 122    10   1     2     1     3  4.93e+03   10.0       1.000     
 122    11   1     3     1     4  4.93e+03   11.0       1.000     
 122    12   1     2     1     3  4.93e+03   12.0       1.000     
 122    13   1     2     1     3  4.93e+03   13.0       1.000     
 122    14   1     2     1     3  4.94e+03   14.0       1.000     
 122    15   1     1     1     2  4.94e+03   15.0       1.000     
 122    16   1     2     1     3  4.94e+03   16.0       1.000     
 122    17   1     1     1     2  4.94e+03   17.0       1.000     
 122    18   1     2     1     3  4.94e+03   18.0       1.000     
 122    19   1     2     1     3  4.94e+03   19.0       1.000     
 122    20   1     2     1     3  4.94e+03   20.0       1.000     
 122    21   1     2     1     3  4.94e+03   21.0       1.000     
 122    22   1     2     1     3  4.94e+03   22.0       1.000     
 122    23   1     2     1     3  4.94e+03   23.0       1.000     
 122    24   1     2     1     3  4.95e+03   24.0       1.000     
 122    25   1     2     1     3  4.95e+03   25.0       1.000     
 122    26   1     2     1     3  4.95e+03   26.0       1.000     
 122    27   1     2     1     3  4.95e+03   27.0       1.000     
 122    28   1     2     1     3  4.95e+03   28.0       1.000     
 122    29   1     3     1     4  4.95e+03   29.0       1.000     
 122    30   1     2     1     3  4.95e+03   30.0       1.000     
 122    31   1     3     1     4  4.95e+03   31.0       1.000     
 122    32   1     2     1     3  4.95e+03   32.0       1.000     
 122    33   1     2     1     3  4.95e+03   33.0       1.000     
 122    34   1     2     1     3  4.96e+03   34.0       1.000     
 122    35   1     1     1     2  4.96e+03   35.0       1.000     
 122    36   1     2     1     3  4.96e+03   36.0       1.000     
 122    37   1     1     1     2  4.96e+03   37.0       1.000     
 122    38   1     2     1     3  4.96e+03   38.0       1.000     
 122    39   1     2     1     3  4.96e+03   39.0       1.000     
 122    40   1     2     1     3  4.96e+03   40.0       1.000     
 122    41   1     4     2     6  4.96e+03   41.0       1.000     
 123     1   1     3     1     4  4.96e+03   1.00       1.000     
 123     2   1     2     1     3  4.96e+03   2.00       1.000     
 123     3   1     2     1     3  4.97e+03   3.00       1.000     
 123     4   1     2     1     3  4.97e+03   4.00       1.000     
 123     5   1     2     1     3  4.97e+03   5.00       1.000     
 123     6   1     2     1     3  4.97e+03   6.00       1.000     
 123     7   1     2     1     3  4.97e+03   7.00       1.000     
 123     8   1     2     1     3  4.97e+03   8.00       1.000     
 123     9   1     3     1     4  4.97e+03   9.00       1.000     
 123    10   1     2     1     3  4.97e+03   10.0       1.000     
 123    11   1     3     1     4  4.97e+03   11.0       1.000     
 123    12   1     2     1     3  4.97e+03   12.0       1.000     
 123    13   1     2     1     3  4.98e+03   13.0       1.000     
 123    14   1     2     1     3  4.98e+03   14.0       1.000     
 123    15   1     1     1     2  4.98e+03   15.0       1.000     
 123    16   1     2     1     3  4.98e+03   16.0       1.000     
 123    17   1     1     1     2  4.98e+03   17.0       1.000     
 123    18   1     2     1     3  4.98e+03   18.0       1.000     
 123    19   1     2     1     3  4.98e+03   19.0       1.000     
 123    20   1     2     1     3  4.98e+03   20.0       1.000     
 123    21   1     2     1     3  4.98e+03   21.0       1.000     
 123    22   1     2     1     3  4.98e+03   22.0       1.000     
 123    23   1     2     1     3  4.99e+03   23.0       1.000     
 123    24   1     2     1     3  4.99e+03   24.0       1.000     
 123    25   1     2     1     3  4.99e+03   25.0       1.000     
 123    26   1     2     1     3  4.99e+03   26.0       1.000     
 123    27   1     2     1     3  4.99e+03   27.0       1.000     
 123    28   1     2     1     3  4.99e+03   28.0       1.000     
 123    29   1     3     1     4  4.99e+03   29.0       1.000     
 123    30   1     2     1     3  4.99e+03   30.0       1.000     
 123    31   1     3     1     4  4.99e+03   31.0       1.000     
 123    32   1     2     1     3  4.99e+03   32.0       1.000     
 123    33   1     2     1     3  5.00e+03   33.0       1.000     
 123    34   1     2     1     3  5.00e+03   34.0       1.000     
 123    35   1     1     1     2  5.00e+03   35.0       1.000     
 123    36   1     1     1     2  5.00e+03   36.0       1.000     
 123    37   1     1     1     2  5.00e+03   37.0       1.000     
 123    38   1     2     1     3  5.00e+03   38.0       1.000     
 123    39   1     2     1     3  5.00e+03   39.0       1.000     
 123    40   1     2     1     3  5.00e+03   40.0       1.000     
 123    41   1     4     2     6  5.00e+03   41.0       1.000     
 124     1   1     3     1     4  5.00e+03   1.00       1.000     
 124     2   1     2     1     3  5.01e+03   2.00       1.000     
 124     3   1     2     1     3  5.01e+03   3.00       1.000     
 124     4   1     2     1     3  5.01e+03   4.00       1.000     
 124     5   1     2     1     3  5.01e+03   5.00       1.000     
 124     6   1     2     1     3  5.01e+03   6.00       1.000     
 124     7   1     2     1     3  5.01e+03   7.00       1.000     
 124     8   1     2     1     3  5.01e+03   8.00       1.000     
 124     9   1     3     1     4  5.01e+03   9.00       1.000     
 124    10   1     2     1     3  5.01e+03   10.0       1.000     
 124    11   1     3     1     4  5.01e+03   11.0       1.000     
 124    12   1     2     1     3  5.02e+03   12.0       1.000     
 124    13   1     2     1     3  5.02e+03   13.0       1.000     
 124    14   1     2     1     3  5.02e+03   14.0       1.000     
 124    15   1     1     1     2  5.02e+03   15.0       1.000     
 124    16   1     2     1     3  5.02e+03   16.0       1.000     
 124    17   1     1     1     2  5.02e+03   17.0       1.000     
 124    18   1     2     1     3  5.02e+03   18.0       1.000     
 124    19   1     2     1     3  5.02e+03   19.0       1.000     
 124    20   1     2     1     3  5.02e+03   20.0       1.000     
 124    21   1     2     1     3  5.02e+03   21.0       1.000     
 124    22   1     2     1     3  5.03e+03   22.0       1.000     
 124    23   1     2     1     3  5.03e+03   23.0       1.000     
 124    24   1     2     1     3  5.03e+03   24.0       1.000     
 124    25   1     2     1     3  5.03e+03   25.0       1.000     
 124    26   1     2     1     3  5.03e+03   26.0       1.000     
 124    27   1     2     1     3  5.03e+03   27.0       1.000     
 124    28   1     2     1     3  5.03e+03   28.0       1.000     
 124    29   1     3     1     4  5.03e+03   29.0       1.000     
 124    30   1     2     1     3  5.03e+03   30.0       1.000     
 124    31   1     3     1     4  5.03e+03   31.0       1.000     
 124    32   1     2     1     3  5.04e+03   32.0       1.000     
 124    33   1     2     1     3  5.04e+03   33.0       1.000     
 124    34   1     3     1     4  5.04e+03   34.0       1.000     
 124    35   1     2     1     3  5.04e+03   35.0       1.000     
 124    36   1     1     1     2  5.04e+03   36.0       1.000     
 124    37   1     1     1     2  5.04e+03   37.0       1.000     
 124    38   1     2     1     3  5.04e+03   38.0       1.000     
 124    39   1     2     1     3  5.04e+03   39.0       1.000     
 124    40   1     2     1     3  5.04e+03   40.0       1.000     
 124    41   1     4     2     6  5.04e+03   41.0       1.000     
 125     1   1     3     1     4  5.05e+03   1.00       1.000     
 125     2   1     2     1     3  5.05e+03   2.00       1.000     
 125     3   1     2     1     3  5.05e+03   3.00       1.000     
 125     4   1     2     1     3  5.05e+03   4.00       1.000     
 125     5   1     2     1     3  5.05e+03   5.00       1.000     
 125     6   1     2     1     3  5.05e+03   6.00       1.000     
 125     7   1     2     1     3  5.05e+03   7.00       1.000     
 125     8   1     2     1     3  5.05e+03   8.00       1.000     
 125     9   1     3     1     4  5.05e+03   9.00       1.000     
 125    10   1     2     1     3  5.05e+03   10.0       1.000     
 125    11   1     3     1     4  5.06e+03   11.0       1.000     
 125    12   1     2     1     3  5.06e+03   12.0       1.000     
 125    13   1     2     1     3  5.06e+03   13.0       1.000     
 125    14   1     3     1     4  5.06e+03   14.0       1.000     
 125    15   1     2     1     3  5.06e+03   15.0       1.000     
 125    16   1     2     1     3  5.06e+03   16.0       1.000     
 125    17   1     2     1     3  5.06e+03   17.0       1.000     
 125    18   1     2     1     3  5.06e+03   18.0       1.000     
 125    19   1     2     1     3  5.06e+03   19.0       1.000     
 125    20   1     2     1     3  5.06e+03   20.0       1.000     
 125    21   1     2     1     3  5.07e+03   21.0       1.000     
 125    22   1     2     1     3  5.07e+03   22.0       1.000     
 125    23   1     2     1     3  5.07e+03   23.0       1.000     
 125    24   1     2     1     3  5.07e+03   24.0       1.000     
 125    25   1     2     1     3  5.07e+03   25.0       1.000     
 125    26   1     2     1     3  5.07e+03   26.0       1.000     
 125    27   1     2     1     3  5.07e+03   27.0       1.000     
 125    28   1     2     1     3  5.07e+03   28.0       1.000     
 125    29   1     3     1     4  5.07e+03   29.0       1.000     
 125    30   1     2     1     3  5.07e+03   30.0       1.000     
 125    31   1     3     1     4  5.08e+03   31.0       1.000     
 125    32   1     2     1     3  5.08e+03   32.0       1.000     
 125    33   1     2     1     3  5.08e+03   33.0       1.000     
 125    34   1     3     1     4  5.08e+03   34.0       1.000     
 125    35   1     2     1     3  5.08e+03   35.0       1.000     
 125    36   1     1     1     2  5.08e+03   36.0       1.000     
 125    37   1     1     2     3  5.08e+03   37.0       1.000     
 125    38   1     2     1     3  5.08e+03   38.0       1.000     
 125    39   1     2     1     3  5.08e+03   39.0       1.000     
 125    40   1     2     1     3  5.08e+03   40.0       1.000     
 125    41   1     4     2     6  5.09e+03   41.0       1.000     
 126     1   1     3     1     4  5.09e+03   1.00       1.000     
 126     2   1     2     1     3  5.09e+03   2.00       1.000     
 126     3   1     2     1     3  5.09e+03   3.00       1.000     
 126     4   1     2     1     3  5.09e+03   4.00       1.000     
 126     5   1     2     1     3  5.09e+03   5.00       1.000     
 126     6   1     2     1     3  5.09e+03   6.00       1.000     
 126     7   1     2     1     3  5.09e+03   7.00       1.000     
 126     8   1     3     0     3  5.09e+03   8.00       1.000     
 126     9   1     2     1     3  5.09e+03   9.00       1.000     
 126    10   1     2     1     3  5.10e+03   10.0       1.000     
 126    11   1     3     1     4  5.10e+03   11.0       1.000     
 126    12   1     2     1     3  5.10e+03   12.0       1.000     
 126    13   1     2     1     3  5.10e+03   13.0       1.000     
 126    14   1     3     1     4  5.10e+03   14.0       1.000     
 126    15   1     2     1     3  5.10e+03   15.0       1.000     
 126    16   1     1     1     2  5.10e+03   16.0       1.000     
 126    17   1     2     1     3  5.10e+03   17.0       1.000     
 126    18   1     2     1     3  5.10e+03   18.0       1.000     
 126    19   1     2     1     3  5.10e+03   19.0       1.000     
 126    20   1     2     1     3  5.11e+03   20.0       1.000     
 126    21   1     2     1     3  5.11e+03   21.0       1.000     
 126    22   1     2     1     3  5.11e+03   22.0       1.000     
 126    23   1     2     1     3  5.11e+03   23.0       1.000     
 126    24   1     2     1     3  5.11e+03   24.0       1.000     
 126    25   1     2     1     3  5.11e+03   25.0       1.000     
 126    26   1     2     1     3  5.11e+03   26.0       1.000     
 126    27   1     2     1     3  5.11e+03   27.0       1.000     
 126    28   1     2     1     3  5.11e+03   28.0       1.000     
 126    29   1     3     1     4  5.11e+03   29.0       1.000     
 126    30   1     2     1     3  5.12e+03   30.0       1.000     
 126    31   1     3     1     4  5.12e+03   31.0       1.000     
 126    32   1     2     1     3  5.12e+03   32.0       1.000     
 126    33   1     2     1     3  5.12e+03   33.0       1.000     
 126    34   1     3     1     4  5.12e+03   34.0       1.000     
 126    35   1     2     1     3  5.12e+03   35.0       1.000     
 126    36   1     1     1     2  5.12e+03   36.0       1.000     
 126    37   1     1     2     3  5.12e+03   37.0       1.000     
 126    38   1     2     1     3  5.12e+03   38.0       1.000     
 126    39   1     2     1     3  5.12e+03   39.0       1.000     
 126    40   1     2     1     3  5.13e+03   40.0       1.000     
 126    41   1     4     2     6  5.13e+03   41.0       1.000     
 127     1   1     3     1     4  5.13e+03   1.00       1.000     
 127     2   1     2     1     3  5.13e+03   2.00       1.000     
 127     3   1     2     1     3  5.13e+03   3.00       1.000     
 127     4   1     2     1     3  5.13e+03   4.00       1.000     
 127     5   1     2     1     3  5.13e+03   5.00       1.000     
 127     6   1     2     1     3  5.13e+03   6.00       1.000     
 127     7   1     2     1     3  5.13e+03   7.00       1.000     
 127     8   1     3     1     4  5.13e+03   8.00       1.000     
 127     9   1     2     1     3  5.14e+03   9.00       1.000     
 127    10   1     2     1     3  5.14e+03   10.0       1.000     
 127    11   1     3     1     4  5.14e+03   11.0       1.000     
 127    12   1     2     1     3  5.14e+03   12.0       1.000     
 127    13   1     2     1     3  5.14e+03   13.0       1.000     
 127    14   1     3     1     4  5.14e+03   14.0       1.000     
 127    15   1     2     1     3  5.14e+03   15.0       1.000     
 127    16   1     1     1     2  5.14e+03   16.0       1.000     
 127    17   1     2     1     3  5.14e+03   17.0       1.000     
 127    18   1     2     1     3  5.14e+03   18.0       1.000     
 127    19   1     2     1     3  5.15e+03   19.0       1.000     
 127    20   1     2     1     3  5.15e+03   20.0       1.000     
 127    21   1     2     1     3  5.15e+03   21.0       1.000     
 127    22   1     2     1     3  5.15e+03   22.0       1.000     
 127    23   1     2     1     3  5.15e+03   23.0       1.000     
 127    24   1     2     1     3  5.15e+03   24.0       1.000     
 127    25   1     2     1     3  5.15e+03   25.0       1.000     
 127    26   1     2     1     3  5.15e+03   26.0       1.000     
 127    27   1     2     1     3  5.15e+03   27.0       1.000     
 127    28   1     3     1     4  5.15e+03   28.0       1.000     
 127    29   1     2     1     3  5.16e+03   29.0       1.000     
 127    30   1     2     1     3  5.16e+03   30.0       1.000     
 127    31   1     3     1     4  5.16e+03   31.0       1.000     
 127    32   1     2     1     3  5.16e+03   32.0       1.000     
 127    33   1     2     1     3  5.16e+03   33.0       1.000     
 127    34   1     3     1     4  5.16e+03   34.0       1.000     
 127    35   1     2     1     3  5.16e+03   35.0       1.000     
 127    36   1     1     1     2  5.16e+03   36.0       1.000     
 127    37   1     1     2     3  5.16e+03   37.0       1.000     
 127    38   1     2     1     3  5.16e+03   38.0       1.000     
 127    39   1     2     1     3  5.17e+03   39.0       1.000     
 127    40   1     2     1     3  5.17e+03   40.0       1.000     
 127    41   1     4     2     6  5.17e+03   41.0       1.000     
 128     1   1     3     1     4  5.17e+03   1.00       1.000     
 128     2   1     2     1     3  5.17e+03   2.00       1.000     
 128     3   1     2     1     3  5.17e+03   3.00       1.000     
 128     4   1     2     1     3  5.17e+03   4.00       1.000     
 128     5   1     2     1     3  5.17e+03   5.00       1.000     
 128     6   1     2     1     3  5.17e+03   6.00       1.000     
 128     7   1     2     1     3  5.17e+03   7.00       1.000     
 128     8   1     3     1     4  5.18e+03   8.00       1.000     
 128     9   1     2     1     3  5.18e+03   9.00       1.000     
 128    10   1     2     1     3  5.18e+03   10.0       1.000     
 128    11   1     3     1     4  5.18e+03   11.0       1.000     
 128    12   1     2     1     3  5.18e+03   12.0       1.000     
 128    13   1     2     1     3  5.18e+03   13.0       1.000     
 128    14   1     3     1     4  5.18e+03   14.0       1.000     
 128    15   1     2     1     3  5.18e+03   15.0       1.000     
 128    16   1     1     1     2  5.18e+03   16.0       1.000     
 128    17   1     2     1     3  5.18e+03   17.0       1.000     
 128    18   1     2     1     3  5.19e+03   18.0       1.000     
 128    19   1     2     1     3  5.19e+03   19.0       1.000     
 128    20   1     2     1     3  5.19e+03   20.0       1.000     
 128    21   1     2     1     3  5.19e+03   21.0       1.000     
 128    22   1     2     1     3  5.19e+03   22.0       1.000     
 128    23   1     2     1     3  5.19e+03   23.0       1.000     
 128    24   1     2     1     3  5.19e+03   24.0       1.000     
 128    25   1     2     1     3  5.19e+03   25.0       1.000     
 128    26   1     2     1     3  5.19e+03   26.0       1.000     
 128    27   1     2     1     3  5.19e+03   27.0       1.000     
 128    28   1     3     1     4  5.20e+03   28.0       1.000     
 128    29   1     2     1     3  5.20e+03   29.0       1.000     
 128    30   1     2     1     3  5.20e+03   30.0       1.000     
 128    31   1     3     1     4  5.20e+03   31.0       1.000     
 128    32   1     2     1     3  5.20e+03   32.0       1.000     
 128    33   1     2     1     3  5.20e+03   33.0       1.000     
 128    34   1     3     1     4  5.20e+03   34.0       1.000     
 128    35   1     2     1     3  5.20e+03   35.0       1.000     
 128    36   1     1     1     2  5.20e+03   36.0       1.000     
 128    37   1     1     2     3  5.20e+03   37.0       1.000     
 128    38   1     2     1     3  5.21e+03   38.0       1.000     
 128    39   1     2     1     3  5.21e+03   39.0       1.000     
 128    40   1     2     1     3  5.21e+03   40.0       1.000     
 128    41   1     4     2     6  5.21e+03   41.0       1.000     
 129     1   1     3     1     4  5.21e+03   1.00       1.000     
 129     2   1     2     1     3  5.21e+03   2.00       1.000     
 129     3   1     2     1     3  5.21e+03   3.00       1.000     
 129     4   1     2     1     3  5.21e+03   4.00       1.000     
 129     5   1     2     1     3  5.21e+03   5.00       1.000     
 129     6   1     2     1     3  5.21e+03   6.00       1.000     
 129     7   1     2     1     3  5.22e+03   7.00       1.000     
 129     8   1     3     1     4  5.22e+03   8.00       1.000     
 129     9   1     2     1     3  5.22e+03   9.00       1.000     
 129    10   1     2     1     3  5.22e+03   10.0       1.000     
 129    11   1     3     1     4  5.22e+03   11.0       1.000     
 129    12   1     2     1     3  5.22e+03   12.0       1.000     
 129    13   1     2     1     3  5.22e+03   13.0       1.000     
 129    14   1     3     1     4  5.22e+03   14.0       1.000     
 129    15   1     2     1     3  5.22e+03   15.0       1.000     
 129    16   1     1     1     2  5.22e+03   16.0       1.000     
 129    17   1     2     1     3  5.23e+03   17.0       1.000     
 129    18   1     2     1     3  5.23e+03   18.0       1.000     
 129    19   1     2     1     3  5.23e+03   19.0       1.000     
 129    20   1     2     1     3  5.23e+03   20.0       1.000     
 129    21   1     2     1     3  5.23e+03   21.0       1.000     
 129    22   1     2     1     3  5.23e+03   22.0       1.000     
 129    23   1     2     1     3  5.23e+03   23.0       1.000     
 129    24   1     2     1     3  5.23e+03   24.0       1.000     
 129    25   1     2     1     3  5.23e+03   25.0       1.000     
 129    26   1     2     1     3  5.23e+03   26.0       1.000     
 129    27   1     2     1     3  5.24e+03   27.0       1.000     
 129    28   1     3     1     4  5.24e+03   28.0       1.000     
 129    29   1     2     1     3  5.24e+03   29.0       1.000     
 129    30   1     2     1     3  5.24e+03   30.0       1.000     
 129    31   1     3     1     4  5.24e+03   31.0       1.000     
 129    32   1     2     1     3  5.24e+03   32.0       1.000     
 129    33   1     2     1     3  5.24e+03   33.0       1.000     
 129    34   1     3     1     4  5.24e+03   34.0       1.000     
 129    35   1     2     1     3  5.24e+03   35.0       1.000     
 129    36   1     1     1     2  5.24e+03   36.0       1.000     
 129    37   1     1     2     3  5.25e+03   37.0       1.000     
 129    38   1     2     1     3  5.25e+03   38.0       1.000     
 129    39   1     2     1     3  5.25e+03   39.0       1.000     
 129    40   1     2     1     3  5.25e+03   40.0       1.000     
 129    41   1     2     1     3  5.25e+03   41.0       1.000     
 130     1   1     3     1     4  5.25e+03   1.00       1.000     
 130     2   1     2     1     3  5.25e+03   2.00       1.000     
 130     3   1     2     1     3  5.25e+03   3.00       1.000     
 130     4   1     2     1     3  5.25e+03   4.00       1.000     
 130     5   1     2     1     3  5.25e+03   5.00       1.000     
 130     6   1     2     1     3  5.26e+03   6.00       1.000     
 130     7   1     2     1     3  5.26e+03   7.00       1.000     
 130     8   1     3     1     4  5.26e+03   8.00       1.000     
 130     9   1     2     1     3  5.26e+03   9.00       1.000     
 130    10   1     2     1     3  5.26e+03   10.0       1.000     
 130    11   1     3     1     4  5.26e+03   11.0       1.000     
 130    12   1     2     1     3  5.26e+03   12.0       1.000     
 130    13   1     2     1     3  5.26e+03   13.0       1.000     
 130    14   1     3     1     4  5.26e+03   14.0       1.000     
 130    15   1     2     1     3  5.26e+03   15.0       1.000     
 130    16   1     1     1     2  5.27e+03   16.0       1.000     
 130    17   1     2     1     3  5.27e+03   17.0       1.000     
 130    18   1     2     1     3  5.27e+03   18.0       1.000     
 130    19   1     2     1     3  5.27e+03   19.0       1.000     
 130    20   1     2     1     3  5.27e+03   20.0       1.000     
 130    21   1     2     1     3  5.27e+03   21.0       1.000     
 130    22   1     2     1     3  5.27e+03   22.0       1.000     
 130    23   1     2     1     3  5.27e+03   23.0       1.000     
 130    24   1     2     1     3  5.27e+03   24.0       1.000     
 130    25   1     2     1     3  5.27e+03   25.0       1.000     
 130    26   1     2     1     3  5.28e+03   26.0       1.000     
 130    27   1     2     1     3  5.28e+03   27.0       1.000     
 130    28   1     3     1     4  5.28e+03   28.0       1.000     
 130    29   1     2     1     3  5.28e+03   29.0       1.000     
 130    30   1     2     1     3  5.28e+03   30.0       1.000     
 130    31   1     3     1     4  5.28e+03   31.0       1.000     
 130    32   1     2     1     3  5.28e+03   32.0       1.000     
 130    33   1     2     1     3  5.28e+03   33.0       1.000     
 130    34   1     3     1     4  5.28e+03   34.0       1.000     
 130    35   1     2     1     3  5.28e+03   35.0       1.000     
 130    36   1     1     1     2  5.29e+03   36.0       1.000     
 130    37   1     1     2     3  5.29e+03   37.0       1.000     
 130    38   1     2     1     3  5.29e+03   38.0       1.000     
 130    39   1     2     1     3  5.29e+03   39.0       1.000     
 130    40   1     2     1     3  5.29e+03   40.0       1.000     
 130    41   1     2     1     3  5.29e+03   41.0       1.000     
 131     1   1     3     1     4  5.29e+03   1.00       1.000     
 131     2   1     2     1     3  5.29e+03   2.00       1.000     
 131     3   1     2     1     3  5.29e+03   3.00       1.000     
 131     4   1     2     1     3  5.29e+03   4.00       1.000     
 131     5   1     2     1     3  5.30e+03   5.00       1.000     
 131     6   1     2     1     3  5.30e+03   6.00       1.000     
 131     7   1     2     1     3  5.30e+03   7.00       1.000     
 131     8   1     3     1     4  5.30e+03   8.00       1.000     
 131     9   1     2     1     3  5.30e+03   9.00       1.000     
 131    10   1     2     1     3  5.30e+03   10.0       1.000     
 131    11   1     3     1     4  5.30e+03   11.0       1.000     
 131    12   1     2     1     3  5.30e+03   12.0       1.000     
 131    13   1     2     1     3  5.30e+03   13.0       1.000     
 131    14   1     3     1     4  5.30e+03   14.0       1.000     
 131    15   1     2     1     3  5.31e+03   15.0       1.000     
 131    16   1     1     1     2  5.31e+03   16.0       1.000     
 131    17   1     2     1     3  5.31e+03   17.0       1.000     
 131    18   1     2     1     3  5.31e+03   18.0       1.000     
 131    19   1     2     1     3  5.31e+03   19.0       1.000     
 131    20   1     2     1     3  5.31e+03   20.0       1.000     
 131    21   1     2     1     3  5.31e+03   21.0       1.000     
 131    22   1     2     1     3  5.31e+03   22.0       1.000     
 131    23   1     2     1     3  5.31e+03   23.0       1.000     
 131    24   1     2     1     3  5.31e+03   24.0       1.000     
 131    25   1     2     1     3  5.32e+03   25.0       1.000     
 131    26   1     2     1     3  5.32e+03   26.0       1.000     
 131    27   1     2     1     3  5.32e+03   27.0       1.000     
 131    28   1     3     1     4  5.32e+03   28.0       1.000     
 131    29   1     2     1     3  5.32e+03   29.0       1.000     
 131    30   1     2     1     3  5.32e+03   30.0       1.000     
 131    31   1     3     1     4  5.32e+03   31.0       1.000     
 131    32   1     2     1     3  5.32e+03   32.0       1.000     
 131    33   1     2     1     3  5.32e+03   33.0       1.000     
 131    34   1     3     1     4  5.32e+03   34.0       1.000     
 131    35   1     2     1     3  5.33e+03   35.0       1.000     
 131    36   1     1     1     2  5.33e+03   36.0       1.000     
 131    37   1     1     2     3  5.33e+03   37.0       1.000     
 131    38   1     2     1     3  5.33e+03   38.0       1.000     
 131    39   1     2     1     3  5.33e+03   39.0       1.000     
 131    40   1     2     1     3  5.33e+03   40.0       1.000     
 131    41   1     2     1     3  5.33e+03   41.0       1.000     
 132     1   1     3     1     4  5.33e+03   1.00       1.000     
 132     2   1     2     1     3  5.33e+03   2.00       1.000     
 132     3   1     2     1     3  5.33e+03   3.00       1.000     
 132     4   1     2     1     3  5.34e+03   4.00       1.000     
 132     5   1     2     1     3  5.34e+03   5.00       1.000     
 132     6   1     2     1     3  5.34e+03   6.00       1.000     
 132     7   1     2     1     3  5.34e+03   7.00       1.000     
 132     8   1     3     1     4  5.34e+03   8.00       1.000     
 132     9   1     2     1     3  5.34e+03   9.00       1.000     
 132    10   1     2     1     3  5.34e+03   10.0       1.000     
 132    11   1     3     1     4  5.34e+03   11.0       1.000     
 132    12   1     2     1     3  5.34e+03   12.0       1.000     
 132    13   1     2     1     3  5.34e+03   13.0       1.000     
 132    14   1     3     1     4  5.35e+03   14.0       1.000     
 132    15   1     2     1     3  5.35e+03   15.0       1.000     
 132    16   1     1     1     2  5.35e+03   16.0       1.000     
 132    17   1     2     1     3  5.35e+03   17.0       1.000     
 132    18   1     2     1     3  5.35e+03   18.0       1.000     
 132    19   1     2     1     3  5.35e+03   19.0       1.000     
 132    20   1     2     1     3  5.35e+03   20.0       1.000     
 132    21   1     2     1     3  5.35e+03   21.0       1.000     
 132    22   1     2     1     3  5.35e+03   22.0       1.000     
 132    23   1     2     1     3  5.35e+03   23.0       1.000     
 132    24   1     2     1     3  5.36e+03   24.0       1.000     
 132    25   1     2     1     3  5.36e+03   25.0       1.000     
 132    26   1     2     1     3  5.36e+03   26.0       1.000     
 132    27   1     2     1     3  5.36e+03   27.0       1.000     
 132    28   1     3     1     4  5.36e+03   28.0       1.000     
 132    29   1     2     1     3  5.36e+03   29.0       1.000     
 132    30   1     2     1     3  5.36e+03   30.0       1.000     
 132    31   1     3     1     4  5.36e+03   31.0       1.000     
 132    32   1     2     1     3  5.36e+03   32.0       1.000     
 132    33   1     2     1     3  5.36e+03   33.0       1.000     
 132    34   1     3     1     4  5.37e+03   34.0       1.000     
 132    35   1     2     1     3  5.37e+03   35.0       1.000     
 132    36   1     1     1     2  5.37e+03   36.0       1.000     
 132    37   1     1     2     3  5.37e+03   37.0       1.000     
 132    38   1     2     1     3  5.37e+03   38.0       1.000     
 132    39   1     2     1     3  5.37e+03   39.0       1.000     
 132    40   1     2     1     3  5.37e+03   40.0       1.000     
 132    41   1     2     1     3  5.37e+03   41.0       1.000     
 133     1   1     3     1     4  5.37e+03   1.00       1.000     
 133     2   1     2     1     3  5.37e+03   2.00       1.000     
 133     3   1     2     1     3  5.38e+03   3.00       1.000     
 133     4   1     2     1     3  5.38e+03   4.00       1.000     
 133     5   1     2     1     3  5.38e+03   5.00       1.000     
 133     6   1     2     1     3  5.38e+03   6.00       1.000     
 133     7   1     2     1     3  5.38e+03   7.00       1.000     
 133     8   1     3     1     4  5.38e+03   8.00       1.000     
 133     9   1     2     1     3  5.38e+03   9.00       1.000     
 133    10   1     2     1     3  5.38e+03   10.0       1.000     
 133    11   1     3     1     4  5.38e+03   11.0       1.000     
 133    12   1     2     1     3  5.38e+03   12.0       1.000     
 133    13   1     2     1     3  5.39e+03   13.0       1.000     
 133    14   1     3     1     4  5.39e+03   14.0       1.000     
 133    15   1     2     1     3  5.39e+03   15.0       1.000     
 133    16   1     1     1     2  5.39e+03   16.0       1.000     
 133    17   1     2     1     3  5.39e+03   17.0       1.000     
 133    18   1     2     1     3  5.39e+03   18.0       1.000     
 133    19   1     2     1     3  5.39e+03   19.0       1.000     
 133    20   1     2     1     3  5.39e+03   20.0       1.000     
 133    21   1     2     1     3  5.39e+03   21.0       1.000     
 133    22   1     2     1     3  5.39e+03   22.0       1.000     
 133    23   1     2     1     3  5.40e+03   23.0       1.000     
 133    24   1     2     1     3  5.40e+03   24.0       1.000     
 133    25   1     2     1     3  5.40e+03   25.0       1.000     
 133    26   1     2     1     3  5.40e+03   26.0       1.000     
 133    27   1     2     1     3  5.40e+03   27.0       1.000     
 133    28   1     3     1     4  5.40e+03   28.0       1.000     
 133    29   1     2     1     3  5.40e+03   29.0       1.000     
 133    30   1     2     1     3  5.40e+03   30.0       1.000     
 133    31   1     3     2     5  5.40e+03   31.0       1.000     
 133    32   1     2     1     3  5.40e+03   32.0       1.000     
 133    33   1     2     1     3  5.41e+03   33.0       1.000     
 133    34   1     2     1     3  5.41e+03   34.0       1.000     
 133    35   1     2     1     3  5.41e+03   35.0       1.000     
 133    36   1     1     1     2  5.41e+03   36.0       1.000     
 133    37   1     1     1     2  5.41e+03   37.0       1.000     
 133    38   1     2     1     3  5.41e+03   38.0       1.000     
 133    39   1     2     1     3  5.41e+03   39.0       1.000     
 133    40   1     2     1     3  5.41e+03   40.0       1.000     
 133    41   1     2     1     3  5.41e+03   41.0       1.000     
 134     1   1     3     1     4  5.41e+03   1.00       1.000     
 134     2   1     2     1     3  5.42e+03   2.00       1.000     
 134     3   1     2     1     3  5.42e+03   3.00       1.000     
 134     4   1     2     1     3  5.42e+03   4.00       1.000     
 134     5   1     2     1     3  5.42e+03   5.00       1.000     
 134     6   1     2     1     3  5.42e+03   6.00       1.000     
 134     7   1     2     1     3  5.42e+03   7.00       1.000     
 134     8   1     3     1     4  5.42e+03   8.00       1.000     
 134     9   1     2     1     3  5.42e+03   9.00       1.000     
 134    10   1     2     1     3  5.42e+03   10.0       1.000     
 134    11   1     7     1     8  5.42e+03   11.0       1.000     
 134    12   1     2     1     3  5.43e+03   12.0       1.000     
 134    13   1     2     1     3  5.43e+03   13.0       1.000     
 134    14   1     3     1     4  5.43e+03   14.0       1.000     
 134    15   1     2     1     3  5.43e+03   15.0       1.000     
 134    16   1     1     1     2  5.43e+03   16.0       1.000     
 134    17   1     2     1     3  5.43e+03   17.0       1.000     
 134    18   1     2     1     3  5.43e+03   18.0       1.000     
 134    19   1     2     1     3  5.43e+03   19.0       1.000     
 134    20   1     2     1     3  5.43e+03   20.0       1.000     
 134    21   1     2     1     3  5.43e+03   21.0       1.000     
 134    22   1     2     1     3  5.44e+03   22.0       1.000     
 134    23   1     2     1     3  5.44e+03   23.0       1.000     
 134    24   1     2     1     3  5.44e+03   24.0       1.000     
 134    25   1     2     1     3  5.44e+03   25.0       1.000     
 134    26   1     2     1     3  5.44e+03   26.0       1.000     
 134    27   1     2     1     3  5.44e+03   27.0       1.000     
 134    28   1     3     1     4  5.44e+03   28.0       1.000     
 134    29   1     2     1     3  5.44e+03   29.0       1.000     
 134    30   1     2     1     3  5.44e+03   30.0       1.000     
 134    31   1     6     1     7  5.44e+03   31.0       1.000     
 134    32   1     2     1     3  5.45e+03   32.0       1.000     
 134    33   1     2     1     3  5.45e+03   33.0       1.000     
 134    34   1     2     1     3  5.45e+03   34.0       1.000     
 134    35   1     2     1     3  5.45e+03   35.0       1.000     
 134    36   1     1     1     2  5.45e+03   36.0       1.000     
 134    37   1     1     1     2  5.45e+03   37.0       1.000     
 134    38   1     2     1     3  5.45e+03   38.0       1.000     
 134    39   1     2     1     3  5.45e+03   39.0       1.000     
 134    40   1     2     1     3  5.45e+03   40.0       1.000     
 134    41   1     2     1     3  5.45e+03   41.0       1.000     
 135     1   1     3     1     4  5.46e+03   1.00       1.000     
 135     2   1     2     1     3  5.46e+03   2.00       1.000     
 135     3   1     2     1     3  5.46e+03   3.00       1.000     
 135     4   1     2     1     3  5.46e+03   4.00       1.000     
 135     5   1     2     1     3  5.46e+03   5.00       1.000     
 135     6   1     2     1     3  5.46e+03   6.00       1.000     
 135     7   1     2     1     3  5.46e+03   7.00       1.000     
 135     8   1     3     1     4  5.46e+03   8.00       1.000     
 135     9   1     2     1     3  5.46e+03   9.00       1.000     
 135    10   1     2     1     3  5.46e+03   10.0       1.000     
 135    11   1     6     1     7  5.47e+03   11.0       1.000     
 135    12   1     2     1     3  5.47e+03   12.0       1.000     
 135    13   1     2     1     3  5.47e+03   13.0       1.000     
 135    14   1     2     1     3  5.47e+03   14.0       1.000     
 135    15   1     2     1     3  5.47e+03   15.0       1.000     
 135    16   1     1     1     2  5.47e+03   16.0       1.000     
 135    17   1     2     1     3  5.47e+03   17.0       1.000     
 135    18   1     2     1     3  5.47e+03   18.0       1.000     
 135    19   1     2     1     3  5.47e+03   19.0       1.000     
 135    20   1     2     1     3  5.47e+03   20.0       1.000     
 135    21   1     2     1     3  5.48e+03   21.0       1.000     
 135    22   1     2     1     3  5.48e+03   22.0       1.000     
 135    23   1     2     1     3  5.48e+03   23.0       1.000     
 135    24   1     2     1     3  5.48e+03   24.0       1.000     
 135    25   1     2     1     3  5.48e+03   25.0       1.000     
 135    26   1     2     1     3  5.48e+03   26.0       1.000     
 135    27   1     2     1     3  5.48e+03   27.0       1.000     
 135    28   1     3     1     4  5.48e+03   28.0       1.000     
 135    29   1     2     1     3  5.48e+03   29.0       1.000     
 135    30   1     2     1     3  5.48e+03   30.0       1.000     
 135    31   1     5     1     6  5.49e+03   31.0       1.000     
 135    32   1     2     1     3  5.49e+03   32.0       1.000     
 135    33   1     2     1     3  5.49e+03   33.0       1.000     
 135    34   1     2     1     3  5.49e+03   34.0       1.000     
 135    35   1     2     1     3  5.49e+03   35.0       1.000     
 135    36   1     1     1     2  5.49e+03   36.0       1.000     
 135    37   1     1     1     2  5.49e+03   37.0       1.000     
 135    38   1     2     1     3  5.49e+03   38.0       1.000     
 135    39   1     2     1     3  5.49e+03   39.0       1.000     
 135    40   1     2     1     3  5.49e+03   40.0       1.000     
 135    41   1     2     1     3  5.50e+03   41.0       1.000     
 136     1   1     3     1     4  5.50e+03   1.00       1.000     
 136     2   1     2     1     3  5.50e+03   2.00       1.000     
 136     3   1     2     1     3  5.50e+03   3.00       1.000     
 136     4   1     2     1     3  5.50e+03   4.00       1.000     
 136     5   1     2     1     3  5.50e+03   5.00       1.000     
 136     6   1     2     1     3  5.50e+03   6.00       1.000     
 136     7   1     2     1     3  5.50e+03   7.00       1.000     
 136     8   1     3     1     4  5.50e+03   8.00       1.000     
 136     9   1     2     1     3  5.50e+03   9.00       1.000     
 136    10   1     2     1     3  5.51e+03   10.0       1.000     
 136    11   1     5     1     6  5.51e+03   11.0       1.000     
 136    12   1     3     1     4  5.51e+03   12.0       1.000     
 136    13   1     3     1     4  5.51e+03   13.0       1.000     
 136    14   1     2     1     3  5.51e+03   14.0       1.000     
 136    15   1     2     1     3  5.51e+03   15.0       1.000     
 136    16   1     1     1     2  5.51e+03   16.0       1.000     
 136    17   1     2     1     3  5.51e+03   17.0       1.000     
 136    18   1     2     1     3  5.51e+03   18.0       1.000     
 136    19   1     2     1     3  5.51e+03   19.0       1.000     
 136    20   1     2     1     3  5.52e+03   20.0       1.000     
 136    21   1     2     1     3  5.52e+03   21.0       1.000     
 136    22   1     2     1     3  5.52e+03   22.0       1.000     
 136    23   1     2     1     3  5.52e+03   23.0       1.000     
 136    24   1     2     1     3  5.52e+03   24.0       1.000     
 136    25   1     2     1     3  5.52e+03   25.0       1.000     
 136    26   1     2     1     3  5.52e+03   26.0       1.000     
 136    27   1     2     1     3  5.52e+03   27.0       1.000     
 136    28   1     3     1     4  5.52e+03   28.0       1.000     
 136    29   1     2     1     3  5.52e+03   29.0       1.000     
 136    30   1     3     1     4  5.53e+03   30.0       1.000     
 136    31   1     3     2     5  5.53e+03   31.0       1.000     
 136    32   1     3     1     4  5.53e+03   32.0       1.000     
 136    33   1     2     1     3  5.53e+03   33.0       1.000     
 136    34   1     2     1     3  5.53e+03   34.0       1.000     
 136    35   1     2     1     3  5.53e+03   35.0       1.000     
 136    36   1     1     1     2  5.53e+03   36.0       1.000     
 136    37   1     1     1     2  5.53e+03   37.0       1.000     
 136    38   1     2     1     3  5.53e+03   38.0       1.000     
 136    39   1     2     1     3  5.53e+03   39.0       1.000     
 136    40   1     2     1     3  5.54e+03   40.0       1.000     
 136    41   1     2     1     3  5.54e+03   41.0       1.000     
 137     1   1     3     1     4  5.54e+03   1.00       1.000     
 137     2   1     2     1     3  5.54e+03   2.00       1.000     
 137     3   1     2     1     3  5.54e+03   3.00       1.000     
 137     4   1     2     1     3  5.54e+03   4.00       1.000     
 137     5   1     2     1     3  5.54e+03   5.00       1.000     
 137     6   1     2     1     3  5.54e+03   6.00       1.000     
 137     7   1     2     1     3  5.54e+03   7.00       1.000     
 137     8   1     3     1     4  5.54e+03   8.00       1.000     
 137     9   1     2     1     3  5.55e+03   9.00       1.000     
 137    10   1     3     1     4  5.55e+03   10.0       1.000     
 137    11   1     3     2     5  5.55e+03   11.0       1.000     
 137    12   1     3     1     4  5.55e+03   12.0       1.000     
 137    13   1     2     1     3  5.55e+03   13.0       1.000     
 137    14   1     2     1     3  5.55e+03   14.0       1.000     
 137    15   1     2     1     3  5.55e+03   15.0       1.000     
 137    16   1     2     1     3  5.55e+03   16.0       1.000     
 137    17   1     2     1     3  5.55e+03   17.0       1.000     
 137    18   1     2     1     3  5.55e+03   18.0       1.000     
 137    19   1     3     1     4  5.56e+03   19.0       1.000     
 137    20   1     2     1     3  5.56e+03   20.0       1.000     
 137    21   1     2     1     3  5.56e+03   21.0       1.000     
 137    22   1     2     1     3  5.56e+03   22.0       1.000     
 137    23   1     2     1     3  5.56e+03   23.0       1.000     
 137    24   1     2     1     3  5.56e+03   24.0       1.000     
 137    25   1     2     1     3  5.56e+03   25.0       1.000     
 137    26   1     2     1     3  5.56e+03   26.0       1.000     
 137    27   1     2     1     3  5.56e+03   27.0       1.000     
 137    28   1     3     1     4  5.56e+03   28.0       1.000     
 137    29   1     2     1     3  5.57e+03   29.0       1.000     
 137    30   1     3     1     4  5.57e+03   30.0       1.000     
 137    31   1     3     2     5  5.57e+03   31.0       1.000     
 137    32   1     3     1     4  5.57e+03   32.0       1.000     
 137    33   1     2     1     3  5.57e+03   33.0       1.000     
 137    34   1     2     1     3  5.57e+03   34.0       1.000     
 137    35   1     2     1     3  5.57e+03   35.0       1.000     
 137    36   1     1     2     3  5.57e+03   36.0       1.000     
 137    37   1     1     1     2  5.57e+03   37.0       1.000     
 137    38   1     2     1     3  5.57e+03   38.0       1.000     
 137    39   1     2     1     3  5.58e+03   39.0       1.000     
 137    40   1     2     1     3  5.58e+03   40.0       1.000     
 137    41   1     2     1     3  5.58e+03   41.0       1.000     
 138     1   1     3     1     4  5.58e+03   1.00       1.000     
 138     2   1     2     1     3  5.58e+03   2.00       1.000     
 138     3   1     2     1     3  5.58e+03   3.00       1.000     
 138     4   1     2     1     3  5.58e+03   4.00       1.000     
 138     5   1     2     1     3  5.58e+03   5.00       1.000     
 138     6   1     2     1     3  5.58e+03   6.00       1.000     
 138     7   1     2     1     3  5.58e+03   7.00       1.000     
 138     8   1     3     1     4  5.59e+03   8.00       1.000     
 138     9   1     2     1     3  5.59e+03   9.00       1.000     
 138    10   1     3     1     4  5.59e+03   10.0       1.000     
 138    11   1     3     1     4  5.59e+03   11.0       1.000     
 138    12   1     2     1     3  5.59e+03   12.0       1.000     
 138    13   1     2     1     3  5.59e+03   13.0       1.000     
 138    14   1     2     1     3  5.59e+03   14.0       1.000     
 138    15   1     2     1     3  5.59e+03   15.0       1.000     
 138    16   1     1     2     3  5.59e+03   16.0       1.000     
 138    17   1     2     1     3  5.59e+03   17.0       1.000     
 138    18   1     2     1     3  5.60e+03   18.0       1.000     
 138    19   1     2     1     3  5.60e+03   19.0       1.000     
 138    20   1     3     1     4  5.60e+03   20.0       1.000     
 138    21   1     2     1     3  5.60e+03   21.0       1.000     
 138    22   1     2     1     3  5.60e+03   22.0       1.000     
 138    23   1     2     1     3  5.60e+03   23.0       1.000     
 138    24   1     2     1     3  5.60e+03   24.0       1.000     
 138    25   1     3     1     4  5.60e+03   25.0       1.000     
 138    26   1     2     1     3  5.60e+03   26.0       1.000     
 138    27   1     2     1     3  5.60e+03   27.0       1.000     
 138    28   1     3     1     4  5.61e+03   28.0       1.000     
 138    29   1     2     1     3  5.61e+03   29.0       1.000     
 138    30   1     3     1     4  5.61e+03   30.0       1.000     
 138    31   1     3     2     5  5.61e+03   31.0       1.000     
 138    32   1     2     1     3  5.61e+03   32.0       1.000     
 138    33   1     2     1     3  5.61e+03   33.0       1.000     
 138    34   1     2     1     3  5.61e+03   34.0       1.000     
 138    35   1     3     1     4  5.61e+03   35.0       1.000     
 138    36   1     2     1     3  5.61e+03   36.0       1.000     
 138    37   1     1     1     2  5.61e+03   37.0       1.000     
 138    38   1     2     1     3  5.62e+03   38.0       1.000     
 138    39   1     2     1     3  5.62e+03   39.0       1.000     
 138    40   1     3     1     4  5.62e+03   40.0       1.000     
 138    41   1     2     1     3  5.62e+03   41.0       1.000     
 139     1   1     3     1     4  5.62e+03   1.00       1.000     
 139     2   1     2     1     3  5.62e+03   2.00       1.000     
 139     3   1     2     1     3  5.62e+03   3.00       1.000     
 139     4   1     2     1     3  5.62e+03   4.00       1.000     
 139     5   1     2     1     3  5.62e+03   5.00       1.000     
 139     6   1     2     1     3  5.62e+03   6.00       1.000     
 139     7   1     2     1     3  5.63e+03   7.00       1.000     
 139     8   1     3     1     4  5.63e+03   8.00       1.000     
 139     9   1     2     1     3  5.63e+03   9.00       1.000     
 139    10   1     3     1     4  5.63e+03   10.0       1.000     
 139    11   1     3     1     4  5.63e+03   11.0       1.000     
 139    12   1     2     1     3  5.63e+03   12.0       1.000     
 139    13   1     2     1     3  5.63e+03   13.0       1.000     
 139    14   1     2     1     3  5.63e+03   14.0       1.000     
 139    15   1     2     1     3  5.63e+03   15.0       1.000     
 139    16   1     1     2     3  5.63e+03   16.0       1.000     
 139    17   1     1     1     2  5.64e+03   17.0       1.000     
 139    18   1     2     1     3  5.64e+03   18.0       1.000     
 139    19   1     2     1     3  5.64e+03   19.0       1.000     
 139    20   1     3     1     4  5.64e+03   20.0       1.000     
 139    21   1     2     1     3  5.64e+03   21.0       1.000     
 139    22   1     2     1     3  5.64e+03   22.0       1.000     
 139    23   1     2     1     3  5.64e+03   23.0       1.000     
 139    24   1     2     1     3  5.64e+03   24.0       1.000     
 139    25   1     2     1     3  5.64e+03   25.0       1.000     
 139    26   1     2     1     3  5.64e+03   26.0       1.000     
 139    27   1     2     1     3  5.65e+03   27.0       1.000     
 139    28   1     3     1     4  5.65e+03   28.0       1.000     
 139    29   1     2     1     3  5.65e+03   29.0       1.000     
 139    30   1     3     1     4  5.65e+03   30.0       1.000     
 139    31   1     3     1     4  5.65e+03   31.0       1.000     
 139    32   1     2     1     3  5.65e+03   32.0       1.000     
 139    33   1     2     1     3  5.65e+03   33.0       1.000     
 139    34   1     2     1     3  5.65e+03   34.0       1.000     
 139    35   1     3     1     4  5.65e+03   35.0       1.000     
 139    36   1     2     1     3  5.65e+03   36.0       1.000     
 139    37   1     1     1     2  5.66e+03   37.0       1.000     
 139    38   1     2     1     3  5.66e+03   38.0       1.000     
 139    39   1     2     1     3  5.66e+03   39.0       1.000     
 139    40   1     3     1     4  5.66e+03   40.0       1.000     
 139    41   1     2     1     3  5.66e+03   41.0       1.000     
 140     1   1     3     1     4  5.66e+03   1.00       1.000     
 140     2   1     2     1     3  5.66e+03   2.00       1.000     
 140     3   1     2     1     3  5.66e+03   3.00       1.000     
 140     4   1     2     1     3  5.66e+03   4.00       1.000     
 140     5   1     2     1     3  5.66e+03   5.00       1.000     
 140     6   1     2     1     3  5.67e+03   6.00       1.000     
 140     7   1     2     1     3  5.67e+03   7.00       1.000     
 140     8   1     3     1     4  5.67e+03   8.00       1.000     
 140     9   1     2     1     3  5.67e+03   9.00       1.000     
 140    10   1     3     1     4  5.67e+03   10.0       1.000     
 140    11   1     3     1     4  5.67e+03   11.0       1.000     
 140    12   1     2     1     3  5.67e+03   12.0       1.000     
 140    13   1     2     1     3  5.67e+03   13.0       1.000     
 140    14   1     2     1     3  5.67e+03   14.0       1.000     
 140    15   1     3     1     4  5.67e+03   15.0       1.000     
 140    16   1     2     1     3  5.68e+03   16.0       1.000     
 140    17   1     1     1     2  5.68e+03   17.0       1.000     
 140    18   1     2     1     3  5.68e+03   18.0       1.000     
 140    19   1     2     1     3  5.68e+03   19.0       1.000     
 140    20   1     3     1     4  5.68e+03   20.0       1.000     
 140    21   1     2     1     3  5.68e+03   21.0       1.000     
 140    22   1     2     1     3  5.68e+03   22.0       1.000     
 140    23   1     2     1     3  5.68e+03   23.0       1.000     
 140    24   1     2     1     3  5.68e+03   24.0       1.000     
 140    25   1     2     1     3  5.68e+03   25.0       1.000     
 140    26   1     2     1     3  5.69e+03   26.0       1.000     
 140    27   1     2     1     3  5.69e+03   27.0       1.000     
 140    28   1     3     1     4  5.69e+03   28.0       1.000     
 140    29   1     2     1     3  5.69e+03   29.0       1.000     
 140    30   1     3     1     4  5.69e+03   30.0       1.000     
 140    31   1     3     1     4  5.69e+03   31.0       1.000     
 140    32   1     2     1     3  5.69e+03   32.0       1.000     
 140    33   1     2     1     3  5.69e+03   33.0       1.000     
 140    34   1     2     1     3  5.69e+03   34.0       1.000     
 140    35   1     3     1     4  5.69e+03   35.0       1.000     
 140    36   1     2     1     3  5.70e+03   36.0       1.000     
 140    37   1     1     1     2  5.70e+03   37.0       1.000     
 140    38   1     2     1     3  5.70e+03   38.0       1.000     
 140    39   1     2     1     3  5.70e+03   39.0       1.000     
 140    40   1     3     1     4  5.70e+03   40.0       1.000     
 140    41   1     2     1     3  5.70e+03   41.0       1.000     
 141     1   1     3     1     4  5.70e+03   1.00       1.000     
 141     2   1     2     1     3  5.70e+03   2.00       1.000     
 141     3   1     2     1     3  5.70e+03   3.00       1.000     
 141     4   1     2     1     3  5.70e+03   4.00       1.000     
 141     5   1     2     1     3  5.71e+03   5.00       1.000     
 141     6   1     2     1     3  5.71e+03   6.00       1.000     
 141     7   1     2     1     3  5.71e+03   7.00       1.000     
 141     8   1     3     1     4  5.71e+03   8.00       1.000     
 141     9   1     2     1     3  5.71e+03   9.00       1.000     
 141    10   1     3     1     4  5.71e+03   10.0       1.000     
 141    11   1     3     1     4  5.71e+03   11.0       1.000     
 141    12   1     2     1     3  5.71e+03   12.0       1.000     
 141    13   1     2     1     3  5.71e+03   13.0       1.000     
 141    14   1     2     1     3  5.71e+03   14.0       1.000     
 141    15   1     3     1     4  5.72e+03   15.0       1.000     
 141    16   1     2     1     3  5.72e+03   16.0       1.000     
 141    17   1     1     1     2  5.72e+03   17.0       1.000     
 141    18   1     2     1     3  5.72e+03   18.0       1.000     
 141    19   1     2     1     3  5.72e+03   19.0       1.000     
 141    20   1     2     1     3  5.72e+03   20.0       1.000     
 141    21   1     3     1     4  5.72e+03   21.0       1.000     
 141    22   1     2     1     3  5.72e+03   22.0       1.000     
 141    23   1     2     1     3  5.72e+03   23.0       1.000     
 141    24   1     2     1     3  5.72e+03   24.0       1.000     
 141    25   1     2     1     3  5.73e+03   25.0       1.000     
 141    26   1     2     1     3  5.73e+03   26.0       1.000     
 141    27   1     3     0     3  5.73e+03   27.0       1.000     
 141    28   1     2     1     3  5.73e+03   28.0       1.000     
 141    29   1     2     1     3  5.73e+03   29.0       1.000     
 141    30   1     3     1     4  5.73e+03   30.0       1.000     
 141    31   1     4     1     5  5.73e+03   31.0       1.000     
 141    32   1     3     1     4  5.73e+03   32.0       1.000     
 141    33   1     2     1     3  5.73e+03   33.0       1.000     
 141    34   1     2     1     3  5.73e+03   34.0       1.000     
 141    35   1     3     1     4  5.74e+03   35.0       1.000     
 141    36   1     2     1     3  5.74e+03   36.0       1.000     
 141    37   1     1     1     2  5.74e+03   37.0       1.000     
 141    38   1     2     1     3  5.74e+03   38.0       1.000     
 141    39   1     2     1     3  5.74e+03   39.0       1.000     
 141    40   1     3     1     4  5.74e+03   40.0       1.000     
 141    41   1     2     1     3  5.74e+03   41.0       1.000     
 142     1   1     3     1     4  5.74e+03   1.00       1.000     
 142     2   1     2     1     3  5.74e+03   2.00       1.000     
 142     3   1     2     1     3  5.74e+03   3.00       1.000     
 142     4   1     2     1     3  5.75e+03   4.00       1.000     
 142     5   1     2     1     3  5.75e+03   5.00       1.000     
 142     6   1     2     1     3  5.75e+03   6.00       1.000     
 142     7   1     3     1     4  5.75e+03   7.00       1.000     
 142     8   1     2     1     3  5.75e+03   8.00       1.000     
 142     9   1     2     1     3  5.75e+03   9.00       1.000     
 142    10   1     3     1     4  5.75e+03   10.0       1.000     
 142    11   1     4     1     5  5.75e+03   11.0       1.000     
 142    12   1     3     1     4  5.75e+03   12.0       1.000     
 142    13   1     2     1     3  5.75e+03   13.0       1.000     
 142    14   1     2     1     3  5.76e+03   14.0       1.000     
 142    15   1     3     1     4  5.76e+03   15.0       1.000     
 142    16   1     2     1     3  5.76e+03   16.0       1.000     
 142    17   1     1     1     2  5.76e+03   17.0       1.000     
 142    18   1     2     1     3  5.76e+03   18.0       1.000     
 142    19   1     2     1     3  5.76e+03   19.0       1.000     
 142    20   1     2     1     3  5.76e+03   20.0       1.000     
 142    21   1     3     1     4  5.76e+03   21.0       1.000     
 142    22   1     2     1     3  5.76e+03   22.0       1.000     
 142    23   1     2     1     3  5.76e+03   23.0       1.000     
 142    24   1     2     1     3  5.77e+03   24.0       1.000     
 142    25   1     2     1     3  5.77e+03   25.0       1.000     
 142    26   1     2     1     3  5.77e+03   26.0       1.000     
 142    27   1     3     1     4  5.77e+03   27.0       1.000     
 142    28   1     2     1     3  5.77e+03   28.0       1.000     
 142    29   1     2     1     3  5.77e+03   29.0       1.000     
 142    30   1     3     1     4  5.77e+03   30.0       1.000     
 142    31   1     4     1     5  5.77e+03   31.0       1.000     
 142    32   1     3     1     4  5.77e+03   32.0       1.000     
 142    33   1     2     1     3  5.77e+03   33.0       1.000     
 142    34   1     2     1     3  5.78e+03   34.0       1.000     
 142    35   1     3     1     4  5.78e+03   35.0       1.000     
 142    36   1     2     1     3  5.78e+03   36.0       1.000     
 142    37   1     1     1     2  5.78e+03   37.0       1.000     
 142    38   1     2     1     3  5.78e+03   38.0       1.000     
 142    39   1     2     1     3  5.78e+03   39.0       1.000     
 142    40   1     3     1     4  5.78e+03   40.0       1.000     
 142    41   1     2     1     3  5.78e+03   41.0       1.000     
 143     1   1     3     1     4  5.78e+03   1.00       1.000     
 143     2   1     2     1     3  5.78e+03   2.00       1.000     
 143     3   1     2     1     3  5.79e+03   3.00       1.000     
 143     4   1     2     1     3  5.79e+03   4.00       1.000     
 143     5   1     2     1     3  5.79e+03   5.00       1.000     
 143     6   1     2     1     3  5.79e+03   6.00       1.000     
 143     7   1     3     1     4  5.79e+03   7.00       1.000     
 143     8   1     2     1     3  5.79e+03   8.00       1.000     
 143     9   1     3     1     4  5.79e+03   9.00       1.000     
 143    10   1     2     1     3  5.79e+03   10.0       1.000     
 143    11   1     4     1     5  5.79e+03   11.0       1.000     
 143    12   1     3     1     4  5.79e+03   12.0       1.000     
 143    13   1     2     1     3  5.80e+03   13.0       1.000     
 143    14   1     2     1     3  5.80e+03   14.0       1.000     
 143    15   1     3     1     4  5.80e+03   15.0       1.000     
 143    16   1     2     1     3  5.80e+03   16.0       1.000     
 143    17   1     1     1     2  5.80e+03   17.0       1.000     
 143    18   1     2     1     3  5.80e+03   18.0       1.000     
 143    19   1     2     1     3  5.80e+03   19.0       1.000     
 143    20   1     2     1     3  5.80e+03   20.0       1.000     
 143    21   1     3     1     4  5.80e+03   21.0       1.000     
 143    22   1     2     1     3  5.80e+03   22.0       1.000     
 143    23   1     2     1     3  5.81e+03   23.0       1.000     
 143    24   1     2     1     3  5.81e+03   24.0       1.000     
 143    25   1     2     1     3  5.81e+03   25.0       1.000     
 143    26   1     2     1     3  5.81e+03   26.0       1.000     
 143    27   1     3     1     4  5.81e+03   27.0       1.000     
 143    28   1     2     1     3  5.81e+03   28.0       1.000     
 143    29   1     3     1     4  5.81e+03   29.0       1.000     
 143    30   1     2     1     3  5.81e+03   30.0       1.000     
 143    31   1     4     1     5  5.81e+03   31.0       1.000     
 143    32   1     3     1     4  5.81e+03   32.0       1.000     
 143    33   1     2     1     3  5.82e+03   33.0       1.000     
 143    34   1     2     1     3  5.82e+03   34.0       1.000     
 143    35   1     3     1     4  5.82e+03   35.0       1.000     
 143    36   1     2     1     3  5.82e+03   36.0       1.000     
 143    37   1     1     1     2  5.82e+03   37.0       1.000     
 143    38   1     2     1     3  5.82e+03   38.0       1.000     
 143    39   1     2     1     3  5.82e+03   39.0       1.000     
 143    40   1     3     1     4  5.82e+03   40.0       1.000     
 143    41   1     3     1     4  5.82e+03   41.0       1.000     
 144     1   1     3     1     4  5.82e+03   1.00       1.000     
 144     2   1     2     1     3  5.83e+03   2.00       1.000     
 144     3   1     2     1     3  5.83e+03   3.00       1.000     
 144     4   1     2     1     3  5.83e+03   4.00       1.000     
 144     5   1     2     1     3  5.83e+03   5.00       1.000     
 144     6   1     2     1     3  5.83e+03   6.00       1.000     
 144     7   1     3     1     4  5.83e+03   7.00       1.000     
 144     8   1     2     1     3  5.83e+03   8.00       1.000     
 144     9   1     3     1     4  5.83e+03   9.00       1.000     
 144    10   1     2     1     3  5.83e+03   10.0       1.000     
 144    11   1     4     1     5  5.83e+03   11.0       1.000     
 144    12   1     3     1     4  5.84e+03   12.0       1.000     
 144    13   1     2     1     3  5.84e+03   13.0       1.000     
 144    14   1     2     1     3  5.84e+03   14.0       1.000     
 144    15   1     3     1     4  5.84e+03   15.0       1.000     
 144    16   1     2     1     3  5.84e+03   16.0       1.000     
 144    17   1     1     1     2  5.84e+03   17.0       1.000     
 144    18   1     2     1     3  5.84e+03   18.0       1.000     
 144    19   1     2     1     3  5.84e+03   19.0       1.000     
 144    20   1     2     1     3  5.84e+03   20.0       1.000     
 144    21   1     3     1     4  5.84e+03   21.0       1.000     
 144    22   1     2     1     3  5.85e+03   22.0       1.000     
 144    23   1     2     1     3  5.85e+03   23.0       1.000     
 144    24   1     2     1     3  5.85e+03   24.0       1.000     
 144    25   1     2     1     3  5.85e+03   25.0       1.000     
 144    26   1     2     1     3  5.85e+03   26.0       1.000     
 144    27   1     3     1     4  5.85e+03   27.0       1.000     
 144    28   1     2     1     3  5.85e+03   28.0       1.000     
 144    29   1     3     1     4  5.85e+03   29.0       1.000     
 144    30   1     2     1     3  5.85e+03   30.0       1.000     
 144    31   1     4     1     5  5.85e+03   31.0       1.000     
 144    32   1     3     1     4  5.86e+03   32.0       1.000     
 144    33   1     2     1     3  5.86e+03   33.0       1.000     
 144    34   1     2     1     3  5.86e+03   34.0       1.000     
 144    35   1     3     1     4  5.86e+03   35.0       1.000     
 144    36   1     2     1     3  5.86e+03   36.0       1.000     
 144    37   1     2     1     3  5.86e+03   37.0       1.000     
 144    38   1     2     1     3  5.86e+03   38.0       1.000     
 144    39   1     2     1     3  5.86e+03   39.0       1.000     
 144    40   1     2     1     3  5.86e+03   40.0       1.000     
 144    41   1     4     2     6  5.86e+03   41.0       1.000     
 145     1   1     3     1     4  5.87e+03   1.00       1.000     
 145     2   1     2     1     3  5.87e+03   2.00       1.000     
 145     3   1     2     1     3  5.87e+03   3.00       1.000     
 145     4   1     2     1     3  5.87e+03   4.00       1.000     
 145     5   1     2     1     3  5.87e+03   5.00       1.000     
 145     6   1     2     1     3  5.87e+03   6.00       1.000     
 145     7   1     3     1     4  5.87e+03   7.00       1.000     
 145     8   1     2     1     3  5.87e+03   8.00       1.000     
 145     9   1     3     1     4  5.87e+03   9.00       1.000     
 145    10   1     2     1     3  5.87e+03   10.0       1.000     
 145    11   1     4     1     5  5.88e+03   11.0       1.000     
 145    12   1     3     1     4  5.88e+03   12.0       1.000     
 145    13   1     2     1     3  5.88e+03   13.0       1.000     
 145    14   1     2     1     3  5.88e+03   14.0       1.000     
 145    15   1     3     1     4  5.88e+03   15.0       1.000     
 145    16   1     2     1     3  5.88e+03   16.0       1.000     
 145    17   1     2     1     3  5.88e+03   17.0       1.000     
 145    18   1     2     1     3  5.88e+03   18.0       1.000     
 145    19   1     2     1     3  5.88e+03   19.0       1.000     
 145    20   1     2     1     3  5.88e+03   20.0       1.000     
 145    21   1     3     1     4  5.89e+03   21.0       1.000     
 145    22   1     2     1     3  5.89e+03   22.0       1.000     
 145    23   1     2     1     3  5.89e+03   23.0       1.000     
 145    24   1     2     1     3  5.89e+03   24.0       1.000     
 145    25   1     2     1     3  5.89e+03   25.0       1.000     
 145    26   1     2     1     3  5.89e+03   26.0       1.000     
 145    27   1     3     1     4  5.89e+03   27.0       1.000     
 145    28   1     2     1     3  5.89e+03   28.0       1.000     
 145    29   1     3     1     4  5.89e+03   29.0       1.000     
 145    30   1     2     1     3  5.89e+03   30.0       1.000     
 145    31   1     4     1     5  5.90e+03   31.0       1.000     
 145    32   1     3     1     4  5.90e+03   32.0       1.000     
 145    33   1     2     1     3  5.90e+03   33.0       1.000     
 145    34   1     2     1     3  5.90e+03   34.0       1.000     
 145    35   1     2     1     3  5.90e+03   35.0       1.000     
 145    36   1     2     1     3  5.90e+03   36.0       1.000     
 145    37   1     2     1     3  5.90e+03   37.0       1.000     
 145    38   1     2     1     3  5.90e+03   38.0       1.000     
 145    39   1     2     1     3  5.90e+03   39.0       1.000     
 145    40   1     2     1     3  5.90e+03   40.0       1.000     
 145    41   1     4     2     6  5.91e+03   41.0       1.000     
 146     1   1     3     1     4  5.91e+03   1.00       1.000     
 146     2   1     2     1     3  5.91e+03   2.00       1.000     
 146     3   1     2     1     3  5.91e+03   3.00       1.000     
 146     4   1     2     1     3  5.91e+03   4.00       1.000     
 146     5   1     2     1     3  5.91e+03   5.00       1.000     
 146     6   1     2     1     3  5.91e+03   6.00       1.000     
 146     7   1     3     1     4  5.91e+03   7.00       1.000     
 146     8   1     2     1     3  5.91e+03   8.00       1.000     
 146     9   1     3     1     4  5.91e+03   9.00       1.000     
 146    10   1     2     1     3  5.92e+03   10.0       1.000     
 146    11   1     4     1     5  5.92e+03   11.0       1.000     
 146    12   1     3     1     4  5.92e+03   12.0       1.000     
 146    13   1     2     1     3  5.92e+03   13.0       1.000     
 146    14   1     2     1     3  5.92e+03   14.0       1.000     
 146    15   1     3     1     4  5.92e+03   15.0       1.000     
 146    16   1     2     1     3  5.92e+03   16.0       1.000     
 146    17   1     2     1     3  5.92e+03   17.0       1.000     
 146    18   1     2     1     3  5.92e+03   18.0       1.000     
 146    19   1     2     1     3  5.92e+03   19.0       1.000     
 146    20   1     2     1     3  5.93e+03   20.0       1.000     
 146    21   1     3     1     4  5.93e+03   21.0       1.000     
 146    22   1     2     1     3  5.93e+03   22.0       1.000     
 146    23   1     2     1     3  5.93e+03   23.0       1.000     
 146    24   1     2     1     3  5.93e+03   24.0       1.000     
 146    25   1     2     1     3  5.93e+03   25.0       1.000     
 146    26   1     2     1     3  5.93e+03   26.0       1.000     
 146    27   1     3     1     4  5.93e+03   27.0       1.000     
 146    28   1     2     1     3  5.93e+03   28.0       1.000     
 146    29   1     3     1     4  5.93e+03   29.0       1.000     
 146    30   1     2     1     3  5.94e+03   30.0       1.000     
 146    31   1     4     1     5  5.94e+03   31.0       1.000     
 146    32   1     3     1     4  5.94e+03   32.0       1.000     
 146    33   1     2     1     3  5.94e+03   33.0       1.000     
 146    34   1     2     1     3  5.94e+03   34.0       1.000     
 146    35   1     2     1     3  5.94e+03   35.0       1.000     
 146    36   1     2     1     3  5.94e+03   36.0       1.000     
 146    37   1     2     1     3  5.94e+03   37.0       1.000     
 146    38   1     2     1     3  5.94e+03   38.0       1.000     
 146    39   1     2     1     3  5.94e+03   39.0       1.000     
 146    40   1     2     1     3  5.95e+03   40.0       1.000     
 146    41   1     4     2     6  5.95e+03   41.0       1.000     
 147     1   1     3     1     4  5.95e+03   1.00       1.000     
 147     2   1     2     1     3  5.95e+03   2.00       1.000     
 147     3   1     2     1     3  5.95e+03   3.00       1.000     
 147     4   1     2     1     3  5.95e+03   4.00       1.000     
 147     5   1     2     1     3  5.95e+03   5.00       1.000     
 147     6   1     2     1     3  5.95e+03   6.00       1.000     
 147     7   1     3     1     4  5.95e+03   7.00       1.000     
 147     8   1     2     1     3  5.95e+03   8.00       1.000     
 147     9   1     3     1     4  5.96e+03   9.00       1.000     
 147    10   1     2     1     3  5.96e+03   10.0       1.000     
 147    11   1     4     1     5  5.96e+03   11.0       1.000     
 147    12   1     3     1     4  5.96e+03   12.0       1.000     
 147    13   1     2     1     3  5.96e+03   13.0       1.000     
 147    14   1     2     1     3  5.96e+03   14.0       1.000     
 147    15   1     3     1     4  5.96e+03   15.0       1.000     
 147    16   1     2     1     3  5.96e+03   16.0       1.000     
 147    17   1     2     1     3  5.96e+03   17.0       1.000     
 147    18   1     2     1     3  5.96e+03   18.0       1.000     
 147    19   1     2     1     3  5.97e+03   19.0       1.000     
 147    20   1     2     1     3  5.97e+03   20.0       1.000     
 147    21   1     4     0     4  5.97e+03   21.0       1.000     
 147    22   1     2     1     3  5.97e+03   22.0       1.000     
 147    23   1     2     1     3  5.97e+03   23.0       1.000     
 147    24   1     2     1     3  5.97e+03   24.0       1.000     
 147    25   1     2     1     3  5.97e+03   25.0       1.000     
 147    26   1     2     1     3  5.97e+03   26.0       1.000     
 147    27   1     3     1     4  5.97e+03   27.0       1.000     
 147    28   1     2     1     3  5.97e+03   28.0       1.000     
 147    29   1     3     1     4  5.98e+03   29.0       1.000     
 147    30   1     2     1     3  5.98e+03   30.0       1.000     
 147    31   1     4     1     5  5.98e+03   31.0       1.000     
 147    32   1     3     1     4  5.98e+03   32.0       1.000     
 147    33   1     2     1     3  5.98e+03   33.0       1.000     
 147    34   1     2     1     3  5.98e+03   34.0       1.000     
 147    35   1     2     1     3  5.98e+03   35.0       1.000     
 147    36   1     2     1     3  5.98e+03   36.0       1.000     
 147    37   1     1     2     3  5.98e+03   37.0       1.000     
 147    38   1     2     1     3  5.98e+03   38.0       1.000     
 147    39   1     2     1     3  5.99e+03   39.0       1.000     
 147    40   1     2     1     3  5.99e+03   40.0       1.000     
 147    41   1     4     2     6  5.99e+03   41.0       1.000     
 148     1   1     3     1     4  5.99e+03   1.00       1.000     
 148     2   1     2     1     3  5.99e+03   2.00       1.000     
 148     3   1     2     1     3  5.99e+03   3.00       1.000     
 148     4   1     2     1     3  5.99e+03   4.00       1.000     
 148     5   1     2     1     3  5.99e+03   5.00       1.000     
 148     6   1     2     1     3  5.99e+03   6.00       1.000     
 148     7   1     3     1     4  5.99e+03   7.00       1.000     
 148     8   1     2     1     3  6.00e+03   8.00       1.000     
 148     9   1     3     1     4  6.00e+03   9.00       1.000     
 148    10   1     2     1     3  6.00e+03   10.0       1.000     
 148    11   1     4     1     5  6.00e+03   11.0       1.000     
 148    12   1     3     1     4  6.00e+03   12.0       1.000     
 148    13   1     2     1     3  6.00e+03   13.0       1.000     
 148    14   1     2     1     3  6.00e+03   14.0       1.000     
 148    15   1     2     1     3  6.00e+03   15.0       1.000     
 148    16   1     2     1     3  6.00e+03   16.0       1.000     
 148    17   1     2     1     3  6.00e+03   17.0       1.000     
 148    18   1     2     1     3  6.01e+03   18.0       1.000     
 148    19   1     2     1     3  6.01e+03   19.0       1.000     
 148    20   1     2     1     3  6.01e+03   20.0       1.000     
 148    21   1     3     1     4  6.01e+03   21.0       1.000     
 148    22   1     2     1     3  6.01e+03   22.0       1.000     
 148    23   1     2     1     3  6.01e+03   23.0       1.000     
 148    24   1     2     1     3  6.01e+03   24.0       1.000     
 148    25   1     2     1     3  6.01e+03   25.0       1.000     
 148    26   1     2     1     3  6.01e+03   26.0       1.000     
 148    27   1     3     1     4  6.01e+03   27.0       1.000     
 148    28   1     2     1     3  6.02e+03   28.0       1.000     
 148    29   1     3     1     4  6.02e+03   29.0       1.000     
 148    30   1     2     1     3  6.02e+03   30.0       1.000     
 148    31   1     4     1     5  6.02e+03   31.0       1.000     
 148    32   1     3     1     4  6.02e+03   32.0       1.000     
 148    33   1     2     1     3  6.02e+03   33.0       1.000     
 148    34   1     2     1     3  6.02e+03   34.0       1.000     
 148    35   1     2     1     3  6.02e+03   35.0       1.000     
 148    36   1     2     1     3  6.02e+03   36.0       1.000     
 148    37   1     1     2     3  6.02e+03   37.0       1.000     
 148    38   1     2     1     3  6.03e+03   38.0       1.000     
 148    39   1     2     1     3  6.03e+03   39.0       1.000     
 148    40   1     2     1     3  6.03e+03   40.0       1.000     
 148    41   1     4     2     6  6.03e+03   41.0       1.000     
 149     1   1     3     1     4  6.03e+03   1.00       1.000     
 149     2   1     2     1     3  6.03e+03   2.00       1.000     
 149     3   1     2     1     3  6.03e+03   3.00       1.000     
 149     4   1     2     1     3  6.03e+03   4.00       1.000     
 149     5   1     2     1     3  6.03e+03   5.00       1.000     
 149     6   1     2     1     3  6.03e+03   6.00       1.000     
 149     7   1     3     1     4  6.04e+03   7.00       1.000     
 149     8   1     2     1     3  6.04e+03   8.00       1.000     
 149     9   1     3     1     4  6.04e+03   9.00       1.000     
 149    10   1     2     1     3  6.04e+03   10.0       1.000     
 149    11   1     4     1     5  6.04e+03   11.0       1.000     
 149    12   1     3     1     4  6.04e+03   12.0       1.000     
 149    13   1     2     1     3  6.04e+03   13.0       1.000     
 149    14   1     2     1     3  6.04e+03   14.0       1.000     
 149    15   1     2     1     3  6.04e+03   15.0       1.000     
 149    16   1     2     1     3  6.04e+03   16.0       1.000     
 149    17   1     2     1     3  6.05e+03   17.0       1.000     
 149    18   1     2     1     3  6.05e+03   18.0       1.000     
 149    19   1     2     1     3  6.05e+03   19.0       1.000     
 149    20   1     2     1     3  6.05e+03   20.0       1.000     
 149    21   1     3     1     4  6.05e+03   21.0       1.000     
 149    22   1     2     1     3  6.05e+03   22.0       1.000     
 149    23   1     2     1     3  6.05e+03   23.0       1.000     
 149    24   1     2     1     3  6.05e+03   24.0       1.000     
 149    25   1     2     1     3  6.05e+03   25.0       1.000     
 149    26   1     2     1     3  6.05e+03   26.0       1.000     
 149    27   1     3     1     4  6.06e+03   27.0       1.000     
 149    28   1     2     1     3  6.06e+03   28.0       1.000     
 149    29   1     3     1     4  6.06e+03   29.0       1.000     
 149    30   1     2     1     3  6.06e+03   30.0       1.000     
 149    31   1     4     1     5  6.06e+03   31.0       1.000     
 149    32   1     3     1     4  6.06e+03   32.0       1.000     
 149    33   1     2     1     3  6.06e+03   33.0       1.000     
 149    34   1     2     1     3  6.06e+03   34.0       1.000     
 149    35   1     2     1     3  6.06e+03   35.0       1.000     
 149    36   1     2     1     3  6.06e+03   36.0       1.000     
 149    37   1     1     2     3  6.07e+03   37.0       1.000     
 149    38   1     2     1     3  6.07e+03   38.0       1.000     
 149    39   1     2     1     3  6.07e+03   39.0       1.000     
 149    40   1     2     1     3  6.07e+03   40.0       1.000     
 149    41   1     4     2     6  6.07e+03   41.0       1.000     
 150     1   1     3     1     4  6.07e+03   1.00       1.000     
 150     2   1     2     1     3  6.07e+03   2.00       1.000     
 150     3   1     2     1     3  6.07e+03   3.00       1.000     
 150     4   1     2     1     3  6.07e+03   4.00       1.000     
 150     5   1     2     1     3  6.07e+03   5.00       1.000     
 150     6   1     2     1     3  6.08e+03   6.00       1.000     
 150     7   1     3     1     4  6.08e+03   7.00       1.000     
 150     8   1     2     1     3  6.08e+03   8.00       1.000     
 150     9   1     3     1     4  6.08e+03   9.00       1.000     
 150    10   1     2     1     3  6.08e+03   10.0       1.000     
 150    11   1     4     1     5  6.08e+03   11.0       1.000     
 150    12   1     3     1     4  6.08e+03   12.0       1.000     
 150    13   1     2     1     3  6.08e+03   13.0       1.000     
 150    14   1     2     1     3  6.08e+03   14.0       1.000     
 150    15   1     2     1     3  6.08e+03   15.0       1.000     
 150    16   1     2     1     3  6.09e+03   16.0       1.000     
 150    17   1     2     1     3  6.09e+03   17.0       1.000     
 150    18   1     2     1     3  6.09e+03   18.0       1.000     
 150    19   1     2     1     3  6.09e+03   19.0       1.000     
 150    20   1     2     1     3  6.09e+03   20.0       1.000     
 150    21   1     3     1     4  6.09e+03   21.0       1.000     
 150    22   1     2     1     3  6.09e+03   22.0       1.000     
 150    23   1     2     1     3  6.09e+03   23.0       1.000     
 150    24   1     2     1     3  6.09e+03   24.0       1.000     
 150    25   1     2     1     3  6.09e+03   25.0       1.000     
 150    26   1     2     1     3  6.10e+03   26.0       1.000     
 150    27   1     3     1     4  6.10e+03   27.0       1.000     
 150    28   1     2     1     3  6.10e+03   28.0       1.000     
 150    29   1     3     1     4  6.10e+03   29.0       1.000     
 150    30   1     2     1     3  6.10e+03   30.0       1.000     
 150    31   1     4     1     5  6.10e+03   31.0       1.000     
 150    32   1     3     1     4  6.10e+03   32.0       1.000     
 150    33   1     2     1     3  6.10e+03   33.0       1.000     
 150    34   1     2     1     3  6.10e+03   34.0       1.000     
 150    35   1     2     1     3  6.10e+03   35.0       1.000     
 150    36   1     2     1     3  6.11e+03   36.0       1.000     
 150    37   1     1     2     3  6.11e+03   37.0       1.000     
 150    38   1     2     1     3  6.11e+03   38.0       1.000     
 150    39   1     2     1     3  6.11e+03   39.0       1.000     
 150    40   1     2     1     3  6.11e+03   40.0       1.000     
 150    41   1     4     2     6  6.11e+03   41.0       1.000     
 151     1   1     3     1     4  6.11e+03   1.00       1.000     
 151     2   1     2     1     3  6.11e+03   2.00       1.000     
 151     3   1     2     1     3  6.11e+03   3.00       1.000     
 151     4   1     2     1     3  6.11e+03   4.00       1.000     
 151     5   1     2     1     3  6.12e+03   5.00       1.000     
 151     6   1     2     1     3  6.12e+03   6.00       1.000     
 151     7   1     3     1     4  6.12e+03   7.00       1.000     
 151     8   1     2     1     3  6.12e+03   8.00       1.000     
 151     9   1     3     1     4  6.12e+03   9.00       1.000     
 151    10   1     2     1     3  6.12e+03   10.0       1.000     
 151    11   1     4     1     5  6.12e+03   11.0       1.000     
 151    12   1     3     1     4  6.12e+03   12.0       1.000     
 151    13   1     2     1     3  6.12e+03   13.0       1.000     
 151    14   1     2     1     3  6.12e+03   14.0       1.000     
 151    15   1     2     1     3  6.13e+03   15.0       1.000     
 151    16   1     2     1     3  6.13e+03   16.0       1.000     
 151    17   1     2     1     3  6.13e+03   17.0       1.000     
 151    18   1     2     1     3  6.13e+03   18.0       1.000     
 151    19   1     2     1     3  6.13e+03   19.0       1.000     
 151    20   1     2     1     3  6.13e+03   20.0       1.000     
 151    21   1     3     1     4  6.13e+03   21.0       1.000     
 151    22   1     2     1     3  6.13e+03   22.0       1.000     
 151    23   1     2     1     3  6.13e+03   23.0       1.000     
 151    24   1     2     1     3  6.13e+03   24.0       1.000     
 151    25   1     2     1     3  6.14e+03   25.0       1.000     
 151    26   1     2     1     3  6.14e+03   26.0       1.000     
 151    27   1     3     1     4  6.14e+03   27.0       1.000     
 151    28   1     2     1     3  6.14e+03   28.0       1.000     
 151    29   1     3     1     4  6.14e+03   29.0       1.000     
 151    30   1     2     1     3  6.14e+03   30.0       1.000     
 151    31   1     4     1     5  6.14e+03   31.0       1.000     
 151    32   1     3     1     4  6.14e+03   32.0       1.000     
 151    33   1     2     1     3  6.14e+03   33.0       1.000     
 151    34   1     2     1     3  6.14e+03   34.0       1.000     
 151    35   1     3     1     4  6.15e+03   35.0       1.000     
 151    36   1     2     1     3  6.15e+03   36.0       1.000     
 151    37   1     1     2     3  6.15e+03   37.0       1.000     
 151    38   1     2     1     3  6.15e+03   38.0       1.000     
 151    39   1     2     1     3  6.15e+03   39.0       1.000     
 151    40   1     2     1     3  6.15e+03   40.0       1.000     
 151    41   1     4     2     6  6.15e+03   41.0       1.000     
 152     1   1     3     1     4  6.15e+03   1.00       1.000     
 152     2   1     2     1     3  6.15e+03   2.00       1.000     
 152     3   1     2     1     3  6.15e+03   3.00       1.000     
 152     4   1     2     1     3  6.16e+03   4.00       1.000     
 152     5   1     2     1     3  6.16e+03   5.00       1.000     
 152     6   1     2     1     3  6.16e+03   6.00       1.000     
 152     7   1     3     1     4  6.16e+03   7.00       1.000     
 152     8   1     2     1     3  6.16e+03   8.00       1.000     
 152     9   1     3     1     4  6.16e+03   9.00       1.000     
 152    10   1     2     1     3  6.16e+03   10.0       1.000     
 152    11   1     4     1     5  6.16e+03   11.0       1.000     
 152    12   1     3     1     4  6.16e+03   12.0       1.000     
 152    13   1     2     1     3  6.16e+03   13.0       1.000     
 152    14   1     2     1     3  6.17e+03   14.0       1.000     
 152    15   1     3     1     4  6.17e+03   15.0       1.000     
 152    16   1     2     1     3  6.17e+03   16.0       1.000     
 152    17   1     2     1     3  6.17e+03   17.0       1.000     
 152    18   1     2     1     3  6.17e+03   18.0       1.000     
 152    19   1     2     1     3  6.17e+03   19.0       1.000     
 152    20   1     2     1     3  6.17e+03   20.0       1.000     
 152    21   1     3     1     4  6.17e+03   21.0       1.000     
 152    22   1     2     1     3  6.17e+03   22.0       1.000     
 152    23   1     2     1     3  6.17e+03   23.0       1.000     
 152    24   1     2     1     3  6.18e+03   24.0       1.000     
 152    25   1     2     1     3  6.18e+03   25.0       1.000     
 152    26   1     2     1     3  6.18e+03   26.0       1.000     
 152    27   1     3     1     4  6.18e+03   27.0       1.000     
 152    28   1     2     1     3  6.18e+03   28.0       1.000     
 152    29   1     3     1     4  6.18e+03   29.0       1.000     
 152    30   1     2     1     3  6.18e+03   30.0       1.000     
 152    31   1     4     1     5  6.18e+03   31.0       1.000     
 152    32   1     3     1     4  6.18e+03   32.0       1.000     
 152    33   1     2     1     3  6.18e+03   33.0       1.000     
 152    34   1     2     1     3  6.19e+03   34.0       1.000     
 152    35   1     3     1     4  6.19e+03   35.0       1.000     
 152    36   1     2     1     3  6.19e+03   36.0       1.000     
 152    37   1     1     2     3  6.19e+03   37.0       1.000     
 152    38   1     2     1     3  6.19e+03   38.0       1.000     
 152    39   1     2     1     3  6.19e+03   39.0       1.000     
 152    40   1     2     1     3  6.19e+03   40.0       1.000     
 152    41   1     4     2     6  6.19e+03   41.0       1.000     
 153     1   1     3     1     4  6.19e+03   1.00       1.000     
 153     2   1     2     1     3  6.19e+03   2.00       1.000     
 153     3   1     2     1     3  6.20e+03   3.00       1.000     
 153     4   1     2     1     3  6.20e+03   4.00       1.000     
 153     5   1     2     1     3  6.20e+03   5.00       1.000     
 153     6   1     2     1     3  6.20e+03   6.00       1.000     
 153     7   1     3     1     4  6.20e+03   7.00       1.000     
 153     8   1     2     1     3  6.20e+03   8.00       1.000     
 153     9   1     3     1     4  6.20e+03   9.00       1.000     
 153    10   1     2     1     3  6.20e+03   10.0       1.000     
 153    11   1     5     2     7  6.20e+03   11.0       1.000     
 153    12   1     3     1     4  6.20e+03   12.0       1.000     
 153    13   1     2     1     3  6.21e+03   13.0       1.000     
 153    14   1     2     1     3  6.21e+03   14.0       1.000     
 153    15   1     3     1     4  6.21e+03   15.0       1.000     
 153    16   1     2     1     3  6.21e+03   16.0       1.000     
 153    17   1     2     1     3  6.21e+03   17.0       1.000     
 153    18   1     2     1     3  6.21e+03   18.0       1.000     
 153    19   1     2     1     3  6.21e+03   19.0       1.000     
 153    20   1     2     1     3  6.21e+03   20.0       1.000     
 153    21   1     3     1     4  6.21e+03   21.0       1.000     
 153    22   1     2     1     3  6.21e+03   22.0       1.000     
 153    23   1     2     1     3  6.22e+03   23.0       1.000     
 153    24   1     2     1     3  6.22e+03   24.0       1.000     
 153    25   1     2     1     3  6.22e+03   25.0       1.000     
 153    26   1     2     1     3  6.22e+03   26.0       1.000     
 153    27   1     3     1     4  6.22e+03   27.0       1.000     
 153    28   1     2     1     3  6.22e+03   28.0       1.000     
 153    29   1     3     1     4  6.22e+03   29.0       1.000     
 153    30   1     2     1     3  6.22e+03   30.0       1.000     
 153    31   1     7     1     8  6.22e+03   31.0       1.000     
 153    32   1     3     1     4  6.22e+03   32.0       1.000     
 153    33   1     2     1     3  6.23e+03   33.0       1.000     
 153    34   1     2     1     3  6.23e+03   34.0       1.000     
 153    35   1     2     1     3  6.23e+03   35.0       1.000     
 153    36   1     2     1     3  6.23e+03   36.0       1.000     
 153    37   1     1     2     3  6.23e+03   37.0       1.000     
 153    38   1     2     1     3  6.23e+03   38.0       1.000     
 153    39   1     2     1     3  6.23e+03   39.0       1.000     
 153    40   1     2     1     3  6.23e+03   40.0       1.000     
 153    41   1     4     2     6  6.23e+03   41.0       1.000     
 154     1   1     3     1     4  6.23e+03   1.00       1.000     
 154     2   1     2     1     3  6.24e+03   2.00       1.000     
 154     3   1     2     1     3  6.24e+03   3.00       1.000     
 154     4   1     2     1     3  6.24e+03   4.00       1.000     
 154     5   1     2     1     3  6.24e+03   5.00       1.000     
 154     6   1     2     1     3  6.24e+03   6.00       1.000     
 154     7   1     3     1     4  6.24e+03   7.00       1.000     
 154     8   1     2     1     3  6.24e+03   8.00       1.000     
 154     9   1     3     1     4  6.24e+03   9.00       1.000     
 154    10   1     2     1     3  6.24e+03   10.0       1.000     
 154    11   1     6     1     7  6.24e+03   11.0       1.000     
 154    12   1     2     1     3  6.25e+03   12.0       1.000     
 154    13   1     2     1     3  6.25e+03   13.0       1.000     
 154    14   1     2     1     3  6.25e+03   14.0       1.000     
 154    15   1     3     1     4  6.25e+03   15.0       1.000     
 154    16   1     2     1     3  6.25e+03   16.0       1.000     
 154    17   1     2     1     3  6.25e+03   17.0       1.000     
 154    18   1     2     1     3  6.25e+03   18.0       1.000     
 154    19   1     2     1     3  6.25e+03   19.0       1.000     
 154    20   1     2     1     3  6.25e+03   20.0       1.000     
 154    21   1     3     1     4  6.25e+03   21.0       1.000     
 154    22   1     2     1     3  6.26e+03   22.0       1.000     
 154    23   1     2     1     3  6.26e+03   23.0       1.000     
 154    24   1     2     1     3  6.26e+03   24.0       1.000     
 154    25   1     2     1     3  6.26e+03   25.0       1.000     
 154    26   1     2     1     3  6.26e+03   26.0       1.000     
 154    27   1     3     1     4  6.26e+03   27.0       1.000     
 154    28   1     2     1     3  6.26e+03   28.0       1.000     
 154    29   1     3     1     4  6.26e+03   29.0       1.000     
 154    30   1     2     1     3  6.26e+03   30.0       1.000     
 154    31   1     6     1     7  6.26e+03   31.0       1.000     
 154    32   1     2     1     3  6.27e+03   32.0       1.000     
 154    33   1     2     1     3  6.27e+03   33.0       1.000     
 154    34   1     2     1     3  6.27e+03   34.0       1.000     
 154    35   1     2     1     3  6.27e+03   35.0       1.000     
 154    36   1     2     1     3  6.27e+03   36.0       1.000     
 154    37   1     1     1     2  6.27e+03   37.0       1.000     
 154    38   1     2     1     3  6.27e+03   38.0       1.000     
 154    39   1     2     1     3  6.27e+03   39.0       1.000     
 154    40   1     2     1     3  6.27e+03   40.0       1.000     
 154    41   1     4     2     6  6.27e+03   41.0       1.000     
 155     1   1     3     1     4  6.28e+03   1.00       1.000     
 155     2   1     2     1     3  6.28e+03   2.00       1.000     
 155     3   1     2     1     3  6.28e+03   3.00       1.000     
 155     4   1     2     1     3  6.28e+03   4.00       1.000     
 155     5   1     2     1     3  6.28e+03   5.00       1.000     
 155     6   1     2     1     3  6.28e+03   6.00       1.000     
 155     7   1     3     1     4  6.28e+03   7.00       1.000     
 155     8   1     2     1     3  6.28e+03   8.00       1.000     
 155     9   1     3     1     4  6.28e+03   9.00       1.000     
 155    10   1     2     1     3  6.28e+03   10.0       1.000     
 155    11   1     6     1     7  6.29e+03   11.0       1.000     
 155    12   1     2     1     3  6.29e+03   12.0       1.000     
 155    13   1     3     1     4  6.29e+03   13.0       1.000     
 155    14   1     2     1     3  6.29e+03   14.0       1.000     
 155    15   1     2     1     3  6.29e+03   15.0       1.000     
 155    16   1     2     1     3  6.29e+03   16.0       1.000     
 155    17   1     2     1     3  6.29e+03   17.0       1.000     
 155    18   1     2     1     3  6.29e+03   18.0       1.000     
 155    19   1     2     1     3  6.29e+03   19.0       1.000     
 155    20   1     2     1     3  6.29e+03   20.0       1.000     
 155    21   1     3     1     4  6.30e+03   21.0       1.000     
 155    22   1     2     1     3  6.30e+03   22.0       1.000     
 155    23   1     2     1     3  6.30e+03   23.0       1.000     
 155    24   1     2     1     3  6.30e+03   24.0       1.000     
 155    25   1     2     1     3  6.30e+03   25.0       1.000     
 155    26   1     2     1     3  6.30e+03   26.0       1.000     
 155    27   1     3     1     4  6.30e+03   27.0       1.000     
 155    28   1     2     1     3  6.30e+03   28.0       1.000     
 155    29   1     3     1     4  6.30e+03   29.0       1.000     
 155    30   1     2     1     3  6.30e+03   30.0       1.000     
 155    31   1     3     2     5  6.31e+03   31.0       1.000     
 155    32   1     2     1     3  6.31e+03   32.0       1.000     
 155    33   1     3     1     4  6.31e+03   33.0       1.000     
 155    34   1     2     1     3  6.31e+03   34.0       1.000     
 155    35   1     2     1     3  6.31e+03   35.0       1.000     
 155    36   1     2     1     3  6.31e+03   36.0       1.000     
 155    37   1     1     1     2  6.31e+03   37.0       1.000     
 155    38   1     2     1     3  6.31e+03   38.0       1.000     
 155    39   1     2     1     3  6.31e+03   39.0       1.000     
 155    40   1     2     1     3  6.31e+03   40.0       1.000     
 155    41   1     4     2     6  6.32e+03   41.0       1.000     
 156     1   1     3     1     4  6.32e+03   1.00       1.000     
 156     2   1     2     1     3  6.32e+03   2.00       1.000     
 156     3   1     2     1     3  6.32e+03   3.00       1.000     
 156     4   1     2     1     3  6.32e+03   4.00       1.000     
 156     5   1     2     1     3  6.32e+03   5.00       1.000     
 156     6   1     2     1     3  6.32e+03   6.00       1.000     
 156     7   1     3     1     4  6.32e+03   7.00       1.000     
 156     8   1     2     1     3  6.32e+03   8.00       1.000     
 156     9   1     3     1     4  6.32e+03   9.00       1.000     
 156    10   1     2     1     3  6.33e+03   10.0       1.000     
 156    11   1     3     2     5  6.33e+03   11.0       1.000     
 156    12   1     2     1     3  6.33e+03   12.0       1.000     
 156    13   1     3     1     4  6.33e+03   13.0       1.000     
 156    14   1     2     1     3  6.33e+03   14.0       1.000     
 156    15   1     2     1     3  6.33e+03   15.0       1.000     
 156    16   1     2     1     3  6.33e+03   16.0       1.000     
 156    17   1     2     1     3  6.33e+03   17.0       1.000     
 156    18   1     2     1     3  6.33e+03   18.0       1.000     
 156    19   1     2     1     3  6.33e+03   19.0       1.000     
 156    20   1     2     1     3  6.34e+03   20.0       1.000     
 156    21   1     3     1     4  6.34e+03   21.0       1.000     
 156    22   1     2     1     3  6.34e+03   22.0       1.000     
 156    23   1     2     1     3  6.34e+03   23.0       1.000     
 156    24   1     2     1     3  6.34e+03   24.0       1.000     
 156    25   1     2     1     3  6.34e+03   25.0       1.000     
 156    26   1     3     1     4  6.34e+03   26.0       1.000     
 156    27   1     2     1     3  6.34e+03   27.0       1.000     
 156    28   1     2     1     3  6.34e+03   28.0       1.000     
 156    29   1     3     1     4  6.34e+03   29.0       1.000     
 156    30   1     2     1     3  6.35e+03   30.0       1.000     
 156    31   1     3     2     5  6.35e+03   31.0       1.000     
 156    32   1     2     1     3  6.35e+03   32.0       1.000     
 156    33   1     3     1     4  6.35e+03   33.0       1.000     
 156    34   1     2     1     3  6.35e+03   34.0       1.000     
 156    35   1     2     1     3  6.35e+03   35.0       1.000     
 156    36   1     2     1     3  6.35e+03   36.0       1.000     
 156    37   1     1     1     2  6.35e+03   37.0       1.000     
 156    38   1     2     1     3  6.35e+03   38.0       1.000     
 156    39   1     2     1     3  6.35e+03   39.0       1.000     
 156    40   1     2     1     3  6.36e+03   40.0       1.000     
 156    41   1     4     2     6  6.36e+03   41.0       1.000     
 157     1   1     3     1     4  6.36e+03   1.00       1.000     
 157     2   1     2     1     3  6.36e+03   2.00       1.000     
 157     3   1     2     1     3  6.36e+03   3.00       1.000     
 157     4   1     2     1     3  6.36e+03   4.00       1.000     
 157     5   1     2     1     3  6.36e+03   5.00       1.000     
 157     6   1     3     1     4  6.36e+03   6.00       1.000     
 157     7   1     2     1     3  6.36e+03   7.00       1.000     
 157     8   1     2     1     3  6.36e+03   8.00       1.000     
 157     9   1     3     1     4  6.37e+03   9.00       1.000     
 157    10   1     2     1     3  6.37e+03   10.0       1.000     
 157    11   1     3     2     5  6.37e+03   11.0       1.000     
 157    12   1     2     1     3  6.37e+03   12.0       1.000     
 157    13   1     3     1     4  6.37e+03   13.0       1.000     
 157    14   1     2     1     3  6.37e+03   14.0       1.000     
 157    15   1     2     1     3  6.37e+03   15.0       1.000     
 157    16   1     2     1     3  6.37e+03   16.0       1.000     
 157    17   1     2     1     3  6.37e+03   17.0       1.000     
 157    18   1     2     1     3  6.37e+03   18.0       1.000     
 157    19   1     2     1     3  6.38e+03   19.0       1.000     
 157    20   1     2     1     3  6.38e+03   20.0       1.000     
 157    21   1     3     1     4  6.38e+03   21.0       1.000     
 157    22   1     2     1     3  6.38e+03   22.0       1.000     
 157    23   1     2     1     3  6.38e+03   23.0       1.000     
 157    24   1     2     1     3  6.38e+03   24.0       1.000     
 157    25   1     2     1     3  6.38e+03   25.0       1.000     
 157    26   1     3     1     4  6.38e+03   26.0       1.000     
 157    27   1     2     1     3  6.38e+03   27.0       1.000     
 157    28   1     2     1     3  6.38e+03   28.0       1.000     
 157    29   1     3     1     4  6.39e+03   29.0       1.000     
 157    30   1     2     1     3  6.39e+03   30.0       1.000     
 157    31   1     3     2     5  6.39e+03   31.0       1.000     
 157    32   1     2     1     3  6.39e+03   32.0       1.000     
 157    33   1     3     1     4  6.39e+03   33.0       1.000     
 157    34   1     2     1     3  6.39e+03   34.0       1.000     
 157    35   1     2     1     3  6.39e+03   35.0       1.000     
 157    36   1     2     1     3  6.39e+03   36.0       1.000     
 157    37   1     1     1     2  6.39e+03   37.0       1.000     
 157    38   1     2     1     3  6.39e+03   38.0       1.000     
 157    39   1     2     1     3  6.40e+03   39.0       1.000     
 157    40   1     2     1     3  6.40e+03   40.0       1.000     
 157    41   1     4     2     6  6.40e+03   41.0       1.000     
 158     1   1     3     1     4  6.40e+03   1.00       1.000     
 158     2   1     2     1     3  6.40e+03   2.00       1.000     
 158     3   1     2     1     3  6.40e+03   3.00       1.000     
 158     4   1     2     1     3  6.40e+03   4.00       1.000     
 158     5   1     2     1     3  6.40e+03   5.00       1.000     
 158     6   1     3     1     4  6.40e+03   6.00       1.000     
 158     7   1     2     1     3  6.40e+03   7.00       1.000     
 158     8   1     2     1     3  6.41e+03   8.00       1.000     
 158     9   1     3     1     4  6.41e+03   9.00       1.000     
 158    10   1     2     1     3  6.41e+03   10.0       1.000     
 158    11   1     3     2     5  6.41e+03   11.0       1.000     
 158    12   1     2     1     3  6.41e+03   12.0       1.000     
 158    13   1     3     1     4  6.41e+03   13.0       1.000     
 158    14   1     2     1     3  6.41e+03   14.0       1.000     
 158    15   1     2     1     3  6.41e+03   15.0       1.000     
 158    16   1     2     1     3  6.41e+03   16.0       1.000     
 158    17   1     2     1     3  6.41e+03   17.0       1.000     
 158    18   1     2     1     3  6.42e+03   18.0       1.000     
 158    19   1     2     1     3  6.42e+03   19.0       1.000     
 158    20   1     2     1     3  6.42e+03   20.0       1.000     
 158    21   1     3     1     4  6.42e+03   21.0       1.000     
 158    22   1     2     1     3  6.42e+03   22.0       1.000     
 158    23   1     2     1     3  6.42e+03   23.0       1.000     
 158    24   1     2     1     3  6.42e+03   24.0       1.000     
 158    25   1     2     1     3  6.42e+03   25.0       1.000     
 158    26   1     3     1     4  6.42e+03   26.0       1.000     
 158    27   1     2     1     3  6.42e+03   27.0       1.000     
 158    28   1     2     1     3  6.43e+03   28.0       1.000     
 158    29   1     3     1     4  6.43e+03   29.0       1.000     
 158    30   1     2     1     3  6.43e+03   30.0       1.000     
 158    31   1     3     2     5  6.43e+03   31.0       1.000     
 158    32   1     2     1     3  6.43e+03   32.0       1.000     
 158    33   1     3     1     4  6.43e+03   33.0       1.000     
 158    34   1     2     1     3  6.43e+03   34.0       1.000     
 158    35   1     2     1     3  6.43e+03   35.0       1.000     
 158    36   1     2     1     3  6.43e+03   36.0       1.000     
 158    37   1     1     1     2  6.43e+03   37.0       1.000     
 158    38   1     2     1     3  6.44e+03   38.0       1.000     
 158    39   1     2     1     3  6.44e+03   39.0       1.000     
 158    40   1     2     1     3  6.44e+03   40.0       1.000     
 158    41   1     4     2     6  6.44e+03   41.0       1.000     
 159     1   1     3     1     4  6.44e+03   1.00       1.000     
 159     2   1     2     1     3  6.44e+03   2.00       1.000     
 159     3   1     2     1     3  6.44e+03   3.00       1.000     
 159     4   1     2     1     3  6.44e+03   4.00       1.000     
 159     5   1     2     1     3  6.44e+03   5.00       1.000     
 159     6   1     3     1     4  6.44e+03   6.00       1.000     
 159     7   1     2     1     3  6.45e+03   7.00       1.000     
 159     8   1     2     1     3  6.45e+03   8.00       1.000     
 159     9   1     3     1     4  6.45e+03   9.00       1.000     
 159    10   1     3     1     4  6.45e+03   10.0       1.000     
 159    11   1     3     1     4  6.45e+03   11.0       1.000     
 159    12   1     2     1     3  6.45e+03   12.0       1.000     
 159    13   1     2     1     3  6.45e+03   13.0       1.000     
 159    14   1     2     1     3  6.45e+03   14.0       1.000     
 159    15   1     2     1     3  6.45e+03   15.0       1.000     
 159    16   1     2     1     3  6.45e+03   16.0       1.000     
 159    17   1     2     1     3  6.46e+03   17.0       1.000     
 159    18   1     2     1     3  6.46e+03   18.0       1.000     
 159    19   1     2     1     3  6.46e+03   19.0       1.000     
 159    20   1     2     1     3  6.46e+03   20.0       1.000     
 159    21   1     3     1     4  6.46e+03   21.0       1.000     
 159    22   1     2     1     3  6.46e+03   22.0       1.000     
 159    23   1     2     1     3  6.46e+03   23.0       1.000     
 159    24   1     2     1     3  6.46e+03   24.0       1.000     
 159    25   1     2     1     3  6.46e+03   25.0       1.000     
 159    26   1     3     1     4  6.46e+03   26.0       1.000     
 159    27   1     2     1     3  6.47e+03   27.0       1.000     
 159    28   1     2     1     3  6.47e+03   28.0       1.000     
 159    29   1     3     1     4  6.47e+03   29.0       1.000     
 159    30   1     3     1     4  6.47e+03   30.0       1.000     
 159    31   1     3     1     4  6.47e+03   31.0       1.000     
 159    32   1     2     1     3  6.47e+03   32.0       1.000     
 159    33   1     2     1     3  6.47e+03   33.0       1.000     
 159    34   1     2     1     3  6.47e+03   34.0       1.000     
 159    35   1     2     1     3  6.47e+03   35.0       1.000     
 159    36   1     2     1     3  6.47e+03   36.0       1.000     
 159    37   1     1     1     2  6.48e+03   37.0       1.000     
 159    38   1     2     1     3  6.48e+03   38.0       1.000     
 159    39   1     2     1     3  6.48e+03   39.0       1.000     
 159    40   1     3     1     4  6.48e+03   40.0       1.000     
 159    41   1     4     2     6  6.48e+03   41.0       1.000     
 160     1   1     3     1     4  6.48e+03   1.00       1.000     
 160     2   1     2     1     3  6.48e+03   2.00       1.000     
 160     3   1     2     1     3  6.48e+03   3.00       1.000     
 160     4   1     2     1     3  6.48e+03   4.00       1.000     
 160     5   1     2     1     3  6.48e+03   5.00       1.000     
 160     6   1     3     1     4  6.49e+03   6.00       1.000     
 160     7   1     2     1     3  6.49e+03   7.00       1.000     
 160     8   1     3     1     4  6.49e+03   8.00       1.000     
 160     9   1     2     1     3  6.49e+03   9.00       1.000     
 160    10   1     3     1     4  6.49e+03   10.0       1.000     
 160    11   1     3     1     4  6.49e+03   11.0       1.000     
 160    12   1     2     1     3  6.49e+03   12.0       1.000     
 160    13   1     2     1     3  6.49e+03   13.0       1.000     
 160    14   1     2     1     3  6.49e+03   14.0       1.000     
 160    15   1     2     1     3  6.49e+03   15.0       1.000     
 160    16   1     2     1     3  6.50e+03   16.0       1.000     
 160    17   1     2     1     3  6.50e+03   17.0       1.000     
 160    18   1     2     1     3  6.50e+03   18.0       1.000     
 160    19   1     2     1     3  6.50e+03   19.0       1.000     
 160    20   1     2     1     3  6.50e+03   20.0       1.000     
 160    21   1     3     1     4  6.50e+03   21.0       1.000     
 160    22   1     2     1     3  6.50e+03   22.0       1.000     
 160    23   1     2     1     3  6.50e+03   23.0       1.000     
 160    24   1     2     1     3  6.50e+03   24.0       1.000     
 160    25   1     2     1     3  6.50e+03   25.0       1.000     
 160    26   1     3     1     4  6.51e+03   26.0       1.000     
 160    27   1     2     1     3  6.51e+03   27.0       1.000     
 160    28   1     3     1     4  6.51e+03   28.0       1.000     
 160    29   1     2     1     3  6.51e+03   29.0       1.000     
 160    30   1     3     1     4  6.51e+03   30.0       1.000     
 160    31   1     3     1     4  6.51e+03   31.0       1.000     
 160    32   1     2     1     3  6.51e+03   32.0       1.000     
 160    33   1     2     1     3  6.51e+03   33.0       1.000     
 160    34   1     2     1     3  6.51e+03   34.0       1.000     
 160    35   1     2     1     3  6.51e+03   35.0       1.000     
 160    36   1     2     1     3  6.52e+03   36.0       1.000     
 160    37   1     1     1     2  6.52e+03   37.0       1.000     
 160    38   1     2     1     3  6.52e+03   38.0       1.000     
 160    39   1     2     1     3  6.52e+03   39.0       1.000     
 160    40   1     3     1     4  6.52e+03   40.0       1.000     
 160    41   1     4     2     6  6.52e+03   41.0       1.000     
 161     1   1     3     1     4  6.52e+03   1.00       1.000     
 161     2   1     2     1     3  6.52e+03   2.00       1.000     
 161     3   1     2     1     3  6.52e+03   3.00       1.000     
 161     4   1     2     1     3  6.52e+03   4.00       1.000     
 161     5   1     2     1     3  6.53e+03   5.00       1.000     
 161     6   1     3     1     4  6.53e+03   6.00       1.000     
 161     7   1     2     1     3  6.53e+03   7.00       1.000     
 161     8   1     3     1     4  6.53e+03   8.00       1.000     
 161     9   1     2     1     3  6.53e+03   9.00       1.000     
 161    10   1     3     1     4  6.53e+03   10.0       1.000     
 161    11   1     3     1     4  6.53e+03   11.0       1.000     
 161    12   1     3     1     4  6.53e+03   12.0       1.000     
 161    13   1     3     1     4  6.53e+03   13.0       1.000     
 161    14   1     2     1     3  6.53e+03   14.0       1.000     
 161    15   1     2     1     3  6.54e+03   15.0       1.000     
 161    16   1     2     1     3  6.54e+03   16.0       1.000     
 161    17   1     2     1     3  6.54e+03   17.0       1.000     
 161    18   1     2     1     3  6.54e+03   18.0       1.000     
 161    19   1     2     1     3  6.54e+03   19.0       1.000     
 161    20   1     2     1     3  6.54e+03   20.0       1.000     
 161    21   1     3     1     4  6.54e+03   21.0       1.000     
 161    22   1     2     1     3  6.54e+03   22.0       1.000     
 161    23   1     2     1     3  6.54e+03   23.0       1.000     
 161    24   1     2     1     3  6.54e+03   24.0       1.000     
 161    25   1     2     1     3  6.55e+03   25.0       1.000     
 161    26   1     3     1     4  6.55e+03   26.0       1.000     
 161    27   1     2     1     3  6.55e+03   27.0       1.000     
 161    28   1     3     1     4  6.55e+03   28.0       1.000     
 161    29   1     2     1     3  6.55e+03   29.0       1.000     
 161    30   1     3     1     4  6.55e+03   30.0       1.000     
 161    31   1     3     1     4  6.55e+03   31.0       1.000     
 161    32   1     3     1     4  6.55e+03   32.0       1.000     
 161    33   1     3     1     4  6.55e+03   33.0       1.000     
 161    34   1     2     1     3  6.55e+03   34.0       1.000     
 161    35   1     2     1     3  6.56e+03   35.0       1.000     
 161    36   1     2     1     3  6.56e+03   36.0       1.000     
 161    37   1     1     1     2  6.56e+03   37.0       1.000     
 161    38   1     2     1     3  6.56e+03   38.0       1.000     
 161    39   1     2     1     3  6.56e+03   39.0       1.000     
 161    40   1     3     1     4  6.56e+03   40.0       1.000     
 161    41   1     4     2     6  6.56e+03   41.0       1.000     
 162     1   1     3     1     4  6.56e+03   1.00       1.000     
 162     2   1     2     1     3  6.56e+03   2.00       1.000     
 162     3   1     2     1     3  6.56e+03   3.00       1.000     
 162     4   1     2     1     3  6.57e+03   4.00       1.000     
 162     5   1     2     1     3  6.57e+03   5.00       1.000     
 162     6   1     3     1     4  6.57e+03   6.00       1.000     
 162     7   1     2     1     3  6.57e+03   7.00       1.000     
 162     8   1     3     1     4  6.57e+03   8.00       1.000     
 162     9   1     2     1     3  6.57e+03   9.00       1.000     
 162    10   1     3     1     4  6.57e+03   10.0       1.000     
 162    11   1     3     1     4  6.57e+03   11.0       1.000     
 162    12   1     3     1     4  6.57e+03   12.0       1.000     
 162    13   1     3     1     4  6.57e+03   13.0       1.000     
 162    14   1     2     1     3  6.58e+03   14.0       1.000     
 162    15   1     2     1     3  6.58e+03   15.0       1.000     
 162    16   1     2     1     3  6.58e+03   16.0       1.000     
 162    17   1     2     1     3  6.58e+03   17.0       1.000     
 162    18   1     2     1     3  6.58e+03   18.0       1.000     
 162    19   1     2     1     3  6.58e+03   19.0       1.000     
 162    20   1     2     1     3  6.58e+03   20.0       1.000     
 162    21   1     3     1     4  6.58e+03   21.0       1.000     
 162    22   1     2     1     3  6.58e+03   22.0       1.000     
 162    23   1     2     1     3  6.58e+03   23.0       1.000     
 162    24   1     2     1     3  6.59e+03   24.0       1.000     
 162    25   1     2     1     3  6.59e+03   25.0       1.000     
 162    26   1     3     1     4  6.59e+03   26.0       1.000     
 162    27   1     2     1     3  6.59e+03   27.0       1.000     
 162    28   1     3     1     4  6.59e+03   28.0       1.000     
 162    29   1     2     1     3  6.59e+03   29.0       1.000     
 162    30   1     3     1     4  6.59e+03   30.0       1.000     
 162    31   1     3     1     4  6.59e+03   31.0       1.000     
 162    32   1     3     1     4  6.59e+03   32.0       1.000     
 162    33   1     3     1     4  6.59e+03   33.0       1.000     
 162    34   1     2     1     3  6.60e+03   34.0       1.000     
 162    35   1     2     1     3  6.60e+03   35.0       1.000     
 162    36   1     2     1     3  6.60e+03   36.0       1.000     
 162    37   1     1     1     2  6.60e+03   37.0       1.000     
 162    38   1     2     1     3  6.60e+03   38.0       1.000     
 162    39   1     3     1     4  6.60e+03   39.0       1.000     
 162    40   1     3     1     4  6.60e+03   40.0       1.000     
 162    41   1     4     2     6  6.60e+03   41.0       1.000     
 163     1   1     3     1     4  6.60e+03   1.00       1.000     
 163     2   1     2     1     3  6.60e+03   2.00       1.000     
 163     3   1     2     1     3  6.61e+03   3.00       1.000     
 163     4   1     2     1     3  6.61e+03   4.00       1.000     
 163     5   1     2     1     3  6.61e+03   5.00       1.000     
 163     6   1     3     1     4  6.61e+03   6.00       1.000     
 163     7   1     2     1     3  6.61e+03   7.00       1.000     
 163     8   1     3     1     4  6.61e+03   8.00       1.000     
 163     9   1     2     1     3  6.61e+03   9.00       1.000     
 163    10   1     3     1     4  6.61e+03   10.0       1.000     
 163    11   1     3     1     4  6.61e+03   11.0       1.000     
 163    12   1     3     1     4  6.61e+03   12.0       1.000     
 163    13   1     3     1     4  6.62e+03   13.0       1.000     
 163    14   1     2     1     3  6.62e+03   14.0       1.000     
 163    15   1     2     1     3  6.62e+03   15.0       1.000     
 163    16   1     2     1     3  6.62e+03   16.0       1.000     
 163    17   1     2     1     3  6.62e+03   17.0       1.000     
 163    18   1     2     1     3  6.62e+03   18.0       1.000     
 163    19   1     3     1     4  6.62e+03   19.0       1.000     
 163    20   1     3     1     4  6.62e+03   20.0       1.000     
 163    21   1     3     1     4  6.62e+03   21.0       1.000     
 163    22   1     2     1     3  6.62e+03   22.0       1.000     
 163    23   1     2     1     3  6.63e+03   23.0       1.000     
 163    24   1     2     1     3  6.63e+03   24.0       1.000     
 163    25   1     2     1     3  6.63e+03   25.0       1.000     
 163    26   1     3     1     4  6.63e+03   26.0       1.000     
 163    27   1     2     1     3  6.63e+03   27.0       1.000     
 163    28   1     3     1     4  6.63e+03   28.0       1.000     
 163    29   1     2     1     3  6.63e+03   29.0       1.000     
 163    30   1     3     1     4  6.63e+03   30.0       1.000     
 163    31   1     3     1     4  6.63e+03   31.0       1.000     
 163    32   1     3     1     4  6.63e+03   32.0       1.000     
 163    33   1     3     1     4  6.64e+03   33.0       1.000     
 163    34   1     2     1     3  6.64e+03   34.0       1.000     
 163    35   1     2     1     3  6.64e+03   35.0       1.000     
 163    36   1     2     1     3  6.64e+03   36.0       1.000     
 163    37   1     1     1     2  6.64e+03   37.0       1.000     
 163    38   1     2     1     3  6.64e+03   38.0       1.000     
 163    39   1     3     1     4  6.64e+03   39.0       1.000     
 163    40   1     3     1     4  6.64e+03   40.0       1.000     
 163    41   1     4     2     6  6.64e+03   41.0       1.000     
 164     1   1     3     1     4  6.64e+03   1.00       1.000     
 164     2   1     2     1     3  6.65e+03   2.00       1.000     
 164     3   1     2     1     3  6.65e+03   3.00       1.000     
 164     4   1     2     1     3  6.65e+03   4.00       1.000     
 164     5   1     2     1     3  6.65e+03   5.00       1.000     
 164     6   1     3     1     4  6.65e+03   6.00       1.000     
 164     7   1     2     1     3  6.65e+03   7.00       1.000     
 164     8   1     3     1     4  6.65e+03   8.00       1.000     
 164     9   1     2     1     3  6.65e+03   9.00       1.000     
 164    10   1     3     1     4  6.65e+03   10.0       1.000     
 164    11   1     3     1     4  6.65e+03   11.0       1.000     
 164    12   1     3     1     4  6.66e+03   12.0       1.000     
 164    13   1     3     1     4  6.66e+03   13.0       1.000     
 164    14   1     2     1     3  6.66e+03   14.0       1.000     
 164    15   1     2     1     3  6.66e+03   15.0       1.000     
 164    16   1     2     1     3  6.66e+03   16.0       1.000     
 164    17   1     2     1     3  6.66e+03   17.0       1.000     
 164    18   1     2     1     3  6.66e+03   18.0       1.000     
 164    19   1     3     1     4  6.66e+03   19.0       1.000     
 164    20   1     3     1     4  6.66e+03   20.0       1.000     
 164    21   1     3     1     4  6.66e+03   21.0       1.000     
 164    22   1     2     1     3  6.67e+03   22.0       1.000     
 164    23   1     2     1     3  6.67e+03   23.0       1.000     
 164    24   1     2     1     3  6.67e+03   24.0       1.000     
 164    25   1     2     1     3  6.67e+03   25.0       1.000     
 164    26   1     3     1     4  6.67e+03   26.0       1.000     
 164    27   1     2     1     3  6.67e+03   27.0       1.000     
 164    28   1     3     1     4  6.67e+03   28.0       1.000     
 164    29   1     2     1     3  6.67e+03   29.0       1.000     
 164    30   1     3     1     4  6.67e+03   30.0       1.000     
 164    31   1     3     1     4  6.67e+03   31.0       1.000     
 164    32   1     3     1     4  6.68e+03   32.0       1.000     
 164    33   1     3     1     4  6.68e+03   33.0       1.000     
 164    34   1     2     1     3  6.68e+03   34.0       1.000     
 164    35   1     2     1     3  6.68e+03   35.0       1.000     
 164    36   1     2     1     3  6.68e+03   36.0       1.000     
 164    37   1     1     1     2  6.68e+03   37.0       1.000     
 164    38   1     2     1     3  6.68e+03   38.0       1.000     
 164    39   1     3     1     4  6.68e+03   39.0       1.000     
 164    40   1     3     1     4  6.68e+03   40.0       1.000     
 164    41   1     4     2     6  6.68e+03   41.0       1.000     
 165     1   1     3     1     4  6.69e+03   1.00       1.000     
 165     2   1     2     1     3  6.69e+03   2.00       1.000     
 165     3   1     2     1     3  6.69e+03   3.00       1.000     
 165     4   1     2     1     3  6.69e+03   4.00       1.000     
 165     5   1     2     1     3  6.69e+03   5.00       1.000     
 165     6   1     3     1     4  6.69e+03   6.00       1.000     
 165     7   1     2     1     3  6.69e+03   7.00       1.000     
 165     8   1     3     1     4  6.69e+03   8.00       1.000     
 165     9   1     2     1     3  6.69e+03   9.00       1.000     
 165    10   1     3     1     4  6.69e+03   10.0       1.000     
 165    11   1     3     1     4  6.70e+03   11.0       1.000     
 165    12   1     3     1     4  6.70e+03   12.0       1.000     
 165    13   1     3     1     4  6.70e+03   13.0       1.000     
 165    14   1     2     1     3  6.70e+03   14.0       1.000     
 165    15   1     2     1     3  6.70e+03   15.0       1.000     
 165    16   1     2     1     3  6.70e+03   16.0       1.000     
 165    17   1     2     1     3  6.70e+03   17.0       1.000     
 165    18   1     2     1     3  6.70e+03   18.0       1.000     
 165    19   1     3     1     4  6.70e+03   19.0       1.000     
 165    20   1     3     1     4  6.70e+03   20.0       1.000     
 165    21   1     3     1     4  6.71e+03   21.0       1.000     
 165    22   1     2     1     3  6.71e+03   22.0       1.000     
 165    23   1     2     1     3  6.71e+03   23.0       1.000     
 165    24   1     2     1     3  6.71e+03   24.0       1.000     
 165    25   1     2     1     3  6.71e+03   25.0       1.000     
 165    26   1     3     1     4  6.71e+03   26.0       1.000     
 165    27   1     2     1     3  6.71e+03   27.0       1.000     
 165    28   1     3     1     4  6.71e+03   28.0       1.000     
 165    29   1     2     1     3  6.71e+03   29.0       1.000     
 165    30   1     3     1     4  6.71e+03   30.0       1.000     
 165    31   1     3     1     4  6.72e+03   31.0       1.000     
 165    32   1     3     1     4  6.72e+03   32.0       1.000     
 165    33   1     3     1     4  6.72e+03   33.0       1.000     
 165    34   1     2     1     3  6.72e+03   34.0       1.000     
 165    35   1     2     1     3  6.72e+03   35.0       1.000     
 165    36   1     2     1     3  6.72e+03   36.0       1.000     
 165    37   1     1     1     2  6.72e+03   37.0       1.000     
 165    38   1     2     1     3  6.72e+03   38.0       1.000     
 165    39   1     3     1     4  6.72e+03   39.0       1.000     
 165    40   1     3     1     4  6.72e+03   40.0       1.000     
 165    41   1     5     1     6  6.73e+03   41.0       1.000     
 166     1   1     4     0     4  6.73e+03   1.00       1.000     
 166     2   1     2     1     3  6.73e+03   2.00       1.000     
 166     3   1     2     1     3  6.73e+03   3.00       1.000     
 166     4   1     2     1     3  6.73e+03   4.00       1.000     
 166     5   1     2     1     3  6.73e+03   5.00       1.000     
 166     6   1     3     1     4  6.73e+03   6.00       1.000     
 166     7   1     2     1     3  6.73e+03   7.00       1.000     
 166     8   1     3     1     4  6.73e+03   8.00       1.000     
 166     9   1     2     1     3  6.73e+03   9.00       1.000     
 166    10   1     3     1     4  6.74e+03   10.0       1.000     
 166    11   1     3     1     4  6.74e+03   11.0       1.000     
 166    12   1     3     1     4  6.74e+03   12.0       1.000     
 166    13   1     3     1     4  6.74e+03   13.0       1.000     
 166    14   1     2     1     3  6.74e+03   14.0       1.000     
 166    15   1     2     1     3  6.74e+03   15.0       1.000     
 166    16   1     2     1     3  6.74e+03   16.0       1.000     
 166    17   1     2     1     3  6.74e+03   17.0       1.000     
 166    18   1     2     1     3  6.74e+03   18.0       1.000     
 166    19   1     3     1     4  6.74e+03   19.0       1.000     
 166    20   1     3     1     4  6.75e+03   20.0       1.000     
 166    21   1     2     1     3  6.75e+03   21.0       1.000     
 166    22   1     3     1     4  6.75e+03   22.0       1.000     
 166    23   1     2     1     3  6.75e+03   23.0       1.000     
 166    24   1     2     1     3  6.75e+03   24.0       1.000     
 166    25   1     2     1     3  6.75e+03   25.0       1.000     
 166    26   1     3     1     4  6.75e+03   26.0       1.000     
 166    27   1     2     1     3  6.75e+03   27.0       1.000     
 166    28   1     3     1     4  6.75e+03   28.0       1.000     
 166    29   1     2     1     3  6.75e+03   29.0       1.000     
 166    30   1     3     1     4  6.76e+03   30.0       1.000     
 166    31   1     3     1     4  6.76e+03   31.0       1.000     
 166    32   1     3     1     4  6.76e+03   32.0       1.000     
 166    33   1     3     1     4  6.76e+03   33.0       1.000     
 166    34   1     2     1     3  6.76e+03   34.0       1.000     
 166    35   1     2     1     3  6.76e+03   35.0       1.000     
 166    36   1     2     1     3  6.76e+03   36.0       1.000     
 166    37   1     2     1     3  6.76e+03   37.0       1.000     
 166    38   1     2     1     3  6.76e+03   38.0       1.000     
 166    39   1     3     1     4  6.76e+03   39.0       1.000     
 166    40   1     3     1     4  6.77e+03   40.0       1.000     
 166    41   1     4     2     6  6.77e+03   41.0       1.000     
 167     1   1     3     1     4  6.77e+03   1.00       1.000     
 167     2   1     3     1     4  6.77e+03   2.00       1.000     
 167     3   1     2     1     3  6.77e+03   3.00       1.000     
 167     4   1     2     1     3  6.77e+03   4.00       1.000     
 167     5   1     2     1     3  6.77e+03   5.00       1.000     
 167     6   1     3     1     4  6.77e+03   6.00       1.000     
 167     7   1     2     1     3  6.77e+03   7.00       1.000     
 167     8   1     3     1     4  6.77e+03   8.00       1.000     
 167     9   1     2     1     3  6.78e+03   9.00       1.000     
 167    10   1     3     1     4  6.78e+03   10.0       1.000     
 167    11   1     3     1     4  6.78e+03   11.0       1.000     
 167    12   1     3     1     4  6.78e+03   12.0       1.000     
 167    13   1     3     1     4  6.78e+03   13.0       1.000     
 167    14   1     2     1     3  6.78e+03   14.0       1.000     
 167    15   1     2     1     3  6.78e+03   15.0       1.000     
 167    16   1     2     1     3  6.78e+03   16.0       1.000     
 167    17   1     2     1     3  6.78e+03   17.0       1.000     
 167    18   1     2     1     3  6.78e+03   18.0       1.000     
 167    19   1     3     1     4  6.79e+03   19.0       1.000     
 167    20   1     3     1     4  6.79e+03   20.0       1.000     
 167    21   1     2     1     3  6.79e+03   21.0       1.000     
 167    22   1     3     1     4  6.79e+03   22.0       1.000     
 167    23   1     2     1     3  6.79e+03   23.0       1.000     
 167    24   1     2     1     3  6.79e+03   24.0       1.000     
 167    25   1     2     1     3  6.79e+03   25.0       1.000     
 167    26   1     3     1     4  6.79e+03   26.0       1.000     
 167    27   1     2     1     3  6.79e+03   27.0       1.000     
 167    28   1     3     1     4  6.79e+03   28.0       1.000     
 167    29   1     2     1     3  6.80e+03   29.0       1.000     
 167    30   1     3     1     4  6.80e+03   30.0       1.000     
 167    31   1     3     1     4  6.80e+03   31.0       1.000     
 167    32   1     3     1     4  6.80e+03   32.0       1.000     
 167    33   1     3     1     4  6.80e+03   33.0       1.000     
 167    34   1     2     1     3  6.80e+03   34.0       1.000     
 167    35   1     2     1     3  6.80e+03   35.0       1.000     
 167    36   1     2     1     3  6.80e+03   36.0       1.000     
 167    37   1     2     1     3  6.80e+03   37.0       1.000     
 167    38   1     2     1     3  6.80e+03   38.0       1.000     
 167    39   1     3     1     4  6.81e+03   39.0       1.000     
 167    40   1     3     1     4  6.81e+03   40.0       1.000     
 167    41   1     3     2     5  6.81e+03   41.0       1.000     
 168     1   1     3     1     4  6.81e+03   1.00       1.000     
 168     2   1     3     1     4  6.81e+03   2.00       1.000     
 168     3   1     2     1     3  6.81e+03   3.00       1.000     
 168     4   1     2     1     3  6.81e+03   4.00       1.000     
 168     5   1     2     1     3  6.81e+03   5.00       1.000     
 168     6   1     3     1     4  6.81e+03   6.00       1.000     
 168     7   1     2     1     3  6.81e+03   7.00       1.000     
 168     8   1     3     1     4  6.82e+03   8.00       1.000     
 168     9   1     2     1     3  6.82e+03   9.00       1.000     
 168    10   1     3     1     4  6.82e+03   10.0       1.000     
 168    11   1     3     1     4  6.82e+03   11.0       1.000     
 168    12   1     3     1     4  6.82e+03   12.0       1.000     
 168    13   1     3     1     4  6.82e+03   13.0       1.000     
 168    14   1     2     1     3  6.82e+03   14.0       1.000     
 168    15   1     2     1     3  6.82e+03   15.0       1.000     
 168    16   1     2     1     3  6.82e+03   16.0       1.000     
 168    17   1     2     1     3  6.82e+03   17.0       1.000     
 168    18   1     2     1     3  6.83e+03   18.0       1.000     
 168    19   1     3     1     4  6.83e+03   19.0       1.000     
 168    20   1     3     1     4  6.83e+03   20.0       1.000     
 168    21   1     2     1     3  6.83e+03   21.0       1.000     
 168    22   1     3     1     4  6.83e+03   22.0       1.000     
 168    23   1     2     1     3  6.83e+03   23.0       1.000     
 168    24   1     2     1     3  6.83e+03   24.0       1.000     
 168    25   1     2     1     3  6.83e+03   25.0       1.000     
 168    26   1     3     1     4  6.83e+03   26.0       1.000     
 168    27   1     2     1     3  6.83e+03   27.0       1.000     
 168    28   1     3     1     4  6.84e+03   28.0       1.000     
 168    29   1     2     1     3  6.84e+03   29.0       1.000     
 168    30   1     3     1     4  6.84e+03   30.0       1.000     
 168    31   1     3     1     4  6.84e+03   31.0       1.000     
 168    32   1     3     1     4  6.84e+03   32.0       1.000     
 168    33   1     3     1     4  6.84e+03   33.0       1.000     
 168    34   1     2     1     3  6.84e+03   34.0       1.000     
 168    35   1     2     1     3  6.84e+03   35.0       1.000     
 168    36   1     2     1     3  6.84e+03   36.0       1.000     
 168    37   1     2     1     3  6.84e+03   37.0       1.000     
 168    38   1     2     1     3  6.85e+03   38.0       1.000     
 168    39   1     3     1     4  6.85e+03   39.0       1.000     
 168    40   1     2     1     3  6.85e+03   40.0       1.000     
 168    41   1     4     2     6  6.85e+03   41.0       1.000     
 169     1   1     3     1     4  6.85e+03   1.00       1.000     
 169     2   1     3     1     4  6.85e+03   2.00       1.000     
 169     3   1     2     1     3  6.85e+03   3.00       1.000     
 169     4   1     2     1     3  6.85e+03   4.00       1.000     
 169     5   1     2     1     3  6.85e+03   5.00       1.000     
 169     6   1     3     1     4  6.85e+03   6.00       1.000     
 169     7   1     2     1     3  6.86e+03   7.00       1.000     
 169     8   1     3     1     4  6.86e+03   8.00       1.000     
 169     9   1     2     1     3  6.86e+03   9.00       1.000     
 169    10   1     3     1     4  6.86e+03   10.0       1.000     
 169    11   1     3     1     4  6.86e+03   11.0       1.000     
 169    12   1     3     1     4  6.86e+03   12.0       1.000     
 169    13   1     3     1     4  6.86e+03   13.0       1.000     
 169    14   1     2     1     3  6.86e+03   14.0       1.000     
 169    15   1     2     1     3  6.86e+03   15.0       1.000     
 169    16   1     2     1     3  6.86e+03   16.0       1.000     
 169    17   1     2     1     3  6.87e+03   17.0       1.000     
 169    18   1     2     1     3  6.87e+03   18.0       1.000     
 169    19   1     3     1     4  6.87e+03   19.0       1.000     
 169    20   1     3     1     4  6.87e+03   20.0       1.000     
 169    21   1     2     1     3  6.87e+03   21.0       1.000     
 169    22   1     3     1     4  6.87e+03   22.0       1.000     
 169    23   1     2     1     3  6.87e+03   23.0       1.000     
 169    24   1     2     1     3  6.87e+03   24.0       1.000     
 169    25   1     2     1     3  6.87e+03   25.0       1.000     
 169    26   1     3     1     4  6.87e+03   26.0       1.000     
 169    27   1     2     1     3  6.88e+03   27.0       1.000     
 169    28   1     3     1     4  6.88e+03   28.0       1.000     
 169    29   1     2     1     3  6.88e+03   29.0       1.000     
 169    30   1     3     1     4  6.88e+03   30.0       1.000     
 169    31   1     3     1     4  6.88e+03   31.0       1.000     
 169    32   1     3     1     4  6.88e+03   32.0       1.000     
 169    33   1     3     1     4  6.88e+03   33.0       1.000     
 169    34   1     2     1     3  6.88e+03   34.0       1.000     
 169    35   1     2     1     3  6.88e+03   35.0       1.000     
 169    36   1     2     1     3  6.88e+03   36.0       1.000     
 169    37   1     2     1     3  6.89e+03   37.0       1.000     
 169    38   1     2     1     3  6.89e+03   38.0       1.000     
 169    39   1     3     1     4  6.89e+03   39.0       1.000     
 169    40   1     2     1     3  6.89e+03   40.0       1.000     
 169    41   1     4     2     6  6.89e+03   41.0       1.000     
 170     1   1     3     1     4  6.89e+03   1.00       1.000     
 170     2   1     3     1     4  6.89e+03   2.00       1.000     
 170     3   1     2     1     3  6.89e+03   3.00       1.000     
 170     4   1     2     1     3  6.89e+03   4.00       1.000     
 170     5   1     2     1     3  6.89e+03   5.00       1.000     
 170     6   1     3     1     4  6.90e+03   6.00       1.000     
 170     7   1     2     1     3  6.90e+03   7.00       1.000     
 170     8   1     3     1     4  6.90e+03   8.00       1.000     
 170     9   1     2     1     3  6.90e+03   9.00       1.000     
 170    10   1     3     1     4  6.90e+03   10.0       1.000     
 170    11   1     3     1     4  6.90e+03   11.0       1.000     
 170    12   1     3     1     4  6.90e+03   12.0       1.000     
 170    13   1     3     1     4  6.90e+03   13.0       1.000     
 170    14   1     2     1     3  6.90e+03   14.0       1.000     
 170    15   1     2     1     3  6.90e+03   15.0       1.000     
 170    16   1     2     1     3  6.91e+03   16.0       1.000     
 170    17   1     2     1     3  6.91e+03   17.0       1.000     
 170    18   1     2     1     3  6.91e+03   18.0       1.000     
 170    19   1     3     1     4  6.91e+03   19.0       1.000     
 170    20   1     3     1     4  6.91e+03   20.0       1.000     
 170    21   1     2     1     3  6.91e+03   21.0       1.000     
 170    22   1     3     1     4  6.91e+03   22.0       1.000     
 170    23   1     2     1     3  6.91e+03   23.0       1.000     
 170    24   1     2     1     3  6.91e+03   24.0       1.000     
 170    25   1     2     1     3  6.91e+03   25.0       1.000     
 170    26   1     3     1     4  6.92e+03   26.0       1.000     
 170    27   1     2     1     3  6.92e+03   27.0       1.000     
 170    28   1     3     1     4  6.92e+03   28.0       1.000     
 170    29   1     2     1     3  6.92e+03   29.0       1.000     
 170    30   1     3     1     4  6.92e+03   30.0       1.000     
 170    31   1     3     1     4  6.92e+03   31.0       1.000     
 170    32   1     3     1     4  6.92e+03   32.0       1.000     
 170    33   1     3     1     4  6.92e+03   33.0       1.000     
 170    34   1     2     1     3  6.92e+03   34.0       1.000     
 170    35   1     2     1     3  6.92e+03   35.0       1.000     
 170    36   1     3     0     3  6.93e+03   36.0       1.000     
 170    37   1     2     1     3  6.93e+03   37.0       1.000     
 170    38   1     2     1     3  6.93e+03   38.0       1.000     
 170    39   1     3     1     4  6.93e+03   39.0       1.000     
 170    40   1     2     1     3  6.93e+03   40.0       1.000     
 170    41   1     4     2     6  6.93e+03   41.0       1.000     
 171     1   1     3     1     4  6.93e+03   1.00       1.000     
 171     2   1     3     1     4  6.93e+03   2.00       1.000     
 171     3   1     2     1     3  6.93e+03   3.00       1.000     
 171     4   1     2     1     3  6.93e+03   4.00       1.000     
 171     5   1     2     1     3  6.94e+03   5.00       1.000     
 171     6   1     3     1     4  6.94e+03   6.00       1.000     
 171     7   1     2     1     3  6.94e+03   7.00       1.000     
 171     8   1     3     1     4  6.94e+03   8.00       1.000     
 171     9   1     2     1     3  6.94e+03   9.00       1.000     
 171    10   1     3     1     4  6.94e+03   10.0       1.000     
 171    11   1     3     1     4  6.94e+03   11.0       1.000     
 171    12   1     3     1     4  6.94e+03   12.0       1.000     
 171    13   1     3     1     4  6.94e+03   13.0       1.000     
 171    14   1     2     1     3  6.94e+03   14.0       1.000     
 171    15   1     2     1     3  6.95e+03   15.0       1.000     
 171    16   1     2     1     3  6.95e+03   16.0       1.000     
 171    17   1     2     1     3  6.95e+03   17.0       1.000     
 171    18   1     2     1     3  6.95e+03   18.0       1.000     
 171    19   1     3     1     4  6.95e+03   19.0       1.000     
 171    20   1     3     1     4  6.95e+03   20.0       1.000     
 171    21   1     2     1     3  6.95e+03   21.0       1.000     
 171    22   1     3     1     4  6.95e+03   22.0       1.000     
 171    23   1     2     1     3  6.95e+03   23.0       1.000     
 171    24   1     2     1     3  6.95e+03   24.0       1.000     
 171    25   1     2     1     3  6.96e+03   25.0       1.000     
 171    26   1     3     1     4  6.96e+03   26.0       1.000     
 171    27   1     2     1     3  6.96e+03   27.0       1.000     
 171    28   1     3     1     4  6.96e+03   28.0       1.000     
 171    29   1     2     1     3  6.96e+03   29.0       1.000     
 171    30   1     3     1     4  6.96e+03   30.0       1.000     
 171    31   1     3     1     4  6.96e+03   31.0       1.000     
 171    32   1     3     1     4  6.96e+03   32.0       1.000     
 171    33   1     3     1     4  6.96e+03   33.0       1.000     
 171    34   1     2     1     3  6.96e+03   34.0       1.000     
 171    35   1     2     1     3  6.97e+03   35.0       1.000     
 171    36   1     3     1     4  6.97e+03   36.0       1.000     
 171    37   1     2     1     3  6.97e+03   37.0       1.000     
 171    38   1     2     1     3  6.97e+03   38.0       1.000     
 171    39   1     3     1     4  6.97e+03   39.0       1.000     
 171    40   1     2     1     3  6.97e+03   40.0       1.000     
 171    41   1     4     2     6  6.97e+03   41.0       1.000     
 172     1   1     3     1     4  6.97e+03   1.00       1.000     
 172     2   1     3     1     4  6.97e+03   2.00       1.000     
 172     3   1     2     1     3  6.97e+03   3.00       1.000     
 172     4   1     2     1     3  6.98e+03   4.00       1.000     
 172     5   1     2     1     3  6.98e+03   5.00       1.000     
 172     6   1     3     1     4  6.98e+03   6.00       1.000     
 172     7   1     2     1     3  6.98e+03   7.00       1.000     
 172     8   1     3     1     4  6.98e+03   8.00       1.000     
 172     9   1     2     1     3  6.98e+03   9.00       1.000     
 172    10   1     3     1     4  6.98e+03   10.0       1.000     
 172    11   1     3     1     4  6.98e+03   11.0       1.000     
 172    12   1     3     1     4  6.98e+03   12.0       1.000     
 172    13   1     3     1     4  6.98e+03   13.0       1.000     
 172    14   1     2     1     3  6.99e+03   14.0       1.000     
 172    15   1     2     1     3  6.99e+03   15.0       1.000     
 172    16   1     2     1     3  6.99e+03   16.0       1.000     
 172    17   1     2     1     3  6.99e+03   17.0       1.000     
 172    18   1     2     1     3  6.99e+03   18.0       1.000     
 172    19   1     3     1     4  6.99e+03   19.0       1.000     
 172    20   1     3     1     4  6.99e+03   20.0       1.000     
 172    21   1     2     1     3  6.99e+03   21.0       1.000     
 172    22   1     3     1     4  6.99e+03   22.0       1.000     
 172    23   1     2     1     3  6.99e+03   23.0       1.000     
 172    24   1     2     1     3  7.00e+03   24.0       1.000     
 172    25   1     2     1     3  7.00e+03   25.0       1.000     
 172    26   1     3     1     4  7.00e+03   26.0       1.000     
 172    27   1     2     1     3  7.00e+03   27.0       1.000     
 172    28   1     3     1     4  7.00e+03   28.0       1.000     
 172    29   1     2     1     3  7.00e+03   29.0       1.000     
 172    30   1     3     1     4  7.00e+03   30.0       1.000     
 172    31   1     3     1     4  7.00e+03   31.0       1.000     
 172    32   1     3     1     4  7.00e+03   32.0       1.000     
 172    33   1     3     1     4  7.00e+03   33.0       1.000     
 172    34   1     2     1     3  7.01e+03   34.0       1.000     
 172    35   1     2     1     3  7.01e+03   35.0       1.000     
 172    36   1     3     1     4  7.01e+03   36.0       1.000     
 172    37   1     2     1     3  7.01e+03   37.0       1.000     
 172    38   1     2     1     3  7.01e+03   38.0       1.000     
 172    39   1     3     1     4  7.01e+03   39.0       1.000     
 172    40   1     2     1     3  7.01e+03   40.0       1.000     
 172    41   1     4     2     6  7.01e+03   41.0       1.000     
 173     1   1     3     1     4  7.01e+03   1.00       1.000     
 173     2   1     3     1     4  7.01e+03   2.00       1.000     
 173     3   1     2     1     3  7.02e+03   3.00       1.000     
 173     4   1     2     1     3  7.02e+03   4.00       1.000     
 173     5   1     2     1     3  7.02e+03   5.00       1.000     
 173     6   1     3     1     4  7.02e+03   6.00       1.000     
 173     7   1     2     1     3  7.02e+03   7.00       1.000     
 173     8   1     3     1     4  7.02e+03   8.00       1.000     
 173     9   1     2     1     3  7.02e+03   9.00       1.000     
 173    10   1     3     1     4  7.02e+03   10.0       1.000     
 173    11   1     3     1     4  7.02e+03   11.0       1.000     
 173    12   1     3     1     4  7.02e+03   12.0       1.000     
 173    13   1     3     1     4  7.03e+03   13.0       1.000     
 173    14   1     2     1     3  7.03e+03   14.0       1.000     
 173    15   1     2     1     3  7.03e+03   15.0       1.000     
 173    16   1     2     1     3  7.03e+03   16.0       1.000     
 173    17   1     2     1     3  7.03e+03   17.0       1.000     
 173    18   1     2     1     3  7.03e+03   18.0       1.000     
 173    19   1     3     1     4  7.03e+03   19.0       1.000     
 173    20   1     3     1     4  7.03e+03   20.0       1.000     
 173    21   1     2     1     3  7.03e+03   21.0       1.000     
 173    22   1     3     1     4  7.03e+03   22.0       1.000     
 173    23   1     2     1     3  7.04e+03   23.0       1.000     
 173    24   1     2     1     3  7.04e+03   24.0       1.000     
 173    25   1     2     1     3  7.04e+03   25.0       1.000     
 173    26   1     3     1     4  7.04e+03   26.0       1.000     
 173    27   1     2     1     3  7.04e+03   27.0       1.000     
 173    28   1     3     1     4  7.04e+03   28.0       1.000     
 173    29   1     2     1     3  7.04e+03   29.0       1.000     
 173    30   1     3     1     4  7.04e+03   30.0       1.000     
 173    31   1     3     2     5  7.04e+03   31.0       1.000     
 173    32   1     3     1     4  7.04e+03   32.0       1.000     
 173    33   1     3     1     4  7.05e+03   33.0       1.000     
 173    34   1     2     1     3  7.05e+03   34.0       1.000     
 173    35   1     2     1     3  7.05e+03   35.0       1.000     
 173    36   1     3     1     4  7.05e+03   36.0       1.000     
 173    37   1     2     1     3  7.05e+03   37.0       1.000     
 173    38   1     2     1     3  7.05e+03   38.0       1.000     
 173    39   1     3     1     4  7.05e+03   39.0       1.000     
 173    40   1     2     1     3  7.05e+03   40.0       1.000     
 173    41   1     4     2     6  7.05e+03   41.0       1.000     
 174     1   1     3     1     4  7.05e+03   1.00       1.000     
 174     2   1     3     1     4  7.06e+03   2.00       1.000     
 174     3   1     2     1     3  7.06e+03   3.00       1.000     
 174     4   1     2     1     3  7.06e+03   4.00       1.000     
 174     5   1     2     1     3  7.06e+03   5.00       1.000     
 174     6   1     3     1     4  7.06e+03   6.00       1.000     
 174     7   1     2     1     3  7.06e+03   7.00       1.000     
 174     8   1     3     1     4  7.06e+03   8.00       1.000     
 174     9   1     2     1     3  7.06e+03   9.00       1.000     
 174    10   1     3     1     4  7.06e+03   10.0       1.000     
 174    11   1     6     1     7  7.06e+03   11.0       1.000     
 174    12   1     3     1     4  7.07e+03   12.0       1.000     
 174    13   1     2     1     3  7.07e+03   13.0       1.000     
 174    14   1     2     1     3  7.07e+03   14.0       1.000     
 174    15   1     2     1     3  7.07e+03   15.0       1.000     
 174    16   1     2     1     3  7.07e+03   16.0       1.000     
 174    17   1     2     1     3  7.07e+03   17.0       1.000     
 174    18   1     2     1     3  7.07e+03   18.0       1.000     
 174    19   1     3     1     4  7.07e+03   19.0       1.000     
 174    20   1     3     1     4  7.07e+03   20.0       1.000     
 174    21   1     2     1     3  7.07e+03   21.0       1.000     
 174    22   1     3     1     4  7.08e+03   22.0       1.000     
 174    23   1     2     1     3  7.08e+03   23.0       1.000     
 174    24   1     2     1     3  7.08e+03   24.0       1.000     
 174    25   1     2     1     3  7.08e+03   25.0       1.000     
 174    26   1     3     1     4  7.08e+03   26.0       1.000     
 174    27   1     2     1     3  7.08e+03   27.0       1.000     
 174    28   1     3     1     4  7.08e+03   28.0       1.000     
 174    29   1     2     1     3  7.08e+03   29.0       1.000     
 174    30   1     3     1     4  7.08e+03   30.0       1.000     
 174    31   1     5     2     7  7.08e+03   31.0       1.000     
 174    32   1     3     1     4  7.09e+03   32.0       1.000     
 174    33   1     2     1     3  7.09e+03   33.0       1.000     
 174    34   1     2     1     3  7.09e+03   34.0       1.000     
 174    35   1     2     1     3  7.09e+03   35.0       1.000     
 174    36   1     3     1     4  7.09e+03   36.0       1.000     
 174    37   1     2     1     3  7.09e+03   37.0       1.000     
 174    38   1     2     1     3  7.09e+03   38.0       1.000     
 174    39   1     3     1     4  7.09e+03   39.0       1.000     
 174    40   1     2     1     3  7.09e+03   40.0       1.000     
 174    41   1     4     2     6  7.09e+03   41.0       1.000     
 175     1   1     3     1     4  7.10e+03   1.00       1.000     
 175     2   1     3     1     4  7.10e+03   2.00       1.000     
 175     3   1     2     1     3  7.10e+03   3.00       1.000     
 175     4   1     2     1     3  7.10e+03   4.00       1.000     
 175     5   1     2     1     3  7.10e+03   5.00       1.000     
 175     6   1     3     1     4  7.10e+03   6.00       1.000     
 175     7   1     2     1     3  7.10e+03   7.00       1.000     
 175     8   1     3     1     4  7.10e+03   8.00       1.000     
 175     9   1     2     1     3  7.10e+03   9.00       1.000     
 175    10   1     3     1     4  7.10e+03   10.0       1.000     
 175    11   1     4     2     6  7.11e+03   11.0       1.000     
 175    12   1     3     1     4  7.11e+03   12.0       1.000     
 175    13   1     2     1     3  7.11e+03   13.0       1.000     
 175    14   1     2     1     3  7.11e+03   14.0       1.000     
 175    15   1     2     1     3  7.11e+03   15.0       1.000     
 175    16   1     2     1     3  7.11e+03   16.0       1.000     
 175    17   1     2     1     3  7.11e+03   17.0       1.000     
 175    18   1     2     1     3  7.11e+03   18.0       1.000     
 175    19   1     3     1     4  7.11e+03   19.0       1.000     
 175    20   1     3     1     4  7.11e+03   20.0       1.000     
 175    21   1     2     1     3  7.12e+03   21.0       1.000     
 175    22   1     3     1     4  7.12e+03   22.0       1.000     
 175    23   1     2     1     3  7.12e+03   23.0       1.000     
 175    24   1     2     1     3  7.12e+03   24.0       1.000     
 175    25   1     2     1     3  7.12e+03   25.0       1.000     
 175    26   1     3     1     4  7.12e+03   26.0       1.000     
 175    27   1     2     1     3  7.12e+03   27.0       1.000     
 175    28   1     3     1     4  7.12e+03   28.0       1.000     
 175    29   1     2     1     3  7.12e+03   29.0       1.000     
 175    30   1     3     1     4  7.12e+03   30.0       1.000     
 175    31   1     4     2     6  7.13e+03   31.0       1.000     
 175    32   1     3     1     4  7.13e+03   32.0       1.000     
 175    33   1     3     1     4  7.13e+03   33.0       1.000     
 175    34   1     2     1     3  7.13e+03   34.0       1.000     
 175    35   1     2     1     3  7.13e+03   35.0       1.000     
 175    36   1     3     1     4  7.13e+03   36.0       1.000     
 175    37   1     2     1     3  7.13e+03   37.0       1.000     
 175    38   1     2     1     3  7.13e+03   38.0       1.000     
 175    39   1     3     1     4  7.13e+03   39.0       1.000     
 175    40   1     2     1     3  7.13e+03   40.0       1.000     
 175    41   1     4     2     6  7.14e+03   41.0       1.000     
 176     1   1     3     1     4  7.14e+03   1.00       1.000     
 176     2   1     3     1     4  7.14e+03   2.00       1.000     
 176     3   1     2     1     3  7.14e+03   3.00       1.000     
 176     4   1     2     1     3  7.14e+03   4.00       1.000     
 176     5   1     2     1     3  7.14e+03   5.00       1.000     
 176     6   1     3     1     4  7.14e+03   6.00       1.000     
 176     7   1     2     1     3  7.14e+03   7.00       1.000     
 176     8   1     3     1     4  7.14e+03   8.00       1.000     
 176     9   1     2     1     3  7.14e+03   9.00       1.000     
 176    10   1     3     1     4  7.15e+03   10.0       1.000     
 176    11   1     4     2     6  7.15e+03   11.0       1.000     
 176    12   1     3     1     4  7.15e+03   12.0       1.000     
 176    13   1     3     1     4  7.15e+03   13.0       1.000     
 176    14   1     2     1     3  7.15e+03   14.0       1.000     
 176    15   1     2     1     3  7.15e+03   15.0       1.000     
 176    16   1     2     1     3  7.15e+03   16.0       1.000     
 176    17   1     2     1     3  7.15e+03   17.0       1.000     
 176    18   1     2     1     3  7.15e+03   18.0       1.000     
 176    19   1     3     1     4  7.15e+03   19.0       1.000     
 176    20   1     3     1     4  7.16e+03   20.0       1.000     
 176    21   1     2     1     3  7.16e+03   21.0       1.000     
 176    22   1     3     1     4  7.16e+03   22.0       1.000     
 176    23   1     2     1     3  7.16e+03   23.0       1.000     
 176    24   1     2     1     3  7.16e+03   24.0       1.000     
 176    25   1     2     1     3  7.16e+03   25.0       1.000     
 176    26   1     3     1     4  7.16e+03   26.0       1.000     
 176    27   1     2     1     3  7.16e+03   27.0       1.000     
 176    28   1     3     1     4  7.16e+03   28.0       1.000     
 176    29   1     3     1     4  7.16e+03   29.0       1.000     
 176    30   1     2     1     3  7.17e+03   30.0       1.000     
 176    31   1     4     1     5  7.17e+03   31.0       1.000     
 176    32   1     3     1     4  7.17e+03   32.0       1.000     
 176    33   1     3     1     4  7.17e+03   33.0       1.000     
 176    34   1     2     1     3  7.17e+03   34.0       1.000     
 176    35   1     2     1     3  7.17e+03   35.0       1.000     
 176    36   1     3     1     4  7.17e+03   36.0       1.000     
 176    37   1     2     1     3  7.17e+03   37.0       1.000     
 176    38   1     2     1     3  7.17e+03   38.0       1.000     
 176    39   1     3     1     4  7.17e+03   39.0       1.000     
 176    40   1     2     1     3  7.18e+03   40.0       1.000     
 176    41   1     4     2     6  7.18e+03   41.0       1.000     
 177     1   1     3     1     4  7.18e+03   1.00       1.000     
 177     2   1     3     1     4  7.18e+03   2.00       1.000     
 177     3   1     2     1     3  7.18e+03   3.00       1.000     
 177     4   1     2     1     3  7.18e+03   4.00       1.000     
 177     5   1     2     1     3  7.18e+03   5.00       1.000     
 177     6   1     3     1     4  7.18e+03   6.00       1.000     
 177     7   1     2     1     3  7.18e+03   7.00       1.000     
 177     8   1     3     1     4  7.18e+03   8.00       1.000     
 177     9   1     3     1     4  7.19e+03   9.00       1.000     
 177    10   1     2     1     3  7.19e+03   10.0       1.000     
 177    11   1     4     1     5  7.19e+03   11.0       1.000     
 177    12   1     3     1     4  7.19e+03   12.0       1.000     
 177    13   1     2     1     3  7.19e+03   13.0       1.000     
 177    14   1     2     1     3  7.19e+03   14.0       1.000     
 177    15   1     2     1     3  7.19e+03   15.0       1.000     
 177    16   1     2     1     3  7.19e+03   16.0       1.000     
 177    17   1     2     1     3  7.19e+03   17.0       1.000     
 177    18   1     2     1     3  7.19e+03   18.0       1.000     
 177    19   1     3     1     4  7.20e+03   19.0       1.000     
 177    20   1     2     1     3  7.20e+03   20.0       1.000     
 177    21   1     2     1     3  7.20e+03   21.0       1.000     
 177    22   1     3     1     4  7.20e+03   22.0       1.000     
 177    23   1     2     1     3  7.20e+03   23.0       1.000     
 177    24   1     2     1     3  7.20e+03   24.0       1.000     
 177    25   1     2     1     3  7.20e+03   25.0       1.000     
 177    26   1     3     1     4  7.20e+03   26.0       1.000     
 177    27   1     2     1     3  7.20e+03   27.0       1.000     
 177    28   1     3     1     4  7.20e+03   28.0       1.000     
 177    29   1     3     1     4  7.21e+03   29.0       1.000     
 177    30   1     2     1     3  7.21e+03   30.0       1.000     
 177    31   1     3     2     5  7.21e+03   31.0       1.000     
 177    32   1     3     1     4  7.21e+03   32.0       1.000     
 177    33   1     2     1     3  7.21e+03   33.0       1.000     
 177    34   1     2     1     3  7.21e+03   34.0       1.000     
 177    35   1     2     1     3  7.21e+03   35.0       1.000     
 177    36   1     3     1     4  7.21e+03   36.0       1.000     
 177    37   1     2     1     3  7.21e+03   37.0       1.000     
 177    38   1     2     1     3  7.21e+03   38.0       1.000     
 177    39   1     3     1     4  7.22e+03   39.0       1.000     
 177    40   1     2     1     3  7.22e+03   40.0       1.000     
 177    41   1     4     2     6  7.22e+03   41.0       1.000     
 178     1   1     3     1     4  7.22e+03   1.00       1.000     
 178     2   1     3     1     4  7.22e+03   2.00       1.000     
 178     3   1     2     1     3  7.22e+03   3.00       1.000     
 178     4   1     2     1     3  7.22e+03   4.00       1.000     
 178     5   1     2     1     3  7.22e+03   5.00       1.000     
 178     6   1     3     1     4  7.22e+03   6.00       1.000     
 178     7   1     2     1     3  7.22e+03   7.00       1.000     
 178     8   1     3     1     4  7.23e+03   8.00       1.000     
 178     9   1     3     1     4  7.23e+03   9.00       1.000     
 178    10   1     2     1     3  7.23e+03   10.0       1.000     
 178    11   1     3     2     5  7.23e+03   11.0       1.000     
 178    12   1     3     1     4  7.23e+03   12.0       1.000     
 178    13   1     2     1     3  7.23e+03   13.0       1.000     
 178    14   1     2     1     3  7.23e+03   14.0       1.000     
 178    15   1     2     1     3  7.23e+03   15.0       1.000     
 178    16   1     2     1     3  7.23e+03   16.0       1.000     
 178    17   1     2     1     3  7.23e+03   17.0       1.000     
 178    18   1     2     1     3  7.24e+03   18.0       1.000     
 178    19   1     3     1     4  7.24e+03   19.0       1.000     
 178    20   1     2     1     3  7.24e+03   20.0       1.000     
 178    21   1     2     1     3  7.24e+03   21.0       1.000     
 178    22   1     3     1     4  7.24e+03   22.0       1.000     
 178    23   1     2     1     3  7.24e+03   23.0       1.000     
 178    24   1     2     1     3  7.24e+03   24.0       1.000     
 178    25   1     2     1     3  7.24e+03   25.0       1.000     
 178    26   1     3     1     4  7.24e+03   26.0       1.000     
 178    27   1     2     1     3  7.24e+03   27.0       1.000     
 178    28   1     3     1     4  7.25e+03   28.0       1.000     
 178    29   1     3     1     4  7.25e+03   29.0       1.000     
 178    30   1     2     1     3  7.25e+03   30.0       1.000     
 178    31   1     3     1     4  7.25e+03   31.0       1.000     
 178    32   1     3     1     4  7.25e+03   32.0       1.000     
 178    33   1     2     1     3  7.25e+03   33.0       1.000     
 178    34   1     3     0     3  7.25e+03   34.0       1.000     
 178    35   1     3     1     4  7.25e+03   35.0       1.000     
 178    36   1     3     1     4  7.25e+03   36.0       1.000     
 178    37   1     2     1     3  7.25e+03   37.0       1.000     
 178    38   1     2     1     3  7.26e+03   38.0       1.000     
 178    39   1     3     1     4  7.26e+03   39.0       1.000     
 178    40   1     2     1     3  7.26e+03   40.0       1.000     
 178    41   1     4     2     6  7.26e+03   41.0       1.000     
 179     1   1     3     1     4  7.26e+03   1.00       1.000     
 179     2   1     3     1     4  7.26e+03   2.00       1.000     
 179     3   1     2     1     3  7.26e+03   3.00       1.000     
 179     4   1     2     1     3  7.26e+03   4.00       1.000     
 179     5   1     2     1     3  7.26e+03   5.00       1.000     
 179     6   1     3     1     4  7.26e+03   6.00       1.000     
 179     7   1     2     1     3  7.27e+03   7.00       1.000     
 179     8   1     3     1     4  7.27e+03   8.00       1.000     
 179     9   1     3     1     4  7.27e+03   9.00       1.000     
 179    10   1     2     1     3  7.27e+03   10.0       1.000     
 179    11   1     3     2     5  7.27e+03   11.0       1.000     
 179    12   1     3     1     4  7.27e+03   12.0       1.000     
 179    13   1     2     1     3  7.27e+03   13.0       1.000     
 179    14   1     3     1     4  7.27e+03   14.0       1.000     
 179    15   1     3     1     4  7.27e+03   15.0       1.000     
 179    16   1     3     0     3  7.27e+03   16.0       1.000     
 179    17   1     2     1     3  7.28e+03   17.0       1.000     
 179    18   1     2     1     3  7.28e+03   18.0       1.000     
 179    19   1     3     1     4  7.28e+03   19.0       1.000     
 179    20   1     2     1     3  7.28e+03   20.0       1.000     
 179    21   1     2     1     3  7.28e+03   21.0       1.000     
 179    22   1     3     1     4  7.28e+03   22.0       1.000     
 179    23   1     2     1     3  7.28e+03   23.0       1.000     
 179    24   1     2     1     3  7.28e+03   24.0       1.000     
 179    25   1     2     1     3  7.28e+03   25.0       1.000     
 179    26   1     3     1     4  7.28e+03   26.0       1.000     
 179    27   1     2     1     3  7.29e+03   27.0       1.000     
 179    28   1     3     1     4  7.29e+03   28.0       1.000     
 179    29   1     3     1     4  7.29e+03   29.0       1.000     
 179    30   1     2     1     3  7.29e+03   30.0       1.000     
 179    31   1     3     2     5  7.29e+03   31.0       1.000     
 179    32   1     2     1     3  7.29e+03   32.0       1.000     
 179    33   1     2     1     3  7.29e+03   33.0       1.000     
 179    34   1     3     1     4  7.29e+03   34.0       1.000     
 179    35   1     2     1     3  7.29e+03   35.0       1.000     
 179    36   1     3     1     4  7.29e+03   36.0       1.000     
 179    37   1     2     1     3  7.30e+03   37.0       1.000     
 179    38   1     2     1     3  7.30e+03   38.0       1.000     
 179    39   1     3     1     4  7.30e+03   39.0       1.000     
 179    40   1     2     1     3  7.30e+03   40.0       1.000     
 179    41   1     4     2     6  7.30e+03   41.0       1.000     
 180     1   1     3     1     4  7.30e+03   1.00       1.000     
 180     2   1     3     1     4  7.30e+03   2.00       1.000     
 180     3   1     2     1     3  7.30e+03   3.00       1.000     
 180     4   1     2     1     3  7.30e+03   4.00       1.000     
 180     5   1     2     1     3  7.30e+03   5.00       1.000     
 180     6   1     3     1     4  7.31e+03   6.00       1.000     
 180     7   1     2     1     3  7.31e+03   7.00       1.000     
 180     8   1     3     1     4  7.31e+03   8.00       1.000     
 180     9   1     3     1     4  7.31e+03   9.00       1.000     
 180    10   1     2     1     3  7.31e+03   10.0       1.000     
 180    11   1     3     2     5  7.31e+03   11.0       1.000     
 180    12   1     2     1     3  7.31e+03   12.0       1.000     
 180    13   1     2     1     3  7.31e+03   13.0       1.000     
 180    14   1     3     1     4  7.31e+03   14.0       1.000     
 180    15   1     2     1     3  7.31e+03   15.0       1.000     
 180    16   1     3     1     4  7.32e+03   16.0       1.000     
 180    17   1     2     1     3  7.32e+03   17.0       1.000     
 180    18   1     2     1     3  7.32e+03   18.0       1.000     
 180    19   1     3     1     4  7.32e+03   19.0       1.000     
 180    20   1     2     1     3  7.32e+03   20.0       1.000     
 180    21   1     2     1     3  7.32e+03   21.0       1.000     
 180    22   1     3     1     4  7.32e+03   22.0       1.000     
 180    23   1     2     1     3  7.32e+03   23.0       1.000     
 180    24   1     2     1     3  7.32e+03   24.0       1.000     
 180    25   1     2     1     3  7.32e+03   25.0       1.000     
 180    26   1     3     1     4  7.33e+03   26.0       1.000     
 180    27   1     2     1     3  7.33e+03   27.0       1.000     
 180    28   1     3     1     4  7.33e+03   28.0       1.000     
 180    29   1     3     1     4  7.33e+03   29.0       1.000     
 180    30   1     2     1     3  7.33e+03   30.0       1.000     
 180    31   1     3     1     4  7.33e+03   31.0       1.000     
 180    32   1     2     1     3  7.33e+03   32.0       1.000     
 180    33   1     2     1     3  7.33e+03   33.0       1.000     
 180    34   1     3     1     4  7.33e+03   34.0       1.000     
 180    35   1     2     1     3  7.33e+03   35.0       1.000     
 180    36   1     3     1     4  7.34e+03   36.0       1.000     
 180    37   1     2     1     3  7.34e+03   37.0       1.000     
 180    38   1     2     1     3  7.34e+03   38.0       1.000     
 180    39   1     3     1     4  7.34e+03   39.0       1.000     
 180    40   1     2     1     3  7.34e+03   40.0       1.000     
 180    41   1     4     2     6  7.34e+03   41.0       1.000     
 181     1   1     3     1     4  7.34e+03   1.00       1.000     
 181     2   1     3     1     4  7.34e+03   2.00       1.000     
 181     3   1     2     1     3  7.34e+03   3.00       1.000     
 181     4   1     2     1     3  7.34e+03   4.00       1.000     
 181     5   1     2     1     3  7.35e+03   5.00       1.000     
 181     6   1     3     1     4  7.35e+03   6.00       1.000     
 181     7   1     2     1     3  7.35e+03   7.00       1.000     
 181     8   1     3     1     4  7.35e+03   8.00       1.000     
 181     9   1     3     1     4  7.35e+03   9.00       1.000     
 181    10   1     2     1     3  7.35e+03   10.0       1.000     
 181    11   1     3     1     4  7.35e+03   11.0       1.000     
 181    12   1     2     1     3  7.35e+03   12.0       1.000     
 181    13   1     2     1     3  7.35e+03   13.0       1.000     
 181    14   1     3     1     4  7.35e+03   14.0       1.000     
 181    15   1     2     1     3  7.36e+03   15.0       1.000     
 181    16   1     3     1     4  7.36e+03   16.0       1.000     
 181    17   1     2     1     3  7.36e+03   17.0       1.000     
 181    18   1     2     1     3  7.36e+03   18.0       1.000     
 181    19   1     3     1     4  7.36e+03   19.0       1.000     
 181    20   1     2     1     3  7.36e+03   20.0       1.000     
 181    21   1     2     1     3  7.36e+03   21.0       1.000     
 181    22   1     3     1     4  7.36e+03   22.0       1.000     
 181    23   1     2     1     3  7.36e+03   23.0       1.000     
 181    24   1     2     1     3  7.36e+03   24.0       1.000     
 181    25   1     2     1     3  7.37e+03   25.0       1.000     
 181    26   1     3     1     4  7.37e+03   26.0       1.000     
 181    27   1     2     1     3  7.37e+03   27.0       1.000     
 181    28   1     3     1     4  7.37e+03   28.0       1.000     
 181    29   1     3     1     4  7.37e+03   29.0       1.000     
 181    30   1     2     1     3  7.37e+03   30.0       1.000     
 181    31   1     3     1     4  7.37e+03   31.0       1.000     
 181    32   1     2     1     3  7.37e+03   32.0       1.000     
 181    33   1     2     1     3  7.37e+03   33.0       1.000     
 181    34   1     3     1     4  7.37e+03   34.0       1.000     
 181    35   1     2     1     3  7.38e+03   35.0       1.000     
 181    36   1     3     1     4  7.38e+03   36.0       1.000     
 181    37   1     2     1     3  7.38e+03   37.0       1.000     
 181    38   1     2     1     3  7.38e+03   38.0       1.000     
 181    39   1     3     1     4  7.38e+03   39.0       1.000     
 181    40   1     2     1     3  7.38e+03   40.0       1.000     
 181    41   1     4     2     6  7.38e+03   41.0       1.000     
 182     1   1     3     1     4  7.38e+03   1.00       1.000     
 182     2   1     3     1     4  7.38e+03   2.00       1.000     
 182     3   1     2     1     3  7.38e+03   3.00       1.000     
 182     4   1     2     1     3  7.39e+03   4.00       1.000     
 182     5   1     2     1     3  7.39e+03   5.00       1.000     
 182     6   1     3     1     4  7.39e+03   6.00       1.000     
 182     7   1     2     1     3  7.39e+03   7.00       1.000     
 182     8   1     3     1     4  7.39e+03   8.00       1.000     
 182     9   1     3     1     4  7.39e+03   9.00       1.000     
 182    10   1     2     1     3  7.39e+03   10.0       1.000     
 182    11   1     3     1     4  7.39e+03   11.0       1.000     
 182    12   1     2     1     3  7.39e+03   12.0       1.000     
 182    13   1     2     1     3  7.39e+03   13.0       1.000     
 182    14   1     3     1     4  7.40e+03   14.0       1.000     
 182    15   1     2     1     3  7.40e+03   15.0       1.000     
 182    16   1     3     1     4  7.40e+03   16.0       1.000     
 182    17   1     2     1     3  7.40e+03   17.0       1.000     
 182    18   1     2     1     3  7.40e+03   18.0       1.000     
 182    19   1     2     1     3  7.40e+03   19.0       1.000     
 182    20   1     3     1     4  7.40e+03   20.0       1.000     
 182    21   1     2     1     3  7.40e+03   21.0       1.000     
 182    22   1     3     1     4  7.40e+03   22.0       1.000     
 182    23   1     2     1     3  7.40e+03   23.0       1.000     
 182    24   1     2     1     3  7.41e+03   24.0       1.000     
 182    25   1     2     1     3  7.41e+03   25.0       1.000     
 182    26   1     3     1     4  7.41e+03   26.0       1.000     
 182    27   1     2     1     3  7.41e+03   27.0       1.000     
 182    28   1     3     1     4  7.41e+03   28.0       1.000     
 182    29   1     3     1     4  7.41e+03   29.0       1.000     
 182    30   1     2     1     3  7.41e+03   30.0       1.000     
 182    31   1     3     1     4  7.41e+03   31.0       1.000     
 182    32   1     2     1     3  7.41e+03   32.0       1.000     
 182    33   1     2     1     3  7.41e+03   33.0       1.000     
 182    34   1     3     1     4  7.42e+03   34.0       1.000     
 182    35   1     2     1     3  7.42e+03   35.0       1.000     
 182    36   1     3     1     4  7.42e+03   36.0       1.000     
 182    37   1     2     1     3  7.42e+03   37.0       1.000     
 182    38   1     2     1     3  7.42e+03   38.0       1.000     
 182    39   1     3     0     3  7.42e+03   39.0       1.000     
 182    40   1     2     1     3  7.42e+03   40.0       1.000     
 182    41   1     4     2     6  7.42e+03   41.0       1.000     
                          
 THE ANALYSIS HAS COMPLETED SUCCESSFULLY
